{
"type": "FeatureCollection",
"name": "parks",
"crs": { "type": "name", "properties": { "name": "urn:ogc:def:crs:EPSG::3301" } },
"xy_coordinate_resolution": 0.01,
"features": [
{ "type": "Feature", "properties": { "park_id": "w5120758", "name": "Vabaduse park", "synthetic": "no" }, "geometry": { "type": "Polygon", "coordinates": [ [ [ 538428.8, 6582489.12 ], [ 538947.38, 6582695.72 ], [ 539018.61, 6582497.64 ], [ 538946.86, 6582462.84 ], [ 538510.09, 6582287.4 ], [ 538428.8, 6582489.12 ] ] ] } },
{ "type": "Feature", "properties": { "park_id": "w5120759", "name": "Jannseni puiestik", "synthetic": "no" }, "geometry": { "type": "Polygon", "coordinates": [ [ [ 537534.87, 6581923.51 ], [ 537524.4, 6581776.63 ], [ 537389.23, 6581788.78 ], [ 537251.29, 6581803.72 ], [ 537318.28, 6581942.92 ], [ 537534.87, 6581923.51 ] ] ] } },
{ "type": "Feature", "properties": { "park_id": "w5120760", "name": "Sanatooriumi park", "synthetic": "no" }, "geometry": { "type": "Polygon", "coordinates": [ [ [ 537823.09, 6582486.82 ], [ 537897.95, 6582517.24 ], [ 538017.31, 6582566.74 ], [ 538089.08, 6582376.67 ], [ 538206.26, 6582176.2 ], [ 537843.66, 6582110.19 ], [ 537744.71, 6582112.25 ], [ 537616.94, 6582120.28 ], [ 537552.18, 6582178.49 ], [ 537728.72, 6582441.89 ], [ 537737.92, 6582448.65 ], [ 537823.09, 6582486.82 ] ] ] } },
{ "type": "Feature", "properties": { "park_id": "w5120761", "name": null, "synthetic": "no" }, "geometry": { "type": "Polygon", "coordinates": [ [ [ 539155.17, 6582711.81 ], [ 539283.45, 6582607.45 ], [ 539034.24, 6582500.02 ], [ 538999.56, 6582600.45 ], [ 539097.62, 6582641.59 ], [ 539122.85, 6582662.33 ], [ 539155.17, 6582711.81 ] ] ] } },
{ "type": "Feature", "properties": { "park_id": "w8036517", "name": "Kase park", "synthetic": "no" }, "geometry": { "type": "Polygon", "coordinates": [ [ [ 538226.36, 6591469.45 ], [ 538236.82, 6591484.95 ], [ 538248.77, 6591497.68 ], [ 538266.05, 6591513.55 ], [ 538285.31, 6591524.74 ], [ 538311.85, 6591538.49 ], [ 538333.96, 6591543.01 ], [ 538363.85, 6591549.49 ], [ 538397.29, 6591549.61 ], [ 538425.3, 6591545.34 ], [ 538451.7, 6591537.53 ], [ 538487.89, 6591523.65 ], [ 538591.22, 6591467.57 ], [ 538551.15, 6591383.94 ], [ 538540.02, 6591353.7 ], [ 538530.3, 6591331.66 ], [ 538524.1, 6591309.73 ], [ 538518.68, 6591295.41 ], [ 538507.16, 6591278.9 ], [ 538498.14, 6591266.21 ], [ 538491.76, 6591257.82 ], [ 538464.11, 6591233.37 ], [ 538447.28, 6591232.84 ], [ 538429.27, 6591233.97 ], [ 538424.06, 6591237.56 ], [ 538329.27, 6591329.61 ], [ 538303.07, 6591354.54 ], [ 538241.63, 6591411.29 ], [ 538226.57, 6591419.7 ], [ 538206.25, 6591434.42 ], [ 538216.93, 6591457.77 ], [ 538226.36, 6591469.45 ] ] ] } },
{ "type": "Feature", "properties": { "park_id": "w8073173", "name": "Musumägi", "synthetic": "no" }, "geometry": { "type": "Polygon", "coordinates": [ [ [ 542560.94, 6588896.92 ], [ 542559.98, 6588897.74 ], [ 542558.56, 6588898.95 ], [ 542550.21, 6588906.03 ], [ 542549.5, 6588906.79 ], [ 542548.11, 6588907.81 ], [ 542544.4, 6588910.97 ], [ 542561.84, 6588946.8 ], [ 542570.39, 6588964.36 ], [ 542574.26, 6588963.34 ], [ 542578.19, 6588963.36 ], [ 542579.12, 6588963.77 ], [ 542579.8, 6588964.61 ], [ 542579.48, 6588970.68 ], [ 542588.16, 6588971.52 ], [ 542589.98, 6588971.7 ], [ 542613.19, 6588973.95 ], [ 542613.96, 6588974.07 ], [ 542614.72, 6588974.14 ], [ 542643.63, 6588977.14 ], [ 542643.41, 6588980.1 ], [ 542657.32, 6588981.84 ], [ 542661.47, 6588982.34 ], [ 542688.98, 6588984.36 ], [ 542689.72, 6588979.74 ], [ 542666.89, 6588962.83 ], [ 542663.44, 6588960.84 ], [ 542635.23, 6588942.49 ], [ 542598.53, 6588917.5 ], [ 542564.42, 6588893.92 ], [ 542560.94, 6588896.92 ] ] ] } },
{ "type": "Feature", "properties": { "park_id": "w8101399", "name": "Toompark", "synthetic": "no" }, "geometry": { "type": "Polygon", "coordinates": [ [ [ 541823.89, 6589279.61 ], [ 541824.91, 6589280.16 ], [ 541858.8, 6589298.21 ], [ 541879.28, 6589309.98 ], [ 541932.52, 6589332.21 ], [ 541948.1, 6589339.41 ], [ 541998.06, 6589281.71 ], [ 542021.12, 6589259.99 ], [ 542031.95, 6589249.79 ], [ 542032.44, 6589246.97 ], [ 542037.09, 6589238.39 ], [ 542012.88, 6589224.6 ], [ 541989.98, 6589210.67 ], [ 542000.56, 6589211.92 ], [ 542008.36, 6589211.92 ], [ 542014.13, 6589212.81 ], [ 542022.36, 6589212.82 ], [ 542028.78, 6589211.92 ], [ 542032.77, 6589209.75 ], [ 542032.17, 6589205.33 ], [ 542022.57, 6589198.75 ], [ 542008.53, 6589197.04 ], [ 541993.17, 6589192.21 ], [ 541977.35, 6589183.02 ], [ 541964.33, 6589175.88 ], [ 541941.29, 6589163.62 ], [ 541929.36, 6589155.87 ], [ 541919.95, 6589146.04 ], [ 541913.11, 6589138.89 ], [ 541904.82, 6589127.91 ], [ 541886.74, 6589108.04 ], [ 541881.51, 6589100.08 ], [ 541861.68, 6589067.95 ], [ 541828.04, 6589071.32 ], [ 541808.19, 6589083.4 ], [ 541768.27, 6589083.33 ], [ 541762.06, 6589065.05 ], [ 541728.85, 6588946.17 ], [ 541727.8, 6588942.41 ], [ 541726.29, 6588899.89 ], [ 541714.73, 6588905.78 ], [ 541710.31, 6588905.43 ], [ 541701.4, 6588905.08 ], [ 541685.11, 6588904.19 ], [ 541685.32, 6588899.75 ], [ 541710.18, 6588901.2 ], [ 541724.73, 6588873.38 ], [ 541727.95, 6588864.87 ], [ 541677.93, 6588850.62 ], [ 541618.61, 6588841.62 ], [ 541600.49, 6588835.77 ], [ 541593.51, 6588897.53 ], [ 541606.72, 6588898.45 ], [ 541634.5, 6588900.91 ], [ 541633.77, 6588912.16 ], [ 541631.87, 6588941.55 ], [ 541631.28, 6588950.76 ], [ 541611.15, 6588960.56 ], [ 541599.92, 6588965.56 ], [ 541618.92, 6589008.87 ], [ 541633.03, 6589004.39 ], [ 541680.47, 6588988.44 ], [ 541697.14, 6589017.0 ], [ 541664.79, 6589028.06 ], [ 541659.73, 6589029.46 ], [ 541654.84, 6589031.17 ], [ 541647.24, 6589033.15 ], [ 541632.46, 6589039.64 ], [ 541652.66, 6589091.86 ], [ 541662.99, 6589113.51 ], [ 541673.76, 6589135.86 ], [ 541685.69, 6589157.52 ], [ 541723.44, 6589200.21 ], [ 541774.38, 6589250.28 ], [ 541823.89, 6589279.61 ] ] ] } },
{ "type": "Feature", "properties": { "park_id": "w8671893", "name": "Falgi park", "synthetic": "no" }, "geometry": { "type": "Polygon", "coordinates": [ [ [ 541485.25, 6588580.13 ], [ 541487.83, 6588580.78 ], [ 541530.03, 6588591.42 ], [ 541532.12, 6588591.95 ], [ 541534.56, 6588592.55 ], [ 541645.18, 6588620.13 ], [ 541647.6, 6588620.74 ], [ 541649.81, 6588621.4 ], [ 541656.43, 6588623.36 ], [ 541688.6, 6588556.07 ], [ 541687.75, 6588551.1 ], [ 541679.82, 6588549.03 ], [ 541676.38, 6588548.13 ], [ 541673.94, 6588547.49 ], [ 541557.76, 6588517.15 ], [ 541556.54, 6588516.82 ], [ 541554.9, 6588516.38 ], [ 541553.85, 6588516.09 ], [ 541541.47, 6588561.2 ], [ 541489.67, 6588559.7 ], [ 541484.42, 6588579.92 ], [ 541485.25, 6588580.13 ] ] ] } },
{ "type": "Feature", "properties": { "park_id": "w22876135", "name": "Löwenruh' park", "synthetic": "no" }, "geometry": { "type": "Polygon", "coordinates": [ [ [ 539677.89, 6586815.31 ], [ 539656.16, 6586768.47 ], [ 539609.31, 6586663.49 ], [ 539606.12, 6586657.0 ], [ 539576.77, 6586592.28 ], [ 539570.41, 6586588.26 ], [ 539439.03, 6586645.7 ], [ 539371.91, 6586675.29 ], [ 539360.08, 6586680.48 ], [ 539357.62, 6586683.25 ], [ 539345.66, 6586689.2 ], [ 539340.16, 6586694.89 ], [ 539339.93, 6586697.5 ], [ 539340.59, 6586700.48 ], [ 539383.37, 6586800.35 ], [ 539393.19, 6586813.99 ], [ 539448.8, 6586934.67 ], [ 539452.96, 6586936.95 ], [ 539498.19, 6586918.23 ], [ 539496.36, 6586914.29 ], [ 539491.13, 6586916.73 ], [ 539479.57, 6586892.04 ], [ 539484.8, 6586889.6 ], [ 539489.98, 6586887.18 ], [ 539496.55, 6586880.96 ], [ 539503.14, 6586874.2 ], [ 539592.69, 6586835.24 ], [ 539596.08, 6586833.76 ], [ 539600.69, 6586838.8 ], [ 539602.2, 6586845.56 ], [ 539614.41, 6586851.23 ], [ 539646.09, 6586839.0 ], [ 539657.91, 6586833.27 ], [ 539671.38, 6586826.2 ], [ 539678.28, 6586819.55 ], [ 539677.89, 6586815.31 ] ] ] } },
{ "type": "Feature", "properties": { "park_id": "w22917803", "name": "Kadaka mets", "synthetic": "no" }, "geometry": { "type": "Polygon", "coordinates": [ [ [ 537939.1, 6585425.06 ], [ 537926.78, 6585398.05 ], [ 537915.91, 6585374.25 ], [ 537916.04, 6585362.53 ], [ 537916.15, 6585352.56 ], [ 537916.22, 6585345.58 ], [ 537916.27, 6585341.0 ], [ 537922.23, 6585329.32 ], [ 537923.69, 6585326.45 ], [ 537927.51, 6585318.95 ], [ 537930.8, 6585307.11 ], [ 537931.28, 6585305.28 ], [ 537922.39, 6585303.05 ], [ 537873.31, 6585290.89 ], [ 537870.38, 6585302.12 ], [ 537862.22, 6585341.51 ], [ 537859.07, 6585356.71 ], [ 537856.29, 6585370.13 ], [ 537839.19, 6585436.4 ], [ 537836.29, 6585447.64 ], [ 537846.71, 6585466.94 ], [ 537832.13, 6585476.37 ], [ 537828.38, 6585470.54 ], [ 537821.41, 6585459.69 ], [ 537783.8, 6585451.01 ], [ 537753.67, 6585453.26 ], [ 537752.41, 6585452.47 ], [ 537751.15, 6585451.68 ], [ 537729.18, 6585465.43 ], [ 537728.69, 6585466.14 ], [ 537705.97, 6585499.18 ], [ 537706.87, 6585513.05 ], [ 537712.51, 6585599.8 ], [ 537684.75, 6585603.86 ], [ 537618.45, 6585591.9 ], [ 537612.83, 6585574.63 ], [ 537591.37, 6585584.39 ], [ 537557.1, 6585635.88 ], [ 537542.45, 6585657.89 ], [ 537543.49, 6585659.51 ], [ 537564.11, 6585691.58 ], [ 537684.37, 6585619.28 ], [ 537702.81, 6585627.39 ], [ 537703.16, 6585637.12 ], [ 537704.02, 6585661.0 ], [ 537705.05, 6585689.71 ], [ 537707.49, 6585754.4 ], [ 537718.9, 6585795.59 ], [ 537655.95, 6585836.4 ], [ 537650.0, 6585840.25 ], [ 537684.56, 6585885.19 ], [ 537706.29, 6585913.44 ], [ 537722.85, 6585899.93 ], [ 537737.62, 6585887.88 ], [ 537776.36, 6585936.09 ], [ 537828.34, 6585893.79 ], [ 537834.07, 6585863.77 ], [ 537807.82, 6585832.51 ], [ 537844.62, 6585805.35 ], [ 537843.81, 6585818.6 ], [ 537849.27, 6585820.45 ], [ 537851.31, 6585812.11 ], [ 537857.17, 6585791.25 ], [ 537878.22, 6585719.43 ], [ 537882.93, 6585703.37 ], [ 537892.53, 6585670.58 ], [ 537862.04, 6585658.61 ], [ 537841.73, 6585650.62 ], [ 537882.2, 6585616.47 ], [ 537905.63, 6585626.51 ], [ 537917.55, 6585584.29 ], [ 537955.18, 6585451.04 ], [ 537968.34, 6585404.43 ], [ 537939.1, 6585425.06 ] ] ] } },
{ "type": "Feature", "properties": { "park_id": "w22929983", "name": "Rannamägi", "synthetic": "no" }, "geometry": { "type": "Polygon", "coordinates": [ [ [ 542304.37, 6589759.16 ], [ 542417.6, 6589734.07 ], [ 542464.66, 6589674.28 ], [ 542459.63, 6589671.58 ], [ 542377.81, 6589627.65 ], [ 542371.09, 6589626.34 ], [ 542356.93, 6589617.7 ], [ 542352.9, 6589611.35 ], [ 542326.05, 6589595.38 ], [ 542308.25, 6589589.7 ], [ 542292.13, 6589588.98 ], [ 542272.17, 6589594.41 ], [ 542231.05, 6589616.01 ], [ 542227.61, 6589619.05 ], [ 542241.05, 6589630.49 ], [ 542284.22, 6589763.62 ], [ 542304.37, 6589759.16 ] ] ] } },
{ "type": "Feature", "properties": { "park_id": "w24803370", "name": "Kalamaja kalmistupark", "synthetic": "no" }, "geometry": { "type": "Polygon", "coordinates": [ [ [ 541241.85, 6590366.57 ], [ 541314.22, 6590491.91 ], [ 541334.54, 6590527.1 ], [ 541336.65, 6590530.75 ], [ 541337.46, 6590532.15 ], [ 541338.11, 6590533.46 ], [ 541338.51, 6590534.29 ], [ 541342.33, 6590534.1 ], [ 541475.82, 6590527.53 ], [ 541476.17, 6590535.94 ], [ 541476.2, 6590536.63 ], [ 541476.26, 6590537.99 ], [ 541476.68, 6590547.9 ], [ 541619.05, 6590526.44 ], [ 541620.01, 6590526.3 ], [ 541621.37, 6590526.14 ], [ 541624.4, 6590525.8 ], [ 541623.64, 6590513.2 ], [ 541620.66, 6590463.77 ], [ 541620.6, 6590462.7 ], [ 541620.51, 6590461.51 ], [ 541618.34, 6590431.09 ], [ 541615.57, 6590428.73 ], [ 541587.26, 6590429.35 ], [ 541584.91, 6590429.41 ], [ 541582.76, 6590429.45 ], [ 541576.3, 6590397.37 ], [ 541574.32, 6590387.39 ], [ 541573.17, 6590387.65 ], [ 541568.28, 6590388.79 ], [ 541567.33, 6590383.65 ], [ 541565.89, 6590384.0 ], [ 541564.35, 6590384.37 ], [ 541561.86, 6590384.98 ], [ 541555.65, 6590386.25 ], [ 541528.49, 6590392.49 ], [ 541535.53, 6590422.99 ], [ 541538.28, 6590434.56 ], [ 541533.77, 6590435.52 ], [ 541527.43, 6590436.96 ], [ 541526.74, 6590433.91 ], [ 541520.62, 6590435.29 ], [ 541511.81, 6590437.32 ], [ 541504.31, 6590439.09 ], [ 541495.8, 6590403.25 ], [ 541495.3, 6590402.55 ], [ 541494.09, 6590400.81 ], [ 541493.62, 6590399.76 ], [ 541492.37, 6590396.99 ], [ 541448.93, 6590406.03 ], [ 541437.9, 6590380.42 ], [ 541429.61, 6590361.18 ], [ 541422.93, 6590346.37 ], [ 541424.08, 6590345.79 ], [ 541421.93, 6590341.43 ], [ 541420.54, 6590341.95 ], [ 541403.59, 6590302.06 ], [ 541397.14, 6590286.86 ], [ 541398.67, 6590286.15 ], [ 541376.18, 6590237.78 ], [ 541377.29, 6590237.23 ], [ 541376.05, 6590234.44 ], [ 541365.69, 6590211.2 ], [ 541354.99, 6590220.09 ], [ 541352.0, 6590222.53 ], [ 541333.49, 6590237.61 ], [ 541313.45, 6590255.48 ], [ 541315.84, 6590259.61 ], [ 541314.7, 6590263.4 ], [ 541313.96, 6590263.97 ], [ 541312.92, 6590264.33 ], [ 541308.96, 6590264.76 ], [ 541305.33, 6590262.27 ], [ 541226.08, 6590329.81 ], [ 541225.33, 6590330.45 ], [ 541224.6, 6590331.07 ], [ 541222.43, 6590332.94 ], [ 541241.85, 6590366.57 ] ] ] } },
{ "type": "Feature", "properties": { "park_id": "w25663684", "name": "Tornide väljak", "synthetic": "no" }, "geometry": { "type": "Polygon", "coordinates": [ [ [ 542142.76, 6589528.05 ], [ 542200.66, 6589571.67 ], [ 542260.64, 6589503.76 ], [ 542282.73, 6589484.0 ], [ 542265.57, 6589466.41 ], [ 542264.29, 6589468.39 ], [ 542262.47, 6589469.89 ], [ 542260.81, 6589470.62 ], [ 542259.02, 6589470.92 ], [ 542256.56, 6589470.65 ], [ 542254.32, 6589469.6 ], [ 542252.54, 6589467.87 ], [ 542251.38, 6589465.6 ], [ 542251.04, 6589463.33 ], [ 542251.4, 6589461.07 ], [ 542252.57, 6589458.81 ], [ 542254.43, 6589457.07 ], [ 542232.89, 6589448.29 ], [ 542210.75, 6589441.24 ], [ 542207.97, 6589447.39 ], [ 542160.17, 6589427.43 ], [ 542130.71, 6589390.15 ], [ 542117.16, 6589368.49 ], [ 542104.55, 6589326.29 ], [ 542106.18, 6589297.84 ], [ 542049.71, 6589289.84 ], [ 542047.76, 6589303.01 ], [ 542045.31, 6589323.01 ], [ 542009.89, 6589303.82 ], [ 542000.59, 6589303.93 ], [ 541994.6, 6589310.74 ], [ 541957.3, 6589353.4 ], [ 541955.25, 6589372.53 ], [ 541952.34, 6589378.92 ], [ 542142.76, 6589528.05 ] ] ] } },
{ "type": "Feature", "properties": { "park_id": "w25822245", "name": "Kopli kalmistupark", "synthetic": "no" }, "geometry": { "type": "Polygon", "coordinates": [ [ [ 538686.75, 6590725.44 ], [ 538654.01, 6590829.7 ], [ 538632.53, 6590898.06 ], [ 538667.57, 6590936.08 ], [ 538680.19, 6590939.68 ], [ 538740.5, 6590955.88 ], [ 538743.33, 6590949.14 ], [ 538744.32, 6590947.69 ], [ 538746.31, 6590947.36 ], [ 538759.3, 6590950.95 ], [ 538767.49, 6590952.39 ], [ 538768.66, 6590953.57 ], [ 538768.82, 6590955.36 ], [ 538767.93, 6590961.79 ], [ 538823.45, 6590973.68 ], [ 539041.06, 6590984.13 ], [ 539049.35, 6590972.44 ], [ 539056.77, 6590962.77 ], [ 538942.17, 6590761.67 ], [ 538884.09, 6590660.07 ], [ 538853.03, 6590650.42 ], [ 538851.5, 6590649.94 ], [ 538849.08, 6590649.15 ], [ 538821.74, 6590640.12 ], [ 538801.44, 6590633.82 ], [ 538792.75, 6590631.13 ], [ 538723.16, 6590609.55 ], [ 538686.75, 6590725.44 ] ] ] } },
{ "type": "Feature", "properties": { "park_id": "w27466331", "name": "Lembitu park", "synthetic": "no" }, "geometry": { "type": "Polygon", "coordinates": [ [ [ 542846.05, 6588479.8 ], [ 542871.74, 6588505.62 ], [ 542876.81, 6588509.76 ], [ 542881.1, 6588510.02 ], [ 542956.05, 6588436.66 ], [ 542938.83, 6588419.98 ], [ 542875.01, 6588369.68 ], [ 542871.23, 6588367.55 ], [ 542868.31, 6588368.45 ], [ 542814.22, 6588449.32 ], [ 542814.18, 6588457.18 ], [ 542846.05, 6588479.8 ] ] ] } },
{ "type": "Feature", "properties": { "park_id": "w29546939", "name": "Männi park", "synthetic": "no" }, "geometry": { "type": "Polygon", "coordinates": [ [ [ 538158.99, 6584849.36 ], [ 538162.99, 6584849.79 ], [ 538165.76, 6584849.61 ], [ 538166.17, 6584849.93 ], [ 538171.05, 6584851.12 ], [ 538173.75, 6584852.19 ], [ 538179.03, 6584854.41 ], [ 538183.28, 6584857.02 ], [ 538188.49, 6584858.95 ], [ 538203.1, 6584862.89 ], [ 538274.46, 6584880.73 ], [ 538326.93, 6584893.88 ], [ 538379.92, 6584907.11 ], [ 538421.66, 6584917.57 ], [ 538465.54, 6584928.79 ], [ 538478.99, 6584932.7 ], [ 538504.12, 6584940.45 ], [ 538512.22, 6584941.93 ], [ 538515.49, 6584941.31 ], [ 538518.6, 6584940.1 ], [ 538524.12, 6584937.17 ], [ 538584.97, 6584894.22 ], [ 538590.82, 6584884.9 ], [ 538600.12, 6584868.09 ], [ 538600.76, 6584865.22 ], [ 538600.81, 6584862.37 ], [ 538600.14, 6584853.06 ], [ 538598.91, 6584843.94 ], [ 538606.48, 6584823.79 ], [ 538616.67, 6584803.08 ], [ 538624.36, 6584789.53 ], [ 538632.14, 6584783.32 ], [ 538647.31, 6584773.43 ], [ 538650.72, 6584771.25 ], [ 538651.04, 6584771.01 ], [ 538670.2, 6584758.86 ], [ 538673.15, 6584755.96 ], [ 538675.43, 6584752.24 ], [ 538676.88, 6584746.88 ], [ 538676.44, 6584742.01 ], [ 538675.89, 6584740.6 ], [ 538674.44, 6584739.07 ], [ 538669.84, 6584736.62 ], [ 538465.84, 6584683.83 ], [ 538394.72, 6584665.44 ], [ 538386.51, 6584664.38 ], [ 538381.58, 6584664.77 ], [ 538377.05, 6584664.86 ], [ 538373.09, 6584664.21 ], [ 538359.18, 6584660.48 ], [ 538277.62, 6584639.35 ], [ 538252.76, 6584634.18 ], [ 538239.5, 6584632.36 ], [ 538230.51, 6584633.52 ], [ 538210.88, 6584639.8 ], [ 538205.24, 6584645.46 ], [ 538200.66, 6584652.38 ], [ 538198.12, 6584658.01 ], [ 538196.22, 6584664.33 ], [ 538192.09, 6584678.59 ], [ 538187.18, 6584697.1 ], [ 538161.17, 6584799.59 ], [ 538152.58, 6584837.01 ], [ 538151.76, 6584840.83 ], [ 538151.99, 6584844.14 ], [ 538153.2, 6584846.21 ], [ 538155.13, 6584848.19 ], [ 538158.99, 6584849.36 ] ] ] } },
{ "type": "Feature", "properties": { "park_id": "w29574670", "name": null, "synthetic": "no" }, "geometry": { "type": "Polygon", "coordinates": [ [ [ 537361.62, 6583500.31 ], [ 537363.55, 6583502.13 ], [ 537416.89, 6583511.97 ], [ 537479.22, 6583523.07 ], [ 537504.05, 6583501.05 ], [ 537438.5, 6583475.46 ], [ 537375.18, 6583452.21 ], [ 537366.99, 6583474.63 ], [ 537361.23, 6583497.29 ], [ 537361.62, 6583500.31 ] ] ] } },
{ "type": "Feature", "properties": { "park_id": "w30799238", "name": "Kodu park", "synthetic": "no" }, "geometry": { "type": "Polygon", "coordinates": [ [ [ 542723.94, 6587483.27 ], [ 542724.4, 6587483.38 ], [ 542783.22, 6587496.97 ], [ 542784.42, 6587497.26 ], [ 542785.4, 6587497.48 ], [ 542786.41, 6587497.7 ], [ 542846.51, 6587511.1 ], [ 542847.81, 6587511.38 ], [ 542849.73, 6587511.83 ], [ 542852.38, 6587512.35 ], [ 542855.61, 6587512.97 ], [ 542864.72, 6587463.12 ], [ 542862.13, 6587459.18 ], [ 542850.66, 6587456.9 ], [ 542852.78, 6587449.38 ], [ 542853.25, 6587447.69 ], [ 542853.63, 6587445.83 ], [ 542854.53, 6587441.38 ], [ 542848.96, 6587440.24 ], [ 542799.9, 6587430.32 ], [ 542798.67, 6587430.07 ], [ 542797.68, 6587429.87 ], [ 542796.53, 6587429.63 ], [ 542744.68, 6587419.03 ], [ 542739.42, 6587417.96 ], [ 542736.45, 6587417.35 ], [ 542735.04, 6587418.1 ], [ 542732.81, 6587419.29 ], [ 542718.95, 6587480.33 ], [ 542719.24, 6587482.1 ], [ 542720.42, 6587482.38 ], [ 542722.44, 6587482.92 ], [ 542723.94, 6587483.27 ] ] ] } },
{ "type": "Feature", "properties": { "park_id": "w34048200", "name": null, "synthetic": "no" }, "geometry": { "type": "Polygon", "coordinates": [ [ [ 544476.44, 6588533.47 ], [ 544523.14, 6588617.67 ], [ 544463.21, 6588662.51 ], [ 544485.69, 6588678.64 ], [ 544496.86, 6588680.28 ], [ 544513.59, 6588685.19 ], [ 544543.45, 6588698.56 ], [ 544584.63, 6588760.47 ], [ 544598.15, 6588755.87 ], [ 544611.61, 6588776.08 ], [ 544621.74, 6588781.15 ], [ 544637.65, 6588759.51 ], [ 544644.05, 6588699.18 ], [ 544640.82, 6588662.34 ], [ 544611.89, 6588583.06 ], [ 544560.63, 6588556.57 ], [ 544497.97, 6588527.37 ], [ 544480.02, 6588532.45 ], [ 544476.44, 6588533.47 ] ] ] } },
{ "type": "Feature", "properties": { "park_id": "w34048373", "name": "Politseiaed", "synthetic": "no" }, "geometry": { "type": "Polygon", "coordinates": [ [ [ 543386.74, 6588780.82 ], [ 543389.45, 6588781.16 ], [ 543512.56, 6588752.6 ], [ 543521.14, 6588751.45 ], [ 543528.18, 6588749.79 ], [ 543593.08, 6588734.49 ], [ 543593.17, 6588726.05 ], [ 543599.47, 6588724.74 ], [ 543582.64, 6588652.92 ], [ 543580.49, 6588644.0 ], [ 543367.84, 6588694.8 ], [ 543367.86, 6588708.37 ], [ 543382.95, 6588772.32 ], [ 543383.78, 6588776.05 ], [ 543384.41, 6588778.69 ], [ 543386.74, 6588780.82 ] ] ] } },
{ "type": "Feature", "properties": { "park_id": "w34049150", "name": "Hirvepark", "synthetic": "no" }, "geometry": { "type": "Polygon", "coordinates": [ [ [ 541966.9, 6588618.99 ], [ 541892.7, 6588600.3 ], [ 541859.45, 6588591.92 ], [ 541826.84, 6588582.94 ], [ 541806.87, 6588577.44 ], [ 541781.86, 6588570.55 ], [ 541771.63, 6588567.73 ], [ 541710.57, 6588551.66 ], [ 541668.76, 6588637.79 ], [ 541676.13, 6588641.56 ], [ 541722.51, 6588665.29 ], [ 541701.65, 6588729.43 ], [ 541661.58, 6588709.99 ], [ 541649.94, 6588704.25 ], [ 541643.64, 6588700.89 ], [ 541633.32, 6588720.45 ], [ 541666.91, 6588736.68 ], [ 541665.18, 6588745.99 ], [ 541661.04, 6588767.37 ], [ 541659.2, 6588773.79 ], [ 541744.21, 6588771.98 ], [ 541746.05, 6588765.56 ], [ 541747.45, 6588759.79 ], [ 541777.3, 6588648.13 ], [ 541861.9, 6588701.77 ], [ 541888.19, 6588756.85 ], [ 541929.09, 6588753.99 ], [ 541928.89, 6588756.08 ], [ 541939.75, 6588755.62 ], [ 541942.29, 6588753.09 ], [ 541963.29, 6588638.23 ], [ 541966.9, 6588618.99 ] ] ] } },
{ "type": "Feature", "properties": { "park_id": "w34049217", "name": "Harjumägi", "synthetic": "no" }, "geometry": { "type": "Polygon", "coordinates": [ [ [ 541962.98, 6588751.6 ], [ 541955.72, 6588752.12 ], [ 541952.63, 6588770.06 ], [ 541955.6, 6588773.9 ], [ 542005.09, 6588765.55 ], [ 542035.86, 6588758.11 ], [ 542119.57, 6588721.1 ], [ 542146.89, 6588708.15 ], [ 542160.86, 6588701.92 ], [ 542158.65, 6588693.78 ], [ 542149.92, 6588661.64 ], [ 542144.73, 6588649.16 ], [ 542106.31, 6588625.19 ], [ 542094.66, 6588617.2 ], [ 542079.75, 6588608.35 ], [ 542077.99, 6588610.1 ], [ 542029.04, 6588658.41 ], [ 542022.77, 6588664.59 ], [ 542012.29, 6588748.06 ], [ 541967.97, 6588751.24 ], [ 541962.98, 6588751.6 ] ] ] } },
{ "type": "Feature", "properties": { "park_id": "w34049230", "name": "Kaarli puiestee esplanaad", "synthetic": "no" }, "geometry": { "type": "Polygon", "coordinates": [ [ [ 542009.94, 6588515.74 ], [ 542024.95, 6588522.27 ], [ 542025.77, 6588522.63 ], [ 542105.08, 6588564.35 ], [ 542169.96, 6588598.99 ], [ 542174.71, 6588599.91 ], [ 542189.71, 6588570.57 ], [ 542194.45, 6588573.01 ], [ 542196.48, 6588570.17 ], [ 542194.32, 6588568.5 ], [ 542138.88, 6588540.3 ], [ 542069.97, 6588504.5 ], [ 542063.27, 6588501.05 ], [ 542036.92, 6588485.35 ], [ 542017.66, 6588471.63 ], [ 542016.99, 6588473.24 ], [ 542015.72, 6588478.19 ], [ 542015.52, 6588481.24 ], [ 542009.63, 6588509.27 ], [ 542008.45, 6588515.08 ], [ 542009.94, 6588515.74 ] ] ] } },
{ "type": "Feature", "properties": { "park_id": "w34049253", "name": "Tõnismäe haljak", "synthetic": "no" }, "geometry": { "type": "Polygon", "coordinates": [ [ [ 542017.08, 6588350.31 ], [ 542016.43, 6588348.49 ], [ 542015.08, 6588346.45 ], [ 542010.36, 6588343.59 ], [ 542007.16, 6588343.03 ], [ 542005.09, 6588343.71 ], [ 541981.97, 6588358.44 ], [ 541980.24, 6588359.53 ], [ 541950.55, 6588378.45 ], [ 542004.36, 6588425.7 ], [ 542017.08, 6588350.31 ] ] ] } },
{ "type": "Feature", "properties": { "park_id": "w34049309", "name": "Tuvi park", "synthetic": "no" }, "geometry": { "type": "Polygon", "coordinates": [ [ [ 541883.37, 6588194.5 ], [ 541957.1, 6588203.26 ], [ 541960.65, 6588202.66 ], [ 541962.28, 6588202.38 ], [ 541985.86, 6588135.63 ], [ 541986.83, 6588135.98 ], [ 541993.3, 6588138.31 ], [ 541994.16, 6588135.36 ], [ 541997.18, 6588125.05 ], [ 542008.32, 6588087.01 ], [ 541993.32, 6588080.8 ], [ 541998.21, 6588034.95 ], [ 541996.63, 6588034.76 ], [ 541994.08, 6588034.38 ], [ 541981.88, 6588032.98 ], [ 541978.69, 6588032.66 ], [ 541894.97, 6588023.92 ], [ 541880.67, 6588022.43 ], [ 541882.48, 6588071.46 ], [ 541881.56, 6588073.55 ], [ 541884.59, 6588076.42 ], [ 541887.72, 6588104.58 ], [ 541886.52, 6588117.79 ], [ 541870.97, 6588189.84 ], [ 541875.23, 6588198.28 ], [ 541883.37, 6588194.5 ] ] ] } },
{ "type": "Feature", "properties": { "park_id": "w37371490", "name": "Roheline turg", "synthetic": "no" }, "geometry": { "type": "Polygon", "coordinates": [ [ [ 542405.79, 6589314.37 ], [ 542387.41, 6589290.38 ], [ 542381.42, 6589292.96 ], [ 542382.55, 6589296.45 ], [ 542389.06, 6589316.56 ], [ 542391.15, 6589323.03 ], [ 542405.79, 6589314.37 ] ] ] } },
{ "type": "Feature", "properties": { "park_id": "w43734366", "name": "Teatri väljak", "synthetic": "no" }, "geometry": { "type": "Polygon", "coordinates": [ [ [ 542731.33, 6588604.67 ], [ 542728.22, 6588602.44 ], [ 542718.96, 6588613.86 ], [ 542663.25, 6588682.11 ], [ 542667.07, 6588685.12 ], [ 542678.32, 6588694.09 ], [ 542679.57, 6588695.14 ], [ 542684.53, 6588699.28 ], [ 542687.53, 6588701.79 ], [ 542742.34, 6588633.45 ], [ 542756.67, 6588615.59 ], [ 542754.05, 6588613.46 ], [ 542749.02, 6588609.19 ], [ 542741.22, 6588602.86 ], [ 542736.2, 6588598.62 ], [ 542731.33, 6588604.67 ] ] ] } },
{ "type": "Feature", "properties": { "park_id": "w43735045", "name": "Islandi väljak", "synthetic": "no" }, "geometry": { "type": "Polygon", "coordinates": [ [ [ 542734.25, 6588562.46 ], [ 542732.66, 6588570.47 ], [ 542732.72, 6588574.43 ], [ 542732.94, 6588576.48 ], [ 542733.94, 6588577.94 ], [ 542739.79, 6588582.7 ], [ 542742.99, 6588585.3 ], [ 542744.66, 6588586.62 ], [ 542764.26, 6588602.62 ], [ 542765.89, 6588603.95 ], [ 542768.79, 6588606.34 ], [ 542775.62, 6588611.91 ], [ 542778.19, 6588612.9 ], [ 542780.77, 6588613.48 ], [ 542783.67, 6588613.13 ], [ 542786.56, 6588612.49 ], [ 542788.9, 6588611.45 ], [ 542791.39, 6588609.28 ], [ 542794.1, 6588606.35 ], [ 542794.93, 6588604.93 ], [ 542794.97, 6588603.77 ], [ 542794.69, 6588602.28 ], [ 542781.48, 6588591.58 ], [ 542778.44, 6588589.1 ], [ 542776.84, 6588587.8 ], [ 542756.51, 6588571.19 ], [ 542754.91, 6588569.89 ], [ 542751.69, 6588567.27 ], [ 542742.73, 6588559.98 ], [ 542741.05, 6588559.04 ], [ 542739.36, 6588558.56 ], [ 542737.52, 6588558.93 ], [ 542736.05, 6588559.93 ], [ 542734.25, 6588562.46 ] ] ] } },
{ "type": "Feature", "properties": { "park_id": "w43735117", "name": null, "synthetic": "no" }, "geometry": { "type": "Polygon", "coordinates": [ [ [ 542588.24, 6588440.18 ], [ 542585.19, 6588442.22 ], [ 542582.58, 6588445.31 ], [ 542579.93, 6588448.45 ], [ 542577.71, 6588451.09 ], [ 542593.54, 6588463.95 ], [ 542600.25, 6588469.4 ], [ 542611.59, 6588478.6 ], [ 542630.94, 6588494.33 ], [ 542639.93, 6588501.63 ], [ 542653.28, 6588512.45 ], [ 542664.86, 6588521.85 ], [ 542679.92, 6588534.06 ], [ 542680.4, 6588534.45 ], [ 542697.96, 6588548.68 ], [ 542698.81, 6588549.37 ], [ 542713.86, 6588561.57 ], [ 542715.46, 6588559.65 ], [ 542718.63, 6588555.82 ], [ 542722.91, 6588549.44 ], [ 542725.49, 6588546.45 ], [ 542710.21, 6588534.27 ], [ 542668.82, 6588500.63 ], [ 542665.42, 6588497.79 ], [ 542663.93, 6588496.55 ], [ 542647.9, 6588483.51 ], [ 542644.5, 6588480.82 ], [ 542604.87, 6588448.54 ], [ 542592.73, 6588438.81 ], [ 542591.33, 6588438.0 ], [ 542590.19, 6588437.87 ], [ 542588.24, 6588440.18 ] ] ] } },
{ "type": "Feature", "properties": { "park_id": "w47008494", "name": "Margareeta aed", "synthetic": "no" }, "geometry": { "type": "Polygon", "coordinates": [ [ [ 542528.71, 6589696.05 ], [ 542532.02, 6589697.15 ], [ 542535.84, 6589698.46 ], [ 542540.18, 6589699.72 ], [ 542545.0, 6589700.9 ], [ 542549.77, 6589701.93 ], [ 542553.72, 6589702.51 ], [ 542558.04, 6589702.83 ], [ 542563.3, 6589702.83 ], [ 542568.26, 6589702.44 ], [ 542572.9, 6589701.86 ], [ 542575.28, 6589701.37 ], [ 542577.48, 6589700.88 ], [ 542595.78, 6589676.01 ], [ 542617.26, 6589655.34 ], [ 542629.67, 6589636.32 ], [ 542631.03, 6589634.11 ], [ 542663.76, 6589577.74 ], [ 542567.0, 6589560.17 ], [ 542575.15, 6589590.21 ], [ 542538.07, 6589599.67 ], [ 542531.88, 6589605.73 ], [ 542532.56, 6589613.85 ], [ 542531.81, 6589631.0 ], [ 542531.55, 6589639.84 ], [ 542533.68, 6589641.26 ], [ 542535.8, 6589643.07 ], [ 542536.94, 6589644.43 ], [ 542537.88, 6589646.28 ], [ 542539.32, 6589649.42 ], [ 542539.71, 6589650.97 ], [ 542539.69, 6589652.52 ], [ 542539.52, 6589654.1 ], [ 542539.14, 6589655.87 ], [ 542538.25, 6589657.56 ], [ 542537.17, 6589659.26 ], [ 542535.89, 6589660.79 ], [ 542534.31, 6589662.31 ], [ 542532.39, 6589663.39 ], [ 542530.47, 6589664.18 ], [ 542526.56, 6589664.77 ], [ 542524.73, 6589664.7 ], [ 542522.9, 6589664.33 ], [ 542520.61, 6589663.55 ], [ 542518.72, 6589662.47 ], [ 542516.5, 6589664.4 ], [ 542518.55, 6589686.58 ], [ 542525.63, 6589694.82 ], [ 542528.71, 6589696.05 ] ] ] } },
{ "type": "Feature", "properties": { "park_id": "w48609071", "name": "Valdeku park", "synthetic": "no" }, "geometry": { "type": "Polygon", "coordinates": [ [ [ 539796.68, 6581807.71 ], [ 539760.71, 6581784.32 ], [ 539759.1, 6581798.72 ], [ 539752.34, 6581834.12 ], [ 539735.45, 6581922.02 ], [ 539733.22, 6581933.64 ], [ 539728.88, 6581950.85 ], [ 539701.16, 6582060.89 ], [ 539740.49, 6582072.54 ], [ 539765.43, 6582083.32 ], [ 539780.94, 6582095.64 ], [ 539793.51, 6582109.04 ], [ 539787.7, 6582114.41 ], [ 539772.31, 6582125.49 ], [ 539763.88, 6582133.85 ], [ 539759.6, 6582143.43 ], [ 539752.78, 6582172.63 ], [ 539749.71, 6582188.04 ], [ 539750.94, 6582194.84 ], [ 539753.95, 6582200.75 ], [ 539760.15, 6582207.24 ], [ 539763.88, 6582209.42 ], [ 539788.83, 6582224.06 ], [ 539803.23, 6582229.87 ], [ 539810.7, 6582229.94 ], [ 539829.82, 6582225.03 ], [ 539838.17, 6582223.91 ], [ 539842.78, 6582224.86 ], [ 539846.96, 6582228.44 ], [ 539881.88, 6582226.31 ], [ 539876.4, 6582274.93 ], [ 539864.62, 6582302.46 ], [ 539857.76, 6582346.79 ], [ 539872.51, 6582354.46 ], [ 539934.68, 6582386.8 ], [ 539940.56, 6582389.86 ], [ 540002.66, 6582415.26 ], [ 540010.95, 6582409.68 ], [ 540020.01, 6582397.14 ], [ 540070.13, 6582271.74 ], [ 540082.0, 6582241.08 ], [ 540081.99, 6582218.86 ], [ 540081.98, 6582185.05 ], [ 540077.52, 6582131.62 ], [ 540018.7, 6582128.14 ], [ 540014.53, 6582078.3 ], [ 539972.71, 6582032.48 ], [ 539997.63, 6581956.38 ], [ 539965.28, 6581933.59 ], [ 539946.04, 6581954.88 ], [ 539908.99, 6581934.12 ], [ 539862.3, 6581887.12 ], [ 539881.78, 6581842.19 ], [ 539885.66, 6581833.24 ], [ 539887.45, 6581829.11 ], [ 539818.3, 6581788.55 ], [ 539796.68, 6581807.71 ] ] ] } },
{ "type": "Feature", "properties": { "park_id": "w48615198", "name": null, "synthetic": "no" }, "geometry": { "type": "Polygon", "coordinates": [ [ [ 547730.17, 6590682.58 ], [ 547729.4, 6590675.28 ], [ 547728.49, 6590666.63 ], [ 547728.14, 6590663.37 ], [ 547726.62, 6590648.95 ], [ 547725.9, 6590642.16 ], [ 547723.57, 6590620.12 ], [ 547581.72, 6590634.22 ], [ 547584.67, 6590666.05 ], [ 547585.07, 6590670.29 ], [ 547585.46, 6590674.51 ], [ 547588.48, 6590707.12 ], [ 547616.86, 6590704.27 ], [ 547730.17, 6590682.58 ] ] ] } },
{ "type": "Feature", "properties": { "park_id": "w48655895", "name": "Õie park", "synthetic": "no" }, "geometry": { "type": "Polygon", "coordinates": [ [ [ 539626.03, 6582983.94 ], [ 539657.49, 6583033.06 ], [ 539660.34, 6583031.22 ], [ 539737.35, 6582981.7 ], [ 539767.17, 6582962.79 ], [ 539733.76, 6582911.61 ], [ 539698.56, 6582932.99 ], [ 539692.55, 6582937.16 ], [ 539681.65, 6582944.53 ], [ 539677.82, 6582947.05 ], [ 539667.58, 6582953.3 ], [ 539656.18, 6582962.09 ], [ 539624.87, 6582982.12 ], [ 539626.03, 6582983.94 ] ] ] } },
{ "type": "Feature", "properties": { "park_id": "w48719925", "name": null, "synthetic": "no" }, "geometry": { "type": "Polygon", "coordinates": [ [ [ 541985.69, 6588645.08 ], [ 542011.82, 6588619.38 ], [ 542019.61, 6588618.23 ], [ 542050.95, 6588587.55 ], [ 542071.25, 6588559.71 ], [ 542034.97, 6588541.77 ], [ 542006.17, 6588533.84 ], [ 542002.21, 6588534.55 ], [ 541997.25, 6588539.21 ], [ 541993.42, 6588547.13 ], [ 541955.72, 6588752.12 ], [ 541962.98, 6588751.6 ], [ 541967.97, 6588751.24 ], [ 541985.69, 6588645.08 ] ] ] } },
{ "type": "Feature", "properties": { "park_id": "w48719936", "name": "Lindamägi", "synthetic": "no" }, "geometry": { "type": "Polygon", "coordinates": [ [ [ 541928.89, 6588756.08 ], [ 541929.09, 6588753.99 ], [ 541888.19, 6588756.85 ], [ 541861.9, 6588701.77 ], [ 541777.3, 6588648.13 ], [ 541747.45, 6588759.79 ], [ 541746.05, 6588765.56 ], [ 541744.21, 6588771.98 ], [ 541750.26, 6588772.06 ], [ 541883.5, 6588772.73 ], [ 541930.48, 6588772.99 ], [ 541934.37, 6588772.31 ], [ 541940.13, 6588767.15 ], [ 541941.61, 6588757.51 ], [ 541942.29, 6588753.09 ], [ 541939.75, 6588755.62 ], [ 541928.89, 6588756.08 ] ] ] } },
{ "type": "Feature", "properties": { "park_id": "w48764761", "name": "Mai park", "synthetic": "no" }, "geometry": { "type": "Polygon", "coordinates": [ [ [ 539121.21, 6583302.29 ], [ 539118.24, 6583301.22 ], [ 539083.96, 6583288.86 ], [ 539086.28, 6583280.52 ], [ 539089.03, 6583272.52 ], [ 539088.46, 6583270.9 ], [ 539087.44, 6583267.99 ], [ 539052.73, 6583255.57 ], [ 539051.61, 6583258.76 ], [ 539033.45, 6583310.43 ], [ 539039.47, 6583312.31 ], [ 539046.67, 6583314.57 ], [ 539057.64, 6583282.8 ], [ 539082.72, 6583291.39 ], [ 539071.8, 6583322.44 ], [ 539073.59, 6583322.99 ], [ 539107.47, 6583333.6 ], [ 539110.04, 6583334.4 ], [ 539121.21, 6583302.29 ] ] ] } },
{ "type": "Feature", "properties": { "park_id": "w48764763", "name": "Kiige park", "synthetic": "no" }, "geometry": { "type": "Polygon", "coordinates": [ [ [ 539534.31, 6583189.88 ], [ 539540.29, 6583186.06 ], [ 539519.92, 6583155.07 ], [ 539504.16, 6583131.1 ], [ 539445.41, 6583169.34 ], [ 539441.93, 6583171.61 ], [ 539479.79, 6583226.43 ], [ 539534.31, 6583189.88 ] ] ] } },
{ "type": "Feature", "properties": { "park_id": "w48764771", "name": "Lootuse puiestik", "synthetic": "no" }, "geometry": { "type": "Polygon", "coordinates": [ [ [ 540175.32, 6582710.81 ], [ 540174.01, 6582671.97 ], [ 540169.45, 6582629.2 ], [ 540161.02, 6582603.76 ], [ 540146.79, 6582569.32 ], [ 540138.42, 6582573.4 ], [ 540120.84, 6582587.26 ], [ 540087.35, 6582620.35 ], [ 540071.39, 6582639.75 ], [ 540052.54, 6582665.2 ], [ 540050.0, 6582669.2 ], [ 540084.07, 6582692.23 ], [ 540082.21, 6582693.79 ], [ 540081.96, 6582699.07 ], [ 540095.76, 6582709.39 ], [ 540123.93, 6582713.02 ], [ 540129.46, 6582709.35 ], [ 540156.65, 6582713.16 ], [ 540165.87, 6582713.47 ], [ 540175.32, 6582710.81 ] ] ] } },
{ "type": "Feature", "properties": { "park_id": "w48801207", "name": "Liivalaia trassipark", "synthetic": "no" }, "geometry": { "type": "Polygon", "coordinates": [ [ [ 542618.32, 6588055.7 ], [ 542625.54, 6588035.39 ], [ 542617.16, 6588032.16 ], [ 542599.69, 6588025.33 ], [ 542592.93, 6588022.69 ], [ 542588.18, 6588020.83 ], [ 542585.86, 6588023.0 ], [ 542585.73, 6588044.11 ], [ 542618.32, 6588055.7 ] ] ] } },
{ "type": "Feature", "properties": { "park_id": "w48863411", "name": null, "synthetic": "no" }, "geometry": { "type": "Polygon", "coordinates": [ [ [ 544615.15, 6589162.29 ], [ 544616.84, 6589159.44 ], [ 544617.44, 6589156.18 ], [ 544616.89, 6589152.91 ], [ 544615.25, 6589150.03 ], [ 544612.72, 6589147.87 ], [ 544609.62, 6589146.72 ], [ 544606.3, 6589146.69 ], [ 544603.18, 6589147.8 ], [ 544600.62, 6589149.91 ], [ 544598.94, 6589152.78 ], [ 544598.35, 6589156.03 ], [ 544598.89, 6589159.31 ], [ 544600.53, 6589162.19 ], [ 544603.05, 6589164.33 ], [ 544606.16, 6589165.5 ], [ 544609.48, 6589165.52 ], [ 544612.6, 6589164.41 ], [ 544615.15, 6589162.29 ] ] ] } },
{ "type": "Feature", "properties": { "park_id": "w48915116", "name": null, "synthetic": "no" }, "geometry": { "type": "Polygon", "coordinates": [ [ [ 544578.26, 6589739.96 ], [ 544581.59, 6589740.21 ], [ 544582.7, 6589746.18 ], [ 544600.37, 6589742.73 ], [ 544613.69, 6589739.63 ], [ 544631.54, 6589734.16 ], [ 544648.36, 6589728.2 ], [ 544661.07, 6589722.99 ], [ 544673.38, 6589717.51 ], [ 544686.27, 6589710.94 ], [ 544698.39, 6589704.17 ], [ 544719.21, 6589692.25 ], [ 544730.57, 6589686.42 ], [ 544742.33, 6589681.38 ], [ 544759.92, 6589674.87 ], [ 544782.58, 6589668.5 ], [ 544783.28, 6589660.02 ], [ 544785.72, 6589658.78 ], [ 544785.75, 6589655.54 ], [ 544777.94, 6589647.74 ], [ 544766.81, 6589636.23 ], [ 544749.98, 6589614.07 ], [ 544744.88, 6589607.7 ], [ 544739.84, 6589599.67 ], [ 544735.98, 6589594.83 ], [ 544730.22, 6589589.68 ], [ 544722.46, 6589582.79 ], [ 544706.99, 6589571.16 ], [ 544664.8, 6589541.7 ], [ 544644.17, 6589526.26 ], [ 544613.38, 6589501.55 ], [ 544599.02, 6589490.06 ], [ 544589.1, 6589478.1 ], [ 544577.96, 6589470.11 ], [ 544561.19, 6589460.5 ], [ 544547.08, 6589453.35 ], [ 544521.44, 6589441.54 ], [ 544505.92, 6589434.29 ], [ 544491.37, 6589427.74 ], [ 544503.06, 6589448.34 ], [ 544512.54, 6589461.51 ], [ 544518.92, 6589476.02 ], [ 544529.97, 6589502.26 ], [ 544542.49, 6589521.32 ], [ 544532.73, 6589560.73 ], [ 544511.44, 6589572.93 ], [ 544505.69, 6589576.22 ], [ 544507.36, 6589576.76 ], [ 544532.67, 6589562.47 ], [ 544537.6, 6589586.36 ], [ 544540.72, 6589604.05 ], [ 544550.21, 6589646.49 ], [ 544570.93, 6589741.85 ], [ 544578.26, 6589739.96 ] ] ] } },
{ "type": "Feature", "properties": { "park_id": "w48932858", "name": "Ravila park", "synthetic": "no" }, "geometry": { "type": "Polygon", "coordinates": [ [ [ 539223.32, 6582730.41 ], [ 539188.56, 6582688.0 ], [ 539185.5, 6582690.5 ], [ 539153.29, 6582716.78 ], [ 539154.52, 6582718.42 ], [ 539186.05, 6582760.45 ], [ 539186.9, 6582761.59 ], [ 539223.32, 6582730.41 ] ] ] } },
{ "type": "Feature", "properties": { "park_id": "w49013722", "name": "Jüriöö park", "synthetic": "no" }, "geometry": { "type": "Polygon", "coordinates": [ [ [ 546560.52, 6588096.72 ], [ 546598.28, 6588122.53 ], [ 546611.53, 6588128.37 ], [ 546658.26, 6588131.23 ], [ 546657.85, 6588138.02 ], [ 546657.55, 6588144.06 ], [ 546703.15, 6588114.63 ], [ 546709.96, 6588079.17 ], [ 546708.45, 6588025.18 ], [ 546708.07, 6588009.78 ], [ 546651.3, 6587999.85 ], [ 546572.94, 6587987.72 ], [ 546503.85, 6587980.02 ], [ 546501.03, 6588019.76 ], [ 546463.68, 6588015.6 ], [ 546466.53, 6587975.59 ], [ 546439.88, 6587972.6 ], [ 546435.71, 6587972.15 ], [ 546432.99, 6587973.93 ], [ 546431.05, 6587976.08 ], [ 546429.25, 6587978.55 ], [ 546426.24, 6587994.71 ], [ 546424.48, 6588004.92 ], [ 546422.28, 6588031.41 ], [ 546494.99, 6588040.31 ], [ 546517.65, 6588046.95 ], [ 546534.07, 6588063.1 ], [ 546538.01, 6588040.11 ], [ 546561.68, 6588040.36 ], [ 546566.74, 6588061.93 ], [ 546565.3, 6588069.61 ], [ 546562.24, 6588086.73 ], [ 546560.52, 6588096.72 ] ] ] } },
{ "type": "Feature", "properties": { "park_id": "w49071532", "name": "Ilo park", "synthetic": "no" }, "geometry": { "type": "Polygon", "coordinates": [ [ [ 540694.69, 6583559.04 ], [ 540733.32, 6583575.66 ], [ 540739.0, 6583578.09 ], [ 540747.01, 6583581.54 ], [ 540780.57, 6583595.98 ], [ 540801.56, 6583605.01 ], [ 540815.56, 6583612.28 ], [ 540830.94, 6583620.27 ], [ 540838.61, 6583612.91 ], [ 540722.73, 6583516.91 ], [ 540711.23, 6583532.6 ], [ 540706.33, 6583538.45 ], [ 540690.67, 6583557.31 ], [ 540694.69, 6583559.04 ] ] ] } },
{ "type": "Feature", "properties": { "park_id": "w49706130", "name": "Koidu park", "synthetic": "no" }, "geometry": { "type": "Polygon", "coordinates": [ [ [ 541844.24, 6587373.75 ], [ 541935.63, 6587314.65 ], [ 541897.36, 6587256.26 ], [ 541804.48, 6587316.08 ], [ 541844.24, 6587373.75 ] ] ] } },
{ "type": "Feature", "properties": { "park_id": "w49708047", "name": "Tiigiveski park", "synthetic": "no" }, "geometry": { "type": "Polygon", "coordinates": [ [ [ 543004.61, 6587894.77 ], [ 542998.54, 6587901.65 ], [ 543005.05, 6587912.28 ], [ 543025.74, 6587948.01 ], [ 543044.25, 6587997.58 ], [ 543044.98, 6588008.32 ], [ 543050.85, 6588094.25 ], [ 543053.32, 6588139.97 ], [ 543093.97, 6588130.93 ], [ 543078.3, 6588088.67 ], [ 543114.86, 6588077.22 ], [ 543123.81, 6588092.65 ], [ 543127.9, 6588084.17 ], [ 543128.32, 6588077.99 ], [ 543110.88, 6588048.67 ], [ 543116.51, 6588038.69 ], [ 543121.2, 6588030.38 ], [ 543152.53, 6588080.46 ], [ 543149.4, 6588100.37 ], [ 543152.22, 6588101.82 ], [ 543178.19, 6588077.93 ], [ 543176.83, 6588063.94 ], [ 543171.87, 6588063.39 ], [ 543168.75, 6588063.03 ], [ 543167.47, 6588061.02 ], [ 543171.12, 6588057.76 ], [ 543172.37, 6588056.63 ], [ 543150.69, 6588026.23 ], [ 543146.55, 6588020.41 ], [ 543141.99, 6588014.03 ], [ 543139.14, 6588010.1 ], [ 543138.08, 6588008.82 ], [ 543138.9, 6587936.47 ], [ 543138.82, 6587932.84 ], [ 543135.93, 6587931.74 ], [ 543134.61, 6587911.22 ], [ 543104.38, 6587907.43 ], [ 543058.16, 6587906.97 ], [ 543048.07, 6587906.8 ], [ 543041.79, 6587907.53 ], [ 543037.68, 6587901.89 ], [ 543015.37, 6587882.28 ], [ 543010.1, 6587888.42 ], [ 543004.61, 6587894.77 ] ] ] } },
{ "type": "Feature", "properties": { "park_id": "w50034048", "name": "Piiskopi aed", "synthetic": "no" }, "geometry": { "type": "Polygon", "coordinates": [ [ [ 541880.64, 6589023.49 ], [ 541880.05, 6589020.58 ], [ 541865.0, 6589022.98 ], [ 541865.25, 6589025.0 ], [ 541862.17, 6589026.1 ], [ 541860.53, 6589026.24 ], [ 541854.25, 6589028.58 ], [ 541848.11, 6589030.85 ], [ 541851.54, 6589042.08 ], [ 541855.84, 6589054.41 ], [ 541861.68, 6589067.95 ], [ 541871.46, 6589063.06 ], [ 541876.15, 6589064.02 ], [ 541891.44, 6589061.57 ], [ 541901.56, 6589059.96 ], [ 541907.72, 6589045.17 ], [ 541908.72, 6589038.49 ], [ 541905.57, 6589019.54 ], [ 541880.64, 6589023.49 ] ] ] } },
{ "type": "Feature", "properties": { "park_id": "w50510643", "name": "Ülemiste City park", "synthetic": "no" }, "geometry": { "type": "Polygon", "coordinates": [ [ [ 545394.96, 6587278.21 ], [ 545392.56, 6587288.86 ], [ 545391.4, 6587445.62 ], [ 545453.86, 6587445.55 ], [ 545460.88, 6587445.4 ], [ 545461.6, 6587438.54 ], [ 545461.82, 6587425.54 ], [ 545461.85, 6587423.53 ], [ 545461.9, 6587421.05 ], [ 545461.94, 6587418.63 ], [ 545461.99, 6587416.19 ], [ 545462.05, 6587413.51 ], [ 545464.14, 6587413.58 ], [ 545465.97, 6587413.19 ], [ 545467.62, 6587409.93 ], [ 545467.71, 6587402.69 ], [ 545464.91, 6587399.83 ], [ 545465.73, 6587395.1 ], [ 545466.97, 6587377.76 ], [ 545468.17, 6587291.65 ], [ 545462.92, 6587278.53 ], [ 545394.96, 6587278.21 ] ] ] } },
{ "type": "Feature", "properties": { "park_id": "w60417640", "name": null, "synthetic": "no" }, "geometry": { "type": "Polygon", "coordinates": [ [ [ 545490.6, 6588703.03 ], [ 545545.54, 6588721.91 ], [ 545549.58, 6588711.11 ], [ 545553.52, 6588700.58 ], [ 545528.37, 6588694.09 ], [ 545504.11, 6588690.98 ], [ 545493.02, 6588689.9 ], [ 545491.48, 6588692.51 ], [ 545490.6, 6588703.03 ] ] ] } },
{ "type": "Feature", "properties": { "park_id": "w61009054", "name": "Pae park", "synthetic": "no" }, "geometry": { "type": "Polygon", "coordinates": [ [ [ 545516.23, 6588292.99 ], [ 545497.52, 6588232.35 ], [ 545404.6, 6588261.2 ], [ 545390.92, 6588284.9 ], [ 545177.96, 6588372.42 ], [ 545157.08, 6588425.14 ], [ 545194.45, 6588523.38 ], [ 545212.0, 6588530.92 ], [ 545209.51, 6588538.02 ], [ 545263.01, 6588560.77 ], [ 545280.03, 6588568.0 ], [ 545307.88, 6588497.79 ], [ 545340.59, 6588510.21 ], [ 545343.53, 6588511.32 ], [ 545344.22, 6588511.59 ], [ 545356.98, 6588516.43 ], [ 545357.23, 6588520.78 ], [ 545360.02, 6588570.01 ], [ 545364.31, 6588645.92 ], [ 545364.64, 6588651.73 ], [ 545413.41, 6588688.65 ], [ 545408.11, 6588713.38 ], [ 545417.75, 6588716.08 ], [ 545421.18, 6588716.1 ], [ 545436.83, 6588716.18 ], [ 545449.93, 6588711.38 ], [ 545466.53, 6588717.47 ], [ 545497.88, 6588738.33 ], [ 545481.21, 6588783.38 ], [ 545485.3, 6588784.06 ], [ 545484.31, 6588791.31 ], [ 545480.07, 6588791.59 ], [ 545478.13, 6588797.39 ], [ 545507.2, 6588797.35 ], [ 545534.14, 6588798.54 ], [ 545610.89, 6588809.76 ], [ 545657.93, 6588820.18 ], [ 545716.29, 6588841.02 ], [ 545749.32, 6588851.9 ], [ 545793.3, 6588872.24 ], [ 545808.47, 6588886.4 ], [ 545809.0, 6588886.9 ], [ 545823.26, 6588886.95 ], [ 545848.67, 6588887.03 ], [ 545849.16, 6588876.6 ], [ 545848.13, 6588809.4 ], [ 545846.06, 6588779.21 ], [ 545845.91, 6588776.86 ], [ 545843.98, 6588756.83 ], [ 545787.61, 6588698.69 ], [ 545783.74, 6588632.63 ], [ 545808.12, 6588609.29 ], [ 545820.41, 6588597.52 ], [ 545808.38, 6588561.74 ], [ 545788.23, 6588507.13 ], [ 545783.34, 6588493.18 ], [ 545776.29, 6588473.02 ], [ 545773.83, 6588465.99 ], [ 545778.12, 6588462.2 ], [ 545764.72, 6588447.73 ], [ 545760.5, 6588444.2 ], [ 545751.84, 6588441.96 ], [ 545741.11, 6588437.85 ], [ 545645.44, 6588336.48 ], [ 545644.96, 6588347.45 ], [ 545644.48, 6588358.42 ], [ 545643.51, 6588380.36 ], [ 545575.89, 6588331.03 ], [ 545569.96, 6588326.67 ], [ 545538.92, 6588303.86 ], [ 545538.67, 6588287.05 ], [ 545516.23, 6588292.99 ] ] ] } },
{ "type": "Feature", "properties": { "park_id": "w64302181", "name": null, "synthetic": "no" }, "geometry": { "type": "Polygon", "coordinates": [ [ [ 542184.61, 6588913.03 ], [ 542179.5, 6588918.3 ], [ 542179.42, 6588923.83 ], [ 542120.78, 6588933.11 ], [ 542122.46, 6588951.63 ], [ 542143.97, 6588951.41 ], [ 542180.72, 6588950.62 ], [ 542199.36, 6588950.02 ], [ 542199.39, 6588934.81 ], [ 542222.64, 6588921.63 ], [ 542225.17, 6588920.43 ], [ 542233.64, 6588916.36 ], [ 542227.78, 6588903.38 ], [ 542227.11, 6588901.71 ], [ 542226.53, 6588900.26 ], [ 542211.19, 6588863.77 ], [ 542210.49, 6588861.77 ], [ 542210.0, 6588860.38 ], [ 542208.5, 6588855.93 ], [ 542206.37, 6588849.35 ], [ 542204.85, 6588842.14 ], [ 542192.49, 6588782.35 ], [ 542172.92, 6588782.27 ], [ 542177.9, 6588804.02 ], [ 542153.59, 6588809.41 ], [ 542156.95, 6588832.53 ], [ 542152.02, 6588833.69 ], [ 542158.27, 6588862.46 ], [ 542158.95, 6588865.48 ], [ 542152.86, 6588867.73 ], [ 542144.52, 6588868.01 ], [ 542140.21, 6588864.51 ], [ 542134.25, 6588864.7 ], [ 542130.84, 6588867.7 ], [ 542130.73, 6588873.18 ], [ 542125.8, 6588875.97 ], [ 542126.26, 6588882.22 ], [ 542134.42, 6588881.76 ], [ 542135.85, 6588892.85 ], [ 542173.82, 6588887.69 ], [ 542187.3, 6588896.72 ], [ 542187.09, 6588907.74 ], [ 542184.61, 6588913.03 ] ] ] } },
{ "type": "Feature", "properties": { "park_id": "w64302192", "name": "Kitseaed", "synthetic": "no" }, "geometry": { "type": "Polygon", "coordinates": [ [ [ 542139.58, 6589128.61 ], [ 542139.18, 6589120.09 ], [ 542145.83, 6589118.65 ], [ 542144.37, 6589115.5 ], [ 542146.02, 6589114.79 ], [ 542145.25, 6589112.97 ], [ 542140.86, 6589114.86 ], [ 542142.41, 6589118.37 ], [ 542139.13, 6589119.24 ], [ 542137.91, 6589106.63 ], [ 542123.67, 6589105.53 ], [ 542117.32, 6589105.77 ], [ 542119.79, 6589115.25 ], [ 542122.43, 6589127.51 ], [ 542124.28, 6589145.43 ], [ 542123.04, 6589160.92 ], [ 542108.55, 6589184.04 ], [ 542109.79, 6589203.01 ], [ 542123.88, 6589198.27 ], [ 542127.3, 6589201.31 ], [ 542127.14, 6589203.87 ], [ 542133.5, 6589204.66 ], [ 542137.97, 6589201.43 ], [ 542139.08, 6589198.44 ], [ 542136.31, 6589197.96 ], [ 542138.12, 6589187.84 ], [ 542140.96, 6589187.87 ], [ 542142.0, 6589181.09 ], [ 542136.12, 6589180.42 ], [ 542136.69, 6589176.53 ], [ 542138.59, 6589176.78 ], [ 542139.16, 6589172.65 ], [ 542140.38, 6589163.72 ], [ 542149.31, 6589164.61 ], [ 542149.08, 6589166.32 ], [ 542152.31, 6589166.47 ], [ 542154.1, 6589166.68 ], [ 542154.67, 6589166.69 ], [ 542156.34, 6589130.8 ], [ 542156.37, 6589128.43 ], [ 542156.38, 6589127.47 ], [ 542139.58, 6589128.61 ] ] ] } },
{ "type": "Feature", "properties": { "park_id": "w65180129", "name": null, "synthetic": "no" }, "geometry": { "type": "Polygon", "coordinates": [ [ [ 539732.44, 6582770.12 ], [ 539731.57, 6582775.18 ], [ 539737.39, 6582782.22 ], [ 539746.09, 6582789.02 ], [ 539771.63, 6582798.73 ], [ 539773.73, 6582794.92 ], [ 539790.1, 6582802.07 ], [ 539796.65, 6582791.33 ], [ 539804.06, 6582791.54 ], [ 539811.01, 6582782.31 ], [ 539765.19, 6582745.29 ], [ 539756.69, 6582745.2 ], [ 539732.44, 6582770.12 ] ] ] } },
{ "type": "Feature", "properties": { "park_id": "w65180147", "name": null, "synthetic": "no" }, "geometry": { "type": "Polygon", "coordinates": [ [ [ 539874.44, 6582838.4 ], [ 539878.43, 6582837.07 ], [ 539851.11, 6582815.16 ], [ 539847.59, 6582815.0 ], [ 539839.5, 6582825.28 ], [ 539874.44, 6582838.4 ] ] ] } },
{ "type": "Feature", "properties": { "park_id": "w65454041", "name": "Oravamäe park", "synthetic": "no" }, "geometry": { "type": "Polygon", "coordinates": [ [ [ 541245.77, 6584036.89 ], [ 541276.42, 6584024.62 ], [ 541264.14, 6583994.03 ], [ 541219.29, 6584010.74 ], [ 541212.45, 6583993.22 ], [ 541206.3, 6583978.49 ], [ 541204.9, 6583974.65 ], [ 541203.35, 6583969.95 ], [ 541200.32, 6583962.93 ], [ 541156.91, 6583982.42 ], [ 541087.58, 6584017.97 ], [ 541086.87, 6584024.6 ], [ 541092.4, 6584031.09 ], [ 541106.54, 6584047.2 ], [ 541118.44, 6584061.3 ], [ 541121.67, 6584065.13 ], [ 541126.61, 6584071.01 ], [ 541128.77, 6584073.54 ], [ 541133.54, 6584079.2 ], [ 541140.08, 6584085.59 ], [ 541147.85, 6584093.24 ], [ 541160.37, 6584116.28 ], [ 541160.75, 6584127.7 ], [ 541163.87, 6584138.61 ], [ 541177.91, 6584164.12 ], [ 541189.72, 6584170.3 ], [ 541203.29, 6584166.61 ], [ 541235.48, 6584130.87 ], [ 541265.41, 6584088.75 ], [ 541245.77, 6584036.89 ] ] ] } },
{ "type": "Feature", "properties": { "park_id": "w65993959", "name": null, "synthetic": "no" }, "geometry": { "type": "Polygon", "coordinates": [ [ [ 539903.72, 6582871.06 ], [ 539911.72, 6582862.61 ], [ 539884.21, 6582840.98 ], [ 539877.36, 6582847.26 ], [ 539894.51, 6582867.94 ], [ 539894.44, 6582874.77 ], [ 539903.72, 6582871.06 ] ] ] } },
{ "type": "Feature", "properties": { "park_id": "w67014523", "name": "Nõmme keskuse park", "synthetic": "no" }, "geometry": { "type": "Polygon", "coordinates": [ [ [ 538915.81, 6583447.41 ], [ 538917.42, 6583437.06 ], [ 538916.4, 6583432.63 ], [ 538913.86, 6583431.16 ], [ 538911.68, 6583432.24 ], [ 538893.76, 6583451.53 ], [ 538893.06, 6583455.06 ], [ 538893.78, 6583457.24 ], [ 538903.66, 6583463.72 ], [ 538905.81, 6583463.86 ], [ 538907.85, 6583463.46 ], [ 538910.91, 6583460.42 ], [ 538913.21, 6583457.14 ], [ 538915.81, 6583447.41 ] ] ] } },
{ "type": "Feature", "properties": { "park_id": "w71783880", "name": "Tondimõisa park", "synthetic": "no" }, "geometry": { "type": "Polygon", "coordinates": [ [ [ 540309.54, 6585474.33 ], [ 540312.63, 6585475.23 ], [ 540322.27, 6585435.7 ], [ 540341.15, 6585358.41 ], [ 540355.23, 6585316.61 ], [ 540366.78, 6585283.35 ], [ 540373.96, 6585278.04 ], [ 540381.84, 6585247.27 ], [ 540376.68, 6585239.08 ], [ 540354.73, 6585218.2 ], [ 540361.14, 6585211.77 ], [ 540366.95, 6585208.13 ], [ 540373.63, 6585205.32 ], [ 540377.2, 6585204.62 ], [ 540380.97, 6585204.42 ], [ 540384.76, 6585204.79 ], [ 540388.6, 6585205.7 ], [ 540392.3, 6585207.16 ], [ 540395.36, 6585210.75 ], [ 540397.39, 6585211.78 ], [ 540403.4, 6585213.76 ], [ 540407.63, 6585216.83 ], [ 540411.32, 6585219.61 ], [ 540414.14, 6585220.39 ], [ 540414.03, 6585219.03 ], [ 540400.61, 6585207.65 ], [ 540385.83, 6585195.97 ], [ 540379.44, 6585192.41 ], [ 540372.89, 6585189.62 ], [ 540359.02, 6585187.19 ], [ 540352.85, 6585186.24 ], [ 540347.72, 6585185.87 ], [ 540341.85, 6585186.7 ], [ 540336.25, 6585188.1 ], [ 540319.44, 6585193.89 ], [ 540312.37, 6585196.68 ], [ 540305.67, 6585199.97 ], [ 540214.57, 6585249.9 ], [ 540209.99, 6585252.69 ], [ 540205.99, 6585256.68 ], [ 540202.44, 6585261.47 ], [ 540200.24, 6585266.46 ], [ 540198.77, 6585271.31 ], [ 540197.94, 6585276.25 ], [ 540198.06, 6585279.58 ], [ 540198.78, 6585283.09 ], [ 540214.15, 6585319.53 ], [ 540225.65, 6585345.1 ], [ 540236.98, 6585367.4 ], [ 540251.47, 6585392.62 ], [ 540256.23, 6585399.9 ], [ 540274.92, 6585424.19 ], [ 540298.77, 6585462.23 ], [ 540306.63, 6585472.8 ], [ 540309.54, 6585474.33 ] ] ] } },
{ "type": "Feature", "properties": { "park_id": "w75113924", "name": "Merivälja park", "synthetic": "no" }, "geometry": { "type": "Polygon", "coordinates": [ [ [ 547582.27, 6595518.46 ], [ 547592.67, 6595502.0 ], [ 547700.82, 6595431.25 ], [ 547618.53, 6595308.65 ], [ 547501.29, 6595389.31 ], [ 547537.08, 6595433.42 ], [ 547434.98, 6595507.36 ], [ 547480.66, 6595575.64 ], [ 547582.27, 6595518.46 ] ] ] } },
{ "type": "Feature", "properties": { "park_id": "w79564795", "name": "Glehni rahula", "synthetic": "no" }, "geometry": { "type": "Polygon", "coordinates": [ [ [ 537360.5, 6584044.73 ], [ 537408.85, 6584053.54 ], [ 537426.82, 6584052.33 ], [ 537425.34, 6584026.03 ], [ 537425.16, 6584022.8 ], [ 537423.33, 6584012.12 ], [ 537420.63, 6583996.3 ], [ 537417.04, 6583996.94 ], [ 537415.23, 6583986.87 ], [ 537414.7, 6583983.92 ], [ 537414.18, 6583981.45 ], [ 537417.4, 6583980.34 ], [ 537417.13, 6583976.2 ], [ 537417.85, 6583966.72 ], [ 537370.66, 6583963.7 ], [ 537370.06, 6583963.66 ], [ 537343.49, 6583982.45 ], [ 537344.02, 6583992.04 ], [ 537341.37, 6583995.21 ], [ 537341.29, 6584044.77 ], [ 537360.5, 6584044.73 ] ] ] } },
{ "type": "Feature", "properties": { "park_id": "w80600966", "name": null, "synthetic": "no" }, "geometry": { "type": "Polygon", "coordinates": [ [ [ 538122.21, 6584339.41 ], [ 538131.29, 6584339.77 ], [ 538132.43, 6584334.39 ], [ 538122.88, 6584316.94 ], [ 538124.57, 6584309.51 ], [ 538120.35, 6584308.56 ], [ 538030.29, 6584288.49 ], [ 537982.97, 6584277.93 ], [ 537981.19, 6584282.52 ], [ 537976.96, 6584281.84 ], [ 537971.48, 6584280.84 ], [ 537970.57, 6584283.18 ], [ 537942.77, 6584348.55 ], [ 537934.28, 6584361.61 ], [ 537943.68, 6584364.65 ], [ 537952.93, 6584367.61 ], [ 537961.76, 6584370.5 ], [ 537996.02, 6584389.18 ], [ 538008.77, 6584394.38 ], [ 538015.54, 6584395.78 ], [ 538022.18, 6584397.15 ], [ 538027.29, 6584395.65 ], [ 538033.81, 6584393.72 ], [ 538051.93, 6584388.36 ], [ 538060.49, 6584385.83 ], [ 538083.31, 6584383.38 ], [ 538093.33, 6584337.65 ], [ 538122.21, 6584339.41 ] ] ] } },
{ "type": "Feature", "properties": { "park_id": "w85424191", "name": "Räägu park", "synthetic": "no" }, "geometry": { "type": "Polygon", "coordinates": [ [ [ 540647.95, 6586489.71 ], [ 540651.38, 6586490.92 ], [ 540665.74, 6586523.68 ], [ 540667.48, 6586527.65 ], [ 540672.61, 6586539.35 ], [ 540671.04, 6586541.97 ], [ 540673.45, 6586547.75 ], [ 540676.33, 6586546.53 ], [ 540677.24, 6586548.64 ], [ 540678.53, 6586549.84 ], [ 540680.28, 6586550.28 ], [ 540682.11, 6586549.96 ], [ 540713.51, 6586535.16 ], [ 540768.56, 6586511.86 ], [ 540734.64, 6586433.31 ], [ 540640.63, 6586472.91 ], [ 540647.95, 6586489.71 ] ] ] } },
{ "type": "Feature", "properties": { "park_id": "w85815679", "name": "Parditiigi park", "synthetic": "no" }, "geometry": { "type": "Polygon", "coordinates": [ [ [ 539957.35, 6585568.54 ], [ 540066.02, 6585504.06 ], [ 540071.79, 6585506.36 ], [ 540080.36, 6585502.12 ], [ 540124.86, 6585469.78 ], [ 540211.46, 6585424.15 ], [ 540228.77, 6585406.56 ], [ 540197.55, 6585347.17 ], [ 540172.3, 6585288.28 ], [ 540164.1, 6585282.89 ], [ 540023.78, 6585360.69 ], [ 540018.16, 6585363.68 ], [ 539966.87, 6585392.16 ], [ 539895.41, 6585431.8 ], [ 539881.1, 6585466.59 ], [ 539880.05, 6585471.7 ], [ 539878.23, 6585479.22 ], [ 539876.49, 6585496.96 ], [ 539885.34, 6585518.0 ], [ 539917.91, 6585596.35 ], [ 539957.35, 6585568.54 ] ] ] } },
{ "type": "Feature", "properties": { "park_id": "w88590404", "name": "Cederhelmi park", "synthetic": "no" }, "geometry": { "type": "Polygon", "coordinates": [ [ [ 540300.82, 6587858.09 ], [ 540302.69, 6587862.7 ], [ 540292.23, 6587866.82 ], [ 540297.04, 6587879.2 ], [ 540316.1, 6587871.2 ], [ 540326.05, 6587897.38 ], [ 540339.03, 6587922.87 ], [ 540373.74, 6587907.87 ], [ 540360.38, 6587881.36 ], [ 540380.96, 6587873.42 ], [ 540370.45, 6587849.4 ], [ 540364.76, 6587836.38 ], [ 540362.16, 6587830.43 ], [ 540354.74, 6587813.39 ], [ 540342.0, 6587774.91 ], [ 540339.65, 6587768.42 ], [ 540280.71, 6587798.22 ], [ 540302.68, 6587857.0 ], [ 540300.82, 6587858.09 ] ] ] } },
{ "type": "Feature", "properties": { "park_id": "w88592190", "name": "Charlottentali park", "synthetic": "no" }, "geometry": { "type": "Polygon", "coordinates": [ [ [ 539306.28, 6587182.03 ], [ 539310.74, 6587191.41 ], [ 539314.08, 6587197.78 ], [ 539369.97, 6587170.25 ], [ 539371.16, 6587170.45 ], [ 539406.62, 6587172.94 ], [ 539413.63, 6587169.9 ], [ 539418.67, 6587138.32 ], [ 539405.11, 6587111.49 ], [ 539433.57, 6587096.44 ], [ 539446.87, 6587124.02 ], [ 539452.06, 6587134.79 ], [ 539453.97, 6587133.92 ], [ 539460.36, 6587130.97 ], [ 539461.63, 6587133.43 ], [ 539490.62, 6587189.78 ], [ 539492.2, 6587192.88 ], [ 539528.52, 6587174.06 ], [ 539480.99, 6587068.56 ], [ 539456.29, 6587013.71 ], [ 539451.17, 6587015.8 ], [ 539448.18, 6587009.9 ], [ 539442.06, 6587012.14 ], [ 539434.3, 6586997.13 ], [ 539425.53, 6586996.24 ], [ 539437.86, 6587022.98 ], [ 539395.65, 6587043.57 ], [ 539403.32, 6587058.93 ], [ 539328.99, 6587095.12 ], [ 539329.51, 6587096.23 ], [ 539251.85, 6587134.18 ], [ 539279.85, 6587192.39 ], [ 539280.37, 6587193.48 ], [ 539306.28, 6587182.03 ] ] ] } },
{ "type": "Feature", "properties": { "park_id": "w89636684", "name": null, "synthetic": "no" }, "geometry": { "type": "Polygon", "coordinates": [ [ [ 546396.75, 6598358.24 ], [ 546256.94, 6598268.0 ], [ 546248.94, 6598275.79 ], [ 546299.83, 6598386.76 ], [ 546309.53, 6598388.09 ], [ 546396.75, 6598358.24 ] ] ] } },
{ "type": "Feature", "properties": { "park_id": "w109994890", "name": null, "synthetic": "no" }, "geometry": { "type": "Polygon", "coordinates": [ [ [ 546775.13, 6589676.1 ], [ 546743.0, 6589676.77 ], [ 546737.48, 6589687.65 ], [ 546731.51, 6589699.45 ], [ 546834.93, 6589739.02 ], [ 546867.8, 6589748.46 ], [ 546892.6, 6589748.12 ], [ 546942.05, 6589740.99 ], [ 546957.69, 6589740.27 ], [ 546972.23, 6589741.15 ], [ 546992.2, 6589747.41 ], [ 547250.31, 6589855.67 ], [ 547277.14, 6589801.68 ], [ 547183.49, 6589761.94 ], [ 547155.33, 6589749.99 ], [ 547151.12, 6589748.21 ], [ 547139.63, 6589743.13 ], [ 547055.49, 6589707.53 ], [ 546976.41, 6589674.08 ], [ 546974.5, 6589679.62 ], [ 546959.41, 6589673.13 ], [ 546957.76, 6589672.43 ], [ 546928.61, 6589659.9 ], [ 546927.99, 6589661.15 ], [ 546922.28, 6589672.65 ], [ 546798.98, 6589615.52 ], [ 546775.13, 6589676.1 ] ] ] } },
{ "type": "Feature", "properties": { "park_id": "w115736122", "name": "Arbu park", "synthetic": "no" }, "geometry": { "type": "Polygon", "coordinates": [ [ [ 547740.4, 6589894.99 ], [ 547766.68, 6589905.19 ], [ 547822.18, 6589927.75 ], [ 547826.26, 6589928.8 ], [ 547845.71, 6589929.7 ], [ 547869.44, 6589928.53 ], [ 547935.26, 6589919.7 ], [ 547970.09, 6589914.06 ], [ 547986.09, 6589907.47 ], [ 547992.63, 6589894.31 ], [ 547994.62, 6589892.96 ], [ 548007.39, 6589865.1 ], [ 547851.56, 6589797.32 ], [ 547846.85, 6589795.26 ], [ 547774.81, 6589765.24 ], [ 547761.07, 6589762.89 ], [ 547754.4, 6589785.83 ], [ 547744.59, 6589804.27 ], [ 547727.33, 6589829.75 ], [ 547707.14, 6589878.12 ], [ 547740.4, 6589894.99 ] ] ] } },
{ "type": "Feature", "properties": { "park_id": "w132933460", "name": null, "synthetic": "no" }, "geometry": { "type": "Polygon", "coordinates": [ [ [ 542808.78, 6588638.81 ], [ 542869.38, 6588687.93 ], [ 542872.41, 6588690.37 ], [ 542875.52, 6588692.42 ], [ 542880.21, 6588694.9 ], [ 542883.23, 6588696.1 ], [ 542886.42, 6588697.06 ], [ 542886.95, 6588696.57 ], [ 542894.18, 6588688.45 ], [ 542897.09, 6588685.27 ], [ 542881.55, 6588672.47 ], [ 542822.31, 6588624.28 ], [ 542809.79, 6588614.09 ], [ 542807.86, 6588616.67 ], [ 542804.94, 6588614.47 ], [ 542804.23, 6588615.16 ], [ 542801.53, 6588617.76 ], [ 542798.76, 6588620.81 ], [ 542796.25, 6588623.63 ], [ 542793.65, 6588626.55 ], [ 542808.78, 6588638.81 ] ] ] } },
{ "type": "Feature", "properties": { "park_id": "w155857236", "name": "Süsta park", "synthetic": "no" }, "geometry": { "type": "Polygon", "coordinates": [ [ [ 537781.61, 6591677.03 ], [ 537785.73, 6591670.0 ], [ 537791.79, 6591677.56 ], [ 537812.41, 6591696.91 ], [ 537816.4, 6591697.63 ], [ 537840.42, 6591680.98 ], [ 537855.9, 6591670.77 ], [ 537846.73, 6591644.42 ], [ 537864.54, 6591631.43 ], [ 537881.18, 6591627.27 ], [ 537895.66, 6591655.81 ], [ 537959.44, 6591619.45 ], [ 537927.44, 6591594.85 ], [ 537949.04, 6591564.08 ], [ 537851.8, 6591492.05 ], [ 537784.74, 6591566.09 ], [ 537759.42, 6591542.76 ], [ 537760.95, 6591511.19 ], [ 537739.83, 6591493.97 ], [ 537696.61, 6591556.11 ], [ 537781.61, 6591677.03 ] ] ] } },
{ "type": "Feature", "properties": { "park_id": "w163054226", "name": null, "synthetic": "no" }, "geometry": { "type": "Polygon", "coordinates": [ [ [ 536886.35, 6588489.42 ], [ 536899.21, 6588482.25 ], [ 536939.88, 6588432.8 ], [ 536961.67, 6588383.78 ], [ 536994.23, 6588354.31 ], [ 536997.37, 6588344.01 ], [ 537018.92, 6588319.9 ], [ 537029.96, 6588286.5 ], [ 537053.7, 6588271.0 ], [ 537064.51, 6588229.98 ], [ 537087.42, 6588196.91 ], [ 537103.37, 6588187.91 ], [ 537114.88, 6588167.74 ], [ 537138.84, 6588149.44 ], [ 537173.03, 6588137.75 ], [ 537224.84, 6588131.29 ], [ 537236.12, 6588125.1 ], [ 537263.24, 6588128.72 ], [ 537271.58, 6588106.34 ], [ 537293.14, 6588064.03 ], [ 537333.91, 6588069.28 ], [ 537338.99, 6588002.21 ], [ 537322.64, 6588010.92 ], [ 537280.91, 6588020.23 ], [ 537184.85, 6588056.52 ], [ 537164.18, 6588069.36 ], [ 537045.84, 6588151.06 ], [ 536982.49, 6588205.28 ], [ 536986.04, 6588229.91 ], [ 536978.18, 6588234.73 ], [ 536940.85, 6588242.78 ], [ 536940.46, 6588245.55 ], [ 536938.05, 6588262.84 ], [ 536937.04, 6588270.03 ], [ 536958.96, 6588280.34 ], [ 536960.54, 6588286.44 ], [ 536963.74, 6588295.65 ], [ 536951.83, 6588331.4 ], [ 536894.28, 6588425.67 ], [ 536858.53, 6588444.11 ], [ 536799.46, 6588451.73 ], [ 536863.17, 6588540.5 ], [ 536886.35, 6588489.42 ] ] ] } },
{ "type": "Feature", "properties": { "park_id": "w178306947", "name": "Tallinna Botaanikaaed", "synthetic": "no" }, "geometry": { "type": "Polygon", "coordinates": [ [ [ 549637.16, 6592579.64 ], [ 549622.41, 6592582.08 ], [ 549604.22, 6592594.18 ], [ 549580.01, 6592633.99 ], [ 549629.98, 6592821.96 ], [ 549631.04, 6592825.94 ], [ 549686.06, 6592898.31 ], [ 549774.08, 6592946.83 ], [ 549827.29, 6592866.0 ], [ 549889.7, 6592878.1 ], [ 549903.16, 6592880.7 ], [ 549909.69, 6592881.97 ], [ 549915.29, 6592883.06 ], [ 550129.27, 6592926.85 ], [ 550162.98, 6592919.25 ], [ 550169.14, 6592809.58 ], [ 550177.92, 6592654.24 ], [ 550187.58, 6592621.17 ], [ 550198.34, 6592530.87 ], [ 550197.99, 6592529.6 ], [ 550197.25, 6592527.38 ], [ 550199.3, 6592518.34 ], [ 550189.04, 6592465.83 ], [ 550224.36, 6592356.87 ], [ 550237.75, 6592338.55 ], [ 550249.88, 6592336.44 ], [ 550300.7, 6592337.5 ], [ 550289.92, 6592310.4 ], [ 550289.09, 6592308.3 ], [ 550355.73, 6592292.11 ], [ 550354.54, 6592277.86 ], [ 550329.75, 6592245.36 ], [ 550296.91, 6592247.69 ], [ 550277.13, 6592253.72 ], [ 550267.09, 6592259.53 ], [ 550258.07, 6592264.73 ], [ 550236.75, 6592279.26 ], [ 550223.85, 6592293.3 ], [ 550222.0, 6592306.98 ], [ 550176.88, 6592347.61 ], [ 550143.05, 6592377.35 ], [ 550133.67, 6592381.98 ], [ 550020.17, 6592423.24 ], [ 550003.27, 6592429.7 ], [ 549968.44, 6592443.01 ], [ 549922.11, 6592420.02 ], [ 549873.85, 6592396.76 ], [ 549858.88, 6592398.13 ], [ 549850.75, 6592398.87 ], [ 549810.01, 6592380.25 ], [ 549773.55, 6592377.0 ], [ 549735.37, 6592388.06 ], [ 549677.45, 6592439.72 ], [ 549649.45, 6592469.07 ], [ 549642.35, 6592486.74 ], [ 549679.27, 6592537.04 ], [ 549677.52, 6592563.22 ], [ 549669.68, 6592589.28 ], [ 549667.29, 6592588.34 ], [ 549654.41, 6592583.3 ], [ 549637.16, 6592579.64 ] ] ] } },
{ "type": "Feature", "properties": { "park_id": "w182916318", "name": "Karjamaa park", "synthetic": "no" }, "geometry": { "type": "Polygon", "coordinates": [ [ [ 540128.18, 6590797.17 ], [ 540132.15, 6590799.17 ], [ 540140.12, 6590801.21 ], [ 540142.66, 6590797.77 ], [ 540141.9, 6590790.86 ], [ 540151.92, 6590789.83 ], [ 540153.36, 6590801.14 ], [ 540158.17, 6590800.68 ], [ 540161.02, 6590800.41 ], [ 540226.21, 6590794.2 ], [ 540228.85, 6590793.95 ], [ 540302.16, 6590786.97 ], [ 540362.65, 6590779.44 ], [ 540401.27, 6590794.98 ], [ 540407.81, 6590781.95 ], [ 540359.09, 6590697.87 ], [ 540342.98, 6590696.9 ], [ 540306.1, 6590744.25 ], [ 540297.81, 6590740.81 ], [ 540282.15, 6590724.71 ], [ 540279.33, 6590727.39 ], [ 540237.68, 6590686.88 ], [ 540234.59, 6590690.19 ], [ 540128.18, 6590797.17 ] ] ] } },
{ "type": "Feature", "properties": { "park_id": "w183166622", "name": "Asunduse park", "synthetic": "no" }, "geometry": { "type": "Polygon", "coordinates": [ [ [ 544900.82, 6588547.42 ], [ 544921.01, 6588538.98 ], [ 544967.86, 6588616.74 ], [ 544983.36, 6588617.08 ], [ 544983.78, 6588608.09 ], [ 544980.71, 6588587.21 ], [ 544977.71, 6588573.44 ], [ 544981.21, 6588558.01 ], [ 544991.86, 6588539.97 ], [ 544999.52, 6588520.8 ], [ 544997.26, 6588511.62 ], [ 544987.4, 6588502.5 ], [ 544958.17, 6588486.37 ], [ 544927.77, 6588475.9 ], [ 544889.69, 6588471.82 ], [ 544859.01, 6588470.98 ], [ 544900.82, 6588547.42 ] ] ] } },
{ "type": "Feature", "properties": { "park_id": "w202975068", "name": "Jaapani aed", "synthetic": "no" }, "geometry": { "type": "Polygon", "coordinates": [ [ [ 545383.46, 6589639.78 ], [ 545362.65, 6589624.73 ], [ 545351.33, 6589617.4 ], [ 545339.18, 6589601.82 ], [ 545323.44, 6589577.16 ], [ 545312.07, 6589563.25 ], [ 545305.85, 6589561.12 ], [ 545292.8, 6589561.88 ], [ 545291.29, 6589565.71 ], [ 545288.96, 6589567.92 ], [ 545282.59, 6589567.64 ], [ 545280.64, 6589565.22 ], [ 545279.34, 6589561.34 ], [ 545258.84, 6589557.81 ], [ 545240.36, 6589552.53 ], [ 545226.87, 6589557.9 ], [ 545222.12, 6589568.26 ], [ 545205.0, 6589569.82 ], [ 545188.14, 6589580.35 ], [ 545187.1, 6589582.15 ], [ 545185.96, 6589584.24 ], [ 545176.27, 6589602.03 ], [ 545175.08, 6589628.1 ], [ 545180.99, 6589652.69 ], [ 545197.25, 6589656.55 ], [ 545209.0, 6589659.34 ], [ 545244.99, 6589671.0 ], [ 545274.92, 6589684.14 ], [ 545318.76, 6589703.41 ], [ 545316.4, 6589717.59 ], [ 545322.71, 6589718.44 ], [ 545327.52, 6589719.07 ], [ 545334.99, 6589720.07 ], [ 545335.47, 6589720.13 ], [ 545366.65, 6589724.26 ], [ 545368.23, 6589721.86 ], [ 545376.6, 6589709.16 ], [ 545378.34, 6589706.18 ], [ 545405.15, 6589653.72 ], [ 545383.46, 6589639.78 ] ] ] } },
{ "type": "Feature", "properties": { "park_id": "w217337637", "name": null, "synthetic": "no" }, "geometry": { "type": "Polygon", "coordinates": [ [ [ 536917.34, 6581215.19 ], [ 536831.89, 6581179.16 ], [ 536828.32, 6581179.94 ], [ 536820.22, 6581191.94 ], [ 536781.18, 6581213.93 ], [ 536782.01, 6581225.55 ], [ 536817.0, 6581259.61 ], [ 536848.75, 6581295.74 ], [ 536855.66, 6581294.82 ], [ 536871.68, 6581280.53 ], [ 536867.97, 6581276.94 ], [ 536883.9, 6581260.49 ], [ 536908.36, 6581235.06 ], [ 536922.94, 6581220.97 ], [ 536917.34, 6581215.19 ] ] ] } },
{ "type": "Feature", "properties": { "park_id": "w220165697", "name": null, "synthetic": "no" }, "geometry": { "type": "Polygon", "coordinates": [ [ [ 540221.67, 6583537.83 ], [ 540242.19, 6583510.6 ], [ 540213.55, 6583488.95 ], [ 540192.02, 6583516.59 ], [ 540221.67, 6583537.83 ] ] ] } },
{ "type": "Feature", "properties": { "park_id": "w223719249", "name": null, "synthetic": "no" }, "geometry": { "type": "Polygon", "coordinates": [ [ [ 539976.67, 6582914.92 ], [ 539919.68, 6582870.4 ], [ 539913.01, 6582877.16 ], [ 539933.07, 6582902.54 ], [ 539937.51, 6582915.82 ], [ 539942.09, 6582929.57 ], [ 539941.23, 6582937.34 ], [ 539976.67, 6582914.92 ] ] ] } },
{ "type": "Feature", "properties": { "park_id": "w227571444", "name": "Peetri park", "synthetic": "no" }, "geometry": { "type": "Polygon", "coordinates": [ [ [ 545868.39, 6584178.26 ], [ 545873.16, 6584245.72 ], [ 545958.85, 6584263.63 ], [ 545978.55, 6584170.2 ], [ 545977.05, 6584153.78 ], [ 545906.0, 6584137.36 ], [ 545868.39, 6584178.26 ] ] ] } },
{ "type": "Feature", "properties": { "park_id": "w235720130", "name": null, "synthetic": "no" }, "geometry": { "type": "Polygon", "coordinates": [ [ [ 546997.53, 6592236.1 ], [ 546999.79, 6592234.32 ], [ 547036.91, 6592205.07 ], [ 547040.84, 6592200.24 ], [ 547008.21, 6592168.08 ], [ 546994.95, 6592151.77 ], [ 546983.21, 6592136.52 ], [ 546959.83, 6592111.57 ], [ 546957.34, 6592110.34 ], [ 546954.76, 6592109.53 ], [ 546952.42, 6592109.84 ], [ 546948.45, 6592112.12 ], [ 546917.68, 6592136.92 ], [ 546954.21, 6592184.73 ], [ 546990.71, 6592231.23 ], [ 546997.53, 6592236.1 ] ] ] } },
{ "type": "Feature", "properties": { "park_id": "w261990030", "name": "Taani kuninga aed", "synthetic": "no" }, "geometry": { "type": "Polygon", "coordinates": [ [ [ 542044.01, 6588902.21 ], [ 542048.14, 6588900.72 ], [ 542052.37, 6588900.45 ], [ 542057.9, 6588898.29 ], [ 542057.72, 6588873.62 ], [ 542057.55, 6588850.69 ], [ 542057.14, 6588830.62 ], [ 542051.11, 6588826.39 ], [ 542040.86, 6588840.66 ], [ 542036.61, 6588856.96 ], [ 542036.95, 6588872.84 ], [ 542037.0, 6588875.38 ], [ 542037.2, 6588884.51 ], [ 542044.01, 6588902.21 ] ] ] } },
{ "type": "Feature", "properties": { "park_id": "w262070975", "name": "Gruusia haljak", "synthetic": "no" }, "geometry": { "type": "Polygon", "coordinates": [ [ [ 543656.44, 6589069.23 ], [ 543676.08, 6589023.05 ], [ 543652.68, 6589012.85 ], [ 543650.29, 6589012.45 ], [ 543648.17, 6589013.88 ], [ 543646.78, 6589017.08 ], [ 543628.87, 6589070.79 ], [ 543650.82, 6589082.44 ], [ 543656.44, 6589069.23 ] ] ] } },
{ "type": "Feature", "properties": { "park_id": "w287639052", "name": "Lepistiku park", "synthetic": "no" }, "geometry": { "type": "Polygon", "coordinates": [ [ [ 539681.2, 6585188.77 ], [ 539695.77, 6585204.39 ], [ 539707.77, 6585219.83 ], [ 539757.33, 6585289.05 ], [ 539770.98, 6585308.0 ], [ 539782.42, 6585324.07 ], [ 539793.91, 6585318.34 ], [ 539809.96, 6585310.38 ], [ 539826.27, 6585302.56 ], [ 539844.17, 6585280.93 ], [ 539854.28, 6585247.02 ], [ 539850.89, 6585246.24 ], [ 539851.53, 6585243.45 ], [ 539854.92, 6585244.23 ], [ 539855.44, 6585242.75 ], [ 539856.6, 6585237.99 ], [ 539852.95, 6585221.72 ], [ 539850.58, 6585213.85 ], [ 539851.98, 6585207.65 ], [ 539855.86, 6585202.17 ], [ 539884.42, 6585179.55 ], [ 539886.31, 6585166.62 ], [ 539887.51, 6585154.34 ], [ 539879.16, 6585141.01 ], [ 539864.59, 6585122.74 ], [ 539852.8, 6585112.43 ], [ 539847.21, 6585108.04 ], [ 539818.17, 6585092.65 ], [ 539806.73, 6585086.94 ], [ 539805.36, 6585087.85 ], [ 539799.19, 6585085.33 ], [ 539745.74, 6585061.77 ], [ 539720.12, 6585049.03 ], [ 539712.01, 6585045.02 ], [ 539712.81, 6585043.15 ], [ 539704.75, 6585039.37 ], [ 539694.73, 6585068.25 ], [ 539638.64, 6585126.47 ], [ 539639.42, 6585127.26 ], [ 539666.69, 6585154.45 ], [ 539667.87, 6585155.64 ], [ 539666.2, 6585156.41 ], [ 539663.67, 6585157.33 ], [ 539661.02, 6585159.83 ], [ 539658.32, 6585163.03 ], [ 539672.6, 6585177.77 ], [ 539681.2, 6585188.77 ] ] ] } },
{ "type": "Feature", "properties": { "park_id": "w300634986", "name": "Jõekääru park", "synthetic": "no" }, "geometry": { "type": "Polygon", "coordinates": [ [ [ 534590.67, 6579604.71 ], [ 534596.24, 6579598.68 ], [ 534611.64, 6579589.22 ], [ 534613.94, 6579588.55 ], [ 534615.48, 6579588.64 ], [ 534632.33, 6579567.99 ], [ 534640.48, 6579542.64 ], [ 534628.33, 6579538.09 ], [ 534616.92, 6579528.35 ], [ 534608.57, 6579508.99 ], [ 534597.77, 6579506.24 ], [ 534585.62, 6579506.46 ], [ 534558.23, 6579512.32 ], [ 534542.46, 6579514.72 ], [ 534509.01, 6579536.31 ], [ 534492.31, 6579565.7 ], [ 534486.94, 6579597.05 ], [ 534485.85, 6579603.4 ], [ 534481.89, 6579626.52 ], [ 534457.86, 6579656.58 ], [ 534436.3, 6579657.84 ], [ 534432.16, 6579668.95 ], [ 534451.51, 6579682.63 ], [ 534461.1, 6579686.14 ], [ 534510.49, 6579660.2 ], [ 534527.32, 6579649.48 ], [ 534541.58, 6579641.95 ], [ 534578.19, 6579622.58 ], [ 534590.67, 6579604.71 ] ] ] } },
{ "type": "Feature", "properties": { "park_id": "w303675159", "name": null, "synthetic": "no" }, "geometry": { "type": "Polygon", "coordinates": [ [ [ 545427.64, 6587296.5 ], [ 545436.29, 6587302.67 ], [ 545440.65, 6587298.74 ], [ 545440.91, 6587293.11 ], [ 545434.2, 6587286.61 ], [ 545427.69, 6587293.07 ], [ 545427.64, 6587296.5 ] ] ] } },
{ "type": "Feature", "properties": { "park_id": "w379809969", "name": null, "synthetic": "no" }, "geometry": { "type": "Polygon", "coordinates": [ [ [ 536860.24, 6587275.89 ], [ 536854.25, 6587278.34 ], [ 536846.71, 6587281.03 ], [ 536839.76, 6587290.07 ], [ 536797.75, 6587349.71 ], [ 536776.44, 6587391.06 ], [ 536773.47, 6587395.62 ], [ 536759.9, 6587416.5 ], [ 536758.41, 6587422.65 ], [ 536760.11, 6587428.66 ], [ 536770.54, 6587452.01 ], [ 536775.95, 6587459.64 ], [ 536779.53, 6587464.68 ], [ 536781.94, 6587468.08 ], [ 536798.84, 6587478.61 ], [ 536800.44, 6587477.71 ], [ 536802.63, 6587476.49 ], [ 536841.35, 6587500.61 ], [ 536855.06, 6587505.33 ], [ 536875.79, 6587475.65 ], [ 536911.45, 6587424.6 ], [ 536920.65, 6587411.44 ], [ 536936.37, 6587387.31 ], [ 536965.61, 6587342.44 ], [ 536953.89, 6587334.28 ], [ 536948.6, 6587330.59 ], [ 536946.82, 6587329.36 ], [ 536944.95, 6587327.56 ], [ 536938.86, 6587323.23 ], [ 536928.51, 6587315.86 ], [ 536910.81, 6587303.41 ], [ 536897.53, 6587294.21 ], [ 536873.85, 6587277.64 ], [ 536866.41, 6587273.37 ], [ 536860.24, 6587275.89 ] ] ] } },
{ "type": "Feature", "properties": { "park_id": "w383321670", "name": null, "synthetic": "no" }, "geometry": { "type": "Polygon", "coordinates": [ [ [ 532888.23, 6582927.39 ], [ 532893.4, 6582919.3 ], [ 532896.26, 6582901.36 ], [ 532884.07, 6582898.21 ], [ 532879.73, 6582890.38 ], [ 532870.97, 6582882.51 ], [ 532857.76, 6582879.69 ], [ 532846.56, 6582878.91 ], [ 532819.21, 6582862.08 ], [ 532795.9, 6582849.68 ], [ 532786.74, 6582849.6 ], [ 532759.1, 6582866.64 ], [ 532738.75, 6582864.77 ], [ 532723.56, 6582855.16 ], [ 532718.65, 6582847.02 ], [ 532689.87, 6582809.64 ], [ 532683.99, 6582806.23 ], [ 532677.06, 6582801.91 ], [ 532674.26, 6582803.59 ], [ 532668.9, 6582816.73 ], [ 532662.23, 6582832.18 ], [ 532662.28, 6582836.42 ], [ 532664.28, 6582840.84 ], [ 532662.05, 6582843.52 ], [ 532658.73, 6582845.02 ], [ 532655.66, 6582855.92 ], [ 532652.17, 6582876.91 ], [ 532649.0, 6582910.92 ], [ 532649.83, 6582935.93 ], [ 532653.91, 6582963.52 ], [ 532660.39, 6582993.04 ], [ 532669.52, 6583019.96 ], [ 532680.09, 6583046.41 ], [ 532698.23, 6583085.84 ], [ 532722.06, 6583133.73 ], [ 532750.42, 6583184.29 ], [ 532757.12, 6583187.22 ], [ 532764.25, 6583194.46 ], [ 532757.52, 6583196.56 ], [ 532767.89, 6583217.97 ], [ 532779.43, 6583244.18 ], [ 532800.37, 6583292.28 ], [ 532825.0, 6583357.89 ], [ 532833.95, 6583378.81 ], [ 532838.0, 6583381.24 ], [ 532848.09, 6583380.61 ], [ 532862.38, 6583377.77 ], [ 532869.79, 6583384.88 ], [ 532906.77, 6583380.3 ], [ 532917.6, 6583411.57 ], [ 532926.27, 6583417.55 ], [ 532943.44, 6583416.87 ], [ 532954.4, 6583407.64 ], [ 532973.74, 6583391.28 ], [ 532966.85, 6583384.03 ], [ 532966.4, 6583379.47 ], [ 532974.25, 6583360.61 ], [ 532980.58, 6583349.89 ], [ 532988.51, 6583348.76 ], [ 532994.59, 6583339.48 ], [ 532994.03, 6583321.02 ], [ 533001.57, 6583309.34 ], [ 533006.09, 6583285.91 ], [ 532991.41, 6583263.02 ], [ 532984.59, 6583247.87 ], [ 532980.87, 6583233.46 ], [ 532972.79, 6583195.78 ], [ 532956.59, 6583182.71 ], [ 532937.04, 6583167.2 ], [ 532940.71, 6583158.61 ], [ 532953.58, 6583141.95 ], [ 532968.68, 6583144.0 ], [ 532979.49, 6583143.61 ], [ 532984.66, 6583128.81 ], [ 532994.92, 6583107.33 ], [ 533040.83, 6583063.32 ], [ 533084.14, 6582995.17 ], [ 533183.7, 6582916.97 ], [ 533143.62, 6582888.83 ], [ 533099.31, 6582851.55 ], [ 533082.57, 6582844.22 ], [ 533059.06, 6582845.15 ], [ 532985.19, 6582892.73 ], [ 532974.09, 6582898.86 ], [ 532973.91, 6582919.95 ], [ 532941.76, 6582918.71 ], [ 532932.12, 6582923.42 ], [ 532939.1, 6582948.87 ], [ 532938.06, 6582958.44 ], [ 532925.58, 6582957.86 ], [ 532918.3, 6582966.43 ], [ 532907.28, 6582965.37 ], [ 532915.14, 6582943.39 ], [ 532913.79, 6582934.28 ], [ 532902.78, 6582929.87 ], [ 532898.41, 6582935.11 ], [ 532889.85, 6582936.55 ], [ 532888.23, 6582927.39 ] ] ] } },
{ "type": "Feature", "properties": { "park_id": "w394700896", "name": "Poolamägi", "synthetic": "no" }, "geometry": { "type": "Polygon", "coordinates": [ [ [ 543060.3, 6587780.74 ], [ 543029.38, 6587807.19 ], [ 543030.68, 6587815.06 ], [ 543068.84, 6587847.79 ], [ 543197.51, 6587849.7 ], [ 543238.73, 6587848.8 ], [ 543235.46, 6587790.53 ], [ 543236.52, 6587783.71 ], [ 543274.82, 6587782.92 ], [ 543276.69, 6587711.4 ], [ 543240.61, 6587710.79 ], [ 543230.03, 6587710.67 ], [ 543227.68, 6587753.71 ], [ 543177.4, 6587748.57 ], [ 543110.7, 6587755.68 ], [ 543076.32, 6587767.32 ], [ 543060.3, 6587780.74 ] ] ] } },
{ "type": "Feature", "properties": { "park_id": "w425895270", "name": null, "synthetic": "no" }, "geometry": { "type": "Polygon", "coordinates": [ [ [ 539862.96, 6588112.05 ], [ 539924.22, 6588117.67 ], [ 539953.58, 6588116.24 ], [ 539954.68, 6588115.38 ], [ 539955.06, 6588113.53 ], [ 539937.82, 6588084.36 ], [ 539923.23, 6588050.71 ], [ 539924.8, 6588049.91 ], [ 539918.07, 6588033.85 ], [ 539820.08, 6588077.46 ], [ 539834.75, 6588112.38 ], [ 539862.96, 6588112.05 ] ] ] } },
{ "type": "Feature", "properties": { "park_id": "w435799184", "name": "Rannavärava haljak", "synthetic": "no" }, "geometry": { "type": "Polygon", "coordinates": [ [ [ 542668.94, 6589565.65 ], [ 542698.04, 6589506.0 ], [ 542702.83, 6589501.31 ], [ 542727.97, 6589449.2 ], [ 542736.44, 6589432.33 ], [ 542746.91, 6589407.32 ], [ 542719.57, 6589393.51 ], [ 542700.87, 6589391.11 ], [ 542682.78, 6589393.03 ], [ 542652.15, 6589400.47 ], [ 542649.85, 6589403.0 ], [ 542684.18, 6589442.93 ], [ 542624.46, 6589493.56 ], [ 542620.87, 6589497.04 ], [ 542679.51, 6589510.7 ], [ 542644.61, 6589560.99 ], [ 542668.94, 6589565.65 ] ] ] } },
{ "type": "Feature", "properties": { "park_id": "w449036532", "name": null, "synthetic": "no" }, "geometry": { "type": "Polygon", "coordinates": [ [ [ 532971.33, 6583319.19 ], [ 532976.65, 6583317.16 ], [ 532981.08, 6583309.51 ], [ 532981.47, 6583300.9 ], [ 532979.45, 6583293.62 ], [ 532976.07, 6583287.47 ], [ 532973.16, 6583287.65 ], [ 532969.76, 6583296.02 ], [ 532967.17, 6583306.6 ], [ 532967.19, 6583316.46 ], [ 532971.33, 6583319.19 ] ] ] } },
{ "type": "Feature", "properties": { "park_id": "w449036533", "name": null, "synthetic": "no" }, "geometry": { "type": "Polygon", "coordinates": [ [ [ 533113.53, 6583074.19 ], [ 533123.14, 6583068.46 ], [ 533129.09, 6583053.98 ], [ 533131.75, 6583035.31 ], [ 533130.16, 6583026.58 ], [ 533122.28, 6583024.43 ], [ 533112.68, 6583027.67 ], [ 533103.49, 6583032.16 ], [ 533094.29, 6583037.89 ], [ 533088.37, 6583048.64 ], [ 533088.71, 6583058.61 ], [ 533091.1, 6583070.26 ], [ 533095.23, 6583073.62 ], [ 533103.12, 6583075.35 ], [ 533113.53, 6583074.19 ] ] ] } },
{ "type": "Feature", "properties": { "park_id": "w449036534", "name": null, "synthetic": "no" }, "geometry": { "type": "Polygon", "coordinates": [ [ [ 533154.23, 6583081.6 ], [ 533161.75, 6583077.51 ], [ 533169.72, 6583070.11 ], [ 533178.18, 6583053.98 ], [ 533179.53, 6583041.96 ], [ 533179.2, 6583031.99 ], [ 533176.35, 6583024.49 ], [ 533169.73, 6583020.7 ], [ 533158.83, 6583030.56 ], [ 533151.27, 6583039.22 ], [ 533142.86, 6583049.94 ], [ 533133.6, 6583061.49 ], [ 533133.92, 6583072.71 ], [ 533139.7, 6583077.74 ], [ 533154.23, 6583081.6 ] ] ] } },
{ "type": "Feature", "properties": { "park_id": "w449036537", "name": null, "synthetic": "no" }, "geometry": { "type": "Polygon", "coordinates": [ [ [ 533100.81, 6583148.82 ], [ 533107.11, 6583142.65 ], [ 533109.3, 6583129.38 ], [ 533101.04, 6583122.66 ], [ 533089.37, 6583125.06 ], [ 533083.89, 6583133.72 ], [ 533085.89, 6583143.3 ], [ 533087.08, 6583149.54 ], [ 533093.33, 6583148.76 ], [ 533100.81, 6583148.82 ] ] ] } },
{ "type": "Feature", "properties": { "park_id": "w449036538", "name": null, "synthetic": "no" }, "geometry": { "type": "Polygon", "coordinates": [ [ [ 533055.78, 6583161.31 ], [ 533060.04, 6583150.13 ], [ 533056.39, 6583139.3 ], [ 533046.84, 6583137.56 ], [ 533038.05, 6583143.71 ], [ 533032.53, 6583156.12 ], [ 533036.59, 6583167.37 ], [ 533041.98, 6583169.9 ], [ 533050.3, 6583169.97 ], [ 533055.78, 6583161.31 ] ] ] } },
{ "type": "Feature", "properties": { "park_id": "w449036539", "name": null, "synthetic": "no" }, "geometry": { "type": "Polygon", "coordinates": [ [ [ 533126.07, 6583102.54 ], [ 533134.29, 6583090.57 ], [ 533134.33, 6583085.58 ], [ 533131.65, 6583082.66 ], [ 533127.06, 6583084.48 ], [ 533122.62, 6583092.33 ], [ 533119.24, 6583098.74 ], [ 533118.79, 6583103.51 ], [ 533123.13, 6583106.25 ], [ 533126.07, 6583102.54 ] ] ] } },
{ "type": "Feature", "properties": { "park_id": "w461254838", "name": "Teemandi park", "synthetic": "no" }, "geometry": { "type": "Polygon", "coordinates": [ [ [ 534808.55, 6579570.67 ], [ 534815.96, 6579566.18 ], [ 534821.9, 6579565.54 ], [ 534840.59, 6579555.59 ], [ 534851.15, 6579546.65 ], [ 534865.32, 6579538.23 ], [ 534889.33, 6579534.03 ], [ 534923.52, 6579523.73 ], [ 534934.86, 6579522.0 ], [ 534956.99, 6579522.83 ], [ 534979.56, 6579530.14 ], [ 534998.44, 6579538.71 ], [ 535005.3, 6579544.63 ], [ 535014.34, 6579566.03 ], [ 535015.61, 6579577.64 ], [ 535015.71, 6579589.85 ], [ 535015.65, 6579595.61 ], [ 535021.29, 6579603.16 ], [ 535021.98, 6579605.83 ], [ 535025.91, 6579610.41 ], [ 535030.56, 6579624.52 ], [ 535027.15, 6579650.11 ], [ 535033.6, 6579655.68 ], [ 535036.21, 6579656.36 ], [ 535041.33, 6579637.4 ], [ 535043.71, 6579612.0 ], [ 535035.68, 6579579.25 ], [ 535021.15, 6579542.1 ], [ 535012.61, 6579513.33 ], [ 535020.51, 6579511.98 ], [ 535018.49, 6579496.91 ], [ 534835.74, 6579522.11 ], [ 534834.17, 6579508.3 ], [ 534803.12, 6579509.11 ], [ 534757.91, 6579519.35 ], [ 534728.98, 6579520.47 ], [ 534717.88, 6579519.75 ], [ 534699.85, 6579520.23 ], [ 534700.43, 6579512.42 ], [ 534689.23, 6579508.37 ], [ 534670.46, 6579517.36 ], [ 534665.21, 6579525.14 ], [ 534660.86, 6579535.81 ], [ 534659.25, 6579542.53 ], [ 534661.97, 6579543.32 ], [ 534667.93, 6579543.05 ], [ 534704.23, 6579540.0 ], [ 534733.59, 6579538.93 ], [ 534762.1, 6579545.75 ], [ 534771.72, 6579549.67 ], [ 534795.52, 6579569.21 ], [ 534799.93, 6579571.46 ], [ 534805.54, 6579572.24 ], [ 534808.55, 6579570.67 ] ] ] } },
{ "type": "Feature", "properties": { "park_id": "w468145204", "name": "Kotkapoja park", "synthetic": "no" }, "geometry": { "type": "Polygon", "coordinates": [ [ [ 541236.59, 6587582.45 ], [ 541216.58, 6587537.15 ], [ 541191.96, 6587560.66 ], [ 541178.09, 6587575.47 ], [ 541167.65, 6587586.04 ], [ 541195.47, 6587613.93 ], [ 541236.59, 6587582.45 ] ] ] } },
{ "type": "Feature", "properties": { "park_id": "w468238705", "name": null, "synthetic": "no" }, "geometry": { "type": "Polygon", "coordinates": [ [ [ 545527.87, 6587351.72 ], [ 545527.92, 6587322.96 ], [ 545531.49, 6587322.49 ], [ 545533.47, 6587312.92 ], [ 545533.69, 6587308.7 ], [ 545527.52, 6587308.78 ], [ 545527.56, 6587320.07 ], [ 545498.17, 6587319.89 ], [ 545498.1, 6587329.03 ], [ 545497.92, 6587351.18 ], [ 545527.87, 6587351.72 ] ] ] } },
{ "type": "Feature", "properties": { "park_id": "w484262935", "name": "Tondiloo park", "synthetic": "no" }, "geometry": { "type": "Polygon", "coordinates": [ [ [ 549033.43, 6590167.16 ], [ 549139.89, 6590212.22 ], [ 549121.3, 6590252.52 ], [ 549154.06, 6590284.13 ], [ 549180.31, 6590258.1 ], [ 549250.63, 6590287.93 ], [ 549255.08, 6590279.4 ], [ 549283.08, 6590290.87 ], [ 549287.09, 6590281.46 ], [ 549363.46, 6590313.84 ], [ 549378.5, 6590320.74 ], [ 549452.16, 6590351.99 ], [ 549448.27, 6590361.94 ], [ 549477.03, 6590374.19 ], [ 549473.38, 6590383.04 ], [ 549509.85, 6590398.58 ], [ 549503.56, 6590353.36 ], [ 549510.27, 6590353.58 ], [ 549641.47, 6590337.01 ], [ 549652.78, 6590418.26 ], [ 549654.2, 6590428.4 ], [ 549677.54, 6590420.96 ], [ 549693.98, 6590411.91 ], [ 549707.6, 6590404.4 ], [ 549740.11, 6590399.85 ], [ 549808.86, 6590418.77 ], [ 549811.79, 6590440.04 ], [ 549817.76, 6590439.36 ], [ 549824.84, 6590439.36 ], [ 549825.18, 6590439.55 ], [ 549831.39, 6590443.21 ], [ 549831.83, 6590443.82 ], [ 549835.67, 6590449.04 ], [ 549843.05, 6590510.0 ], [ 549902.11, 6590500.87 ], [ 549900.45, 6590485.55 ], [ 549898.85, 6590470.89 ], [ 549863.53, 6590443.99 ], [ 549883.12, 6590417.96 ], [ 549966.55, 6590408.2 ], [ 549999.61, 6590435.15 ], [ 550004.38, 6590472.18 ], [ 550006.01, 6590488.5 ], [ 550026.27, 6590486.23 ], [ 550028.05, 6590448.84 ], [ 550036.27, 6590438.87 ], [ 550033.58, 6590416.69 ], [ 550097.16, 6590381.44 ], [ 550129.64, 6590377.45 ], [ 550132.78, 6590377.07 ], [ 550203.88, 6590392.59 ], [ 550203.15, 6590386.69 ], [ 550202.73, 6590383.34 ], [ 550198.29, 6590347.79 ], [ 550196.54, 6590333.84 ], [ 550196.07, 6590330.06 ], [ 550190.44, 6590284.99 ], [ 550203.12, 6590277.01 ], [ 550194.36, 6590266.74 ], [ 550119.93, 6590275.24 ], [ 550071.11, 6590211.11 ], [ 550065.21, 6590203.39 ], [ 549936.4, 6590282.42 ], [ 549892.29, 6590288.15 ], [ 549778.51, 6590238.82 ], [ 549764.12, 6590234.36 ], [ 549760.03, 6590244.03 ], [ 549745.2, 6590237.6 ], [ 549729.81, 6590261.45 ], [ 549700.72, 6590318.52 ], [ 549643.03, 6590293.4 ], [ 549637.53, 6590304.08 ], [ 549622.79, 6590313.35 ], [ 549572.27, 6590292.81 ], [ 549535.16, 6590258.58 ], [ 549537.86, 6590250.89 ], [ 549420.65, 6590201.15 ], [ 549299.32, 6590149.65 ], [ 549292.54, 6590162.6 ], [ 549207.5, 6590126.77 ], [ 549214.13, 6590113.31 ], [ 549190.86, 6590103.37 ], [ 549172.86, 6590109.74 ], [ 549132.29, 6590094.75 ], [ 549119.49, 6590126.52 ], [ 549114.42, 6590139.13 ], [ 549113.78, 6590140.71 ], [ 549053.59, 6590114.99 ], [ 549038.14, 6590108.4 ], [ 549016.3, 6590160.06 ], [ 549033.43, 6590167.16 ] ] ] } },
{ "type": "Feature", "properties": { "park_id": "w487389308", "name": "Stroomi rannapark", "synthetic": "no" }, "geometry": { "type": "Polygon", "coordinates": [ [ [ 538605.07, 6588938.99 ], [ 538606.01, 6588944.04 ], [ 538607.09, 6588946.21 ], [ 538612.05, 6588945.26 ], [ 538617.63, 6588955.04 ], [ 538623.73, 6588956.89 ], [ 538629.22, 6588955.49 ], [ 538633.7, 6588953.21 ], [ 538638.88, 6588949.73 ], [ 538641.54, 6588956.23 ], [ 538644.3, 6588961.43 ], [ 538647.92, 6588962.66 ], [ 538649.37, 6588964.59 ], [ 538649.16, 6588967.1 ], [ 538646.17, 6588970.56 ], [ 538642.12, 6588972.33 ], [ 538637.39, 6588971.66 ], [ 538632.39, 6588969.02 ], [ 538627.97, 6588965.86 ], [ 538624.64, 6588965.68 ], [ 538621.28, 6588968.47 ], [ 538618.46, 6588972.98 ], [ 538618.48, 6588976.96 ], [ 538621.11, 6588982.19 ], [ 538632.45, 6588988.91 ], [ 538633.51, 6588990.38 ], [ 538633.16, 6588992.6 ], [ 538634.97, 6588998.29 ], [ 538634.59, 6588999.6 ], [ 538630.0, 6589002.41 ], [ 538629.22, 6589007.63 ], [ 538628.76, 6589012.21 ], [ 538630.21, 6589015.8 ], [ 538631.78, 6589019.76 ], [ 538633.99, 6589022.74 ], [ 538636.38, 6589025.59 ], [ 538640.44, 6589027.2 ], [ 538641.72, 6589028.78 ], [ 538641.94, 6589030.99 ], [ 538645.69, 6589040.54 ], [ 538650.34, 6589050.83 ], [ 538652.15, 6589054.51 ], [ 538653.24, 6589057.89 ], [ 538653.49, 6589058.65 ], [ 538651.71, 6589060.48 ], [ 538651.09, 6589063.72 ], [ 538651.37, 6589064.56 ], [ 538658.08, 6589085.18 ], [ 538661.22, 6589090.36 ], [ 538665.85, 6589108.71 ], [ 538668.07, 6589116.52 ], [ 538674.85, 6589131.18 ], [ 538682.02, 6589151.54 ], [ 538687.04, 6589173.2 ], [ 538693.8, 6589191.35 ], [ 538696.19, 6589195.44 ], [ 538697.23, 6589197.64 ], [ 538695.58, 6589198.61 ], [ 538696.41, 6589206.79 ], [ 538698.91, 6589215.45 ], [ 538702.17, 6589219.13 ], [ 538703.17, 6589221.84 ], [ 538702.94, 6589227.76 ], [ 538705.08, 6589233.7 ], [ 538707.51, 6589235.32 ], [ 538710.07, 6589237.03 ], [ 538710.33, 6589238.32 ], [ 538709.34, 6589245.03 ], [ 538710.4, 6589249.6 ], [ 538714.35, 6589259.23 ], [ 538715.27, 6589261.46 ], [ 538712.49, 6589261.93 ], [ 538709.49, 6589264.94 ], [ 538708.25, 6589270.92 ], [ 538708.18, 6589276.27 ], [ 538710.17, 6589283.82 ], [ 538711.61, 6589287.4 ], [ 538721.21, 6589302.32 ], [ 538722.14, 6589307.69 ], [ 538721.85, 6589313.91 ], [ 538724.19, 6589323.09 ], [ 538726.55, 6589327.17 ], [ 538729.35, 6589328.62 ], [ 538729.02, 6589329.83 ], [ 538728.52, 6589331.64 ], [ 538728.54, 6589336.65 ], [ 538730.82, 6589346.47 ], [ 538733.81, 6589353.62 ], [ 538736.58, 6589357.97 ], [ 538739.48, 6589361.57 ], [ 538742.74, 6589362.59 ], [ 538748.44, 6589363.21 ], [ 538752.43, 6589360.26 ], [ 538753.37, 6589357.65 ], [ 538755.78, 6589359.27 ], [ 538756.08, 6589360.83 ], [ 538754.21, 6589368.1 ], [ 538755.63, 6589370.36 ], [ 538757.26, 6589371.55 ], [ 538757.46, 6589373.99 ], [ 538755.73, 6589375.87 ], [ 538754.56, 6589379.34 ], [ 538756.86, 6589387.54 ], [ 538759.24, 6589391.2 ], [ 538760.42, 6589394.3 ], [ 538755.79, 6589395.73 ], [ 538759.03, 6589407.05 ], [ 538760.58, 6589418.99 ], [ 538756.33, 6589425.25 ], [ 538756.97, 6589429.59 ], [ 538760.29, 6589432.21 ], [ 538762.56, 6589433.59 ], [ 538764.74, 6589435.5 ], [ 538765.89, 6589443.13 ], [ 538766.46, 6589446.86 ], [ 538771.98, 6589457.85 ], [ 538777.37, 6589459.88 ], [ 538777.64, 6589469.91 ], [ 538780.39, 6589479.86 ], [ 538785.22, 6589488.13 ], [ 538786.25, 6589493.75 ], [ 538788.46, 6589505.73 ], [ 538790.82, 6589514.04 ], [ 538792.5, 6589519.94 ], [ 538793.68, 6589524.08 ], [ 538794.01, 6589525.35 ], [ 538794.37, 6589526.77 ], [ 538794.78, 6589528.35 ], [ 538794.5, 6589532.97 ], [ 538796.24, 6589541.12 ], [ 538800.02, 6589551.27 ], [ 538803.35, 6589552.89 ], [ 538808.44, 6589553.32 ], [ 538815.05, 6589549.47 ], [ 538815.91, 6589548.97 ], [ 538817.25, 6589548.88 ], [ 538830.98, 6589548.08 ], [ 538833.82, 6589549.45 ], [ 538839.39, 6589555.66 ], [ 538843.99, 6589559.31 ], [ 538848.05, 6589560.68 ], [ 538851.1, 6589564.02 ], [ 538852.92, 6589567.49 ], [ 538863.19, 6589563.8 ], [ 538868.23, 6589561.99 ], [ 538868.99, 6589565.4 ], [ 538872.66, 6589581.91 ], [ 538873.88, 6589587.37 ], [ 538876.82, 6589600.55 ], [ 538877.54, 6589603.83 ], [ 538877.76, 6589604.78 ], [ 538861.36, 6589608.48 ], [ 538846.85, 6589613.58 ], [ 538850.34, 6589629.79 ], [ 538852.33, 6589635.51 ], [ 538870.54, 6589630.87 ], [ 538880.78, 6589669.87 ], [ 538834.46, 6589680.99 ], [ 538825.76, 6589647.78 ], [ 538828.63, 6589642.93 ], [ 538823.79, 6589638.22 ], [ 538819.21, 6589646.75 ], [ 538818.68, 6589648.38 ], [ 538829.9, 6589687.58 ], [ 538834.78, 6589705.26 ], [ 538841.47, 6589728.38 ], [ 538848.88, 6589747.97 ], [ 538865.17, 6589785.25 ], [ 538863.99, 6589785.86 ], [ 538861.38, 6589787.22 ], [ 538852.22, 6589789.75 ], [ 538848.34, 6589786.29 ], [ 538845.75, 6589786.26 ], [ 538843.98, 6589788.03 ], [ 538842.14, 6589793.56 ], [ 538842.3, 6589796.86 ], [ 538843.54, 6589797.67 ], [ 538846.97, 6589797.66 ], [ 538847.17, 6589799.95 ], [ 538846.93, 6589800.98 ], [ 538846.42, 6589803.22 ], [ 538846.5, 6589806.52 ], [ 538848.82, 6589810.1 ], [ 538850.1, 6589814.83 ], [ 538850.2, 6589817.61 ], [ 538845.41, 6589823.17 ], [ 538844.31, 6589826.43 ], [ 538844.12, 6589831.14 ], [ 538841.63, 6589836.2 ], [ 538842.44, 6589838.72 ], [ 538846.82, 6589845.64 ], [ 538847.35, 6589849.02 ], [ 538840.32, 6589859.81 ], [ 538840.42, 6589865.06 ], [ 538838.49, 6589871.14 ], [ 538837.52, 6589876.46 ], [ 538837.76, 6589883.52 ], [ 538836.95, 6589892.25 ], [ 538837.24, 6589901.1 ], [ 538836.85, 6589909.48 ], [ 538837.06, 6589918.79 ], [ 538838.14, 6589920.78 ], [ 538838.56, 6589924.66 ], [ 538838.15, 6589930.73 ], [ 538839.61, 6589940.4 ], [ 538839.08, 6589951.13 ], [ 538839.63, 6589953.99 ], [ 538838.96, 6589963.93 ], [ 538839.43, 6589966.03 ], [ 538841.85, 6589967.3 ], [ 538846.28, 6589968.16 ], [ 538856.35, 6589967.0 ], [ 538857.3, 6589966.89 ], [ 538854.19, 6590010.45 ], [ 538852.97, 6590010.46 ], [ 538847.99, 6590010.51 ], [ 538845.42, 6590008.47 ], [ 538836.31, 6590010.84 ], [ 538837.41, 6590014.0 ], [ 538838.81, 6590015.31 ], [ 538838.35, 6590019.3 ], [ 538836.91, 6590023.0 ], [ 538834.21, 6590025.79 ], [ 538834.31, 6590027.72 ], [ 538835.43, 6590029.59 ], [ 538835.42, 6590031.12 ], [ 538833.49, 6590032.92 ], [ 538832.25, 6590036.06 ], [ 538831.87, 6590047.15 ], [ 538831.45, 6590050.98 ], [ 538827.54, 6590068.71 ], [ 538822.06, 6590087.6 ], [ 538822.77, 6590088.68 ], [ 538824.44, 6590089.19 ], [ 538825.6, 6590090.71 ], [ 538826.68, 6590093.23 ], [ 538826.38, 6590095.74 ], [ 538822.49, 6590096.95 ], [ 538820.61, 6590098.8 ], [ 538819.52, 6590101.4 ], [ 538819.52, 6590104.86 ], [ 538820.22, 6590106.84 ], [ 538819.3, 6590107.97 ], [ 538819.05, 6590109.79 ], [ 538820.33, 6590111.17 ], [ 538819.99, 6590114.24 ], [ 538814.78, 6590118.21 ], [ 538815.01, 6590122.17 ], [ 538816.32, 6590123.96 ], [ 538820.31, 6590124.96 ], [ 538820.28, 6590127.61 ], [ 538817.28, 6590146.0 ], [ 538815.68, 6590149.21 ], [ 538813.1, 6590152.75 ], [ 538812.1, 6590168.35 ], [ 538812.17, 6590183.93 ], [ 538810.82, 6590189.18 ], [ 538808.72, 6590190.38 ], [ 538807.78, 6590193.22 ], [ 538806.02, 6590212.8 ], [ 538803.34, 6590225.72 ], [ 538800.87, 6590234.16 ], [ 538801.06, 6590236.48 ], [ 538802.22, 6590240.5 ], [ 538801.68, 6590243.19 ], [ 538797.03, 6590245.6 ], [ 538794.98, 6590248.74 ], [ 538791.54, 6590262.85 ], [ 538790.32, 6590267.89 ], [ 538788.83, 6590277.3 ], [ 538788.76, 6590277.62 ], [ 538786.23, 6590289.48 ], [ 538785.35, 6590295.98 ], [ 538782.71, 6590312.21 ], [ 538776.8, 6590336.45 ], [ 538777.56, 6590339.57 ], [ 538779.45, 6590342.01 ], [ 538778.91, 6590343.97 ], [ 538777.5, 6590345.77 ], [ 538776.63, 6590346.87 ], [ 538776.61, 6590347.73 ], [ 538776.52, 6590350.64 ], [ 538775.48, 6590355.31 ], [ 538773.53, 6590360.92 ], [ 538770.37, 6590366.57 ], [ 538767.57, 6590370.02 ], [ 538765.87, 6590378.47 ], [ 538762.74, 6590382.73 ], [ 538778.94, 6590416.48 ], [ 538784.32, 6590427.68 ], [ 538786.86, 6590432.96 ], [ 538789.52, 6590438.33 ], [ 538790.08, 6590438.92 ], [ 538792.5, 6590438.22 ], [ 538802.05, 6590431.37 ], [ 538805.21, 6590433.06 ], [ 538806.54, 6590433.67 ], [ 538808.16, 6590434.8 ], [ 538812.4, 6590438.16 ], [ 538815.61, 6590443.47 ], [ 538819.22, 6590448.07 ], [ 538824.8, 6590453.23 ], [ 538827.58, 6590457.43 ], [ 538830.23, 6590460.75 ], [ 538836.93, 6590456.21 ], [ 538840.96, 6590452.33 ], [ 538850.89, 6590438.63 ], [ 538866.34, 6590417.57 ], [ 538934.03, 6590325.93 ], [ 538934.95, 6590323.5 ], [ 538935.47, 6590322.16 ], [ 538935.78, 6590320.6 ], [ 538942.42, 6590262.31 ], [ 538943.12, 6590257.36 ], [ 538947.79, 6590211.85 ], [ 538954.9, 6590147.97 ], [ 538955.35, 6590144.07 ], [ 538967.79, 6590035.61 ], [ 538968.16, 6590032.43 ], [ 538970.16, 6590010.81 ], [ 538977.68, 6589947.93 ], [ 538978.16, 6589944.0 ], [ 538982.15, 6589910.67 ], [ 538993.81, 6589803.09 ], [ 538990.1, 6589788.79 ], [ 538990.13, 6589786.48 ], [ 538989.63, 6589782.99 ], [ 538991.62, 6589776.93 ], [ 538969.63, 6589687.53 ], [ 538948.36, 6589598.42 ], [ 538939.02, 6589600.62 ], [ 538936.13, 6589589.97 ], [ 538934.63, 6589584.43 ], [ 538931.04, 6589571.23 ], [ 538929.68, 6589566.2 ], [ 538926.01, 6589552.73 ], [ 538925.54, 6589550.99 ], [ 538924.6, 6589547.53 ], [ 538922.61, 6589540.17 ], [ 538926.85, 6589539.06 ], [ 538940.7, 6589535.43 ], [ 538894.32, 6589357.83 ], [ 538840.63, 6589150.66 ], [ 538805.0, 6589014.18 ], [ 538771.02, 6588856.68 ], [ 538769.73, 6588851.78 ], [ 538757.08, 6588846.35 ], [ 538751.07, 6588850.78 ], [ 538728.05, 6588862.54 ], [ 538665.38, 6588901.72 ], [ 538639.96, 6588916.81 ], [ 538601.2, 6588936.07 ], [ 538605.07, 6588938.99 ] ] ] } },
{ "type": "Feature", "properties": { "park_id": "w489313227", "name": "Nunne haljak", "synthetic": "no" }, "geometry": { "type": "Polygon", "coordinates": [ [ [ 542046.07, 6589263.88 ], [ 542044.68, 6589266.08 ], [ 542043.93, 6589269.21 ], [ 542045.02, 6589271.92 ], [ 542046.56, 6589273.93 ], [ 542076.85, 6589278.3 ], [ 542079.87, 6589243.36 ], [ 542046.07, 6589263.88 ] ] ] } },
{ "type": "Feature", "properties": { "park_id": "w492940685", "name": "Viimsi mõisapark", "synthetic": "no" }, "geometry": { "type": "Polygon", "coordinates": [ [ [ 547010.4, 6596009.54 ], [ 546998.05, 6596020.47 ], [ 546985.8, 6596037.97 ], [ 546969.07, 6596066.64 ], [ 546958.24, 6596089.48 ], [ 546946.21, 6596124.52 ], [ 546934.95, 6596171.36 ], [ 546918.71, 6596231.23 ], [ 546905.25, 6596276.11 ], [ 546895.08, 6596311.32 ], [ 546888.61, 6596343.7 ], [ 546886.41, 6596361.88 ], [ 546886.13, 6596384.47 ], [ 546888.35, 6596413.31 ], [ 546889.87, 6596425.62 ], [ 546893.45, 6596443.55 ], [ 546913.45, 6596541.14 ], [ 546925.51, 6596588.77 ], [ 546935.27, 6596624.5 ], [ 546944.1, 6596630.45 ], [ 546951.21, 6596631.29 ], [ 546959.37, 6596628.86 ], [ 546973.2, 6596621.16 ], [ 547012.95, 6596596.38 ], [ 547046.79, 6596574.36 ], [ 547075.64, 6596554.32 ], [ 547128.66, 6596514.56 ], [ 547142.33, 6596502.9 ], [ 547162.45, 6596479.34 ], [ 547181.17, 6596451.74 ], [ 547182.52, 6596449.56 ], [ 547189.62, 6596438.12 ], [ 547206.44, 6596410.5 ], [ 547216.71, 6596391.44 ], [ 547216.7, 6596386.44 ], [ 547217.25, 6596380.25 ], [ 547116.8, 6596139.41 ], [ 547104.35, 6596109.56 ], [ 547087.03, 6596092.11 ], [ 547061.87, 6596062.82 ], [ 547040.27, 6596039.5 ], [ 547022.18, 6596016.07 ], [ 547014.17, 6596007.81 ], [ 547010.4, 6596009.54 ] ] ] } },
{ "type": "Feature", "properties": { "park_id": "w497573029", "name": null, "synthetic": "no" }, "geometry": { "type": "Polygon", "coordinates": [ [ [ 537927.32, 6584405.78 ], [ 537922.12, 6584429.38 ], [ 537974.5, 6584473.33 ], [ 537991.53, 6584396.43 ], [ 537996.02, 6584389.18 ], [ 537961.76, 6584370.5 ], [ 537952.93, 6584367.61 ], [ 537943.68, 6584364.65 ], [ 537934.28, 6584361.61 ], [ 537927.93, 6584365.82 ], [ 537919.4, 6584404.51 ], [ 537927.32, 6584405.78 ] ] ] } },
{ "type": "Feature", "properties": { "park_id": "w501109419", "name": null, "synthetic": "no" }, "geometry": { "type": "Polygon", "coordinates": [ [ [ 547119.17, 6597204.63 ], [ 547139.41, 6597202.56 ], [ 547152.44, 6597201.24 ], [ 547138.84, 6597172.03 ], [ 547135.26, 6597160.65 ], [ 547132.48, 6597146.37 ], [ 547116.74, 6597106.36 ], [ 547023.8, 6597116.06 ], [ 547014.9, 6597116.9 ], [ 546977.85, 6597120.9 ], [ 546968.34, 6597121.74 ], [ 546955.63, 6597123.07 ], [ 546954.71, 6597123.31 ], [ 546954.23, 6597123.87 ], [ 546954.04, 6597124.98 ], [ 546954.21, 6597126.93 ], [ 546957.95, 6597126.4 ], [ 546962.63, 6597167.77 ], [ 546962.87, 6597169.81 ], [ 546965.95, 6597197.06 ], [ 546968.07, 6597215.76 ], [ 546962.86, 6597216.1 ], [ 546963.4, 6597220.5 ], [ 547119.17, 6597204.63 ] ] ] } },
{ "type": "Feature", "properties": { "park_id": "w511258737", "name": null, "synthetic": "no" }, "geometry": { "type": "Polygon", "coordinates": [ [ [ 547614.5, 6589515.54 ], [ 547631.18, 6589485.2 ], [ 547602.44, 6589484.57 ], [ 547591.56, 6589506.66 ], [ 547614.5, 6589515.54 ] ] ] } },
{ "type": "Feature", "properties": { "park_id": "w542407848", "name": null, "synthetic": "no" }, "geometry": { "type": "Polygon", "coordinates": [ [ [ 547346.05, 6588932.46 ], [ 547445.2, 6588971.26 ], [ 547450.18, 6588966.61 ], [ 547455.08, 6588968.5 ], [ 547479.64, 6588907.72 ], [ 547489.72, 6588893.29 ], [ 547496.64, 6588885.84 ], [ 547501.12, 6588879.87 ], [ 547502.79, 6588873.26 ], [ 547502.06, 6588868.4 ], [ 547499.1, 6588864.72 ], [ 547486.58, 6588860.53 ], [ 547442.47, 6588845.78 ], [ 547440.27, 6588850.75 ], [ 547396.01, 6588840.62 ], [ 547390.92, 6588847.1 ], [ 547363.74, 6588837.77 ], [ 547364.39, 6588825.84 ], [ 547350.95, 6588818.18 ], [ 547310.98, 6588805.08 ], [ 547305.59, 6588804.35 ], [ 547300.67, 6588806.06 ], [ 547296.93, 6588809.39 ], [ 547266.36, 6588882.85 ], [ 547259.77, 6588898.7 ], [ 547346.05, 6588932.46 ] ] ] } },
{ "type": "Feature", "properties": { "park_id": "w543834671", "name": null, "synthetic": "no" }, "geometry": { "type": "Polygon", "coordinates": [ [ [ 549516.31, 6591096.12 ], [ 549536.31, 6591093.01 ], [ 549568.29, 6591089.03 ], [ 549611.58, 6591084.96 ], [ 549657.58, 6591081.15 ], [ 549685.0, 6591079.77 ], [ 549712.59, 6591081.32 ], [ 549725.39, 6591082.54 ], [ 549742.17, 6591086.0 ], [ 549741.21, 6591071.14 ], [ 549736.53, 6591071.17 ], [ 549676.84, 6591071.74 ], [ 549659.77, 6591071.9 ], [ 549653.93, 6591063.15 ], [ 549656.4, 6591057.03 ], [ 549662.57, 6591055.17 ], [ 549671.82, 6591056.24 ], [ 549678.25, 6591053.86 ], [ 549686.41, 6591040.4 ], [ 549684.78, 6591034.78 ], [ 549674.68, 6591031.15 ], [ 549671.44, 6591024.87 ], [ 549688.18, 6591003.39 ], [ 549687.59, 6590998.32 ], [ 549681.2, 6590996.43 ], [ 549676.69, 6590999.9 ], [ 549673.31, 6590998.04 ], [ 549668.23, 6591004.2 ], [ 549662.19, 6591004.91 ], [ 549657.65, 6591000.62 ], [ 549657.74, 6590996.6 ], [ 549662.23, 6590990.44 ], [ 549662.26, 6590987.28 ], [ 549655.77, 6590984.34 ], [ 549654.42, 6590975.28 ], [ 549656.14, 6590969.04 ], [ 549661.27, 6590963.26 ], [ 549658.6, 6590959.21 ], [ 549654.36, 6590960.06 ], [ 549647.12, 6590966.78 ], [ 549642.24, 6590967.36 ], [ 549640.44, 6590964.23 ], [ 549639.91, 6590950.03 ], [ 549588.05, 6590955.58 ], [ 549574.74, 6590955.42 ], [ 549572.57, 6590965.44 ], [ 549567.56, 6590975.65 ], [ 549563.04, 6590980.83 ], [ 549563.56, 6590986.88 ], [ 549550.83, 6590996.3 ], [ 549547.76, 6590992.21 ], [ 549547.14, 6590992.16 ], [ 549546.87, 6590992.36 ], [ 549546.81, 6590992.95 ], [ 549549.92, 6590997.03 ], [ 549505.14, 6591031.07 ], [ 549502.25, 6591027.26 ], [ 549501.26, 6591027.14 ], [ 549500.74, 6591027.62 ], [ 549500.62, 6591028.6 ], [ 549503.43, 6591032.49 ], [ 549480.34, 6591049.66 ], [ 549477.45, 6591045.64 ], [ 549476.66, 6591045.6 ], [ 549476.22, 6591045.98 ], [ 549476.08, 6591046.63 ], [ 549479.07, 6591050.61 ], [ 549458.11, 6591066.36 ], [ 549455.15, 6591062.47 ], [ 549454.55, 6591062.34 ], [ 549453.3, 6591063.15 ], [ 549453.31, 6591063.93 ], [ 549456.19, 6591067.85 ], [ 549451.91, 6591071.04 ], [ 549446.39, 6591068.79 ], [ 549443.19, 6591070.52 ], [ 549439.3, 6591098.88 ], [ 549439.12, 6591105.19 ], [ 549440.33, 6591105.8 ], [ 549468.79, 6591104.67 ], [ 549468.87, 6591101.73 ], [ 549458.84, 6591101.74 ], [ 549459.71, 6591087.38 ], [ 549469.13, 6591082.11 ], [ 549466.28, 6591076.4 ], [ 549466.68, 6591072.36 ], [ 549467.75, 6591069.91 ], [ 549471.64, 6591065.24 ], [ 549476.75, 6591062.38 ], [ 549477.96, 6591069.39 ], [ 549483.03, 6591069.99 ], [ 549486.7, 6591065.31 ], [ 549490.3, 6591067.63 ], [ 549488.53, 6591070.14 ], [ 549491.36, 6591073.02 ], [ 549491.88, 6591079.59 ], [ 549489.37, 6591084.88 ], [ 549485.91, 6591088.07 ], [ 549479.6, 6591089.8 ], [ 549481.33, 6591101.91 ], [ 549474.84, 6591101.82 ], [ 549474.84, 6591103.98 ], [ 549487.55, 6591103.29 ], [ 549506.73, 6591098.34 ], [ 549516.31, 6591096.12 ] ] ] } },
{ "type": "Feature", "properties": { "park_id": "w544419171", "name": "Kadaka pst park", "synthetic": "no" }, "geometry": { "type": "Polygon", "coordinates": [ [ [ 536721.77, 6584581.72 ], [ 536720.93, 6584570.23 ], [ 536718.02, 6584571.24 ], [ 536712.53, 6584558.91 ], [ 536716.24, 6584557.66 ], [ 536713.75, 6584550.96 ], [ 536713.41, 6584547.57 ], [ 536713.43, 6584546.18 ], [ 536709.27, 6584545.78 ], [ 536709.19, 6584535.4 ], [ 536713.23, 6584535.26 ], [ 536714.39, 6584534.89 ], [ 536715.61, 6584533.64 ], [ 536715.55, 6584530.2 ], [ 536715.54, 6584517.65 ], [ 536715.47, 6584514.7 ], [ 536714.12, 6584511.66 ], [ 536711.82, 6584511.76 ], [ 536710.88, 6584511.8 ], [ 536707.8, 6584513.73 ], [ 536700.01, 6584503.3 ], [ 536698.9, 6584501.81 ], [ 536704.05, 6584497.59 ], [ 536702.48, 6584495.01 ], [ 536700.52, 6584493.57 ], [ 536691.83, 6584487.99 ], [ 536680.71, 6584481.0 ], [ 536675.66, 6584478.61 ], [ 536671.9, 6584478.41 ], [ 536667.83, 6584478.82 ], [ 536655.1, 6584480.94 ], [ 536659.79, 6584508.21 ], [ 536659.85, 6584517.22 ], [ 536657.43, 6584541.41 ], [ 536657.19, 6584546.04 ], [ 536665.82, 6584591.08 ], [ 536721.77, 6584581.72 ] ] ] } },
{ "type": "Feature", "properties": { "park_id": "w545452827", "name": "Maarjamäe mälestusväli", "synthetic": "no" }, "geometry": { "type": "Polygon", "coordinates": [ [ [ 545906.63, 6590980.66 ], [ 545908.78, 6590991.34 ], [ 545910.33, 6590998.52 ], [ 545913.62, 6591009.19 ], [ 545916.45, 6591017.39 ], [ 545919.48, 6591025.66 ], [ 545923.62, 6591035.77 ], [ 545927.7, 6591045.49 ], [ 545934.72, 6591061.22 ], [ 545944.25, 6591083.03 ], [ 545952.48, 6591102.23 ], [ 545959.58, 6591118.38 ], [ 545968.37, 6591138.19 ], [ 545977.55, 6591159.1 ], [ 545988.78, 6591185.15 ], [ 545995.11, 6591199.64 ], [ 545997.19, 6591204.19 ], [ 546001.06, 6591212.65 ], [ 546006.61, 6591225.67 ], [ 546011.63, 6591230.06 ], [ 546027.12, 6591265.03 ], [ 546028.04, 6591267.32 ], [ 546030.72, 6591273.63 ], [ 546035.15, 6591283.99 ], [ 546042.1, 6591282.92 ], [ 546050.77, 6591285.28 ], [ 546057.39, 6591292.66 ], [ 546063.08, 6591305.47 ], [ 546068.1, 6591306.17 ], [ 546073.02, 6591303.6 ], [ 546112.8, 6591301.38 ], [ 546111.55, 6591278.74 ], [ 546114.73, 6591278.76 ], [ 546158.22, 6591276.32 ], [ 546159.53, 6591300.02 ], [ 546171.82, 6591299.01 ], [ 546265.62, 6591291.26 ], [ 546305.52, 6591287.96 ], [ 546304.88, 6591280.0 ], [ 546294.28, 6591147.55 ], [ 546290.84, 6591098.49 ], [ 546290.96, 6591095.61 ], [ 546286.4, 6591083.39 ], [ 546269.96, 6591062.79 ], [ 546268.3, 6591058.07 ], [ 546266.44, 6591041.98 ], [ 546264.48, 6591021.6 ], [ 546264.22, 6591018.38 ], [ 546262.21, 6591008.41 ], [ 546259.39, 6591002.41 ], [ 546207.13, 6590960.02 ], [ 546185.56, 6590940.78 ], [ 546149.88, 6590929.62 ], [ 546126.94, 6590922.45 ], [ 546124.34, 6590918.27 ], [ 546116.16, 6590922.85 ], [ 546105.35, 6590937.05 ], [ 546104.47, 6590938.2 ], [ 546103.88, 6590938.98 ], [ 546060.84, 6590995.45 ], [ 546016.81, 6591004.48 ], [ 546016.61, 6591003.57 ], [ 546014.24, 6591004.69 ], [ 546009.2, 6591005.52 ], [ 546006.29, 6591005.59 ], [ 546002.57, 6591005.14 ], [ 545998.45, 6591003.24 ], [ 545993.49, 6591000.08 ], [ 545991.13, 6590998.04 ], [ 545986.64, 6590994.15 ], [ 545974.54, 6590982.89 ], [ 545968.59, 6590977.25 ], [ 545951.65, 6590959.45 ], [ 545943.54, 6590950.57 ], [ 545938.76, 6590945.17 ], [ 545926.98, 6590957.41 ], [ 545919.96, 6590964.1 ], [ 545913.65, 6590970.1 ], [ 545904.56, 6590962.33 ], [ 545903.48, 6590963.75 ], [ 545906.63, 6590980.66 ] ] ] } },
{ "type": "Feature", "properties": { "park_id": "w588657508", "name": "Fahle aed", "synthetic": "no" }, "geometry": { "type": "Polygon", "coordinates": [ [ [ 545454.71, 6589878.29 ], [ 545467.39, 6589853.48 ], [ 545474.07, 6589840.4 ], [ 545481.77, 6589825.33 ], [ 545492.02, 6589805.29 ], [ 545440.9, 6589804.63 ], [ 545362.26, 6589803.62 ], [ 545243.22, 6589780.32 ], [ 545229.23, 6589779.55 ], [ 545213.95, 6589784.23 ], [ 545205.26, 6589798.71 ], [ 545203.26, 6589813.27 ], [ 545205.5, 6589829.09 ], [ 545213.73, 6589839.61 ], [ 545217.5, 6589844.43 ], [ 545222.52, 6589850.85 ], [ 545251.37, 6589887.74 ], [ 545270.57, 6589912.28 ], [ 545293.65, 6589941.81 ], [ 545313.44, 6589967.1 ], [ 545349.01, 6589995.48 ], [ 545375.04, 6589956.91 ], [ 545405.06, 6589969.51 ], [ 545407.54, 6589970.55 ], [ 545454.71, 6589878.29 ] ] ] } },
{ "type": "Feature", "properties": { "park_id": "w613849652", "name": null, "synthetic": "no" }, "geometry": { "type": "Polygon", "coordinates": [ [ [ 537527.85, 6583769.15 ], [ 537539.58, 6583770.02 ], [ 537548.95, 6583762.35 ], [ 537558.97, 6583750.28 ], [ 537562.6, 6583738.14 ], [ 537559.85, 6583735.39 ], [ 537524.63, 6583739.29 ], [ 537510.57, 6583743.17 ], [ 537506.91, 6583728.32 ], [ 537504.88, 6583763.89 ], [ 537527.85, 6583769.15 ] ] ] } },
{ "type": "Feature", "properties": { "park_id": "w613849653", "name": null, "synthetic": "no" }, "geometry": { "type": "Polygon", "coordinates": [ [ [ 537504.49, 6583726.31 ], [ 537456.9, 6583745.32 ], [ 537465.63, 6583756.81 ], [ 537502.14, 6583763.26 ], [ 537504.49, 6583726.31 ] ] ] } },
{ "type": "Feature", "properties": { "park_id": "w613849654", "name": null, "synthetic": "no" }, "geometry": { "type": "Polygon", "coordinates": [ [ [ 537560.02, 6583773.38 ], [ 537575.46, 6583773.7 ], [ 537587.07, 6583771.8 ], [ 537595.16, 6583768.49 ], [ 537607.58, 6583760.1 ], [ 537620.44, 6583755.35 ], [ 537569.56, 6583733.32 ], [ 537568.96, 6583739.33 ], [ 537567.88, 6583744.55 ], [ 537562.56, 6583754.14 ], [ 537553.57, 6583765.4 ], [ 537550.12, 6583772.6 ], [ 537560.02, 6583773.38 ] ] ] } },
{ "type": "Feature", "properties": { "park_id": "w613849656", "name": null, "synthetic": "no" }, "geometry": { "type": "Polygon", "coordinates": [ [ [ 537721.59, 6583733.31 ], [ 537731.82, 6583733.26 ], [ 537739.77, 6583733.35 ], [ 537737.4, 6583715.45 ], [ 537737.72, 6583693.47 ], [ 537708.8, 6583689.22 ], [ 537704.66, 6583707.33 ], [ 537701.14, 6583728.6 ], [ 537697.03, 6583739.02 ], [ 537721.59, 6583733.31 ] ] ] } },
{ "type": "Feature", "properties": { "park_id": "w613986017", "name": "Glehni park", "synthetic": "no" }, "geometry": { "type": "Polygon", "coordinates": [ [ [ 537091.43, 6583491.03 ], [ 537135.93, 6583503.11 ], [ 537134.14, 6583518.89 ], [ 537169.62, 6583529.84 ], [ 537191.92, 6583523.31 ], [ 537208.03, 6583518.58 ], [ 537228.17, 6583512.67 ], [ 537233.19, 6583497.3 ], [ 537237.95, 6583478.57 ], [ 537227.71, 6583473.63 ], [ 537211.9, 6583466.01 ], [ 537196.65, 6583460.47 ], [ 537187.46, 6583446.66 ], [ 537178.71, 6583438.44 ], [ 537166.47, 6583426.93 ], [ 537170.84, 6583409.92 ], [ 537173.41, 6583389.91 ], [ 537176.14, 6583374.21 ], [ 537183.39, 6583355.99 ], [ 537165.02, 6583360.62 ], [ 537154.7, 6583363.09 ], [ 537141.17, 6583365.52 ], [ 537129.88, 6583369.59 ], [ 537119.53, 6583374.95 ], [ 537108.86, 6583381.91 ], [ 537091.04, 6583395.54 ], [ 537077.82, 6583398.62 ], [ 537067.49, 6583403.33 ], [ 537058.68, 6583415.77 ], [ 537052.82, 6583424.06 ], [ 537055.67, 6583427.93 ], [ 537060.19, 6583426.69 ], [ 537070.12, 6583430.64 ], [ 537059.25, 6583456.86 ], [ 537047.57, 6583483.81 ], [ 537091.43, 6583491.03 ] ] ] } },
{ "type": "Feature", "properties": { "park_id": "w631526725", "name": null, "synthetic": "no" }, "geometry": { "type": "Polygon", "coordinates": [ [ [ 537342.94, 6583517.97 ], [ 537342.57, 6583517.24 ], [ 537341.81, 6583516.97 ], [ 537339.82, 6583517.14 ], [ 537337.49, 6583517.89 ], [ 537332.2, 6583519.62 ], [ 537324.47, 6583521.43 ], [ 537317.05, 6583521.88 ], [ 537315.22, 6583522.72 ], [ 537314.82, 6583524.16 ], [ 537315.12, 6583525.33 ], [ 537317.51, 6583529.03 ], [ 537323.94, 6583538.02 ], [ 537325.98, 6583540.1 ], [ 537327.62, 6583541.62 ], [ 537328.86, 6583542.13 ], [ 537330.95, 6583541.82 ], [ 537332.93, 6583538.31 ], [ 537343.06, 6583519.42 ], [ 537342.94, 6583517.97 ] ] ] } },
{ "type": "Feature", "properties": { "park_id": "w636520523", "name": null, "synthetic": "no" }, "geometry": { "type": "Polygon", "coordinates": [ [ [ 544429.61, 6589639.34 ], [ 544443.77, 6589643.13 ], [ 544475.55, 6589632.27 ], [ 544477.2, 6589628.92 ], [ 544478.19, 6589625.3 ], [ 544477.63, 6589621.18 ], [ 544474.15, 6589615.04 ], [ 544470.3, 6589611.63 ], [ 544468.61, 6589608.12 ], [ 544467.54, 6589604.42 ], [ 544466.7, 6589600.31 ], [ 544466.55, 6589596.14 ], [ 544467.35, 6589589.71 ], [ 544466.15, 6589586.55 ], [ 544456.89, 6589582.33 ], [ 544418.98, 6589572.18 ], [ 544417.29, 6589578.07 ], [ 544404.71, 6589621.85 ], [ 544410.45, 6589642.56 ], [ 544429.61, 6589639.34 ] ] ] } },
{ "type": "Feature", "properties": { "park_id": "w665558054", "name": "Hiiu park", "synthetic": "no" }, "geometry": { "type": "Polygon", "coordinates": [ [ [ 538768.12, 6582383.29 ], [ 538795.83, 6582312.78 ], [ 538543.17, 6582211.78 ], [ 538513.47, 6582280.19 ], [ 538768.12, 6582383.29 ] ] ] } },
{ "type": "Feature", "properties": { "park_id": "w665558055", "name": "Hiiu puiestik", "synthetic": "no" }, "geometry": { "type": "Polygon", "coordinates": [ [ [ 538496.22, 6582195.34 ], [ 538484.23, 6582190.2 ], [ 538462.86, 6582177.05 ], [ 538436.17, 6582162.77 ], [ 538276.34, 6582095.77 ], [ 538234.4, 6582164.41 ], [ 538499.21, 6582274.87 ], [ 538526.83, 6582209.19 ], [ 538496.22, 6582195.34 ] ] ] } },
{ "type": "Feature", "properties": { "park_id": "w665786618", "name": "Diakonissi park", "synthetic": "no" }, "geometry": { "type": "Polygon", "coordinates": [ [ [ 542054.25, 6586915.36 ], [ 542039.61, 6586848.3 ], [ 542038.02, 6586840.54 ], [ 542036.07, 6586838.08 ], [ 542032.34, 6586836.58 ], [ 542027.96, 6586837.12 ], [ 542027.45, 6586834.27 ], [ 542024.52, 6586834.8 ], [ 542000.65, 6586839.97 ], [ 541993.86, 6586841.47 ], [ 541990.07, 6586842.17 ], [ 541984.16, 6586842.8 ], [ 541981.25, 6586842.79 ], [ 541978.6, 6586842.87 ], [ 541976.29, 6586843.23 ], [ 541973.06, 6586844.61 ], [ 541968.92, 6586846.77 ], [ 541958.02, 6586853.05 ], [ 541949.78, 6586858.16 ], [ 541942.42, 6586863.37 ], [ 541940.07, 6586865.63 ], [ 541931.83, 6586872.12 ], [ 541928.86, 6586875.57 ], [ 541926.38, 6586876.71 ], [ 541925.45, 6586881.28 ], [ 541925.9, 6586882.41 ], [ 541935.34, 6586902.85 ], [ 541937.53, 6586902.64 ], [ 541941.65, 6586912.25 ], [ 541944.56, 6586911.38 ], [ 541952.44, 6586928.55 ], [ 541950.25, 6586929.55 ], [ 541951.46, 6586932.2 ], [ 541956.11, 6586942.54 ], [ 541963.19, 6586939.53 ], [ 541972.58, 6586932.65 ], [ 541972.74, 6586928.26 ], [ 541969.83, 6586927.88 ], [ 541971.13, 6586917.91 ], [ 541975.39, 6586918.62 ], [ 541976.01, 6586918.04 ], [ 541976.96, 6586909.13 ], [ 541977.95, 6586904.38 ], [ 541979.67, 6586900.7 ], [ 542003.97, 6586890.57 ], [ 542014.31, 6586886.61 ], [ 542021.7, 6586900.74 ], [ 542038.68, 6586896.45 ], [ 542046.41, 6586918.27 ], [ 542054.25, 6586915.36 ] ] ] } },
{ "type": "Feature", "properties": { "park_id": "w665786619", "name": "Hõlmikpuuhaljak", "synthetic": "no" }, "geometry": { "type": "Polygon", "coordinates": [ [ [ 542292.82, 6588284.13 ], [ 542294.79, 6588285.68 ], [ 542296.83, 6588286.31 ], [ 542299.44, 6588284.9 ], [ 542320.27, 6588260.05 ], [ 542300.93, 6588241.95 ], [ 542274.95, 6588264.55 ], [ 542292.82, 6588284.13 ] ] ] } },
{ "type": "Feature", "properties": { "park_id": "w665786620", "name": "Kalma haljak", "synthetic": "no" }, "geometry": { "type": "Polygon", "coordinates": [ [ [ 541858.68, 6589808.06 ], [ 541853.04, 6589809.03 ], [ 541806.01, 6589815.22 ], [ 541799.35, 6589816.93 ], [ 541795.56, 6589801.11 ], [ 541780.93, 6589802.96 ], [ 541763.82, 6589806.0 ], [ 541740.63, 6589809.64 ], [ 541739.98, 6589811.48 ], [ 541733.7, 6589829.63 ], [ 541732.95, 6589831.77 ], [ 541731.16, 6589836.92 ], [ 541739.7, 6589847.04 ], [ 541741.34, 6589846.35 ], [ 541741.49, 6589848.36 ], [ 541741.79, 6589852.21 ], [ 541742.19, 6589854.48 ], [ 541777.7, 6589849.07 ], [ 541788.58, 6589845.55 ], [ 541811.73, 6589838.06 ], [ 541841.16, 6589828.06 ], [ 541842.01, 6589827.79 ], [ 541842.58, 6589827.6 ], [ 541866.69, 6589822.97 ], [ 541865.69, 6589818.46 ], [ 541863.21, 6589807.28 ], [ 541858.68, 6589808.06 ] ] ] } },
{ "type": "Feature", "properties": { "park_id": "w665786621", "name": "Vana-Lõuna haljak", "synthetic": "no" }, "geometry": { "type": "Polygon", "coordinates": [ [ [ 542152.44, 6587177.16 ], [ 542152.64, 6587182.78 ], [ 542151.67, 6587190.07 ], [ 542148.86, 6587190.73 ], [ 542152.25, 6587205.39 ], [ 542155.26, 6587217.48 ], [ 542166.12, 6587268.53 ], [ 542172.71, 6587306.6 ], [ 542174.72, 6587324.7 ], [ 542177.93, 6587324.85 ], [ 542183.09, 6587325.49 ], [ 542243.54, 6587325.68 ], [ 542247.33, 6587326.17 ], [ 542251.07, 6587327.26 ], [ 542269.05, 6587314.53 ], [ 542261.94, 6587301.62 ], [ 542260.9, 6587299.93 ], [ 542259.58, 6587297.78 ], [ 542258.49, 6587296.02 ], [ 542247.65, 6587278.27 ], [ 542244.48, 6587273.05 ], [ 542242.57, 6587269.9 ], [ 542227.95, 6587245.82 ], [ 542184.8, 6587175.12 ], [ 542182.48, 6587171.32 ], [ 542179.28, 6587167.78 ], [ 542176.37, 6587164.47 ], [ 542175.25, 6587164.27 ], [ 542152.44, 6587177.16 ] ] ] } },
{ "type": "Feature", "properties": { "park_id": "w666050818", "name": "Meriaia haljak", "synthetic": "no" }, "geometry": { "type": "Polygon", "coordinates": [ [ [ 547608.24, 6595105.73 ], [ 547626.95, 6595092.46 ], [ 547667.71, 6595066.42 ], [ 547660.63, 6595061.63 ], [ 547654.6, 6595057.61 ], [ 547624.38, 6595043.27 ], [ 547602.5, 6595066.96 ], [ 547594.82, 6595073.24 ], [ 547590.06, 6595077.6 ], [ 547608.24, 6595105.73 ] ] ] } },
{ "type": "Feature", "properties": { "park_id": "w666346780", "name": null, "synthetic": "no" }, "geometry": { "type": "Polygon", "coordinates": [ [ [ 545052.72, 6589828.06 ], [ 545042.36, 6589835.8 ], [ 545063.58, 6589851.85 ], [ 545072.85, 6589858.86 ], [ 545075.17, 6589860.76 ], [ 545085.0, 6589868.81 ], [ 545090.68, 6589874.32 ], [ 545155.24, 6589935.59 ], [ 545176.27, 6589956.04 ], [ 545203.26, 6589926.61 ], [ 545206.97, 6589919.32 ], [ 545185.52, 6589893.45 ], [ 545128.95, 6589825.26 ], [ 545130.86, 6589814.88 ], [ 545131.97, 6589799.63 ], [ 545131.29, 6589798.0 ], [ 545127.4, 6589793.35 ], [ 545125.08, 6589790.57 ], [ 545123.79, 6589789.03 ], [ 545116.63, 6589780.48 ], [ 545052.72, 6589828.06 ] ] ] } },
{ "type": "Feature", "properties": { "park_id": "w700204492", "name": null, "synthetic": "no" }, "geometry": { "type": "Polygon", "coordinates": [ [ [ 539692.5, 6585623.84 ], [ 539658.42, 6585638.38 ], [ 539662.27, 6585647.0 ], [ 539678.36, 6585682.83 ], [ 539678.92, 6585684.16 ], [ 539691.92, 6585678.69 ], [ 539695.44, 6585677.21 ], [ 539692.33, 6585669.87 ], [ 539710.87, 6585662.27 ], [ 539724.48, 6585656.68 ], [ 539726.61, 6585661.83 ], [ 539729.47, 6585660.7 ], [ 539725.73, 6585651.84 ], [ 539738.85, 6585646.28 ], [ 539742.09, 6585644.93 ], [ 539728.17, 6585611.91 ], [ 539726.42, 6585610.31 ], [ 539724.05, 6585610.38 ], [ 539692.5, 6585623.84 ] ] ] } },
{ "type": "Feature", "properties": { "park_id": "w700225338", "name": null, "synthetic": "no" }, "geometry": { "type": "Polygon", "coordinates": [ [ [ 539572.5, 6585676.9 ], [ 539570.65, 6585672.23 ], [ 539593.63, 6585662.44 ], [ 539595.44, 6585667.24 ], [ 539601.38, 6585664.18 ], [ 539585.95, 6585628.06 ], [ 539584.92, 6585625.3 ], [ 539581.45, 6585626.77 ], [ 539577.81, 6585626.47 ], [ 539568.76, 6585630.45 ], [ 539562.65, 6585616.32 ], [ 539539.14, 6585648.64 ], [ 539552.17, 6585643.17 ], [ 539559.29, 6585660.09 ], [ 539563.34, 6585669.69 ], [ 539565.13, 6585673.99 ], [ 539567.24, 6585678.95 ], [ 539572.5, 6585676.9 ] ] ] } },
{ "type": "Feature", "properties": { "park_id": "w720173570", "name": null, "synthetic": "no" }, "geometry": { "type": "Polygon", "coordinates": [ [ [ 546527.4, 6588721.68 ], [ 546517.91, 6588720.72 ], [ 546473.12, 6588716.23 ], [ 546470.05, 6588717.32 ], [ 546464.7, 6588762.14 ], [ 546503.18, 6588766.55 ], [ 546524.05, 6588768.94 ], [ 546527.4, 6588721.68 ] ] ] } },
{ "type": "Feature", "properties": { "park_id": "w727073843", "name": "Priisle park", "synthetic": "no" }, "geometry": { "type": "Polygon", "coordinates": [ [ [ 549882.03, 6590814.01 ], [ 549885.56, 6590824.17 ], [ 550088.7, 6590799.67 ], [ 550088.31, 6590791.85 ], [ 550125.23, 6590787.39 ], [ 550120.53, 6590745.03 ], [ 550118.64, 6590742.44 ], [ 550116.34, 6590740.91 ], [ 550114.06, 6590739.05 ], [ 550112.45, 6590736.7 ], [ 550110.22, 6590732.71 ], [ 550108.82, 6590721.66 ], [ 550063.2, 6590729.14 ], [ 550059.47, 6590720.6 ], [ 549873.73, 6590745.58 ], [ 549873.33, 6590757.01 ], [ 549837.36, 6590761.63 ], [ 549845.11, 6590818.68 ], [ 549882.03, 6590814.01 ] ] ] } },
{ "type": "Feature", "properties": { "park_id": "w733470957", "name": "Marta tänava park", "synthetic": "no" }, "geometry": { "type": "Polygon", "coordinates": [ [ [ 541844.82, 6586482.04 ], [ 541850.39, 6586488.4 ], [ 541854.4, 6586485.56 ], [ 541859.21, 6586482.29 ], [ 541865.03, 6586488.25 ], [ 541890.34, 6586466.35 ], [ 541881.36, 6586455.11 ], [ 541877.69, 6586454.0 ], [ 541840.66, 6586471.42 ], [ 541844.82, 6586482.04 ] ] ] } },
{ "type": "Feature", "properties": { "park_id": "w736267264", "name": null, "synthetic": "no" }, "geometry": { "type": "Polygon", "coordinates": [ [ [ 538535.49, 6582174.19 ], [ 538540.81, 6582175.32 ], [ 538546.02, 6582173.54 ], [ 538570.07, 6582116.85 ], [ 538565.38, 6582113.77 ], [ 538541.74, 6582113.67 ], [ 538535.31, 6582115.75 ], [ 538529.73, 6582124.67 ], [ 538513.0, 6582166.05 ], [ 538535.49, 6582174.19 ] ] ] } },
{ "type": "Feature", "properties": { "park_id": "w736267265", "name": null, "synthetic": "no" }, "geometry": { "type": "Polygon", "coordinates": [ [ [ 538558.71, 6582185.82 ], [ 538571.95, 6582190.68 ], [ 538573.73, 6582185.85 ], [ 538581.33, 6582188.58 ], [ 538579.44, 6582193.3 ], [ 538588.3, 6582196.73 ], [ 538609.62, 6582145.26 ], [ 538606.81, 6582137.63 ], [ 538601.1, 6582130.53 ], [ 538585.57, 6582123.68 ], [ 538579.78, 6582125.12 ], [ 538555.64, 6582181.4 ], [ 538558.71, 6582185.82 ] ] ] } },
{ "type": "Feature", "properties": { "park_id": "w756075964", "name": null, "synthetic": "no" }, "geometry": { "type": "Polygon", "coordinates": [ [ [ 541103.47, 6585225.88 ], [ 541111.77, 6585219.29 ], [ 541074.28, 6585205.49 ], [ 541051.07, 6585224.86 ], [ 541070.35, 6585245.46 ], [ 541103.47, 6585225.88 ] ] ] } },
{ "type": "Feature", "properties": { "park_id": "w767985120", "name": "Uus-Veerenni Vahepark", "synthetic": "no" }, "geometry": { "type": "Polygon", "coordinates": [ [ [ 542481.48, 6587104.6 ], [ 542463.19, 6587146.29 ], [ 542446.35, 6587196.36 ], [ 542460.67, 6587188.46 ], [ 542494.7, 6587184.44 ], [ 542497.87, 6587173.46 ], [ 542527.58, 6587179.96 ], [ 542535.76, 6587178.93 ], [ 542538.71, 6587176.41 ], [ 542556.15, 6587090.61 ], [ 542563.8, 6587057.86 ], [ 542563.79, 6587055.43 ], [ 542562.83, 6587053.61 ], [ 542561.34, 6587052.7 ], [ 542538.78, 6587044.59 ], [ 542529.75, 6587041.84 ], [ 542525.33, 6587042.89 ], [ 542519.24, 6587044.71 ], [ 542515.29, 6587047.2 ], [ 542511.37, 6587050.75 ], [ 542506.3, 6587060.45 ], [ 542500.37, 6587070.72 ], [ 542481.48, 6587104.6 ] ] ] } },
{ "type": "Feature", "properties": { "park_id": "w770917475", "name": null, "synthetic": "no" }, "geometry": { "type": "Polygon", "coordinates": [ [ [ 542556.03, 6588703.78 ], [ 542539.09, 6588684.13 ], [ 542507.83, 6588711.74 ], [ 542518.57, 6588724.24 ], [ 542556.03, 6588703.78 ] ] ] } },
{ "type": "Feature", "properties": { "park_id": "w772542001", "name": null, "synthetic": "no" }, "geometry": { "type": "Polygon", "coordinates": [ [ [ 542147.58, 6586515.24 ], [ 542155.01, 6586525.18 ], [ 542178.8, 6586508.3 ], [ 542167.35, 6586479.96 ], [ 542155.53, 6586484.7 ], [ 542132.47, 6586494.4 ], [ 542147.58, 6586515.24 ] ] ] } },
{ "type": "Feature", "properties": { "park_id": "w783118107", "name": null, "synthetic": "no" }, "geometry": { "type": "Polygon", "coordinates": [ [ [ 546848.77, 6597198.55 ], [ 546905.94, 6597192.93 ], [ 546902.82, 6597161.26 ], [ 546887.72, 6597162.75 ], [ 546884.96, 6597160.66 ], [ 546862.62, 6597163.17 ], [ 546859.57, 6597165.69 ], [ 546845.66, 6597167.05 ], [ 546848.77, 6597198.55 ] ] ] } },
{ "type": "Feature", "properties": { "park_id": "w783123066", "name": null, "synthetic": "no" }, "geometry": { "type": "Polygon", "coordinates": [ [ [ 546965.59, 6597033.36 ], [ 546962.24, 6597031.86 ], [ 546951.27, 6596927.24 ], [ 546944.19, 6596927.6 ], [ 546924.6, 6596929.94 ], [ 546925.12, 6596942.07 ], [ 546916.9, 6596943.31 ], [ 546919.18, 6596977.57 ], [ 546850.85, 6596984.47 ], [ 546866.02, 6597106.94 ], [ 546934.02, 6597100.2 ], [ 546933.9, 6597096.88 ], [ 546972.35, 6597093.25 ], [ 546965.59, 6597033.36 ] ] ] } },
{ "type": "Feature", "properties": { "park_id": "w795345130", "name": "Bastioni aed", "synthetic": "no" }, "geometry": { "type": "Polygon", "coordinates": [ [ [ 542595.11, 6589027.39 ], [ 542595.1, 6589031.29 ], [ 542595.1, 6589037.01 ], [ 542595.09, 6589040.06 ], [ 542595.18, 6589041.98 ], [ 542600.09, 6589041.76 ], [ 542600.24, 6589046.22 ], [ 542600.62, 6589048.04 ], [ 542600.86, 6589047.89 ], [ 542616.27, 6589048.77 ], [ 542617.22, 6589034.48 ], [ 542617.36, 6589032.0 ], [ 542634.14, 6589024.15 ], [ 542634.88, 6589016.66 ], [ 542616.22, 6589014.74 ], [ 542616.58, 6589009.49 ], [ 542616.76, 6589007.38 ], [ 542617.95, 6589006.35 ], [ 542614.62, 6589005.88 ], [ 542613.96, 6589007.13 ], [ 542611.99, 6589008.17 ], [ 542608.4, 6589007.85 ], [ 542608.43, 6589009.09 ], [ 542606.2, 6589009.11 ], [ 542606.23, 6589015.18 ], [ 542599.98, 6589015.2 ], [ 542598.29, 6589020.39 ], [ 542600.32, 6589021.3 ], [ 542598.68, 6589025.85 ], [ 542595.09, 6589024.34 ], [ 542595.11, 6589027.39 ] ] ] } },
{ "type": "Feature", "properties": { "park_id": "w795347275", "name": "Dominiiklaste kloostri hoov", "synthetic": "no" }, "geometry": { "type": "Polygon", "coordinates": [ [ [ 542500.65, 6589140.62 ], [ 542500.66, 6589139.65 ], [ 542505.97, 6589139.57 ], [ 542504.54, 6589122.06 ], [ 542489.66, 6589122.4 ], [ 542489.73, 6589123.66 ], [ 542487.53, 6589124.05 ], [ 542487.68, 6589125.89 ], [ 542487.12, 6589126.12 ], [ 542487.41, 6589132.02 ], [ 542488.16, 6589132.05 ], [ 542488.18, 6589141.07 ], [ 542500.65, 6589140.62 ] ] ] } },
{ "type": "Feature", "properties": { "park_id": "w795939309", "name": "Otto Krameri aed", "synthetic": "no" }, "geometry": { "type": "Polygon", "coordinates": [ [ [ 540065.09, 6587311.47 ], [ 539987.38, 6587344.55 ], [ 539999.82, 6587372.38 ], [ 540076.88, 6587339.29 ], [ 540065.09, 6587311.47 ] ] ] } },
{ "type": "Feature", "properties": { "park_id": "w796418913", "name": null, "synthetic": "no" }, "geometry": { "type": "Polygon", "coordinates": [ [ [ 539167.76, 6589577.95 ], [ 539182.69, 6589568.83 ], [ 539198.0, 6589542.41 ], [ 539214.83, 6589538.53 ], [ 539217.22, 6589530.62 ], [ 539227.48, 6589528.84 ], [ 539225.78, 6589520.84 ], [ 539238.25, 6589518.07 ], [ 539293.63, 6589504.96 ], [ 539295.05, 6589510.95 ], [ 539306.58, 6589505.66 ], [ 539321.53, 6589505.35 ], [ 539313.7, 6589475.23 ], [ 539083.92, 6589532.84 ], [ 539092.03, 6589565.65 ], [ 539098.68, 6589592.99 ], [ 539167.76, 6589577.95 ] ] ] } },
{ "type": "Feature", "properties": { "park_id": "w813965137", "name": "Lillepi park", "synthetic": "no" }, "geometry": { "type": "Polygon", "coordinates": [ [ [ 546434.33, 6591686.89 ], [ 546475.49, 6591711.2 ], [ 546503.8, 6591725.89 ], [ 546514.95, 6591732.4 ], [ 546524.46, 6591731.22 ], [ 546538.93, 6591738.81 ], [ 546551.54, 6591745.5 ], [ 546591.58, 6591767.62 ], [ 546592.82, 6591768.3 ], [ 546604.66, 6591774.84 ], [ 546618.16, 6591780.93 ], [ 546685.52, 6591814.79 ], [ 546710.1, 6591828.15 ], [ 546744.71, 6591846.68 ], [ 546772.12, 6591853.05 ], [ 546797.68, 6591848.83 ], [ 546808.26, 6591841.2 ], [ 546830.62, 6591818.27 ], [ 546887.29, 6591800.39 ], [ 546909.41, 6591797.12 ], [ 546924.22, 6591796.42 ], [ 546943.68, 6591793.03 ], [ 546974.8, 6591790.3 ], [ 546992.64, 6591791.25 ], [ 547005.3, 6591793.5 ], [ 547010.89, 6591799.16 ], [ 547016.66, 6591838.73 ], [ 547034.69, 6591852.53 ], [ 547041.98, 6591900.97 ], [ 547044.17, 6591923.0 ], [ 547045.17, 6591925.34 ], [ 547047.67, 6591924.53 ], [ 547075.77, 6591913.42 ], [ 547108.26, 6591899.47 ], [ 547129.7, 6591891.21 ], [ 547134.41, 6591888.38 ], [ 547138.29, 6591884.31 ], [ 547146.46, 6591877.35 ], [ 547157.24, 6591867.29 ], [ 547162.62, 6591861.56 ], [ 547165.06, 6591859.33 ], [ 547167.88, 6591856.74 ], [ 547171.93, 6591853.53 ], [ 547184.15, 6591843.74 ], [ 547277.76, 6591750.65 ], [ 547308.82, 6591731.39 ], [ 547376.89, 6591688.71 ], [ 547413.14, 6591674.28 ], [ 547648.33, 6591626.48 ], [ 547466.5, 6591575.93 ], [ 547178.8, 6591495.73 ], [ 547171.31, 6591492.61 ], [ 547169.02, 6591492.57 ], [ 547166.49, 6591492.3 ], [ 547163.89, 6591491.6 ], [ 547161.74, 6591490.99 ], [ 547159.29, 6591490.31 ], [ 547156.81, 6591489.61 ], [ 547154.51, 6591489.0 ], [ 547152.04, 6591488.32 ], [ 547149.62, 6591487.66 ], [ 547147.07, 6591486.93 ], [ 547144.95, 6591486.35 ], [ 547142.78, 6591485.71 ], [ 547140.29, 6591485.0 ], [ 547137.8, 6591484.31 ], [ 547135.41, 6591483.64 ], [ 547132.92, 6591482.95 ], [ 547130.43, 6591482.25 ], [ 547127.94, 6591481.55 ], [ 547117.39, 6591478.61 ], [ 547105.76, 6591475.37 ], [ 546838.43, 6591402.51 ], [ 546746.45, 6591415.94 ], [ 546670.4, 6591441.53 ], [ 546623.86, 6591466.81 ], [ 546545.73, 6591491.71 ], [ 546529.88, 6591496.76 ], [ 546479.65, 6591501.21 ], [ 546449.37, 6591510.99 ], [ 546432.09, 6591529.28 ], [ 546411.25, 6591611.5 ], [ 546405.19, 6591638.07 ], [ 546406.93, 6591655.97 ], [ 546412.85, 6591674.07 ], [ 546434.33, 6591686.89 ] ] ] } },
{ "type": "Feature", "properties": { "park_id": "w859020458", "name": "Šoti park", "synthetic": "no" }, "geometry": { "type": "Polygon", "coordinates": [ [ [ 542514.06, 6589490.45 ], [ 542509.37, 6589511.82 ], [ 542508.11, 6589520.98 ], [ 542508.06, 6589527.8 ], [ 542509.59, 6589528.0 ], [ 542510.92, 6589528.63 ], [ 542511.99, 6589529.62 ], [ 542512.6, 6589530.58 ], [ 542512.96, 6589531.65 ], [ 542513.07, 6589532.97 ], [ 542512.83, 6589534.28 ], [ 542512.29, 6589535.39 ], [ 542511.48, 6589536.34 ], [ 542517.05, 6589535.57 ], [ 542530.8, 6589534.84 ], [ 542528.06, 6589522.77 ], [ 542525.97, 6589488.23 ], [ 542514.06, 6589490.45 ] ] ] } },
{ "type": "Feature", "properties": { "park_id": "w868844181", "name": "Mähe park", "synthetic": "no" }, "geometry": { "type": "Polygon", "coordinates": [ [ [ 549273.87, 6595181.03 ], [ 549316.16, 6595040.52 ], [ 549279.66, 6595029.64 ], [ 549236.35, 6595169.54 ], [ 549273.87, 6595181.03 ] ] ] } },
{ "type": "Feature", "properties": { "park_id": "w886272502", "name": null, "synthetic": "no" }, "geometry": { "type": "Polygon", "coordinates": [ [ [ 539046.79, 6583385.0 ], [ 539052.34, 6583357.64 ], [ 539051.38, 6583354.97 ], [ 539015.87, 6583343.16 ], [ 539009.77, 6583363.02 ], [ 539012.36, 6583363.82 ], [ 539016.6, 6583368.51 ], [ 539015.43, 6583375.36 ], [ 539046.79, 6583385.0 ] ] ] } },
{ "type": "Feature", "properties": { "park_id": "w886272512", "name": null, "synthetic": "no" }, "geometry": { "type": "Polygon", "coordinates": [ [ [ 538877.93, 6583295.16 ], [ 538871.37, 6583310.66 ], [ 538898.51, 6583336.59 ], [ 538914.72, 6583343.38 ], [ 538950.79, 6583355.85 ], [ 538965.4, 6583345.74 ], [ 538972.02, 6583324.93 ], [ 538877.93, 6583295.16 ] ] ] } },
{ "type": "Feature", "properties": { "park_id": "w904770370", "name": "Sõjakooli park", "synthetic": "no" }, "geometry": { "type": "Polygon", "coordinates": [ [ [ 540801.17, 6585279.17 ], [ 540800.38, 6585281.08 ], [ 540825.01, 6585303.31 ], [ 540870.73, 6585341.0 ], [ 540901.51, 6585298.03 ], [ 540874.77, 6585274.59 ], [ 540916.46, 6585222.22 ], [ 540918.86, 6585219.22 ], [ 540944.98, 6585221.38 ], [ 540903.22, 6585188.45 ], [ 540908.12, 6585183.69 ], [ 540888.18, 6585185.46 ], [ 540868.51, 6585204.24 ], [ 540866.59, 6585206.11 ], [ 540847.01, 6585230.24 ], [ 540827.7, 6585254.36 ], [ 540826.29, 6585256.25 ], [ 540823.02, 6585260.52 ], [ 540811.45, 6585275.12 ], [ 540809.36, 6585277.71 ], [ 540806.45, 6585277.81 ], [ 540803.74, 6585275.7 ], [ 540801.17, 6585279.17 ] ] ] } },
{ "type": "Feature", "properties": { "park_id": "w923839158", "name": "Tondiraba park", "synthetic": "no" }, "geometry": { "type": "Polygon", "coordinates": [ [ [ 548660.88, 6589951.72 ], [ 548648.77, 6589950.09 ], [ 548639.47, 6589942.92 ], [ 548627.45, 6589937.24 ], [ 548608.58, 6589930.2 ], [ 548577.86, 6589915.15 ], [ 548570.44, 6589912.39 ], [ 548558.73, 6589908.91 ], [ 548548.5, 6589906.6 ], [ 548540.99, 6589903.17 ], [ 548533.87, 6589896.98 ], [ 548525.98, 6589892.85 ], [ 548518.67, 6589890.39 ], [ 548510.76, 6589889.95 ], [ 548500.04, 6589891.26 ], [ 548391.63, 6589937.64 ], [ 548350.4, 6589921.75 ], [ 548320.07, 6589926.43 ], [ 548274.31, 6589933.49 ], [ 548265.0, 6589931.88 ], [ 548244.39, 6589923.45 ], [ 548236.03, 6589921.33 ], [ 548228.36, 6589920.77 ], [ 548218.48, 6589920.99 ], [ 548193.83, 6589924.71 ], [ 548149.95, 6589931.11 ], [ 548090.17, 6589939.81 ], [ 548062.88, 6589944.17 ], [ 548027.77, 6589930.47 ], [ 547989.12, 6590029.09 ], [ 547955.56, 6590074.42 ], [ 547870.87, 6590257.7 ], [ 547984.66, 6590246.28 ], [ 548023.16, 6590243.94 ], [ 548055.34, 6590243.83 ], [ 548084.78, 6590243.83 ], [ 548093.16, 6590243.93 ], [ 548105.51, 6590243.0 ], [ 548119.04, 6590238.47 ], [ 548132.81, 6590238.37 ], [ 548161.26, 6590248.1 ], [ 548186.53, 6590249.4 ], [ 548205.12, 6590247.82 ], [ 548218.12, 6590247.24 ], [ 548238.37, 6590252.95 ], [ 548259.21, 6590253.48 ], [ 548276.1, 6590255.69 ], [ 548357.2, 6590286.26 ], [ 548489.73, 6590336.66 ], [ 548520.45, 6590348.36 ], [ 548524.57, 6590338.18 ], [ 548526.51, 6590333.68 ], [ 548589.22, 6590182.55 ], [ 548641.21, 6590056.86 ], [ 548942.55, 6590182.63 ], [ 548969.65, 6590127.59 ], [ 548970.34, 6590126.18 ], [ 548986.77, 6590092.82 ], [ 548694.15, 6589968.61 ], [ 548674.33, 6589953.51 ], [ 548660.88, 6589951.72 ] ] ] } },
{ "type": "Feature", "properties": { "park_id": "w951483423", "name": "Kirikukopli park", "synthetic": "no" }, "geometry": { "type": "Polygon", "coordinates": [ [ [ 552348.73, 6580331.78 ], [ 552343.43, 6580338.46 ], [ 552337.07, 6580336.61 ], [ 552328.53, 6580344.8 ], [ 552333.03, 6580347.8 ], [ 552335.66, 6580348.76 ], [ 552362.03, 6580359.36 ], [ 552439.7, 6580475.48 ], [ 552442.91, 6580501.42 ], [ 552488.83, 6580498.01 ], [ 552488.62, 6580477.94 ], [ 552517.61, 6580467.49 ], [ 552539.37, 6580441.25 ], [ 552542.84, 6580424.95 ], [ 552544.79, 6580400.87 ], [ 552520.04, 6580396.42 ], [ 552491.72, 6580382.02 ], [ 552491.5, 6580327.48 ], [ 552469.25, 6580271.35 ], [ 552449.37, 6580272.19 ], [ 552411.57, 6580273.77 ], [ 552408.43, 6580273.91 ], [ 552374.38, 6580266.06 ], [ 552375.66, 6580277.93 ], [ 552377.89, 6580281.33 ], [ 552380.41, 6580287.85 ], [ 552380.69, 6580291.01 ], [ 552380.61, 6580293.97 ], [ 552378.88, 6580298.36 ], [ 552372.41, 6580308.79 ], [ 552370.67, 6580310.48 ], [ 552367.98, 6580312.1 ], [ 552352.4, 6580315.33 ], [ 552347.76, 6580321.96 ], [ 552348.73, 6580331.78 ] ] ] } },
{ "type": "Feature", "properties": { "park_id": "w967054936", "name": null, "synthetic": "no" }, "geometry": { "type": "Polygon", "coordinates": [ [ [ 550190.66, 6594937.72 ], [ 550219.02, 6594937.0 ], [ 550214.73, 6594894.47 ], [ 550181.68, 6594897.72 ], [ 550176.39, 6594933.77 ], [ 550190.66, 6594937.72 ] ] ] } },
{ "type": "Feature", "properties": { "park_id": "w967630515", "name": "Peetri uus park", "synthetic": "no" }, "geometry": { "type": "Polygon", "coordinates": [ [ [ 545426.43, 6585093.23 ], [ 545429.81, 6585091.46 ], [ 545473.38, 6585068.34 ], [ 545439.66, 6585003.23 ], [ 545451.22, 6584984.95 ], [ 545449.99, 6584982.12 ], [ 545421.3, 6584965.34 ], [ 545412.61, 6584922.32 ], [ 545414.14, 6584912.13 ], [ 545413.89, 6584902.22 ], [ 545400.82, 6584898.82 ], [ 545395.84, 6584869.59 ], [ 545364.52, 6584882.61 ], [ 545352.93, 6584887.41 ], [ 545345.55, 6584890.46 ], [ 545339.97, 6584892.77 ], [ 545263.23, 6584923.63 ], [ 545293.13, 6584977.29 ], [ 545374.51, 6585100.83 ], [ 545384.25, 6585115.61 ], [ 545426.43, 6585093.23 ] ] ] } },
{ "type": "Feature", "properties": { "park_id": "w1061028269", "name": null, "synthetic": "no" }, "geometry": { "type": "Polygon", "coordinates": [ [ [ 550331.56, 6590387.34 ], [ 550329.77, 6590396.63 ], [ 550329.81, 6590401.67 ], [ 550336.2, 6590404.3 ], [ 550350.79, 6590410.28 ], [ 550404.9, 6590431.78 ], [ 550514.28, 6590474.92 ], [ 550528.8, 6590422.24 ], [ 550492.14, 6590428.7 ], [ 550417.79, 6590397.24 ], [ 550350.23, 6590368.65 ], [ 550342.74, 6590372.86 ], [ 550335.67, 6590379.8 ], [ 550331.56, 6590387.34 ] ] ] } },
{ "type": "Feature", "properties": { "park_id": "w1133262138", "name": "Telliskivi Park", "synthetic": "no" }, "geometry": { "type": "Polygon", "coordinates": [ [ [ 541562.56, 6589332.52 ], [ 541542.41, 6589363.99 ], [ 541542.31, 6589366.57 ], [ 541622.1, 6589369.49 ], [ 541634.39, 6589349.96 ], [ 541526.61, 6589278.95 ], [ 541525.27, 6589280.96 ], [ 541516.06, 6589294.85 ], [ 541511.93, 6589301.34 ], [ 541562.56, 6589332.52 ] ] ] } },
{ "type": "Feature", "properties": { "park_id": "w1134118565", "name": "Tallinna vana juudi kalmistu", "synthetic": "no" }, "geometry": { "type": "Polygon", "coordinates": [ [ [ 542856.64, 6587604.7 ], [ 542860.52, 6587606.98 ], [ 542889.1, 6587580.88 ], [ 542891.54, 6587578.64 ], [ 542906.59, 6587564.9 ], [ 542916.14, 6587520.03 ], [ 542869.88, 6587513.85 ], [ 542858.32, 6587554.23 ], [ 542857.85, 6587557.93 ], [ 542857.53, 6587560.54 ], [ 542855.91, 6587573.47 ], [ 542852.21, 6587602.07 ], [ 542856.64, 6587604.7 ] ] ] } },
{ "type": "Feature", "properties": { "park_id": "w1134735907", "name": null, "synthetic": "no" }, "geometry": { "type": "Polygon", "coordinates": [ [ [ 539774.39, 6584920.45 ], [ 539771.12, 6584923.8 ], [ 539768.04, 6584926.96 ], [ 539722.21, 6584983.3 ], [ 539749.43, 6584997.43 ], [ 539759.42, 6585006.83 ], [ 539763.69, 6585002.3 ], [ 539771.32, 6584994.23 ], [ 539786.26, 6584988.07 ], [ 539790.35, 6584997.79 ], [ 539794.42, 6585007.65 ], [ 539798.35, 6585016.81 ], [ 539804.69, 6585031.9 ], [ 539805.05, 6585032.75 ], [ 539806.25, 6585035.62 ], [ 539809.5, 6585039.59 ], [ 539867.36, 6585000.38 ], [ 539891.66, 6584953.38 ], [ 539850.84, 6584925.05 ], [ 539843.84, 6584924.22 ], [ 539838.5, 6584924.92 ], [ 539780.98, 6584901.96 ], [ 539774.39, 6584920.45 ] ] ] } },
{ "type": "Feature", "properties": { "park_id": "w1138034776", "name": null, "synthetic": "no" }, "geometry": { "type": "Polygon", "coordinates": [ [ [ 552916.59, 6593654.01 ], [ 552974.89, 6593618.6 ], [ 552980.19, 6593622.4 ], [ 553025.5, 6593595.6 ], [ 553046.15, 6593594.51 ], [ 553043.1, 6593548.61 ], [ 552997.16, 6593549.76 ], [ 552975.61, 6593562.0 ], [ 552945.72, 6593560.21 ], [ 552946.46, 6593599.25 ], [ 552909.01, 6593600.8 ], [ 552927.33, 6593632.96 ], [ 552891.85, 6593653.53 ], [ 552875.41, 6593664.03 ], [ 552886.44, 6593681.06 ], [ 552891.77, 6593678.1 ], [ 552911.73, 6593681.8 ], [ 552916.59, 6593654.01 ] ] ] } },
{ "type": "Feature", "properties": { "park_id": "w1138034781", "name": null, "synthetic": "no" }, "geometry": { "type": "Polygon", "coordinates": [ [ [ 552380.29, 6593788.58 ], [ 552377.26, 6593768.46 ], [ 552400.8, 6593750.29 ], [ 552388.51, 6593739.68 ], [ 552372.66, 6593756.24 ], [ 552362.54, 6593760.86 ], [ 552349.57, 6593771.32 ], [ 552380.29, 6593788.58 ] ] ] } },
{ "type": "Feature", "properties": { "park_id": "w1138034786", "name": null, "synthetic": "no" }, "geometry": { "type": "Polygon", "coordinates": [ [ [ 552776.32, 6593306.13 ], [ 552782.76, 6593302.14 ], [ 552790.55, 6593304.45 ], [ 552789.81, 6593321.16 ], [ 552793.92, 6593321.92 ], [ 552794.66, 6593301.7 ], [ 552792.82, 6593299.67 ], [ 552801.86, 6593291.58 ], [ 552796.17, 6593284.75 ], [ 552771.2, 6593296.47 ], [ 552770.94, 6593300.87 ], [ 552776.32, 6593306.13 ] ] ] } },
{ "type": "Feature", "properties": { "park_id": "w1141594727", "name": null, "synthetic": "no" }, "geometry": { "type": "Polygon", "coordinates": [ [ [ 541605.59, 6590396.53 ], [ 541606.78, 6590398.22 ], [ 541607.06, 6590398.61 ], [ 541607.44, 6590399.15 ], [ 541616.51, 6590411.95 ], [ 541629.79, 6590405.52 ], [ 541629.72, 6590398.22 ], [ 541616.02, 6590390.67 ], [ 541615.54, 6590390.41 ], [ 541615.08, 6590390.15 ], [ 541609.47, 6590387.07 ], [ 541605.59, 6590396.53 ] ] ] } },
{ "type": "Feature", "properties": { "park_id": "w1148474387", "name": null, "synthetic": "no" }, "geometry": { "type": "Polygon", "coordinates": [ [ [ 544249.17, 6589144.92 ], [ 544226.05, 6589151.95 ], [ 544235.63, 6589183.37 ], [ 544258.76, 6589176.34 ], [ 544249.17, 6589144.92 ] ] ] } },
{ "type": "Feature", "properties": { "park_id": "w1175176500", "name": "Hiiu lõvi park", "synthetic": "no" }, "geometry": { "type": "Polygon", "coordinates": [ [ [ 538010.25, 6583227.32 ], [ 538014.1, 6583227.49 ], [ 538017.94, 6583226.69 ], [ 538021.02, 6583224.92 ], [ 538035.31, 6583214.15 ], [ 538040.05, 6583115.11 ], [ 538063.95, 6583089.44 ], [ 538041.83, 6583073.93 ], [ 538033.48, 6583070.31 ], [ 538025.77, 6583114.42 ], [ 538013.87, 6583115.15 ], [ 537984.93, 6583219.95 ], [ 538010.25, 6583227.32 ] ] ] } },
{ "type": "Feature", "properties": { "park_id": "w1187266490", "name": "Tildri jaapanipärane minimets", "synthetic": "no" }, "geometry": { "type": "Polygon", "coordinates": [ [ [ 539460.62, 6586346.74 ], [ 539446.92, 6586312.22 ], [ 539333.25, 6586361.31 ], [ 539347.87, 6586395.04 ], [ 539460.62, 6586346.74 ] ] ] } },
{ "type": "Feature", "properties": { "park_id": "w1206406552", "name": "Seli metsa perepark", "synthetic": "no" }, "geometry": { "type": "Polygon", "coordinates": [ [ [ 550606.91, 6590015.55 ], [ 550655.33, 6590036.77 ], [ 550681.15, 6590048.09 ], [ 550690.38, 6590046.6 ], [ 550739.12, 6590011.34 ], [ 550739.41, 6590006.37 ], [ 550733.12, 6590003.24 ], [ 550744.47, 6589975.31 ], [ 550752.09, 6589978.26 ], [ 550760.97, 6589956.76 ], [ 550803.6, 6589974.66 ], [ 550822.26, 6589959.77 ], [ 550837.84, 6589963.55 ], [ 550826.68, 6589899.8 ], [ 550812.85, 6589893.98 ], [ 550783.91, 6589880.98 ], [ 550778.89, 6589880.78 ], [ 550777.39, 6589884.29 ], [ 550771.9, 6589881.9 ], [ 550776.03, 6589872.53 ], [ 550768.11, 6589867.14 ], [ 550773.07, 6589855.0 ], [ 550766.41, 6589851.69 ], [ 550772.14, 6589838.75 ], [ 550715.09, 6589816.65 ], [ 550677.16, 6589911.5 ], [ 550671.58, 6589923.18 ], [ 550614.54, 6589968.98 ], [ 550598.89, 6590003.83 ], [ 550606.91, 6590015.55 ] ] ] } },
{ "type": "Feature", "properties": { "park_id": "w1213289560", "name": "Kopli liinide rannapromenaad", "synthetic": "no" }, "geometry": { "type": "Polygon", "coordinates": [ [ [ 538290.69, 6591940.58 ], [ 538324.76, 6591948.24 ], [ 538351.56, 6591956.49 ], [ 538390.19, 6591968.41 ], [ 538424.47, 6591978.78 ], [ 538442.43, 6591986.33 ], [ 538490.37, 6592005.86 ], [ 538492.81, 6591969.99 ], [ 538493.33, 6591962.4 ], [ 538485.04, 6591932.47 ], [ 538480.21, 6591933.66 ], [ 538454.62, 6591940.4 ], [ 538450.69, 6591925.19 ], [ 538391.59, 6591941.78 ], [ 538389.25, 6591933.29 ], [ 538368.03, 6591939.15 ], [ 538361.97, 6591917.32 ], [ 538334.78, 6591924.89 ], [ 538302.74, 6591933.76 ], [ 538298.84, 6591920.19 ], [ 538279.81, 6591925.88 ], [ 538274.39, 6591906.43 ], [ 538286.0, 6591903.21 ], [ 538282.79, 6591892.22 ], [ 538268.07, 6591899.05 ], [ 538254.69, 6591932.12 ], [ 538290.69, 6591940.58 ] ] ] } },
{ "type": "Feature", "properties": { "park_id": "w1277649657", "name": null, "synthetic": "no" }, "geometry": { "type": "Polygon", "coordinates": [ [ [ 537581.23, 6583529.33 ], [ 537618.56, 6583530.91 ], [ 537620.94, 6583529.49 ], [ 537620.34, 6583527.73 ], [ 537614.34, 6583525.92 ], [ 537605.41, 6583519.9 ], [ 537597.96, 6583517.32 ], [ 537585.79, 6583515.53 ], [ 537568.97, 6583512.76 ], [ 537536.78, 6583507.36 ], [ 537516.85, 6583504.58 ], [ 537510.68, 6583503.22 ], [ 537526.28, 6583528.79 ], [ 537581.23, 6583529.33 ] ] ] } },
{ "type": "Feature", "properties": { "park_id": "w1277649658", "name": null, "synthetic": "no" }, "geometry": { "type": "Polygon", "coordinates": [ [ [ 537521.4, 6583528.66 ], [ 537507.02, 6583503.79 ], [ 537484.34, 6583523.35 ], [ 537521.4, 6583528.66 ] ] ] } },
{ "type": "Feature", "properties": { "park_id": "w1361716750", "name": "Krulli park", "synthetic": "no" }, "geometry": { "type": "Polygon", "coordinates": [ [ [ 541007.15, 6589970.62 ], [ 540985.78, 6589947.46 ], [ 540990.96, 6589942.74 ], [ 540959.11, 6589909.82 ], [ 540932.69, 6589932.26 ], [ 540979.4, 6589992.19 ], [ 541007.15, 6589970.62 ] ] ] } },
{ "type": "Feature", "properties": { "park_id": "w1415870379", "name": "Hiie park", "synthetic": "no" }, "geometry": { "type": "Polygon", "coordinates": [ [ [ 548396.63, 6591214.29 ], [ 548396.14, 6591217.19 ], [ 548396.24, 6591219.07 ], [ 548397.38, 6591229.65 ], [ 548398.22, 6591235.57 ], [ 548398.9, 6591240.39 ], [ 548400.42, 6591252.83 ], [ 548401.98, 6591266.11 ], [ 548402.96, 6591276.08 ], [ 548403.72, 6591285.38 ], [ 548404.31, 6591295.45 ], [ 548404.33, 6591299.81 ], [ 548404.1, 6591302.84 ], [ 548403.64, 6591306.39 ], [ 548402.95, 6591309.5 ], [ 548401.93, 6591313.79 ], [ 548402.1, 6591329.32 ], [ 548403.08, 6591328.62 ], [ 548404.22, 6591327.77 ], [ 548405.39, 6591327.46 ], [ 548406.48, 6591327.37 ], [ 548408.1, 6591327.67 ], [ 548409.36, 6591328.07 ], [ 548409.95, 6591328.67 ], [ 548410.46, 6591329.82 ], [ 548411.2, 6591332.25 ], [ 548411.7, 6591335.15 ], [ 548412.02, 6591337.92 ], [ 548412.25, 6591339.08 ], [ 548412.92, 6591339.94 ], [ 548413.88, 6591340.54 ], [ 548415.28, 6591340.64 ], [ 548416.36, 6591340.45 ], [ 548417.32, 6591340.21 ], [ 548418.43, 6591339.7 ], [ 548419.16, 6591339.72 ], [ 548420.26, 6591339.84 ], [ 548421.07, 6591339.63 ], [ 548422.89, 6591338.94 ], [ 548424.57, 6591338.26 ], [ 548425.17, 6591337.7 ], [ 548425.56, 6591336.78 ], [ 548425.48, 6591335.56 ], [ 548424.91, 6591333.22 ], [ 548424.16, 6591328.76 ], [ 548424.22, 6591327.66 ], [ 548424.44, 6591326.82 ], [ 548425.3, 6591326.26 ], [ 548426.03, 6591326.05 ], [ 548427.22, 6591326.12 ], [ 548428.38, 6591326.62 ], [ 548431.08, 6591327.63 ], [ 548433.17, 6591329.05 ], [ 548434.83, 6591329.96 ], [ 548436.13, 6591330.15 ], [ 548437.82, 6591329.9 ], [ 548440.21, 6591328.99 ], [ 548443.56, 6591327.39 ], [ 548445.34, 6591326.86 ], [ 548448.57, 6591326.65 ], [ 548450.22, 6591326.69 ], [ 548450.17, 6591323.28 ], [ 548450.28, 6591315.83 ], [ 548450.29, 6591312.32 ], [ 548449.65, 6591312.37 ], [ 548448.77, 6591312.23 ], [ 548448.22, 6591310.74 ], [ 548447.62, 6591308.56 ], [ 548446.94, 6591305.29 ], [ 548446.4, 6591302.26 ], [ 548445.66, 6591297.39 ], [ 548445.16, 6591292.01 ], [ 548444.74, 6591284.96 ], [ 548444.65, 6591279.96 ], [ 548444.73, 6591273.44 ], [ 548444.74, 6591270.95 ], [ 548444.75, 6591268.2 ], [ 548444.76, 6591266.7 ], [ 548444.83, 6591262.34 ], [ 548445.02, 6591253.14 ], [ 548445.1, 6591249.36 ], [ 548445.22, 6591246.45 ], [ 548445.16, 6591244.92 ], [ 548444.98, 6591242.97 ], [ 548444.75, 6591241.49 ], [ 548444.47, 6591240.15 ], [ 548444.09, 6591238.54 ], [ 548443.43, 6591235.95 ], [ 548442.87, 6591233.17 ], [ 548442.58, 6591231.09 ], [ 548442.42, 6591228.77 ], [ 548442.3, 6591225.06 ], [ 548442.21, 6591223.03 ], [ 548442.13, 6591217.53 ], [ 548442.18, 6591214.55 ], [ 548442.06, 6591213.87 ], [ 548441.55, 6591212.72 ], [ 548440.9, 6591211.62 ], [ 548440.18, 6591211.01 ], [ 548438.99, 6591210.51 ], [ 548437.27, 6591210.15 ], [ 548434.59, 6591209.88 ], [ 548423.74, 6591210.44 ], [ 548419.17, 6591210.64 ], [ 548412.67, 6591211.16 ], [ 548405.78, 6591211.83 ], [ 548400.85, 6591212.46 ], [ 548398.63, 6591212.76 ], [ 548397.73, 6591212.95 ], [ 548397.43, 6591213.17 ], [ 548397.2, 6591213.42 ], [ 548396.63, 6591214.29 ] ] ] } },
{ "type": "Feature", "properties": { "park_id": "w1433773249", "name": "Pirita keskpark", "synthetic": "no" }, "geometry": { "type": "Polygon", "coordinates": [ [ [ 547325.14, 6592515.11 ], [ 547324.3, 6592513.13 ], [ 547319.59, 6592514.09 ], [ 547314.63, 6592515.12 ], [ 547306.27, 6592516.91 ], [ 547304.07, 6592517.39 ], [ 547290.38, 6592520.34 ], [ 547290.83, 6592522.49 ], [ 547291.35, 6592525.83 ], [ 547292.38, 6592529.58 ], [ 547294.19, 6592535.75 ], [ 547294.96, 6592538.03 ], [ 547296.23, 6592541.51 ], [ 547297.36, 6592544.28 ], [ 547298.77, 6592546.93 ], [ 547299.65, 6592548.57 ], [ 547301.61, 6592551.25 ], [ 547302.48, 6592552.45 ], [ 547303.75, 6592553.71 ], [ 547305.99, 6592556.14 ], [ 547306.61, 6592556.49 ], [ 547309.03, 6592558.74 ], [ 547311.12, 6592560.54 ], [ 547312.59, 6592561.49 ], [ 547313.82, 6592562.12 ], [ 547316.92, 6592563.38 ], [ 547319.26, 6592563.9 ], [ 547322.96, 6592564.44 ], [ 547327.27, 6592565.1 ], [ 547333.15, 6592566.18 ], [ 547337.33, 6592566.85 ], [ 547341.68, 6592567.56 ], [ 547346.88, 6592568.27 ], [ 547350.29, 6592568.62 ], [ 547352.66, 6592568.8 ], [ 547360.82, 6592567.98 ], [ 547361.33, 6592567.3 ], [ 547362.15, 6592565.89 ], [ 547362.64, 6592565.13 ], [ 547362.95, 6592563.59 ], [ 547363.04, 6592559.89 ], [ 547363.15, 6592557.64 ], [ 547363.69, 6592555.17 ], [ 547364.05, 6592552.75 ], [ 547364.57, 6592550.81 ], [ 547364.91, 6592549.0 ], [ 547365.23, 6592543.41 ], [ 547365.21, 6592540.77 ], [ 547365.35, 6592538.81 ], [ 547365.26, 6592537.79 ], [ 547364.37, 6592534.66 ], [ 547363.24, 6592531.66 ], [ 547358.33, 6592523.08 ], [ 547358.35, 6592515.54 ], [ 547325.14, 6592515.11 ] ] ] } },
{ "type": "Feature", "properties": { "park_id": "w1467127609", "name": null, "synthetic": "no" }, "geometry": { "type": "Polygon", "coordinates": [ [ [ 539283.48, 6590553.11 ], [ 539283.32, 6590554.77 ], [ 539304.32, 6590569.57 ], [ 539318.66, 6590581.05 ], [ 539323.56, 6590582.23 ], [ 539325.83, 6590582.14 ], [ 539333.02, 6590573.47 ], [ 539335.24, 6590570.63 ], [ 539346.64, 6590556.03 ], [ 539337.56, 6590547.33 ], [ 539308.64, 6590526.42 ], [ 539304.55, 6590525.46 ], [ 539301.93, 6590524.82 ], [ 539283.48, 6590553.11 ] ] ] } },
{ "type": "Feature", "properties": { "park_id": "w1484275410", "name": null, "synthetic": "no" }, "geometry": { "type": "Polygon", "coordinates": [ [ [ 536170.64, 6585471.74 ], [ 536237.04, 6585466.03 ], [ 536245.07, 6585466.27 ], [ 536237.31, 6585390.11 ], [ 536163.84, 6585396.49 ], [ 536168.76, 6585470.05 ], [ 536170.15, 6585469.92 ], [ 536170.64, 6585471.74 ] ] ] } },
{ "type": "Feature", "properties": { "park_id": "probe_edge", "name": "Probe: west edge on the grid line x=540000", "synthetic": "yes" }, "geometry": { "type": "Polygon", "coordinates": [ [ [ 540000.0, 6588200.0 ], [ 540000.0, 6588600.0 ], [ 540400.0, 6588600.0 ], [ 540400.0, 6588200.0 ], [ 540000.0, 6588200.0 ] ] ] } },
{ "type": "Feature", "properties": { "park_id": "probe_corner", "name": "Probe: south-west corner on the grid node (541000, 6589000)", "synthetic": "yes" }, "geometry": { "type": "Polygon", "coordinates": [ [ [ 541000.0, 6589000.0 ], [ 541000.0, 6589300.0 ], [ 541300.0, 6589300.0 ], [ 541300.0, 6589000.0 ], [ 541000.0, 6589000.0 ] ] ] } },
{ "type": "Feature", "properties": { "park_id": "probe_multipart_one_cell", "name": "Probe: three parts inside a single cell", "synthetic": "yes" }, "geometry": { "type": "MultiPolygon", "coordinates": [ [ [ [ 543100.0, 6590100.0 ], [ 543100.0, 6590300.0 ], [ 543300.0, 6590300.0 ], [ 543300.0, 6590100.0 ], [ 543100.0, 6590100.0 ] ] ], [ [ [ 543400.0, 6590400.0 ], [ 543400.0, 6590600.0 ], [ 543600.0, 6590600.0 ], [ 543600.0, 6590400.0 ], [ 543400.0, 6590400.0 ] ] ], [ [ [ 543700.0, 6590700.0 ], [ 543700.0, 6590900.0 ], [ 543900.0, 6590900.0 ], [ 543900.0, 6590700.0 ], [ 543700.0, 6590700.0 ] ] ] ] } },
{ "type": "Feature", "properties": { "park_id": "probe_multipart_spanning", "name": "Probe: four parts, two of them in the same cell", "synthetic": "yes" }, "geometry": { "type": "MultiPolygon", "coordinates": [ [ [ [ 545100.0, 6592100.0 ], [ 545100.0, 6592400.0 ], [ 545400.0, 6592400.0 ], [ 545400.0, 6592100.0 ], [ 545100.0, 6592100.0 ] ] ], [ [ [ 545600.0, 6592600.0 ], [ 545600.0, 6592900.0 ], [ 545900.0, 6592900.0 ], [ 545900.0, 6592600.0 ], [ 545600.0, 6592600.0 ] ] ], [ [ [ 546100.0, 6593100.0 ], [ 546100.0, 6593400.0 ], [ 546400.0, 6593400.0 ], [ 546400.0, 6593100.0 ], [ 546100.0, 6593100.0 ] ] ], [ [ [ 546600.0, 6592100.0 ], [ 546600.0, 6592400.0 ], [ 546900.0, 6592400.0 ], [ 546900.0, 6592100.0 ], [ 546600.0, 6592100.0 ] ] ] ] } }
]
}
