{
"type": "FeatureCollection",
"name": "saare_maakond",
"crs": { "type": "name", "properties": { "name": "urn:ogc:def:crs:EPSG::3301" } },
"xy_coordinate_resolution": 0.01,
"features": [
{ "type": "Feature", "properties": { "county_id": "0074", "name": "Saare maakond" }, "geometry": { "type": "MultiPolygon", "coordinates": [ [ [ [ 456704.99, 6404492.51 ], [ 456670.5, 6404495.79 ], [ 456673.18, 6404503.79 ], [ 456704.99, 6404492.51 ] ] ], [ [ [ 455184.05, 6405004.1 ], [ 455174.07, 6404991.09 ], [ 455170.37, 6405002.57 ], [ 455184.05, 6405004.1 ] ] ], [ [ [ 453924.91, 6405395.05 ], [ 453953.58, 6405390.52 ], [ 453960.79, 6405382.33 ], [ 453924.91, 6405395.05 ] ] ], [ [ [ 453903.91, 6405405.86 ], [ 453894.21, 6405394.3 ], [ 453868.36, 6405402.97 ], [ 453903.91, 6405405.86 ] ] ], [ [ [ 453378.54, 6405612.27 ], [ 453350.71, 6405596.45 ], [ 453335.78, 6405620.34 ], [ 453378.54, 6405612.27 ] ] ], [ [ [ 453315.64, 6405725.35 ], [ 453296.36, 6405710.4 ], [ 453299.27, 6405730.52 ], [ 453315.64, 6405725.35 ] ] ], [ [ [ 453535.27, 6405987.88 ], [ 453528.12, 6405986.57 ], [ 453539.45, 6406001.44 ], [ 453535.27, 6405987.88 ] ] ], [ [ [ 453558.59, 6406027.53 ], [ 453543.44, 6406017.81 ], [ 453558.23, 6406029.86 ], [ 453558.59, 6406027.53 ] ] ], [ [ [ 453529.83, 6406252.17 ], [ 453547.66, 6406250.08 ], [ 453539.53, 6406242.95 ], [ 453529.83, 6406252.17 ] ] ], [ [ [ 453533.37, 6406333.03 ], [ 453523.49, 6406334.77 ], [ 453524.43, 6406340.55 ], [ 453533.37, 6406333.03 ] ] ], [ [ [ 453453.72, 6406358.82 ], [ 453470.52, 6406381.85 ], [ 453473.99, 6406371.55 ], [ 453453.72, 6406358.82 ] ] ], [ [ [ 453422.29, 6406398.51 ], [ 453394.83, 6406409.37 ], [ 453398.97, 6406433.44 ], [ 453408.84, 6406428.03 ], [ 453422.29, 6406398.51 ] ] ], [ [ [ 453311.84, 6406491.69 ], [ 453364.14, 6406480.35 ], [ 453373.23, 6406471.72 ], [ 453332.13, 6406474.87 ], [ 453296.06, 6406500.26 ], [ 453288.51, 6406524.01 ], [ 453308.4, 6406538.42 ], [ 453311.84, 6406491.69 ] ] ], [ [ [ 453326.2, 6406782.52 ], [ 453312.72, 6406765.39 ], [ 453316.12, 6406794.88 ], [ 453326.2, 6406782.52 ] ] ], [ [ [ 453013.36, 6406852.96 ], [ 453037.87, 6406853.2 ], [ 453022.16, 6406839.42 ], [ 453013.36, 6406852.96 ] ] ], [ [ [ 453047.36, 6406890.01 ], [ 453167.44, 6406886.41 ], [ 453093.45, 6406795.58 ], [ 453047.36, 6406890.01 ] ] ], [ [ [ 453274.16, 6406985.15 ], [ 453266.96, 6406978.57 ], [ 453267.39, 6406986.51 ], [ 453274.16, 6406985.15 ] ] ], [ [ [ 453344.23, 6407782.3 ], [ 453319.9, 6407774.62 ], [ 453341.95, 6407798.74 ], [ 453344.23, 6407782.3 ] ] ], [ [ [ 453237.76, 6408848.42 ], [ 453239.19, 6408828.34 ], [ 453217.29, 6408830.77 ], [ 453237.76, 6408848.42 ] ] ], [ [ [ 453716.23, 6409121.3 ], [ 453711.98, 6409141.18 ], [ 453722.43, 6409119.18 ], [ 453716.23, 6409121.3 ] ] ], [ [ [ 454397.04, 6409502.37 ], [ 454477.82, 6409430.86 ], [ 454426.69, 6409263.02 ], [ 454489.87, 6409232.41 ], [ 454507.31, 6409140.41 ], [ 454725.34, 6409065.1 ], [ 454821.99, 6408967.23 ], [ 455217.05, 6408770.2 ], [ 455254.22, 6408710.69 ], [ 455646.9, 6408485.37 ], [ 456401.74, 6407689.04 ], [ 456639.48, 6407334.79 ], [ 456755.96, 6407037.78 ], [ 456836.04, 6406545.2 ], [ 456768.44, 6406184.42 ], [ 456786.93, 6405863.26 ], [ 456867.5, 6405603.92 ], [ 456819.39, 6405298.39 ], [ 456568.55, 6404891.1 ], [ 456670.95, 6404505.95 ], [ 456589.49, 6404765.14 ], [ 456515.67, 6404737.78 ], [ 456567.39, 6404608.65 ], [ 456605.84, 6404607.28 ], [ 456612.96, 6404551.85 ], [ 456575.68, 6404594.94 ], [ 456562.92, 6404550.33 ], [ 456667.4, 6404448.56 ], [ 456591.94, 6404468.33 ], [ 456552.69, 6404537.02 ], [ 456379.72, 6404547.37 ], [ 456274.67, 6404771.12 ], [ 456260.77, 6404684.47 ], [ 456179.29, 6404716.32 ], [ 456168.84, 6404636.69 ], [ 456077.42, 6404602.73 ], [ 455989.94, 6404638.08 ], [ 455895.96, 6404514.65 ], [ 455804.51, 6404553.69 ], [ 455661.79, 6404853.56 ], [ 455492.4, 6404776.24 ], [ 455479.3, 6404734.85 ], [ 455441.16, 6404757.55 ], [ 455347.18, 6404722.42 ], [ 455298.04, 6404669.42 ], [ 455310.34, 6404840.31 ], [ 455245.8, 6404909.34 ], [ 455268.32, 6404995.83 ], [ 455233.57, 6405122.02 ], [ 455182.49, 6405129.71 ], [ 455178.67, 6405164.52 ], [ 455090.12, 6405124.39 ], [ 455070.74, 6405268.91 ], [ 454940.61, 6405308.81 ], [ 454955.23, 6405188.49 ], [ 454775.63, 6405095.99 ], [ 454726.74, 6405115.43 ], [ 454799.3, 6405296.78 ], [ 454750.97, 6405377.18 ], [ 454770.0, 6405486.65 ], [ 454733.04, 6405509.42 ], [ 454765.46, 6405529.78 ], [ 454677.9, 6405581.26 ], [ 454583.77, 6405522.13 ], [ 454522.01, 6405530.63 ], [ 454524.91, 6405472.08 ], [ 454422.27, 6405387.45 ], [ 454331.58, 6405359.22 ], [ 454307.11, 6405393.0 ], [ 454266.73, 6405336.95 ], [ 454138.08, 6405363.32 ], [ 454162.25, 6405295.06 ], [ 454085.11, 6405229.48 ], [ 454083.48, 6405168.53 ], [ 453990.59, 6405143.28 ], [ 453997.22, 6405183.2 ], [ 453913.75, 6405110.31 ], [ 454033.44, 6405337.65 ], [ 453956.01, 6405428.06 ], [ 453781.9, 6405413.85 ], [ 453688.62, 6405339.43 ], [ 453643.67, 6405400.71 ], [ 453497.77, 6405386.73 ], [ 453433.2, 6405427.36 ], [ 453337.87, 6405340.73 ], [ 453419.9, 6405495.28 ], [ 453534.63, 6405514.91 ], [ 453520.59, 6405570.69 ], [ 453431.3, 6405588.33 ], [ 453431.35, 6405646.75 ], [ 453365.05, 6405675.89 ], [ 453466.35, 6405696.67 ], [ 453539.73, 6405767.52 ], [ 453536.29, 6405950.28 ], [ 453580.04, 6405938.71 ], [ 453619.91, 6406028.9 ], [ 453540.69, 6406084.42 ], [ 453648.08, 6406118.65 ], [ 453635.67, 6406199.93 ], [ 453594.68, 6406184.62 ], [ 453519.22, 6406298.67 ], [ 453559.55, 6406322.63 ], [ 453557.71, 6406376.65 ], [ 453464.12, 6406432.06 ], [ 453458.11, 6406425.91 ], [ 453466.62, 6406421.67 ], [ 453469.3, 6406400.42 ], [ 453436.21, 6406443.05 ], [ 453454.42, 6406463.86 ], [ 453378.56, 6406471.07 ], [ 453257.76, 6406618.26 ], [ 453282.64, 6406671.67 ], [ 453384.19, 6406673.02 ], [ 453346.47, 6406744.74 ], [ 453441.9, 6406800.8 ], [ 453398.03, 6406844.29 ], [ 453453.14, 6406875.86 ], [ 453390.81, 6406896.59 ], [ 453285.63, 6406777.3 ], [ 453277.39, 6406972.5 ], [ 453331.21, 6406984.15 ], [ 453204.59, 6407038.81 ], [ 453244.95, 6407112.09 ], [ 453136.52, 6407119.63 ], [ 453107.31, 6407237.03 ], [ 453159.08, 6407322.52 ], [ 453135.98, 6407417.02 ], [ 453204.24, 6407444.42 ], [ 453164.81, 6407515.89 ], [ 453178.71, 6407663.81 ], [ 453252.37, 6407743.04 ], [ 453350.97, 6407700.46 ], [ 453483.4, 6407828.49 ], [ 453645.02, 6407824.28 ], [ 453674.82, 6407875.44 ], [ 453720.96, 6407866.1 ], [ 453783.69, 6407984.42 ], [ 453791.57, 6408109.28 ], [ 453868.44, 6408172.26 ], [ 453837.17, 6408243.73 ], [ 453724.29, 6408252.6 ], [ 453699.18, 6408322.32 ], [ 453593.45, 6408320.44 ], [ 453591.29, 6408370.91 ], [ 453525.18, 6408379.34 ], [ 453479.96, 6408444.96 ], [ 453466.9, 6408488.0 ], [ 453535.1, 6408514.3 ], [ 453506.43, 6408588.22 ], [ 453617.54, 6408519.07 ], [ 453710.89, 6408578.59 ], [ 453617.45, 6408606.97 ], [ 453540.96, 6408845.19 ], [ 453557.58, 6408892.73 ], [ 453613.04, 6408893.19 ], [ 453619.72, 6408972.77 ], [ 453704.21, 6409023.79 ], [ 453816.52, 6409271.34 ], [ 453970.66, 6409236.33 ], [ 454117.5, 6409394.15 ], [ 454397.04, 6409502.37 ] ] ], [ [ [ 454363.96, 6409546.94 ], [ 454384.68, 6409545.62 ], [ 454382.35, 6409521.47 ], [ 454363.96, 6409546.94 ] ] ], [ [ [ 454026.76, 6409645.61 ], [ 454013.18, 6409636.61 ], [ 454017.54, 6409655.0 ], [ 454026.76, 6409645.61 ] ] ], [ [ [ 383803.2, 6418122.76 ], [ 383777.91, 6418273.08 ], [ 383908.96, 6418536.55 ], [ 383914.52, 6418725.4 ], [ 383973.79, 6418850.98 ], [ 383950.93, 6418946.86 ], [ 383851.31, 6419096.44 ], [ 383821.74, 6419201.64 ], [ 384118.1, 6418721.63 ], [ 383966.08, 6418566.55 ], [ 383803.2, 6418122.76 ] ] ], [ [ [ 383364.91, 6420200.59 ], [ 383272.84, 6420123.61 ], [ 383207.75, 6420138.64 ], [ 383240.38, 6420201.56 ], [ 383256.7, 6420160.55 ], [ 383364.91, 6420200.59 ] ] ], [ [ [ 383050.27, 6420257.2 ], [ 383173.53, 6420254.03 ], [ 383233.42, 6420206.63 ], [ 383113.13, 6420210.35 ], [ 383050.27, 6420257.2 ] ] ], [ [ [ 383375.81, 6420374.13 ], [ 383406.03, 6420370.63 ], [ 383368.71, 6420359.22 ], [ 383375.81, 6420374.13 ] ] ], [ [ [ 383429.4, 6420409.83 ], [ 383412.11, 6420407.71 ], [ 383415.22, 6420415.47 ], [ 383429.4, 6420409.83 ] ] ], [ [ [ 383329.78, 6420436.14 ], [ 383387.54, 6420428.09 ], [ 383401.47, 6420411.45 ], [ 383329.78, 6420436.14 ] ] ], [ [ [ 383395.61, 6420524.54 ], [ 383457.88, 6420499.12 ], [ 383369.79, 6420501.47 ], [ 383395.61, 6420524.54 ] ] ], [ [ [ 383289.97, 6420529.38 ], [ 383279.83, 6420520.78 ], [ 383282.03, 6420530.3 ], [ 383289.97, 6420529.38 ] ] ], [ [ [ 382812.58, 6420547.54 ], [ 382785.3, 6420540.49 ], [ 382783.07, 6420557.53 ], [ 382812.58, 6420547.54 ] ] ], [ [ [ 383361.15, 6420564.37 ], [ 383393.38, 6420563.94 ], [ 383397.77, 6420547.96 ], [ 383378.86, 6420539.6 ], [ 383361.15, 6420564.37 ] ] ], [ [ [ 383463.24, 6420582.01 ], [ 383502.99, 6420563.4 ], [ 383404.42, 6420549.22 ], [ 383463.24, 6420582.01 ] ] ], [ [ [ 383368.53, 6420613.05 ], [ 383355.96, 6420605.09 ], [ 383350.54, 6420619.93 ], [ 383368.53, 6420613.05 ] ] ], [ [ [ 383252.1, 6420621.36 ], [ 383327.58, 6420617.82 ], [ 383331.68, 6420566.01 ], [ 383191.86, 6420562.87 ], [ 383252.1, 6420621.36 ] ] ], [ [ [ 383955.4, 6420644.26 ], [ 383943.56, 6420643.39 ], [ 383946.79, 6420647.44 ], [ 383955.4, 6420644.26 ] ] ], [ [ [ 382713.86, 6420664.1 ], [ 382736.93, 6420641.98 ], [ 382752.7, 6420603.03 ], [ 382713.86, 6420664.1 ] ] ], [ [ [ 383077.73, 6420680.33 ], [ 383061.33, 6420649.0 ], [ 383032.54, 6420677.89 ], [ 383077.73, 6420680.33 ] ] ], [ [ [ 382987.8, 6420674.71 ], [ 382960.49, 6420682.1 ], [ 382961.26, 6420702.21 ], [ 382963.94, 6420712.09 ], [ 382968.76, 6420715.77 ], [ 382987.8, 6420674.71 ] ] ], [ [ [ 384057.89, 6420781.85 ], [ 384069.13, 6420772.87 ], [ 384043.57, 6420777.69 ], [ 384057.89, 6420781.85 ] ] ], [ [ [ 384104.31, 6420792.61 ], [ 384134.72, 6420763.68 ], [ 384076.66, 6420786.05 ], [ 384104.31, 6420792.61 ] ] ], [ [ [ 383978.23, 6420790.48 ], [ 384056.49, 6420798.39 ], [ 384024.6, 6420781.25 ], [ 384045.42, 6420743.36 ], [ 383930.44, 6420771.61 ], [ 383975.06, 6420779.95 ], [ 383955.32, 6420825.28 ], [ 383978.23, 6420790.48 ] ] ], [ [ [ 383990.19, 6420824.3 ], [ 383979.61, 6420819.99 ], [ 383976.62, 6420827.29 ], [ 383990.19, 6420824.3 ] ] ], [ [ [ 382961.26, 6420824.38 ], [ 382936.86, 6420797.29 ], [ 382946.6, 6420831.31 ], [ 382961.26, 6420824.38 ] ] ], [ [ [ 382524.84, 6421121.51 ], [ 382521.76, 6421135.95 ], [ 382537.32, 6421128.51 ], [ 382524.84, 6421121.51 ] ] ], [ [ [ 382592.55, 6421224.91 ], [ 382578.17, 6421216.71 ], [ 382575.7, 6421222.88 ], [ 382592.55, 6421224.91 ] ] ], [ [ [ 382656.34, 6421292.07 ], [ 382668.83, 6421272.84 ], [ 382650.81, 6421286.64 ], [ 382656.34, 6421292.07 ] ] ], [ [ [ 382683.8, 6421324.27 ], [ 382670.26, 6421319.73 ], [ 382682.12, 6421325.9 ], [ 382683.8, 6421324.27 ] ] ], [ [ [ 382649.91, 6421346.43 ], [ 382640.05, 6421339.5 ], [ 382640.76, 6421346.77 ], [ 382649.91, 6421346.43 ] ] ], [ [ [ 382587.29, 6421490.14 ], [ 382658.21, 6421434.01 ], [ 382597.3, 6421472.24 ], [ 382587.29, 6421490.14 ] ] ], [ [ [ 382553.0, 6421695.58 ], [ 382538.62, 6421688.23 ], [ 382536.51, 6421696.2 ], [ 382553.0, 6421695.58 ] ] ], [ [ [ 382420.22, 6421884.87 ], [ 382456.23, 6421798.96 ], [ 382375.97, 6421734.93 ], [ 382374.1, 6421826.74 ], [ 382420.22, 6421884.87 ] ] ], [ [ [ 382394.79, 6421987.94 ], [ 382387.87, 6421990.34 ], [ 382427.46, 6422011.23 ], [ 382394.79, 6421987.94 ] ] ], [ [ [ 381961.97, 6422153.18 ], [ 382009.24, 6422132.54 ], [ 381979.78, 6422115.52 ], [ 382016.56, 6422117.46 ], [ 382007.21, 6422087.56 ], [ 381960.55, 6422119.14 ], [ 381961.97, 6422153.18 ] ] ], [ [ [ 381903.18, 6422722.24 ], [ 381880.41, 6422725.57 ], [ 381888.35, 6422736.89 ], [ 381903.18, 6422722.24 ] ] ], [ [ [ 381987.26, 6423785.74 ], [ 381977.11, 6423778.28 ], [ 381980.64, 6423789.87 ], [ 381987.26, 6423785.74 ] ] ], [ [ [ 381114.7, 6424722.36 ], [ 381105.28, 6424714.56 ], [ 381097.43, 6424716.54 ], [ 381114.7, 6424722.36 ] ] ], [ [ [ 381131.3, 6424783.18 ], [ 381130.62, 6424718.99 ], [ 381062.22, 6424768.15 ], [ 381131.3, 6424783.18 ] ] ], [ [ [ 380580.89, 6425414.92 ], [ 380627.53, 6425415.62 ], [ 380640.16, 6425404.97 ], [ 380580.89, 6425414.92 ] ] ], [ [ [ 380663.98, 6425659.51 ], [ 380659.71, 6425649.43 ], [ 380655.73, 6425660.13 ], [ 380663.98, 6425659.51 ] ] ], [ [ [ 380754.24, 6425733.66 ], [ 380737.93, 6425708.59 ], [ 380731.53, 6425714.36 ], [ 380754.24, 6425733.66 ] ] ], [ [ [ 380666.86, 6426106.79 ], [ 380642.76, 6426102.57 ], [ 380648.4, 6426118.36 ], [ 380666.86, 6426106.79 ] ] ], [ [ [ 380673.45, 6426127.8 ], [ 380701.85, 6426119.73 ], [ 380703.85, 6426110.89 ], [ 380673.45, 6426127.8 ] ] ], [ [ [ 393056.29, 6426337.34 ], [ 393071.64, 6426266.43 ], [ 393030.05, 6426373.64 ], [ 393056.29, 6426337.34 ] ] ], [ [ [ 393013.84, 6426471.46 ], [ 393008.68, 6426454.0 ], [ 393002.09, 6426483.29 ], [ 393013.84, 6426471.46 ] ] ], [ [ [ 392992.81, 6427377.47 ], [ 392959.01, 6427097.54 ], [ 392851.96, 6426887.34 ], [ 392858.09, 6427159.41 ], [ 392992.81, 6427377.47 ] ] ], [ [ [ 393322.36, 6427382.75 ], [ 393163.41, 6427288.76 ], [ 393086.42, 6427341.19 ], [ 393129.57, 6427383.24 ], [ 393263.46, 6427375.79 ], [ 393284.27, 6427539.98 ], [ 393305.22, 6427564.43 ], [ 393322.36, 6427382.75 ] ] ], [ [ [ 384166.78, 6431566.73 ], [ 384080.73, 6431518.62 ], [ 384167.18, 6431570.6 ], [ 384166.78, 6431566.73 ] ] ], [ [ [ 384885.68, 6433460.89 ], [ 384867.79, 6433440.67 ], [ 384869.07, 6433466.39 ], [ 384885.68, 6433460.89 ] ] ], [ [ [ 385186.68, 6433521.81 ], [ 385144.74, 6433514.32 ], [ 385125.08, 6433576.67 ], [ 385169.85, 6433548.81 ], [ 385186.68, 6433521.81 ] ] ], [ [ [ 385224.71, 6433685.24 ], [ 385244.11, 6433641.63 ], [ 385195.25, 6433617.11 ], [ 385167.85, 6433663.71 ], [ 385224.71, 6433685.24 ] ] ], [ [ [ 385100.88, 6434311.58 ], [ 385088.64, 6434305.78 ], [ 385092.04, 6434315.5 ], [ 385100.88, 6434311.58 ] ] ], [ [ [ 385849.31, 6436628.18 ], [ 385836.88, 6436617.99 ], [ 385841.24, 6436629.37 ], [ 385849.31, 6436628.18 ] ] ], [ [ [ 391066.09, 6437352.9 ], [ 391049.6, 6437350.12 ], [ 391061.83, 6437367.46 ], [ 391066.09, 6437352.9 ] ] ], [ [ [ 391279.77, 6437381.42 ], [ 391321.84, 6437387.37 ], [ 391328.39, 6437378.31 ], [ 391279.77, 6437381.42 ] ] ], [ [ [ 390878.82, 6437392.48 ], [ 390916.75, 6437383.08 ], [ 390854.23, 6437375.9 ], [ 390878.82, 6437392.48 ] ] ], [ [ [ 386108.67, 6437402.09 ], [ 386105.28, 6437389.46 ], [ 386096.92, 6437409.64 ], [ 386108.67, 6437402.09 ] ] ], [ [ [ 386122.05, 6437441.13 ], [ 386101.22, 6437417.21 ], [ 386108.21, 6437442.63 ], [ 386122.05, 6437441.13 ] ] ], [ [ [ 395024.31, 6437568.56 ], [ 394992.79, 6437557.53 ], [ 395004.38, 6437577.93 ], [ 395024.31, 6437568.56 ] ] ], [ [ [ 391816.56, 6437582.24 ], [ 391777.84, 6437599.87 ], [ 391793.32, 6437634.1 ], [ 391822.03, 6437620.48 ], [ 391816.56, 6437582.24 ] ] ], [ [ [ 391876.08, 6437683.0 ], [ 391857.64, 6437701.5 ], [ 391868.33, 6437730.08 ], [ 391876.07, 6437723.33 ], [ 391876.08, 6437683.0 ] ] ], [ [ [ 391829.07, 6437766.42 ], [ 391802.8, 6437744.52 ], [ 391785.55, 6437764.32 ], [ 391799.91, 6437788.72 ], [ 391829.07, 6437766.42 ] ] ], [ [ [ 389993.09, 6437790.16 ], [ 390017.63, 6437784.87 ], [ 390014.33, 6437770.06 ], [ 389993.09, 6437790.16 ] ] ], [ [ [ 391910.31, 6437807.49 ], [ 391873.9, 6437814.12 ], [ 391900.83, 6437829.62 ], [ 391910.31, 6437807.49 ] ] ], [ [ [ 391970.8, 6437886.41 ], [ 391951.48, 6437872.87 ], [ 391949.79, 6437884.18 ], [ 391970.8, 6437886.41 ] ] ], [ [ [ 391972.2, 6437938.47 ], [ 391990.11, 6437935.03 ], [ 391993.95, 6437921.88 ], [ 391972.2, 6437938.47 ] ] ], [ [ [ 386304.86, 6437977.95 ], [ 386325.15, 6437939.13 ], [ 386311.75, 6437939.59 ], [ 386304.86, 6437977.95 ] ] ], [ [ [ 391854.29, 6438050.87 ], [ 391947.98, 6437996.02 ], [ 391987.24, 6437897.89 ], [ 391860.23, 6437971.34 ], [ 391854.29, 6438050.87 ] ] ], [ [ [ 395347.38, 6438049.46 ], [ 395254.52, 6437892.0 ], [ 395246.95, 6437819.86 ], [ 395278.7, 6437802.18 ], [ 395230.12, 6437615.04 ], [ 395181.46, 6437603.14 ], [ 395138.16, 6437711.04 ], [ 395154.5, 6437791.75 ], [ 395266.5, 6438047.37 ], [ 395321.45, 6438079.31 ], [ 395347.38, 6438049.46 ] ] ], [ [ [ 392009.54, 6438071.49 ], [ 391993.62, 6438076.31 ], [ 391998.6, 6438092.96 ], [ 392009.54, 6438071.49 ] ] ], [ [ [ 395472.94, 6438194.4 ], [ 395385.28, 6438093.74 ], [ 395307.01, 6438133.65 ], [ 395337.06, 6438201.17 ], [ 395394.85, 6438193.76 ], [ 395428.42, 6438238.07 ], [ 395472.94, 6438194.4 ] ] ], [ [ [ 395676.15, 6438511.19 ], [ 395808.65, 6438332.01 ], [ 395608.05, 6438371.51 ], [ 395602.56, 6438201.4 ], [ 395448.77, 6438348.63 ], [ 395551.39, 6438381.12 ], [ 395542.02, 6438489.47 ], [ 395588.3, 6438542.83 ], [ 395676.15, 6438511.19 ] ] ], [ [ [ 395555.66, 6438577.64 ], [ 395511.08, 6438597.61 ], [ 395527.75, 6438642.72 ], [ 395586.32, 6438624.08 ], [ 395555.66, 6438577.64 ] ] ], [ [ [ 395701.56, 6438936.73 ], [ 395673.19, 6438941.81 ], [ 395657.95, 6438978.75 ], [ 395690.97, 6438968.9 ], [ 395701.56, 6438936.73 ] ] ], [ [ [ 387905.66, 6439270.99 ], [ 387893.8, 6439271.79 ], [ 387901.18, 6439278.72 ], [ 387905.66, 6439270.99 ] ] ], [ [ [ 396159.41, 6439304.52 ], [ 396185.5, 6439279.48 ], [ 395887.52, 6438904.11 ], [ 395928.16, 6439069.13 ], [ 396159.41, 6439304.52 ] ] ], [ [ [ 387881.5, 6439303.69 ], [ 387851.45, 6439285.12 ], [ 387871.64, 6439312.93 ], [ 387881.5, 6439303.69 ] ] ], [ [ [ 388166.77, 6439345.35 ], [ 388134.69, 6439315.72 ], [ 388108.26, 6439302.02 ], [ 388166.77, 6439345.35 ] ] ], [ [ [ 388184.88, 6439371.11 ], [ 388168.68, 6439361.01 ], [ 388183.88, 6439380.75 ], [ 388184.88, 6439371.11 ] ] ], [ [ [ 388164.52, 6439568.5 ], [ 388150.48, 6439561.68 ], [ 388149.24, 6439575.96 ], [ 388164.52, 6439568.5 ] ] ], [ [ [ 414851.89, 6440970.49 ], [ 415109.44, 6440563.7 ], [ 415200.98, 6440337.4 ], [ 414995.08, 6440690.16 ], [ 414888.06, 6440680.72 ], [ 414889.75, 6440542.7 ], [ 414835.3, 6440610.88 ], [ 414774.73, 6440765.35 ], [ 414851.89, 6440970.49 ] ] ], [ [ [ 389166.67, 6440885.7 ], [ 389106.13, 6440729.92 ], [ 389119.47, 6440625.25 ], [ 389104.44, 6440517.83 ], [ 389105.28, 6440641.48 ], [ 389010.89, 6440775.82 ], [ 388942.3, 6440751.4 ], [ 388856.99, 6441015.33 ], [ 388902.21, 6441016.28 ], [ 389015.03, 6440873.02 ], [ 389100.92, 6440899.65 ], [ 389158.24, 6440971.58 ], [ 389157.54, 6441229.02 ], [ 389166.67, 6440885.7 ] ] ], [ [ [ 412238.44, 6443516.56 ], [ 412327.17, 6443491.84 ], [ 412351.4, 6443349.05 ], [ 412241.87, 6443143.45 ], [ 412212.88, 6442855.0 ], [ 412044.47, 6442459.09 ], [ 412165.97, 6442777.54 ], [ 412235.04, 6443185.1 ], [ 412250.82, 6443391.47 ], [ 412184.31, 6443619.43 ], [ 412238.44, 6443516.56 ] ] ], [ [ [ 412070.57, 6443769.28 ], [ 412060.39, 6443767.32 ], [ 412063.89, 6443777.68 ], [ 412070.57, 6443769.28 ] ] ], [ [ [ 412310.63, 6444107.63 ], [ 412297.77, 6444101.02 ], [ 412298.0, 6444110.25 ], [ 412310.63, 6444107.63 ] ] ], [ [ [ 412347.77, 6444167.9 ], [ 412371.51, 6444144.36 ], [ 412323.62, 6444134.37 ], [ 412347.77, 6444167.9 ] ] ], [ [ [ 412396.39, 6444128.14 ], [ 412384.77, 6444175.49 ], [ 412403.55, 6444186.27 ], [ 412412.49, 6444181.66 ], [ 412396.39, 6444128.14 ] ] ], [ [ [ 393788.43, 6444437.53 ], [ 393771.42, 6444429.5 ], [ 393788.01, 6444466.48 ], [ 393788.43, 6444437.53 ] ] ], [ [ [ 413061.05, 6444976.76 ], [ 413044.44, 6444964.83 ], [ 413059.01, 6444979.83 ], [ 413061.05, 6444976.76 ] ] ], [ [ [ 409921.02, 6444977.48 ], [ 409895.94, 6444946.57 ], [ 409902.19, 6444998.43 ], [ 409921.02, 6444977.48 ] ] ], [ [ [ 413098.02, 6445046.96 ], [ 413079.61, 6445006.59 ], [ 413069.06, 6445006.49 ], [ 413098.02, 6445046.96 ] ] ], [ [ [ 413265.67, 6445222.15 ], [ 413249.78, 6445218.05 ], [ 413262.78, 6445242.86 ], [ 413265.67, 6445222.15 ] ] ], [ [ [ 413548.36, 6445464.05 ], [ 413529.06, 6445458.68 ], [ 413542.35, 6445485.17 ], [ 413548.36, 6445464.05 ] ] ], [ [ [ 413590.23, 6445526.6 ], [ 413573.75, 6445514.55 ], [ 413578.17, 6445526.85 ], [ 413590.23, 6445526.6 ] ] ], [ [ [ 414637.07, 6445862.18 ], [ 414615.71, 6445869.09 ], [ 414638.1, 6445869.25 ], [ 414637.07, 6445862.18 ] ] ], [ [ [ 390899.38, 6445881.36 ], [ 390932.08, 6445831.68 ], [ 391028.6, 6445820.19 ], [ 391201.64, 6445894.49 ], [ 391213.49, 6445837.65 ], [ 391053.99, 6445741.48 ], [ 390973.83, 6445802.94 ], [ 390935.89, 6445727.53 ], [ 390949.02, 6445806.12 ], [ 390880.53, 6445748.63 ], [ 390804.66, 6445785.85 ], [ 390819.69, 6445867.87 ], [ 390899.38, 6445881.36 ] ] ], [ [ [ 414564.35, 6445925.64 ], [ 414589.52, 6445902.41 ], [ 414564.83, 6445771.41 ], [ 414461.19, 6445736.14 ], [ 414445.58, 6445656.24 ], [ 414509.94, 6445623.92 ], [ 414545.99, 6445538.5 ], [ 414619.98, 6445554.78 ], [ 414667.65, 6445628.17 ], [ 414775.36, 6445638.88 ], [ 414740.33, 6445523.7 ], [ 414831.77, 6445410.6 ], [ 414810.11, 6445348.91 ], [ 414744.08, 6445261.06 ], [ 414742.28, 6445329.96 ], [ 414661.11, 6445311.44 ], [ 414678.25, 6445455.79 ], [ 414634.86, 6445498.3 ], [ 414608.98, 6445457.03 ], [ 414532.84, 6445461.83 ], [ 414485.53, 6445358.21 ], [ 414506.17, 6445331.33 ], [ 414455.6, 6445341.26 ], [ 414445.49, 6445269.41 ], [ 414333.09, 6445152.91 ], [ 414275.82, 6445203.88 ], [ 414249.95, 6445109.59 ], [ 414181.21, 6445058.79 ], [ 414151.51, 6445154.5 ], [ 414066.83, 6445190.23 ], [ 414028.33, 6445111.57 ], [ 413927.68, 6445072.28 ], [ 413889.66, 6444845.19 ], [ 413799.02, 6444783.04 ], [ 413747.74, 6444584.36 ], [ 413713.93, 6444567.85 ], [ 413869.92, 6445079.32 ], [ 413835.03, 6445134.29 ], [ 413873.21, 6445197.32 ], [ 413850.72, 6445302.71 ], [ 413908.66, 6445400.97 ], [ 413905.64, 6445495.43 ], [ 414082.97, 6445852.3 ], [ 414211.42, 6446004.49 ], [ 414332.16, 6445924.87 ], [ 414437.41, 6445941.46 ], [ 414846.12, 6446282.29 ], [ 414564.35, 6445925.64 ] ] ], [ [ [ 430194.61, 6446195.73 ], [ 430114.02, 6446276.6 ], [ 430095.56, 6446331.45 ], [ 430090.86, 6446370.29 ], [ 430194.61, 6446195.73 ] ] ], [ [ [ 413962.61, 6446541.29 ], [ 413946.7, 6446558.29 ], [ 413971.31, 6446568.57 ], [ 413962.61, 6446541.29 ] ] ], [ [ [ 411161.54, 6446944.56 ], [ 411123.92, 6446936.84 ], [ 411116.64, 6446948.22 ], [ 411131.99, 6446970.11 ], [ 411161.54, 6446944.56 ] ] ], [ [ [ 410527.95, 6446986.12 ], [ 410651.43, 6446861.92 ], [ 410548.4, 6446914.63 ], [ 410405.58, 6446888.17 ], [ 410325.08, 6446767.08 ], [ 410303.56, 6446623.98 ], [ 410321.94, 6446588.2 ], [ 410387.33, 6446587.68 ], [ 410340.02, 6446535.13 ], [ 410492.16, 6446179.71 ], [ 410306.99, 6446088.17 ], [ 410238.06, 6445851.86 ], [ 410246.7, 6445722.21 ], [ 410201.14, 6445670.19 ], [ 410094.29, 6445281.98 ], [ 410102.54, 6445181.91 ], [ 410052.07, 6445113.18 ], [ 409998.64, 6445195.8 ], [ 409879.29, 6445154.49 ], [ 409815.59, 6444947.45 ], [ 409844.12, 6444814.79 ], [ 409769.96, 6444807.71 ], [ 409709.48, 6444700.2 ], [ 409609.11, 6444648.95 ], [ 409584.11, 6444415.22 ], [ 409537.52, 6444509.43 ], [ 409588.28, 6444865.99 ], [ 409547.88, 6445099.67 ], [ 409627.89, 6445146.98 ], [ 409689.96, 6445452.18 ], [ 410103.9, 6446328.88 ], [ 410121.39, 6446513.15 ], [ 410400.77, 6446955.87 ], [ 410527.95, 6446986.12 ] ] ], [ [ [ 429840.88, 6446886.85 ], [ 429953.51, 6446906.51 ], [ 430093.95, 6446402.3 ], [ 429983.49, 6446637.04 ], [ 429943.58, 6446856.43 ], [ 429807.98, 6446881.87 ], [ 429633.91, 6446989.16 ], [ 429562.95, 6447055.86 ], [ 429840.88, 6446886.85 ] ] ], [ [ [ 429334.87, 6447109.57 ], [ 429227.83, 6447103.1 ], [ 429168.64, 6447057.16 ], [ 429153.52, 6446976.98 ], [ 429055.45, 6446658.04 ], [ 429012.42, 6446605.51 ], [ 429162.44, 6447067.0 ], [ 429039.94, 6447114.67 ], [ 429334.87, 6447109.57 ] ] ], [ [ [ 411055.42, 6447149.42 ], [ 411077.0, 6447132.95 ], [ 411039.16, 6447121.57 ], [ 411055.42, 6447149.42 ] ] ], [ [ [ 428736.7, 6447497.0 ], [ 428811.23, 6447335.32 ], [ 428844.49, 6447282.93 ], [ 428661.54, 6447417.5 ], [ 428577.4, 6447382.58 ], [ 428503.8, 6447454.85 ], [ 428517.65, 6447513.48 ], [ 428736.7, 6447497.0 ] ] ], [ [ [ 391795.11, 6447528.42 ], [ 391797.61, 6447476.24 ], [ 391767.89, 6447473.58 ], [ 391803.17, 6447465.88 ], [ 391811.7, 6447491.24 ], [ 391814.6, 6447453.14 ], [ 391689.66, 6447469.77 ], [ 391726.26, 6447491.87 ], [ 391729.75, 6447508.07 ], [ 391703.41, 6447515.71 ], [ 391706.23, 6447528.97 ], [ 391744.37, 6447527.91 ], [ 391748.48, 6447464.96 ], [ 391779.16, 6447510.57 ], [ 391750.66, 6447526.16 ], [ 391795.11, 6447528.42 ] ] ], [ [ [ 412937.68, 6447799.69 ], [ 412973.21, 6447785.38 ], [ 412977.43, 6447745.85 ], [ 412937.68, 6447799.69 ] ] ], [ [ [ 413293.72, 6447813.39 ], [ 413286.63, 6447806.45 ], [ 413292.61, 6447815.78 ], [ 413293.72, 6447813.39 ] ] ], [ [ [ 413354.57, 6447846.71 ], [ 413393.99, 6447827.82 ], [ 413293.88, 6447817.92 ], [ 413354.57, 6447846.71 ] ] ], [ [ [ 412876.12, 6448259.5 ], [ 412865.0, 6448247.13 ], [ 412871.49, 6448264.0 ], [ 412876.12, 6448259.5 ] ] ], [ [ [ 411632.76, 6448398.22 ], [ 411624.26, 6448385.08 ], [ 411623.63, 6448399.15 ], [ 411632.76, 6448398.22 ] ] ], [ [ [ 388600.45, 6448475.42 ], [ 388561.0, 6448447.96 ], [ 388542.5, 6448392.64 ], [ 388538.28, 6448453.94 ], [ 388600.45, 6448475.42 ] ] ], [ [ [ 411294.36, 6448592.34 ], [ 411387.23, 6448578.77 ], [ 411321.51, 6448504.07 ], [ 411266.47, 6448523.98 ], [ 411294.36, 6448592.34 ] ] ], [ [ [ 411356.44, 6448747.17 ], [ 411386.88, 6448727.52 ], [ 411348.7, 6448742.54 ], [ 411356.44, 6448747.17 ] ] ], [ [ [ 411801.08, 6448822.01 ], [ 411796.01, 6448809.65 ], [ 411791.16, 6448817.35 ], [ 411801.08, 6448822.01 ] ] ], [ [ [ 411782.36, 6448850.81 ], [ 411770.7, 6448842.52 ], [ 411766.64, 6448856.29 ], [ 411782.36, 6448850.81 ] ] ], [ [ [ 388993.22, 6449255.9 ], [ 388971.01, 6449235.29 ], [ 388992.5, 6449257.27 ], [ 388993.22, 6449255.9 ] ] ], [ [ [ 412011.74, 6449367.84 ], [ 411995.78, 6449368.95 ], [ 412008.72, 6449387.13 ], [ 412011.74, 6449367.84 ] ] ], [ [ [ 411897.81, 6449475.61 ], [ 411958.61, 6449464.73 ], [ 411913.73, 6449361.55 ], [ 411990.68, 6449388.0 ], [ 411944.37, 6449301.37 ], [ 411986.71, 6449247.19 ], [ 412215.7, 6449357.66 ], [ 412212.2, 6449292.77 ], [ 412335.8, 6449351.17 ], [ 412404.28, 6449314.16 ], [ 412406.92, 6449186.56 ], [ 412496.75, 6449132.72 ], [ 412460.1, 6448997.25 ], [ 412503.39, 6448861.26 ], [ 412736.58, 6449102.81 ], [ 412881.9, 6449414.8 ], [ 412801.39, 6449232.03 ], [ 412818.22, 6449172.34 ], [ 412609.73, 6448705.51 ], [ 412633.13, 6448667.61 ], [ 412568.73, 6448491.17 ], [ 412564.43, 6448226.61 ], [ 412591.72, 6448239.74 ], [ 412637.38, 6448141.53 ], [ 412864.47, 6448241.84 ], [ 412895.89, 6448177.68 ], [ 412954.5, 6448172.85 ], [ 413168.68, 6448399.4 ], [ 413097.32, 6448215.2 ], [ 413125.02, 6448172.45 ], [ 413027.52, 6448060.4 ], [ 413042.03, 6447957.11 ], [ 412966.93, 6447864.38 ], [ 412858.78, 6447854.94 ], [ 412808.96, 6447678.77 ], [ 413018.21, 6447641.68 ], [ 413038.55, 6447792.77 ], [ 413149.52, 6447793.96 ], [ 413220.25, 6447837.72 ], [ 413225.89, 6447755.07 ], [ 413287.6, 6447796.15 ], [ 413339.77, 6447797.31 ], [ 413352.0, 6447758.72 ], [ 413267.3, 6447765.9 ], [ 413234.19, 6447728.94 ], [ 413409.19, 6447766.98 ], [ 413351.02, 6447722.35 ], [ 413201.05, 6447702.87 ], [ 413236.51, 6447668.92 ], [ 413164.88, 6447509.67 ], [ 413188.1, 6447427.28 ], [ 413222.48, 6447420.16 ], [ 413103.77, 6447150.8 ], [ 413031.6, 6446855.72 ], [ 413063.95, 6446793.93 ], [ 413093.36, 6446803.21 ], [ 413068.33, 6446727.93 ], [ 413128.55, 6446629.33 ], [ 413230.29, 6446579.18 ], [ 413239.12, 6446489.92 ], [ 413315.95, 6446436.17 ], [ 413585.6, 6446549.24 ], [ 413641.48, 6446620.99 ], [ 413586.91, 6446527.14 ], [ 413635.0, 6446373.49 ], [ 413876.54, 6446510.7 ], [ 413860.25, 6446429.15 ], [ 413912.42, 6446391.67 ], [ 413825.4, 6446323.37 ], [ 413825.99, 6446219.94 ], [ 413900.83, 6446228.6 ], [ 413850.6, 6446201.55 ], [ 413858.47, 6446047.79 ], [ 413720.54, 6445848.21 ], [ 413664.77, 6445633.23 ], [ 413581.98, 6445616.44 ], [ 413405.15, 6445401.15 ], [ 413356.11, 6445402.58 ], [ 413157.27, 6445182.61 ], [ 413185.63, 6445160.37 ], [ 413159.54, 6445113.2 ], [ 413058.69, 6445122.6 ], [ 413022.88, 6444988.14 ], [ 412941.52, 6444972.82 ], [ 412899.75, 6444877.94 ], [ 412785.39, 6444868.92 ], [ 412722.83, 6444673.03 ], [ 412687.58, 6444715.74 ], [ 412651.71, 6444651.54 ], [ 412699.44, 6444591.63 ], [ 412526.15, 6444497.63 ], [ 412522.92, 6444380.68 ], [ 412376.92, 6444213.72 ], [ 412343.31, 6444249.31 ], [ 412266.08, 6444219.64 ], [ 412174.78, 6444037.03 ], [ 412190.22, 6443995.74 ], [ 412037.66, 6443796.7 ], [ 411977.68, 6443835.98 ], [ 411850.37, 6443699.63 ], [ 411800.91, 6443580.41 ], [ 411849.54, 6443493.06 ], [ 411847.17, 6443355.3 ], [ 411788.46, 6443211.65 ], [ 411818.74, 6443416.91 ], [ 411727.83, 6443261.8 ], [ 411676.4, 6443305.7 ], [ 411747.89, 6443496.7 ], [ 411739.58, 6443597.65 ], [ 411884.32, 6443895.99 ], [ 411852.95, 6444011.35 ], [ 411774.99, 6443993.09 ], [ 411638.72, 6443874.0 ], [ 411715.12, 6444030.27 ], [ 411685.43, 6444338.34 ], [ 411723.11, 6444423.81 ], [ 411616.38, 6444468.4 ], [ 411621.32, 6444579.97 ], [ 411555.71, 6444622.52 ], [ 411515.17, 6444595.96 ], [ 411481.07, 6444625.0 ], [ 411357.4, 6444527.85 ], [ 411369.74, 6444638.03 ], [ 411255.64, 6444659.06 ], [ 411254.39, 6444806.97 ], [ 411284.15, 6444794.99 ], [ 411299.13, 6444845.46 ], [ 411221.63, 6444901.79 ], [ 411167.83, 6445122.8 ], [ 411017.9, 6445076.51 ], [ 411053.86, 6445128.9 ], [ 410985.11, 6445171.41 ], [ 411137.57, 6445451.53 ], [ 411163.21, 6445606.35 ], [ 410986.42, 6445701.97 ], [ 410853.25, 6445678.46 ], [ 410786.15, 6445610.2 ], [ 410746.03, 6445624.05 ], [ 410545.28, 6445453.17 ], [ 410468.04, 6445284.89 ], [ 410387.18, 6445238.65 ], [ 410364.11, 6445172.71 ], [ 410329.54, 6445178.59 ], [ 410415.32, 6445481.89 ], [ 410682.03, 6445941.2 ], [ 410734.22, 6445974.36 ], [ 410869.31, 6446397.22 ], [ 411199.56, 6446912.84 ], [ 411199.08, 6447067.62 ], [ 411242.15, 6447087.41 ], [ 411359.35, 6447318.81 ], [ 411377.45, 6447429.43 ], [ 411314.4, 6447498.53 ], [ 411492.61, 6447737.67 ], [ 411409.85, 6447755.61 ], [ 411466.83, 6447772.89 ], [ 411602.32, 6448163.26 ], [ 411656.21, 6448188.61 ], [ 411672.35, 6448249.13 ], [ 411590.07, 6448289.79 ], [ 411659.98, 6448423.6 ], [ 411632.33, 6448448.87 ], [ 411658.99, 6448476.98 ], [ 411625.12, 6448484.98 ], [ 411689.72, 6448523.17 ], [ 411669.73, 6448562.48 ], [ 411629.05, 6448544.55 ], [ 411664.64, 6448567.9 ], [ 411684.4, 6448692.8 ], [ 411607.17, 6448681.72 ], [ 411610.6, 6448721.76 ], [ 411759.51, 6448732.28 ], [ 411883.72, 6448873.74 ], [ 411846.5, 6448906.55 ], [ 411748.11, 6448880.35 ], [ 411754.38, 6448980.84 ], [ 411701.91, 6448965.72 ], [ 411588.25, 6448863.81 ], [ 411562.96, 6448758.04 ], [ 411456.7, 6448687.03 ], [ 411397.73, 6448731.02 ], [ 411482.54, 6448748.94 ], [ 411510.31, 6448857.18 ], [ 411399.68, 6448831.12 ], [ 411438.51, 6448908.52 ], [ 411511.64, 6448899.48 ], [ 411572.1, 6448973.5 ], [ 411554.07, 6449031.96 ], [ 411654.41, 6449177.23 ], [ 411608.63, 6449156.6 ], [ 411578.51, 6449250.02 ], [ 411664.12, 6449206.11 ], [ 411722.47, 6449243.09 ], [ 411756.54, 6449411.91 ], [ 411897.81, 6449475.61 ] ] ], [ [ [ 411924.71, 6449512.76 ], [ 411945.19, 6449495.53 ], [ 411907.97, 6449496.64 ], [ 411924.71, 6449512.76 ] ] ], [ [ [ 388526.6, 6449576.76 ], [ 388513.63, 6449566.97 ], [ 388532.01, 6449629.66 ], [ 388526.6, 6449576.76 ] ] ], [ [ [ 388763.53, 6449708.88 ], [ 388777.35, 6449659.42 ], [ 388752.22, 6449712.44 ], [ 388763.53, 6449708.88 ] ] ], [ [ [ 388907.0, 6449702.44 ], [ 388887.58, 6449699.86 ], [ 388901.28, 6449719.75 ], [ 388907.0, 6449702.44 ] ] ], [ [ [ 388460.96, 6449787.57 ], [ 388377.82, 6449722.73 ], [ 388362.28, 6449731.76 ], [ 388386.18, 6449790.42 ], [ 388460.96, 6449787.57 ] ] ], [ [ [ 388619.67, 6449808.24 ], [ 388580.65, 6449812.8 ], [ 388612.8, 6449832.17 ], [ 388619.67, 6449808.24 ] ] ], [ [ [ 388496.45, 6449851.58 ], [ 388495.77, 6449835.31 ], [ 388489.25, 6449852.67 ], [ 388496.45, 6449851.58 ] ] ], [ [ [ 387813.22, 6449760.22 ], [ 387679.11, 6449731.93 ], [ 387624.28, 6449761.09 ], [ 387723.77, 6449801.68 ], [ 387761.24, 6449866.24 ], [ 387761.24, 6449808.77 ], [ 387813.22, 6449760.22 ] ] ], [ [ [ 386378.33, 6449835.29 ], [ 386371.72, 6449864.02 ], [ 386398.51, 6449889.42 ], [ 386385.81, 6449863.0 ], [ 386378.33, 6449835.29 ] ] ], [ [ [ 387521.98, 6450001.76 ], [ 387443.34, 6449961.19 ], [ 387350.16, 6449961.99 ], [ 387493.61, 6450038.27 ], [ 387521.98, 6450001.76 ] ] ], [ [ [ 386179.76, 6450035.51 ], [ 386161.53, 6450031.01 ], [ 386159.48, 6450039.15 ], [ 386179.76, 6450035.51 ] ] ], [ [ [ 386244.43, 6450042.12 ], [ 386295.78, 6450004.62 ], [ 386295.95, 6449980.33 ], [ 386190.6, 6450025.9 ], [ 386244.43, 6450042.12 ] ] ], [ [ [ 387287.3, 6450093.14 ], [ 387322.82, 6450034.47 ], [ 387341.15, 6450004.71 ], [ 387298.02, 6450057.16 ], [ 387287.3, 6450093.14 ] ] ], [ [ [ 415981.78, 6450709.85 ], [ 415975.73, 6450717.1 ], [ 415995.38, 6450723.04 ], [ 415981.78, 6450709.85 ] ] ], [ [ [ 416878.2, 6451009.41 ], [ 416620.31, 6450906.79 ], [ 416561.44, 6450904.12 ], [ 416775.23, 6450999.88 ], [ 416762.0, 6451068.01 ], [ 416833.52, 6451108.82 ], [ 416878.2, 6451009.41 ] ] ], [ [ [ 416835.49, 6451245.97 ], [ 416802.89, 6451234.97 ], [ 416826.04, 6451253.92 ], [ 416835.49, 6451245.97 ] ] ], [ [ [ 416866.79, 6451251.67 ], [ 416851.82, 6451255.89 ], [ 416866.19, 6451255.87 ], [ 416866.79, 6451251.67 ] ] ], [ [ [ 416764.17, 6451263.0 ], [ 416744.82, 6451267.52 ], [ 416745.64, 6451279.44 ], [ 416764.17, 6451263.0 ] ] ], [ [ [ 417243.96, 6451325.02 ], [ 417237.15, 6451294.14 ], [ 417218.48, 6451290.11 ], [ 417243.96, 6451325.02 ] ] ], [ [ [ 417157.77, 6451336.73 ], [ 417133.63, 6451332.43 ], [ 417152.64, 6451351.09 ], [ 417157.77, 6451336.73 ] ] ], [ [ [ 417062.61, 6451372.29 ], [ 417045.62, 6451356.28 ], [ 417041.45, 6451367.63 ], [ 417062.61, 6451372.29 ] ] ], [ [ [ 416959.91, 6451400.81 ], [ 417081.62, 6451320.51 ], [ 416945.2, 6451308.27 ], [ 416978.42, 6451279.53 ], [ 416930.72, 6451256.22 ], [ 416925.03, 6451289.62 ], [ 416851.96, 6451288.03 ], [ 416959.91, 6451400.81 ] ] ], [ [ [ 417319.21, 6451449.96 ], [ 417306.37, 6451447.4 ], [ 417310.56, 6451452.08 ], [ 417319.21, 6451449.96 ] ] ], [ [ [ 416079.27, 6451465.91 ], [ 416045.08, 6451453.15 ], [ 416090.86, 6451472.25 ], [ 416079.27, 6451465.91 ] ] ], [ [ [ 416446.81, 6451548.78 ], [ 416449.51, 6451538.65 ], [ 416435.6, 6451543.91 ], [ 416446.81, 6451548.78 ] ] ], [ [ [ 416220.71, 6451610.68 ], [ 416204.52, 6451593.58 ], [ 416214.57, 6451614.63 ], [ 416220.71, 6451610.68 ] ] ], [ [ [ 416811.89, 6451644.95 ], [ 416745.53, 6451598.19 ], [ 416793.37, 6451649.92 ], [ 416811.89, 6451644.95 ] ] ], [ [ [ 416989.86, 6451665.89 ], [ 416967.57, 6451666.06 ], [ 416990.81, 6451679.8 ], [ 416989.86, 6451665.89 ] ] ], [ [ [ 416905.26, 6451722.06 ], [ 416891.93, 6451703.08 ], [ 416883.09, 6451709.78 ], [ 416905.26, 6451722.06 ] ] ], [ [ [ 416250.9, 6451986.95 ], [ 416234.9, 6452014.57 ], [ 416261.66, 6452045.95 ], [ 416268.52, 6452040.07 ], [ 416250.9, 6451986.95 ] ] ], [ [ [ 416436.85, 6452470.34 ], [ 416444.23, 6452500.27 ], [ 416473.02, 6452496.24 ], [ 416470.94, 6452491.47 ], [ 416436.85, 6452470.34 ] ] ], [ [ [ 424402.04, 6453060.57 ], [ 424404.32, 6453019.56 ], [ 424398.47, 6453062.68 ], [ 424402.04, 6453060.57 ] ] ], [ [ [ 423351.68, 6453192.08 ], [ 423405.22, 6453177.57 ], [ 423418.06, 6453122.92 ], [ 423351.68, 6453192.08 ] ] ], [ [ [ 423493.33, 6453194.78 ], [ 423518.1, 6453181.29 ], [ 423445.17, 6453180.92 ], [ 423493.33, 6453194.78 ] ] ], [ [ [ 423626.9, 6453270.59 ], [ 423654.37, 6453270.48 ], [ 423620.39, 6453260.11 ], [ 423626.9, 6453270.59 ] ] ], [ [ [ 423268.94, 6453307.77 ], [ 423309.44, 6453293.77 ], [ 423308.58, 6453278.92 ], [ 423268.94, 6453307.77 ] ] ], [ [ [ 423292.94, 6453432.01 ], [ 423308.22, 6453420.14 ], [ 423289.76, 6453420.69 ], [ 423292.94, 6453432.01 ] ] ], [ [ [ 416133.09, 6453294.58 ], [ 416186.03, 6453183.75 ], [ 416300.96, 6453175.43 ], [ 416394.22, 6453237.35 ], [ 416365.59, 6453140.41 ], [ 416401.9, 6453112.11 ], [ 416433.44, 6453139.65 ], [ 416412.22, 6453189.48 ], [ 416572.75, 6453331.23 ], [ 416581.6, 6453274.57 ], [ 416634.68, 6453336.3 ], [ 416748.91, 6453319.86 ], [ 416870.64, 6453252.58 ], [ 416893.03, 6453181.32 ], [ 417015.45, 6453211.11 ], [ 417030.46, 6453146.21 ], [ 417092.15, 6453109.58 ], [ 417071.69, 6453049.04 ], [ 417157.49, 6452815.95 ], [ 417243.17, 6452749.66 ], [ 417392.31, 6452785.16 ], [ 417356.8, 6452720.2 ], [ 417454.29, 6452591.97 ], [ 417451.35, 6452484.03 ], [ 417521.72, 6452399.71 ], [ 417732.51, 6452333.64 ], [ 417624.74, 6452069.51 ], [ 417570.21, 6452067.77 ], [ 417468.43, 6451843.95 ], [ 417387.51, 6451830.78 ], [ 417349.64, 6451767.53 ], [ 417323.93, 6451662.4 ], [ 417352.08, 6451578.48 ], [ 417331.07, 6451478.49 ], [ 417303.22, 6451496.91 ], [ 417284.09, 6451465.31 ], [ 417283.13, 6451370.63 ], [ 417257.17, 6451391.42 ], [ 417180.65, 6451335.31 ], [ 417201.8, 6451388.08 ], [ 417116.11, 6451372.19 ], [ 417120.66, 6451416.41 ], [ 417044.36, 6451435.78 ], [ 417094.21, 6451591.56 ], [ 417050.05, 6451598.42 ], [ 417022.55, 6451661.01 ], [ 417134.53, 6451668.78 ], [ 417193.88, 6451807.25 ], [ 417093.42, 6451772.72 ], [ 417054.75, 6451692.16 ], [ 417045.21, 6451747.63 ], [ 416896.56, 6451761.5 ], [ 416820.31, 6451713.65 ], [ 416749.75, 6451730.85 ], [ 416604.43, 6451687.13 ], [ 416463.01, 6451563.04 ], [ 416391.73, 6451653.08 ], [ 416340.56, 6451598.37 ], [ 416290.01, 6451621.05 ], [ 416277.14, 6451703.1 ], [ 416327.49, 6451756.55 ], [ 416264.35, 6451827.6 ], [ 416329.93, 6451838.67 ], [ 416347.64, 6451951.17 ], [ 416292.9, 6452028.38 ], [ 416312.06, 6452202.86 ], [ 416568.76, 6452559.37 ], [ 416388.97, 6452572.61 ], [ 416327.04, 6452444.19 ], [ 416134.74, 6452249.43 ], [ 416110.82, 6452269.55 ], [ 416167.69, 6452337.04 ], [ 416153.73, 6452454.62 ], [ 416200.27, 6452532.77 ], [ 416146.4, 6452522.25 ], [ 416124.31, 6452555.73 ], [ 416067.31, 6452412.37 ], [ 416021.29, 6452590.11 ], [ 415878.58, 6452566.36 ], [ 415811.17, 6452615.12 ], [ 415832.33, 6452539.01 ], [ 415799.5, 6452528.58 ], [ 415752.69, 6452705.72 ], [ 415826.0, 6452935.85 ], [ 415919.2, 6453051.26 ], [ 415874.62, 6453084.53 ], [ 415927.8, 6453061.4 ], [ 415954.9, 6453130.95 ], [ 415926.28, 6453162.33 ], [ 416048.36, 6453317.54 ], [ 416039.18, 6453375.37 ], [ 416157.95, 6453472.03 ], [ 416181.11, 6453409.37 ], [ 416133.09, 6453294.58 ] ] ], [ [ [ 423434.22, 6453646.39 ], [ 423446.42, 6453639.9 ], [ 423431.34, 6453643.22 ], [ 423434.22, 6453646.39 ] ] ], [ [ [ 422368.35, 6453753.51 ], [ 422355.54, 6453755.13 ], [ 422376.52, 6453763.23 ], [ 422368.35, 6453753.51 ] ] ], [ [ [ 426127.55, 6453883.74 ], [ 426118.76, 6453874.83 ], [ 426114.68, 6453888.05 ], [ 426127.55, 6453883.74 ] ] ], [ [ [ 406908.28, 6453948.25 ], [ 406935.39, 6453925.2 ], [ 406907.15, 6453926.99 ], [ 406908.28, 6453948.25 ] ] ], [ [ [ 407648.08, 6453970.64 ], [ 407638.1, 6453897.49 ], [ 407595.06, 6453922.46 ], [ 407648.08, 6453970.64 ] ] ], [ [ [ 411235.81, 6454016.6 ], [ 411219.8, 6454018.66 ], [ 411248.04, 6454034.5 ], [ 411235.81, 6454016.6 ] ] ], [ [ [ 407710.98, 6454044.68 ], [ 407718.65, 6454028.63 ], [ 407688.47, 6454031.25 ], [ 407710.98, 6454044.68 ] ] ], [ [ [ 406915.94, 6454041.74 ], [ 406935.3, 6454025.34 ], [ 406929.81, 6454021.05 ], [ 406915.94, 6454041.74 ] ] ], [ [ [ 415204.21, 6454077.55 ], [ 415194.1, 6454078.58 ], [ 415201.46, 6454089.15 ], [ 415204.21, 6454077.55 ] ] ], [ [ [ 406960.62, 6454103.72 ], [ 406949.61, 6454098.04 ], [ 406952.84, 6454111.67 ], [ 406960.62, 6454103.72 ] ] ], [ [ [ 415241.72, 6454133.66 ], [ 415242.24, 6454127.04 ], [ 415234.66, 6454133.19 ], [ 415241.72, 6454133.66 ] ] ], [ [ [ 406698.63, 6454160.99 ], [ 406789.87, 6454074.69 ], [ 406780.82, 6454043.0 ], [ 406730.66, 6454129.43 ], [ 406700.82, 6454090.56 ], [ 406685.0, 6454129.37 ], [ 406698.63, 6454160.99 ] ] ], [ [ [ 408050.46, 6454150.07 ], [ 407995.98, 6454160.79 ], [ 408028.84, 6454182.78 ], [ 408050.46, 6454150.07 ] ] ], [ [ [ 406449.13, 6454125.08 ], [ 406422.0, 6454170.27 ], [ 406439.13, 6454191.16 ], [ 406461.75, 6454148.54 ], [ 406449.13, 6454125.08 ] ] ], [ [ [ 417216.21, 6454198.09 ], [ 417344.83, 6454153.04 ], [ 417449.82, 6454188.92 ], [ 417487.96, 6454070.78 ], [ 417448.44, 6454058.04 ], [ 417455.27, 6454019.73 ], [ 417075.62, 6453930.73 ], [ 417026.86, 6453853.66 ], [ 416921.76, 6453822.35 ], [ 416915.95, 6453773.64 ], [ 416812.06, 6453708.13 ], [ 416820.84, 6453666.34 ], [ 416750.49, 6453651.17 ], [ 416801.66, 6453604.7 ], [ 416763.84, 6453535.01 ], [ 416618.0, 6453442.28 ], [ 416493.68, 6453508.7 ], [ 416563.22, 6453621.82 ], [ 416650.7, 6453616.07 ], [ 416636.72, 6453714.71 ], [ 416491.27, 6453705.42 ], [ 416363.25, 6453766.79 ], [ 416799.29, 6453967.3 ], [ 416829.94, 6453918.39 ], [ 416872.96, 6453922.91 ], [ 416983.87, 6454108.44 ], [ 417216.21, 6454198.09 ] ] ], [ [ [ 408610.76, 6454203.89 ], [ 408590.92, 6454196.93 ], [ 408587.02, 6454209.51 ], [ 408610.76, 6454203.89 ] ] ], [ [ [ 407866.76, 6454221.46 ], [ 407852.81, 6454212.86 ], [ 407856.97, 6454224.5 ], [ 407866.76, 6454221.46 ] ] ], [ [ [ 406438.29, 6454212.55 ], [ 406402.54, 6454212.19 ], [ 406428.3, 6454232.95 ], [ 406438.29, 6454212.55 ] ] ], [ [ [ 408109.4, 6454234.62 ], [ 408095.31, 6454219.94 ], [ 408082.48, 6454235.94 ], [ 408109.4, 6454234.62 ] ] ], [ [ [ 408012.33, 6454234.28 ], [ 408043.77, 6454226.69 ], [ 408013.08, 6454213.02 ], [ 408012.33, 6454234.28 ] ] ], [ [ [ 412584.91, 6454254.38 ], [ 412561.2, 6454255.11 ], [ 412576.32, 6454268.4 ], [ 412584.91, 6454254.38 ] ] ], [ [ [ 406402.46, 6454264.65 ], [ 406381.94, 6454249.25 ], [ 406389.96, 6454272.07 ], [ 406402.46, 6454264.65 ] ] ], [ [ [ 405803.76, 6454272.2 ], [ 405782.16, 6454261.68 ], [ 405791.3, 6454286.04 ], [ 405803.76, 6454272.2 ] ] ], [ [ [ 420924.97, 6454184.96 ], [ 420920.89, 6454250.18 ], [ 420968.61, 6454293.75 ], [ 420938.96, 6454206.94 ], [ 420924.97, 6454184.96 ] ] ], [ [ [ 408083.61, 6454322.21 ], [ 408159.62, 6454265.59 ], [ 408118.08, 6454269.16 ], [ 408145.07, 6454244.69 ], [ 408127.87, 6454228.42 ], [ 408083.61, 6454322.21 ] ] ], [ [ [ 408497.39, 6454133.71 ], [ 408555.56, 6454188.1 ], [ 408546.85, 6453967.99 ], [ 408387.76, 6454296.14 ], [ 408415.7, 6454358.04 ], [ 408467.85, 6454311.16 ], [ 408453.93, 6454234.66 ], [ 408497.39, 6454133.71 ] ] ], [ [ [ 422219.82, 6454374.35 ], [ 422211.18, 6454356.0 ], [ 422205.68, 6454383.09 ], [ 422219.82, 6454374.35 ] ] ], [ [ [ 404800.55, 6454374.81 ], [ 404763.43, 6454371.23 ], [ 404781.81, 6454390.88 ], [ 404800.55, 6454374.81 ] ] ], [ [ [ 417690.72, 6454425.27 ], [ 417671.64, 6454411.25 ], [ 417664.9, 6454423.74 ], [ 417690.72, 6454425.27 ] ] ], [ [ [ 405849.99, 6454389.62 ], [ 405821.61, 6454383.09 ], [ 405838.46, 6454315.6 ], [ 405898.64, 6454278.36 ], [ 405930.32, 6454215.69 ], [ 405905.92, 6454196.65 ], [ 405820.42, 6454300.08 ], [ 405754.51, 6454296.42 ], [ 405831.89, 6454320.94 ], [ 405801.2, 6454321.34 ], [ 405769.55, 6454353.83 ], [ 405822.63, 6454332.99 ], [ 405767.11, 6454379.75 ], [ 405811.32, 6454383.2 ], [ 405773.89, 6454449.12 ], [ 405849.99, 6454389.62 ] ] ], [ [ [ 405650.49, 6454515.35 ], [ 405686.35, 6454511.89 ], [ 405687.04, 6454451.68 ], [ 405647.43, 6454476.53 ], [ 405650.49, 6454515.35 ] ] ], [ [ [ 417506.66, 6454526.07 ], [ 417485.02, 6454518.97 ], [ 417493.38, 6454539.08 ], [ 417506.66, 6454526.07 ] ] ], [ [ [ 405631.79, 6454615.68 ], [ 405636.94, 6454573.33 ], [ 405621.54, 6454625.76 ], [ 405631.79, 6454615.68 ] ] ], [ [ [ 421802.43, 6454649.67 ], [ 421838.57, 6454645.21 ], [ 421841.04, 6454641.77 ], [ 421802.43, 6454649.67 ] ] ], [ [ [ 413026.8, 6454675.58 ], [ 412976.33, 6454453.82 ], [ 412837.55, 6454438.75 ], [ 412705.84, 6454364.1 ], [ 412825.78, 6454533.53 ], [ 412881.74, 6454528.85 ], [ 413026.8, 6454675.58 ] ] ], [ [ [ 417911.46, 6454668.42 ], [ 417894.3, 6454663.31 ], [ 417902.1, 6454677.96 ], [ 417911.46, 6454668.42 ] ] ], [ [ [ 414636.52, 6454861.67 ], [ 414614.4, 6454871.02 ], [ 414636.73, 6454871.55 ], [ 414636.52, 6454861.67 ] ] ], [ [ [ 420144.01, 6454895.21 ], [ 420184.03, 6454894.74 ], [ 420194.76, 6454887.01 ], [ 420162.16, 6454878.9 ], [ 420144.01, 6454895.21 ] ] ], [ [ [ 421518.6, 6454917.05 ], [ 421508.66, 6454905.82 ], [ 421512.81, 6454918.88 ], [ 421518.6, 6454917.05 ] ] ], [ [ [ 420894.91, 6454948.26 ], [ 420880.43, 6454940.71 ], [ 420882.91, 6454951.54 ], [ 420894.91, 6454948.26 ] ] ], [ [ [ 421367.19, 6454963.75 ], [ 421366.99, 6454940.98 ], [ 421360.16, 6454947.09 ], [ 421367.19, 6454963.75 ] ] ], [ [ [ 410061.72, 6454844.17 ], [ 410056.02, 6454929.84 ], [ 410070.37, 6455023.11 ], [ 410068.85, 6454886.46 ], [ 410061.72, 6454844.17 ] ] ], [ [ [ 414667.91, 6455053.25 ], [ 414651.56, 6455053.33 ], [ 414656.86, 6455064.47 ], [ 414667.91, 6455053.25 ] ] ], [ [ [ 414136.06, 6455068.16 ], [ 414233.36, 6455007.96 ], [ 414280.19, 6454842.73 ], [ 414248.21, 6454937.15 ], [ 414136.06, 6455068.16 ] ] ], [ [ [ 410071.29, 6455068.31 ], [ 410065.89, 6455044.92 ], [ 410067.63, 6455075.08 ], [ 410071.29, 6455068.31 ] ] ], [ [ [ 414112.4, 6455088.23 ], [ 414102.65, 6455082.08 ], [ 414101.36, 6455090.84 ], [ 414112.4, 6455088.23 ] ] ], [ [ [ 410120.45, 6454862.68 ], [ 410110.46, 6454911.67 ], [ 410123.36, 6455097.57 ], [ 410126.16, 6454934.44 ], [ 410120.45, 6454862.68 ] ] ], [ [ [ 421211.32, 6455105.2 ], [ 421155.23, 6454969.97 ], [ 421229.53, 6454829.02 ], [ 421088.25, 6454917.77 ], [ 420968.87, 6454928.45 ], [ 420987.56, 6455050.49 ], [ 421043.94, 6455120.84 ], [ 421211.32, 6455105.2 ] ] ], [ [ [ 421149.33, 6455169.59 ], [ 421076.84, 6455152.98 ], [ 421134.91, 6455243.13 ], [ 421149.33, 6455169.59 ] ] ], [ [ [ 421190.86, 6455226.57 ], [ 421172.43, 6455228.16 ], [ 421186.98, 6455242.79 ], [ 421190.86, 6455226.57 ] ] ], [ [ [ 417224.04, 6455260.06 ], [ 417261.95, 6455229.7 ], [ 417212.48, 6455253.5 ], [ 417224.04, 6455260.06 ] ] ], [ [ [ 421187.13, 6455263.33 ], [ 421167.17, 6455285.33 ], [ 421198.03, 6455315.04 ], [ 421202.58, 6455309.9 ], [ 421187.13, 6455263.33 ] ] ], [ [ [ 417235.9, 6455449.92 ], [ 417226.05, 6455427.46 ], [ 417219.57, 6455442.74 ], [ 417235.9, 6455449.92 ] ] ], [ [ [ 416828.03, 6455482.75 ], [ 416814.42, 6455471.91 ], [ 416828.87, 6455491.83 ], [ 416828.03, 6455482.75 ] ] ], [ [ [ 416856.23, 6455494.63 ], [ 416842.53, 6455524.76 ], [ 416884.34, 6455546.9 ], [ 416885.03, 6455518.65 ], [ 416856.23, 6455494.63 ] ] ], [ [ [ 383627.79, 6455586.51 ], [ 383612.35, 6455553.24 ], [ 383582.64, 6455570.58 ], [ 383627.79, 6455586.51 ] ] ], [ [ [ 414379.95, 6455551.63 ], [ 414404.93, 6455583.84 ], [ 414412.72, 6455546.99 ], [ 414379.95, 6455551.63 ] ] ], [ [ [ 414487.94, 6455607.65 ], [ 414519.67, 6455607.0 ], [ 414479.77, 6455591.94 ], [ 414487.94, 6455607.65 ] ] ], [ [ [ 414478.53, 6455563.27 ], [ 414440.83, 6455593.31 ], [ 414465.6, 6455622.14 ], [ 414476.26, 6455612.16 ], [ 414478.53, 6455563.27 ] ] ], [ [ [ 416682.17, 6455732.31 ], [ 416686.17, 6455710.01 ], [ 416670.13, 6455730.46 ], [ 416682.17, 6455732.31 ] ] ], [ [ [ 418878.64, 6455999.15 ], [ 418857.64, 6455986.01 ], [ 418858.96, 6456006.9 ], [ 418878.64, 6455999.15 ] ] ], [ [ [ 383945.38, 6456099.31 ], [ 383929.25, 6456083.24 ], [ 383926.84, 6456095.98 ], [ 383945.38, 6456099.31 ] ] ], [ [ [ 409736.51, 6455626.11 ], [ 409563.95, 6455580.07 ], [ 409751.42, 6455922.97 ], [ 410011.37, 6456099.96 ], [ 409900.44, 6455799.22 ], [ 409736.51, 6455626.11 ] ] ], [ [ [ 383924.3, 6456107.62 ], [ 383907.8, 6456103.48 ], [ 383909.9, 6456117.12 ], [ 383924.3, 6456107.62 ] ] ], [ [ [ 414335.44, 6456111.5 ], [ 414315.55, 6456089.96 ], [ 414298.61, 6456126.0 ], [ 414335.44, 6456111.5 ] ] ], [ [ [ 383842.73, 6456118.95 ], [ 383879.27, 6456113.93 ], [ 383863.89, 6456096.36 ], [ 383842.73, 6456118.95 ] ] ], [ [ [ 383896.77, 6456119.14 ], [ 383855.0, 6456151.99 ], [ 383871.15, 6456174.05 ], [ 383895.29, 6456157.87 ], [ 383896.77, 6456119.14 ] ] ], [ [ [ 414200.47, 6456271.42 ], [ 414190.65, 6456253.3 ], [ 414185.67, 6456261.0 ], [ 414200.47, 6456271.42 ] ] ], [ [ [ 410170.22, 6455870.68 ], [ 410164.37, 6456020.23 ], [ 410187.44, 6456302.88 ], [ 410180.38, 6455967.2 ], [ 410170.22, 6455870.68 ] ] ], [ [ [ 410102.14, 6455902.11 ], [ 410096.59, 6456066.82 ], [ 410119.22, 6456353.29 ], [ 410125.19, 6456198.1 ], [ 410102.14, 6455902.11 ] ] ], [ [ [ 420491.79, 6456378.14 ], [ 420445.42, 6456299.7 ], [ 420363.36, 6456317.37 ], [ 420491.79, 6456378.14 ] ] ], [ [ [ 420297.18, 6456528.6 ], [ 420264.5, 6456457.21 ], [ 420169.88, 6456466.12 ], [ 420192.4, 6456518.62 ], [ 420297.18, 6456528.6 ] ] ], [ [ [ 410136.49, 6456565.25 ], [ 410130.59, 6456555.24 ], [ 410129.52, 6456574.63 ], [ 410136.49, 6456565.25 ] ] ], [ [ [ 414270.81, 6456608.0 ], [ 414175.62, 6456477.43 ], [ 414204.83, 6456411.87 ], [ 414167.85, 6456317.25 ], [ 414100.79, 6456446.21 ], [ 414152.16, 6456620.53 ], [ 414247.24, 6456668.39 ], [ 414270.81, 6456608.0 ] ] ], [ [ [ 410209.49, 6456671.12 ], [ 410194.15, 6456667.73 ], [ 410205.77, 6456724.0 ], [ 410209.49, 6456671.12 ] ] ], [ [ [ 410216.71, 6456798.4 ], [ 410204.6, 6456788.98 ], [ 410210.63, 6456801.47 ], [ 410216.71, 6456798.4 ] ] ], [ [ [ 382189.43, 6456812.34 ], [ 382169.27, 6456816.19 ], [ 382181.76, 6456821.09 ], [ 382189.43, 6456812.34 ] ] ], [ [ [ 382348.59, 6456847.05 ], [ 382263.22, 6456848.12 ], [ 382325.91, 6456890.8 ], [ 382348.59, 6456847.05 ] ] ], [ [ [ 383367.95, 6456899.8 ], [ 383422.51, 6456891.5 ], [ 383394.05, 6456880.35 ], [ 383367.95, 6456899.8 ] ] ], [ [ [ 425364.49, 6456903.81 ], [ 425354.96, 6456833.1 ], [ 425325.16, 6456856.69 ], [ 425364.49, 6456903.81 ] ] ], [ [ [ 420799.46, 6456917.33 ], [ 420784.71, 6456912.81 ], [ 420782.88, 6456919.27 ], [ 420799.46, 6456917.33 ] ] ], [ [ [ 414430.6, 6456938.23 ], [ 414451.75, 6456906.81 ], [ 414410.37, 6456929.3 ], [ 414430.6, 6456938.23 ] ] ], [ [ [ 383187.12, 6457012.62 ], [ 383285.47, 6456928.92 ], [ 383237.82, 6456939.72 ], [ 383187.12, 6457012.62 ] ] ], [ [ [ 383170.53, 6457029.0 ], [ 383189.43, 6457038.53 ], [ 383193.93, 6457031.77 ], [ 383170.53, 6457029.0 ] ] ], [ [ [ 382976.32, 6457126.81 ], [ 382960.94, 6457115.35 ], [ 382951.55, 6457127.48 ], [ 382976.32, 6457126.81 ] ] ], [ [ [ 414634.58, 6457242.12 ], [ 414627.32, 6457223.14 ], [ 414616.94, 6457237.5 ], [ 414634.58, 6457242.12 ] ] ], [ [ [ 414003.87, 6457243.38 ], [ 413979.73, 6457232.2 ], [ 413980.76, 6457242.2 ], [ 414003.87, 6457243.38 ] ] ], [ [ [ 414400.35, 6457343.74 ], [ 414361.93, 6457304.94 ], [ 414319.7, 6457309.45 ], [ 414341.85, 6457347.23 ], [ 414400.35, 6457343.74 ] ] ], [ [ [ 414068.6, 6457238.38 ], [ 414030.38, 6457315.45 ], [ 414071.55, 6457371.84 ], [ 414096.66, 6457347.72 ], [ 414068.6, 6457238.38 ] ] ], [ [ [ 414507.08, 6457381.7 ], [ 414432.63, 6457371.46 ], [ 414423.34, 6457376.7 ], [ 414461.52, 6457398.21 ], [ 414507.08, 6457381.7 ] ] ], [ [ [ 420398.39, 6457452.94 ], [ 420394.23, 6457398.35 ], [ 420432.92, 6457246.07 ], [ 420395.78, 6457258.61 ], [ 420348.34, 6457407.99 ], [ 420398.39, 6457452.94 ] ] ], [ [ [ 420447.42, 6457471.94 ], [ 420405.29, 6457455.77 ], [ 420448.89, 6457497.9 ], [ 420447.42, 6457471.94 ] ] ], [ [ [ 419815.26, 6457516.42 ], [ 419803.29, 6457506.23 ], [ 419801.44, 6457512.61 ], [ 419815.26, 6457516.42 ] ] ], [ [ [ 382327.49, 6457474.17 ], [ 382271.12, 6457484.9 ], [ 382272.29, 6457552.49 ], [ 382329.4, 6457530.19 ], [ 382327.49, 6457474.17 ] ] ], [ [ [ 420451.16, 6457564.2 ], [ 420463.86, 6457533.91 ], [ 420442.77, 6457564.31 ], [ 420451.16, 6457564.2 ] ] ], [ [ [ 420177.53, 6457585.22 ], [ 420239.94, 6457539.8 ], [ 420196.56, 6457487.47 ], [ 420128.1, 6457569.3 ], [ 420177.53, 6457585.22 ] ] ], [ [ [ 419606.53, 6457578.34 ], [ 419602.71, 6457581.87 ], [ 419608.78, 6457591.23 ], [ 419606.53, 6457578.34 ] ] ], [ [ [ 420589.88, 6457579.29 ], [ 420707.02, 6457258.15 ], [ 420756.67, 6457010.09 ], [ 420679.68, 6456952.35 ], [ 420650.93, 6457108.97 ], [ 420608.91, 6456904.47 ], [ 420536.28, 6457061.33 ], [ 420600.56, 6457251.33 ], [ 420554.0, 6457294.72 ], [ 420565.2, 6457339.01 ], [ 420509.45, 6457366.97 ], [ 420543.01, 6457395.24 ], [ 420495.75, 6457423.18 ], [ 420526.83, 6457593.53 ], [ 420589.88, 6457579.29 ] ] ], [ [ [ 420281.98, 6457598.1 ], [ 420276.14, 6457586.36 ], [ 420265.98, 6457598.63 ], [ 420281.98, 6457598.1 ] ] ], [ [ [ 419616.93, 6457615.32 ], [ 419610.29, 6457610.07 ], [ 419615.88, 6457619.38 ], [ 419616.93, 6457615.32 ] ] ], [ [ [ 419630.35, 6457650.88 ], [ 419617.26, 6457634.58 ], [ 419629.59, 6457660.84 ], [ 419630.35, 6457650.88 ] ] ], [ [ [ 382673.7, 6457756.28 ], [ 382677.85, 6457727.34 ], [ 382651.82, 6457737.48 ], [ 382673.7, 6457756.28 ] ] ], [ [ [ 382185.12, 6457770.7 ], [ 382232.96, 6457758.87 ], [ 382112.74, 6457725.32 ], [ 382185.12, 6457770.7 ] ] ], [ [ [ 377556.38, 6457748.92 ], [ 377516.19, 6457733.12 ], [ 377528.18, 6457685.23 ], [ 377809.9, 6457585.35 ], [ 377765.98, 6457592.56 ], [ 377714.12, 6457536.6 ], [ 377693.85, 6457410.71 ], [ 377776.62, 6457319.66 ], [ 377644.01, 6457019.41 ], [ 377397.52, 6457187.68 ], [ 377446.63, 6457273.73 ], [ 377423.87, 6457379.03 ], [ 377452.76, 6457520.21 ], [ 377398.54, 6457685.51 ], [ 377511.61, 6457780.88 ], [ 377556.38, 6457748.92 ] ] ], [ [ [ 382886.71, 6457912.54 ], [ 382861.81, 6457910.93 ], [ 382885.98, 6457925.63 ], [ 382886.71, 6457912.54 ] ] ], [ [ [ 378394.44, 6458046.64 ], [ 378412.36, 6458017.47 ], [ 378372.02, 6458027.92 ], [ 378394.44, 6458046.64 ] ] ], [ [ [ 378442.71, 6458049.24 ], [ 378470.97, 6457961.14 ], [ 378427.05, 6457967.96 ], [ 378440.81, 6458012.83 ], [ 378408.32, 6458001.08 ], [ 378394.35, 6458014.31 ], [ 378426.95, 6458017.24 ], [ 378442.71, 6458049.24 ] ] ], [ [ [ 382404.29, 6458144.19 ], [ 382627.99, 6457863.78 ], [ 382610.99, 6457787.51 ], [ 382563.51, 6457777.76 ], [ 382369.94, 6457896.49 ], [ 382272.69, 6458117.97 ], [ 382404.29, 6458144.19 ] ] ], [ [ [ 378407.99, 6458163.09 ], [ 378397.55, 6458153.51 ], [ 378394.16, 6458174.48 ], [ 378407.99, 6458163.09 ] ] ], [ [ [ 382370.36, 6458193.8 ], [ 382354.12, 6458201.95 ], [ 382376.24, 6458200.64 ], [ 382370.36, 6458193.8 ] ] ], [ [ [ 382408.42, 6458271.18 ], [ 382320.91, 6458205.22 ], [ 382227.54, 6458231.2 ], [ 382380.78, 6458289.29 ], [ 382408.42, 6458271.18 ] ] ], [ [ [ 431217.94, 6458564.44 ], [ 431202.85, 6458561.6 ], [ 431182.74, 6458584.91 ], [ 431217.94, 6458564.44 ] ] ], [ [ [ 430448.79, 6458870.32 ], [ 430421.67, 6458810.89 ], [ 430382.3, 6458801.54 ], [ 430448.79, 6458870.32 ] ] ], [ [ [ 376093.26, 6459048.96 ], [ 376083.48, 6459044.77 ], [ 376085.3, 6459052.0 ], [ 376093.26, 6459048.96 ] ] ], [ [ [ 430026.53, 6459205.95 ], [ 430012.64, 6459204.2 ], [ 430011.83, 6459208.72 ], [ 430026.53, 6459205.95 ] ] ], [ [ [ 376249.93, 6459343.36 ], [ 376217.0, 6459374.31 ], [ 376224.91, 6459414.83 ], [ 376241.23, 6459409.76 ], [ 376249.93, 6459343.36 ] ] ], [ [ [ 424819.8, 6460384.99 ], [ 425078.99, 6460401.4 ], [ 425116.9, 6460389.2 ], [ 424927.13, 6460360.18 ], [ 424819.8, 6460384.99 ] ] ], [ [ [ 424549.36, 6460390.77 ], [ 424520.52, 6460392.28 ], [ 424535.82, 6460418.77 ], [ 424549.36, 6460390.77 ] ] ], [ [ [ 375072.52, 6460548.12 ], [ 375054.24, 6460545.98 ], [ 375068.49, 6460569.79 ], [ 375072.52, 6460548.12 ] ] ], [ [ [ 431348.25, 6461458.67 ], [ 431419.85, 6461474.28 ], [ 431456.35, 6461409.38 ], [ 431348.25, 6461458.67 ] ] ], [ [ [ 373233.25, 6461901.71 ], [ 373204.51, 6461789.16 ], [ 373153.79, 6461807.56 ], [ 373153.49, 6461873.08 ], [ 373197.73, 6461857.32 ], [ 373233.25, 6461901.71 ] ] ], [ [ [ 431945.47, 6461895.47 ], [ 432029.27, 6461883.29 ], [ 432008.39, 6461847.23 ], [ 431945.77, 6461835.98 ], [ 431945.47, 6461895.47 ] ] ], [ [ [ 431623.47, 6461952.95 ], [ 431604.68, 6461966.49 ], [ 431629.65, 6461958.75 ], [ 431623.47, 6461952.95 ] ] ], [ [ [ 432019.5, 6461974.19 ], [ 432095.39, 6461955.77 ], [ 432053.79, 6461914.73 ], [ 432019.5, 6461974.19 ] ] ], [ [ [ 432187.81, 6462213.01 ], [ 432174.32, 6462218.89 ], [ 432183.6, 6462218.85 ], [ 432187.81, 6462213.01 ] ] ], [ [ [ 371766.8, 6462176.11 ], [ 371735.11, 6462232.86 ], [ 371829.09, 6462251.6 ], [ 371842.32, 6462213.7 ], [ 371766.8, 6462176.11 ] ] ], [ [ [ 435074.68, 6462335.5 ], [ 435091.12, 6462324.46 ], [ 435077.3, 6462315.24 ], [ 435074.68, 6462335.5 ] ] ], [ [ [ 432270.09, 6462389.16 ], [ 432250.16, 6462385.65 ], [ 432255.47, 6462403.07 ], [ 432270.09, 6462389.16 ] ] ], [ [ [ 432379.41, 6462421.32 ], [ 432370.72, 6462414.89 ], [ 432374.6, 6462422.73 ], [ 432379.41, 6462421.32 ] ] ], [ [ [ 432781.21, 6462401.31 ], [ 432773.96, 6462382.0 ], [ 432761.43, 6462437.17 ], [ 432781.21, 6462401.31 ] ] ], [ [ [ 435693.04, 6462481.61 ], [ 435679.66, 6462478.5 ], [ 435681.11, 6462485.59 ], [ 435693.04, 6462481.61 ] ] ], [ [ [ 432491.9, 6462491.84 ], [ 432498.27, 6462433.54 ], [ 432449.11, 6462467.16 ], [ 432491.9, 6462491.84 ] ] ], [ [ [ 436472.03, 6462420.74 ], [ 436441.88, 6462453.73 ], [ 436467.03, 6462518.67 ], [ 436462.11, 6462492.39 ], [ 436472.03, 6462420.74 ] ] ], [ [ [ 435864.95, 6462448.69 ], [ 435810.94, 6462457.5 ], [ 435821.1, 6462518.75 ], [ 435864.95, 6462448.69 ] ] ], [ [ [ 435584.13, 6462535.61 ], [ 435609.23, 6462470.8 ], [ 435573.62, 6462533.7 ], [ 435584.13, 6462535.61 ] ] ], [ [ [ 436534.47, 6462595.13 ], [ 436669.01, 6462566.44 ], [ 436718.51, 6462516.85 ], [ 436666.92, 6462558.38 ], [ 436528.14, 6462539.22 ], [ 436534.47, 6462595.13 ] ] ], [ [ [ 439631.21, 6462448.97 ], [ 439618.26, 6462462.08 ], [ 439549.5, 6462626.79 ], [ 439588.39, 6462581.92 ], [ 439631.21, 6462448.97 ] ] ], [ [ [ 437049.93, 6462710.91 ], [ 437009.09, 6462699.44 ], [ 436985.58, 6462829.15 ], [ 437049.93, 6462710.91 ] ] ], [ [ [ 433509.01, 6462841.12 ], [ 433501.77, 6462836.05 ], [ 433500.3, 6462844.96 ], [ 433509.01, 6462841.12 ] ] ], [ [ [ 436579.72, 6462915.53 ], [ 436569.67, 6462905.36 ], [ 436574.76, 6462918.46 ], [ 436579.72, 6462915.53 ] ] ], [ [ [ 434604.48, 6462943.87 ], [ 434577.54, 6462949.14 ], [ 434560.87, 6462966.08 ], [ 434584.59, 6462969.24 ], [ 434604.48, 6462943.87 ] ] ], [ [ [ 432656.67, 6462968.99 ], [ 432707.14, 6462934.72 ], [ 432677.66, 6462901.72 ], [ 432656.67, 6462968.99 ] ] ], [ [ [ 433474.13, 6462966.29 ], [ 433437.04, 6462921.73 ], [ 433434.18, 6462967.08 ], [ 433474.13, 6462966.29 ] ] ], [ [ [ 433577.9, 6462973.28 ], [ 433617.03, 6462942.32 ], [ 433624.93, 6462902.1 ], [ 433580.56, 6462942.69 ], [ 433563.24, 6462863.36 ], [ 433512.05, 6462869.89 ], [ 433553.92, 6462911.34 ], [ 433493.37, 6462932.86 ], [ 433577.9, 6462973.28 ] ] ], [ [ [ 434458.76, 6462854.94 ], [ 434441.28, 6462948.69 ], [ 434516.63, 6463009.62 ], [ 434479.49, 6462965.1 ], [ 434458.76, 6462854.94 ] ] ], [ [ [ 433078.3, 6463019.88 ], [ 433064.45, 6463004.91 ], [ 433059.45, 6463023.72 ], [ 433078.3, 6463019.88 ] ] ], [ [ [ 433514.6, 6463063.18 ], [ 433486.75, 6463030.08 ], [ 433472.68, 6463056.99 ], [ 433514.6, 6463063.18 ] ] ], [ [ [ 433341.41, 6463042.9 ], [ 433305.86, 6463105.58 ], [ 433315.08, 6463121.66 ], [ 433352.06, 6463083.99 ], [ 433341.41, 6463042.9 ] ] ], [ [ [ 433231.36, 6463117.62 ], [ 433176.88, 6463116.65 ], [ 433161.13, 6463092.24 ], [ 433181.13, 6463162.06 ], [ 433231.36, 6463117.62 ] ] ], [ [ [ 433366.14, 6463169.3 ], [ 433352.4, 6463158.4 ], [ 433352.37, 6463177.33 ], [ 433366.14, 6463169.3 ] ] ], [ [ [ 433662.86, 6463211.44 ], [ 433642.96, 6463192.0 ], [ 433641.89, 6463204.59 ], [ 433662.86, 6463211.44 ] ] ], [ [ [ 432560.96, 6463190.79 ], [ 432516.75, 6463227.77 ], [ 432577.28, 6463257.96 ], [ 432590.95, 6463226.46 ], [ 432560.96, 6463190.79 ] ] ], [ [ [ 432487.84, 6463259.28 ], [ 432463.2, 6463244.68 ], [ 432463.54, 6463262.29 ], [ 432487.84, 6463259.28 ] ] ], [ [ [ 438685.48, 6463236.28 ], [ 438697.49, 6463200.31 ], [ 438657.19, 6463268.12 ], [ 438685.48, 6463236.28 ] ] ], [ [ [ 433561.89, 6463267.48 ], [ 433551.47, 6463243.05 ], [ 433541.75, 6463270.59 ], [ 433561.89, 6463267.48 ] ] ], [ [ [ 433664.61, 6463318.94 ], [ 433648.39, 6463309.79 ], [ 433645.61, 6463317.62 ], [ 433664.61, 6463318.94 ] ] ], [ [ [ 433094.51, 6463311.97 ], [ 433066.65, 6463302.69 ], [ 433085.67, 6463329.39 ], [ 433094.51, 6463311.97 ] ] ], [ [ [ 433066.93, 6463079.62 ], [ 433009.31, 6462989.32 ], [ 432958.75, 6463051.63 ], [ 432873.61, 6463067.51 ], [ 432901.79, 6463105.94 ], [ 433030.12, 6463063.03 ], [ 432896.98, 6463276.16 ], [ 432931.59, 6463330.4 ], [ 433045.05, 6463206.51 ], [ 433066.93, 6463079.62 ] ] ], [ [ [ 436898.14, 6463338.79 ], [ 436884.2, 6463332.47 ], [ 436875.13, 6463335.21 ], [ 436898.14, 6463338.79 ] ] ], [ [ [ 434296.69, 6463348.6 ], [ 434309.26, 6463323.96 ], [ 434290.63, 6463346.57 ], [ 434296.69, 6463348.6 ] ] ], [ [ [ 433431.15, 6463380.41 ], [ 433511.96, 6463312.09 ], [ 433457.87, 6463246.95 ], [ 433470.85, 6463333.94 ], [ 433431.15, 6463380.41 ] ] ], [ [ [ 432823.0, 6463301.85 ], [ 432768.33, 6463286.47 ], [ 432727.6, 6463417.67 ], [ 432807.06, 6463400.26 ], [ 432823.0, 6463301.85 ] ] ], [ [ [ 433311.65, 6463394.59 ], [ 433255.81, 6463465.52 ], [ 433277.81, 6463514.85 ], [ 433329.48, 6463450.79 ], [ 433311.65, 6463394.59 ] ] ], [ [ [ 433396.62, 6463523.66 ], [ 433389.64, 6463516.35 ], [ 433390.16, 6463527.06 ], [ 433396.62, 6463523.66 ] ] ], [ [ [ 433196.77, 6463472.56 ], [ 433166.15, 6463510.39 ], [ 433201.33, 6463546.2 ], [ 433217.93, 6463493.83 ], [ 433196.77, 6463472.56 ] ] ], [ [ [ 433517.88, 6463452.31 ], [ 433453.38, 6463453.79 ], [ 433424.1, 6463539.59 ], [ 433467.82, 6463548.84 ], [ 433517.88, 6463452.31 ] ] ], [ [ [ 433566.23, 6463613.36 ], [ 433531.16, 6463611.94 ], [ 433523.75, 6463649.98 ], [ 433549.53, 6463654.21 ], [ 433566.23, 6463613.36 ] ] ], [ [ [ 433377.23, 6463614.14 ], [ 433373.04, 6463685.9 ], [ 433393.64, 6463698.97 ], [ 433412.93, 6463651.76 ], [ 433377.23, 6463614.14 ] ] ], [ [ [ 434028.82, 6463692.53 ], [ 434017.92, 6463680.73 ], [ 434010.97, 6463697.53 ], [ 434028.82, 6463692.53 ] ] ], [ [ [ 433581.68, 6463708.89 ], [ 433551.97, 6463715.28 ], [ 433568.45, 6463752.33 ], [ 433581.68, 6463708.89 ] ] ], [ [ [ 437738.43, 6463756.86 ], [ 437732.32, 6463740.99 ], [ 437733.96, 6463766.52 ], [ 437738.43, 6463756.86 ] ] ], [ [ [ 433922.93, 6463827.73 ], [ 433965.56, 6463860.25 ], [ 434033.77, 6463852.44 ], [ 433983.87, 6463740.28 ], [ 433899.08, 6463716.96 ], [ 433915.14, 6463786.93 ], [ 433863.36, 6463762.02 ], [ 433833.64, 6463860.89 ], [ 433879.25, 6463873.3 ], [ 433922.93, 6463827.73 ] ] ], [ [ [ 433539.62, 6463879.72 ], [ 433528.48, 6463865.63 ], [ 433523.76, 6463871.14 ], [ 433539.62, 6463879.72 ] ] ], [ [ [ 433138.7, 6463912.89 ], [ 433124.5, 6463896.67 ], [ 433119.75, 6463914.42 ], [ 433138.7, 6463912.89 ] ] ], [ [ [ 433505.96, 6463913.56 ], [ 433466.81, 6463939.93 ], [ 433515.24, 6463959.67 ], [ 433505.96, 6463913.56 ] ] ], [ [ [ 433854.35, 6463969.13 ], [ 433875.33, 6463903.26 ], [ 433824.0, 6463900.49 ], [ 433814.35, 6463959.56 ], [ 433854.35, 6463969.13 ] ] ], [ [ [ 433240.95, 6463956.29 ], [ 433180.18, 6463946.79 ], [ 433218.6, 6463986.38 ], [ 433240.95, 6463956.29 ] ] ], [ [ [ 433456.64, 6463991.28 ], [ 433425.71, 6463969.05 ], [ 433418.84, 6463991.16 ], [ 433456.64, 6463991.28 ] ] ], [ [ [ 433560.53, 6464004.23 ], [ 433679.31, 6463970.07 ], [ 433640.49, 6463949.66 ], [ 433598.52, 6463803.27 ], [ 433560.53, 6464004.23 ] ] ], [ [ [ 433163.25, 6463959.1 ], [ 433131.81, 6463987.78 ], [ 433166.88, 6464050.11 ], [ 433253.42, 6464070.82 ], [ 433163.25, 6463959.1 ] ] ], [ [ [ 433499.82, 6464081.71 ], [ 433554.28, 6464049.76 ], [ 433509.72, 6463998.68 ], [ 433458.93, 6464058.59 ], [ 433499.82, 6464081.71 ] ] ], [ [ [ 433443.26, 6464108.61 ], [ 433431.45, 6464097.32 ], [ 433434.16, 6464111.98 ], [ 433443.26, 6464108.61 ] ] ], [ [ [ 434045.62, 6464176.53 ], [ 434035.82, 6464166.86 ], [ 434036.14, 6464178.57 ], [ 434045.62, 6464176.53 ] ] ], [ [ [ 433416.8, 6464172.43 ], [ 433373.22, 6464113.71 ], [ 433397.87, 6464066.82 ], [ 433343.95, 6463928.02 ], [ 433374.85, 6463855.78 ], [ 433342.38, 6463713.56 ], [ 433276.38, 6463909.55 ], [ 433317.46, 6464138.72 ], [ 433416.8, 6464172.43 ] ] ], [ [ [ 433481.12, 6464164.71 ], [ 433434.04, 6464151.92 ], [ 433449.63, 6464198.23 ], [ 433481.12, 6464164.71 ] ] ], [ [ [ 437966.92, 6464137.11 ], [ 438113.22, 6463860.98 ], [ 438073.98, 6463892.56 ], [ 438021.19, 6463858.7 ], [ 437957.53, 6463953.91 ], [ 437980.88, 6464028.0 ], [ 437951.38, 6464123.28 ], [ 437821.32, 6464200.68 ], [ 437966.92, 6464137.11 ] ] ], [ [ [ 434174.56, 6464198.76 ], [ 434192.1, 6464212.75 ], [ 434193.89, 6464202.32 ], [ 434174.56, 6464198.76 ] ] ], [ [ [ 433962.81, 6464221.9 ], [ 433986.85, 6464120.63 ], [ 433959.35, 6464136.36 ], [ 433962.81, 6464221.9 ] ] ], [ [ [ 433518.5, 6464250.7 ], [ 433596.07, 6464263.17 ], [ 433599.05, 6464253.93 ], [ 433518.5, 6464250.7 ] ] ], [ [ [ 433635.26, 6464270.03 ], [ 433723.99, 6464216.11 ], [ 433687.71, 6464162.8 ], [ 433580.31, 6464110.49 ], [ 433635.26, 6464270.03 ] ] ], [ [ [ 433456.99, 6464242.36 ], [ 433444.88, 6464275.41 ], [ 433460.37, 6464285.66 ], [ 433467.73, 6464271.83 ], [ 433456.99, 6464242.36 ] ] ], [ [ [ 434060.3, 6464190.79 ], [ 434024.94, 6464218.03 ], [ 434094.45, 6464317.03 ], [ 434071.69, 6464277.38 ], [ 434060.3, 6464190.79 ] ] ], [ [ [ 433935.73, 6464345.14 ], [ 433912.23, 6464333.15 ], [ 433916.39, 6464351.3 ], [ 433935.73, 6464345.14 ] ] ], [ [ [ 437157.44, 6464430.75 ], [ 437142.38, 6464427.2 ], [ 437155.5, 6464434.41 ], [ 437157.44, 6464430.75 ] ] ], [ [ [ 434229.16, 6464367.83 ], [ 434187.29, 6464364.62 ], [ 434150.47, 6464288.56 ], [ 434121.24, 6464305.22 ], [ 434203.65, 6464444.31 ], [ 434229.16, 6464367.83 ] ] ], [ [ [ 437755.19, 6464513.26 ], [ 437746.87, 6464514.1 ], [ 437751.19, 6464522.49 ], [ 437755.19, 6464513.26 ] ] ], [ [ [ 437804.3, 6464560.9 ], [ 437797.38, 6464555.48 ], [ 437795.82, 6464567.72 ], [ 437804.3, 6464560.9 ] ] ], [ [ [ 378563.82, 6465092.7 ], [ 378557.85, 6465069.58 ], [ 378553.18, 6465072.54 ], [ 378563.82, 6465092.7 ] ] ], [ [ [ 437728.33, 6465099.2 ], [ 437704.94, 6465095.96 ], [ 437705.12, 6465102.49 ], [ 437728.33, 6465099.2 ] ] ], [ [ [ 377045.55, 6465290.42 ], [ 377157.12, 6465160.6 ], [ 377119.74, 6465049.75 ], [ 377019.72, 6465102.0 ], [ 377052.12, 6465183.9 ], [ 377005.53, 6465233.14 ], [ 377050.46, 6465219.12 ], [ 377045.55, 6465290.42 ] ] ], [ [ [ 373288.33, 6465338.89 ], [ 373323.72, 6465345.24 ], [ 373306.98, 6465320.7 ], [ 373288.33, 6465338.89 ] ] ], [ [ [ 379786.22, 6465377.66 ], [ 379784.87, 6465413.3 ], [ 379797.73, 6465422.27 ], [ 379805.19, 6465410.6 ], [ 379786.22, 6465377.66 ] ] ], [ [ [ 379403.6, 6465439.03 ], [ 379407.21, 6465359.12 ], [ 379341.33, 6465325.68 ], [ 379322.41, 6465416.65 ], [ 379403.6, 6465439.03 ] ] ], [ [ [ 438175.95, 6465522.09 ], [ 438378.17, 6465381.4 ], [ 438380.54, 6465353.36 ], [ 438356.74, 6465337.25 ], [ 438242.28, 6465446.8 ], [ 438138.36, 6465449.61 ], [ 438175.95, 6465522.09 ] ] ], [ [ [ 379910.81, 6465498.49 ], [ 379909.43, 6465577.76 ], [ 379915.25, 6465584.75 ], [ 379927.64, 6465549.08 ], [ 379910.81, 6465498.49 ] ] ], [ [ [ 373641.35, 6465566.32 ], [ 373682.52, 6465571.91 ], [ 373670.6, 6465545.15 ], [ 373641.35, 6465566.32 ] ] ], [ [ [ 376046.83, 6465651.83 ], [ 376070.92, 6465661.81 ], [ 376062.52, 6465636.54 ], [ 376046.83, 6465651.83 ] ] ], [ [ [ 438327.61, 6465687.07 ], [ 438318.13, 6465662.76 ], [ 438297.39, 6465693.67 ], [ 438327.61, 6465687.07 ] ] ], [ [ [ 373612.54, 6465685.04 ], [ 373594.5, 6465685.35 ], [ 373597.7, 6465701.05 ], [ 373612.54, 6465685.04 ] ] ], [ [ [ 372842.76, 6465715.62 ], [ 372821.57, 6465739.35 ], [ 372833.24, 6465761.97 ], [ 372842.76, 6465715.62 ] ] ], [ [ [ 372889.87, 6465807.87 ], [ 372874.44, 6465789.44 ], [ 372870.63, 6465794.2 ], [ 372889.87, 6465807.87 ] ] ], [ [ [ 372896.66, 6465829.21 ], [ 372881.66, 6465836.99 ], [ 372899.12, 6465844.53 ], [ 372896.66, 6465829.21 ] ] ], [ [ [ 372943.89, 6465848.52 ], [ 373075.28, 6465712.16 ], [ 373033.07, 6465713.29 ], [ 373048.95, 6465684.28 ], [ 372960.03, 6465714.11 ], [ 372914.26, 6465834.98 ], [ 372943.89, 6465848.52 ] ] ], [ [ [ 437793.5, 6465847.47 ], [ 437769.1, 6465835.38 ], [ 437764.37, 6465879.62 ], [ 437793.5, 6465847.47 ] ] ], [ [ [ 378819.51, 6465891.16 ], [ 378840.27, 6465864.03 ], [ 378803.34, 6465880.06 ], [ 378819.51, 6465891.16 ] ] ], [ [ [ 378757.78, 6465907.08 ], [ 378794.68, 6465913.19 ], [ 378788.48, 6465891.69 ], [ 378757.78, 6465907.08 ] ] ], [ [ [ 438178.29, 6465952.03 ], [ 438151.36, 6465902.13 ], [ 438137.36, 6465905.89 ], [ 438148.25, 6465961.59 ], [ 438178.29, 6465952.03 ] ] ], [ [ [ 373001.62, 6465974.74 ], [ 373023.55, 6465966.36 ], [ 372994.78, 6465963.71 ], [ 373001.62, 6465974.74 ] ] ], [ [ [ 437749.43, 6465975.1 ], [ 437762.59, 6465928.68 ], [ 437739.91, 6465894.93 ], [ 437711.81, 6465926.37 ], [ 437749.43, 6465975.1 ] ] ], [ [ [ 437972.62, 6465992.53 ], [ 438100.43, 6465807.02 ], [ 438006.45, 6465661.88 ], [ 437914.25, 6465837.56 ], [ 437972.62, 6465992.53 ] ] ], [ [ [ 372899.13, 6466054.0 ], [ 372987.57, 6466040.97 ], [ 373015.15, 6465993.61 ], [ 372922.68, 6465992.42 ], [ 372899.13, 6466054.0 ] ] ], [ [ [ 437694.0, 6466139.56 ], [ 437665.29, 6466138.33 ], [ 437686.38, 6466158.94 ], [ 437694.0, 6466139.56 ] ] ], [ [ [ 438119.41, 6466274.4 ], [ 438097.35, 6466255.2 ], [ 438115.27, 6466279.45 ], [ 438119.41, 6466274.4 ] ] ], [ [ [ 437474.85, 6466348.13 ], [ 437460.94, 6466342.8 ], [ 437468.81, 6466354.3 ], [ 437474.85, 6466348.13 ] ] ], [ [ [ 438249.74, 6466376.27 ], [ 438229.1, 6466364.73 ], [ 438231.24, 6466380.23 ], [ 438249.74, 6466376.27 ] ] ], [ [ [ 437656.17, 6466205.95 ], [ 437612.23, 6466431.24 ], [ 437652.71, 6466453.89 ], [ 437687.45, 6466302.29 ], [ 437656.17, 6466205.95 ] ] ], [ [ [ 437492.68, 6466455.22 ], [ 437472.94, 6466423.12 ], [ 437457.62, 6466455.73 ], [ 437492.68, 6466455.22 ] ] ], [ [ [ 438082.03, 6466425.13 ], [ 438048.8, 6466440.47 ], [ 438041.69, 6466449.91 ], [ 438077.96, 6466457.23 ], [ 438082.03, 6466425.13 ] ] ], [ [ [ 372880.26, 6466496.19 ], [ 372988.09, 6466286.58 ], [ 373067.14, 6466254.62 ], [ 373033.17, 6466237.16 ], [ 373059.44, 6466182.12 ], [ 372980.24, 6466176.65 ], [ 372960.26, 6466136.96 ], [ 372967.94, 6466195.49 ], [ 372866.73, 6466288.05 ], [ 372930.64, 6466331.76 ], [ 372889.77, 6466361.06 ], [ 372916.09, 6466416.89 ], [ 372880.26, 6466496.19 ] ] ], [ [ [ 370602.19, 6466277.59 ], [ 370548.12, 6466172.65 ], [ 370599.56, 6466124.47 ], [ 370476.05, 6466068.75 ], [ 370428.45, 6465985.66 ], [ 370346.6, 6465946.02 ], [ 370210.99, 6465967.52 ], [ 370012.34, 6465916.3 ], [ 369967.61, 6465880.1 ], [ 369934.55, 6465746.19 ], [ 369830.75, 6465751.59 ], [ 369700.38, 6465626.21 ], [ 369707.47, 6465588.85 ], [ 369669.37, 6465600.7 ], [ 369718.1, 6465801.26 ], [ 369687.94, 6465851.66 ], [ 369814.92, 6465893.78 ], [ 370042.21, 6466293.86 ], [ 370182.47, 6466371.49 ], [ 370238.27, 6466320.05 ], [ 370368.36, 6466324.34 ], [ 370433.05, 6466273.19 ], [ 370493.31, 6466277.64 ], [ 370550.62, 6466332.28 ], [ 370572.27, 6466508.7 ], [ 370602.19, 6466277.59 ] ] ], [ [ [ 438132.28, 6466580.44 ], [ 438101.62, 6466578.84 ], [ 438136.66, 6466599.13 ], [ 438132.28, 6466580.44 ] ] ], [ [ [ 438048.78, 6466681.68 ], [ 438177.7, 6466657.0 ], [ 438136.84, 6466620.86 ], [ 438048.78, 6466681.68 ] ] ], [ [ [ 438293.67, 6466675.89 ], [ 438281.98, 6466676.85 ], [ 438271.7, 6466693.22 ], [ 438293.67, 6466675.89 ] ] ], [ [ [ 438508.48, 6466705.54 ], [ 438505.35, 6466697.84 ], [ 438499.26, 6466704.03 ], [ 438508.48, 6466705.54 ] ] ], [ [ [ 438005.07, 6466698.79 ], [ 437984.99, 6466696.58 ], [ 437980.91, 6466710.29 ], [ 438005.07, 6466698.79 ] ] ], [ [ [ 379682.51, 6466732.31 ], [ 379824.97, 6466587.31 ], [ 379840.35, 6466459.7 ], [ 379802.63, 6466430.26 ], [ 379663.57, 6466525.93 ], [ 379689.5, 6466543.82 ], [ 379652.67, 6466699.92 ], [ 379682.51, 6466732.31 ] ] ], [ [ [ 370578.02, 6466853.5 ], [ 370472.39, 6466695.62 ], [ 370434.13, 6466663.48 ], [ 370384.68, 6466766.64 ], [ 370578.02, 6466853.5 ] ] ], [ [ [ 438284.85, 6466883.96 ], [ 438277.7, 6466876.7 ], [ 438277.56, 6466891.52 ], [ 438284.85, 6466883.96 ] ] ], [ [ [ 438294.51, 6466924.15 ], [ 438287.61, 6466911.61 ], [ 438283.41, 6466924.21 ], [ 438294.51, 6466924.15 ] ] ], [ [ [ 438328.79, 6466972.26 ], [ 438324.94, 6466952.34 ], [ 438317.76, 6466954.39 ], [ 438328.79, 6466972.26 ] ] ], [ [ [ 379874.22, 6466963.53 ], [ 379825.8, 6466946.07 ], [ 379793.29, 6467035.04 ], [ 379866.6, 6467004.01 ], [ 379874.22, 6466963.53 ] ] ], [ [ [ 369241.85, 6467059.48 ], [ 369282.27, 6467041.7 ], [ 369312.91, 6466941.21 ], [ 369453.41, 6466895.97 ], [ 369282.75, 6466902.32 ], [ 369216.67, 6466782.73 ], [ 369054.31, 6466660.06 ], [ 369184.96, 6466782.14 ], [ 369274.68, 6466962.89 ], [ 369253.49, 6467015.87 ], [ 369184.85, 6466985.8 ], [ 369161.92, 6466842.73 ], [ 369067.33, 6466736.1 ], [ 369043.2, 6466982.64 ], [ 369241.85, 6467059.48 ] ] ], [ [ [ 379771.38, 6467175.21 ], [ 379832.97, 6467165.37 ], [ 379747.03, 6467070.23 ], [ 379729.04, 6467100.71 ], [ 379694.73, 6467085.05 ], [ 379663.95, 6467108.22 ], [ 379698.99, 6467093.51 ], [ 379713.27, 6467155.53 ], [ 379725.97, 6467106.42 ], [ 379771.38, 6467175.21 ] ] ], [ [ [ 371152.84, 6467183.66 ], [ 371207.88, 6467182.18 ], [ 371154.05, 6467142.71 ], [ 371152.84, 6467183.66 ] ] ], [ [ [ 371299.08, 6467322.3 ], [ 371289.63, 6467227.37 ], [ 371209.96, 6467232.4 ], [ 371205.1, 6467325.5 ], [ 371299.08, 6467322.3 ] ] ], [ [ [ 375574.55, 6467501.64 ], [ 375624.36, 6467321.39 ], [ 375680.59, 6467278.71 ], [ 375663.96, 6467219.28 ], [ 375558.93, 6467366.78 ], [ 375525.01, 6467478.22 ], [ 375574.55, 6467501.64 ] ] ], [ [ [ 375646.16, 6467533.98 ], [ 375619.73, 6467535.01 ], [ 375613.86, 6467598.83 ], [ 375629.33, 6467582.39 ], [ 375646.16, 6467533.98 ] ] ], [ [ [ 375409.17, 6467695.34 ], [ 375390.56, 6467690.06 ], [ 375400.56, 6467707.72 ], [ 375409.17, 6467695.34 ] ] ], [ [ [ 438268.02, 6467741.35 ], [ 438284.26, 6467737.13 ], [ 438286.12, 6467732.65 ], [ 438269.37, 6467729.28 ], [ 438268.02, 6467741.35 ] ] ], [ [ [ 375281.35, 6467846.73 ], [ 375379.56, 6467635.64 ], [ 375414.65, 6467644.36 ], [ 375433.81, 6467576.35 ], [ 375468.4, 6467603.2 ], [ 375481.57, 6467529.91 ], [ 375512.0, 6467542.35 ], [ 375486.84, 6467407.87 ], [ 375396.1, 6467536.05 ], [ 375358.27, 6467520.81 ], [ 375281.35, 6467846.73 ] ] ], [ [ [ 375279.24, 6467871.38 ], [ 375269.19, 6467875.15 ], [ 375270.51, 6467876.61 ], [ 375279.24, 6467871.38 ] ] ], [ [ [ 375226.64, 6467925.14 ], [ 375210.47, 6467922.41 ], [ 375214.12, 6467941.66 ], [ 375226.64, 6467925.14 ] ] ], [ [ [ 439484.63, 6468025.51 ], [ 439472.29, 6468020.93 ], [ 439474.91, 6468029.97 ], [ 439484.63, 6468025.51 ] ] ], [ [ [ 379060.72, 6468075.33 ], [ 379286.9, 6467914.81 ], [ 379358.23, 6467604.72 ], [ 379221.46, 6467679.02 ], [ 379159.77, 6467767.38 ], [ 379069.07, 6468001.88 ], [ 379093.87, 6467989.05 ], [ 379092.26, 6468045.84 ], [ 379060.72, 6468075.33 ] ] ], [ [ [ 375072.09, 6468080.5 ], [ 375116.75, 6468062.47 ], [ 375142.06, 6467998.46 ], [ 375104.7, 6468001.39 ], [ 375072.09, 6468080.5 ] ] ], [ [ [ 375156.95, 6468118.64 ], [ 375162.03, 6468091.87 ], [ 375151.57, 6468088.69 ], [ 375156.95, 6468118.64 ] ] ], [ [ [ 375004.19, 6468214.6 ], [ 375181.71, 6468037.94 ], [ 375216.87, 6468044.21 ], [ 375203.14, 6467929.75 ], [ 375159.61, 6467970.18 ], [ 375152.75, 6468030.31 ], [ 375080.83, 6468115.17 ], [ 375051.91, 6468073.11 ], [ 375026.62, 6468125.4 ], [ 375011.04, 6468093.63 ], [ 375017.05, 6468149.62 ], [ 374978.4, 6468168.34 ], [ 375004.19, 6468214.6 ] ] ], [ [ [ 378723.78, 6468477.32 ], [ 378783.55, 6468250.41 ], [ 378880.17, 6468256.98 ], [ 378851.39, 6468203.0 ], [ 378793.53, 6468202.75 ], [ 378786.09, 6468143.95 ], [ 378704.98, 6468115.87 ], [ 378657.39, 6468194.01 ], [ 378683.14, 6468250.28 ], [ 378645.67, 6468339.21 ], [ 378656.49, 6468462.39 ], [ 378723.78, 6468477.32 ] ] ], [ [ [ 375983.13, 6468649.39 ], [ 376025.28, 6468659.39 ], [ 376037.35, 6468630.42 ], [ 375983.13, 6468649.39 ] ] ], [ [ [ 379155.33, 6468684.87 ], [ 379145.44, 6468674.26 ], [ 379142.4, 6468696.51 ], [ 379155.33, 6468684.87 ] ] ], [ [ [ 379141.62, 6468756.03 ], [ 379138.53, 6468710.28 ], [ 379126.24, 6468721.85 ], [ 379141.62, 6468756.03 ] ] ], [ [ [ 370011.76, 6468757.86 ], [ 370093.69, 6468620.36 ], [ 370309.27, 6468545.03 ], [ 370732.1, 6468165.14 ], [ 371082.46, 6467935.27 ], [ 371269.39, 6467632.62 ], [ 371459.41, 6467556.97 ], [ 371647.22, 6467564.43 ], [ 371756.36, 6467593.25 ], [ 371747.31, 6467644.5 ], [ 371801.02, 6467692.52 ], [ 371791.36, 6467575.44 ], [ 371890.89, 6467542.13 ], [ 371609.74, 6467491.45 ], [ 371371.06, 6467378.85 ], [ 371341.46, 6467424.24 ], [ 371269.24, 6467341.99 ], [ 371177.53, 6467328.06 ], [ 371144.43, 6467261.17 ], [ 371092.72, 6467306.54 ], [ 371030.39, 6467279.69 ], [ 370994.87, 6467303.83 ], [ 370991.34, 6467460.24 ], [ 371145.76, 6467518.83 ], [ 371006.33, 6467605.08 ], [ 370866.47, 6467415.61 ], [ 370320.77, 6467315.91 ], [ 370484.21, 6467397.32 ], [ 370386.7, 6467648.28 ], [ 370311.61, 6467722.45 ], [ 370350.19, 6467753.06 ], [ 370325.47, 6467793.68 ], [ 370364.45, 6467904.06 ], [ 370336.38, 6467943.48 ], [ 370276.14, 6467981.5 ], [ 370023.21, 6467991.95 ], [ 369970.93, 6467946.97 ], [ 369970.59, 6467871.54 ], [ 369890.54, 6467782.98 ], [ 369839.03, 6467780.91 ], [ 369767.43, 6467855.58 ], [ 369673.78, 6467855.45 ], [ 369681.88, 6467934.98 ], [ 369640.33, 6467959.03 ], [ 369548.94, 6468200.83 ], [ 369545.03, 6468294.76 ], [ 369731.01, 6468547.49 ], [ 369901.34, 6468733.33 ], [ 370011.76, 6468757.86 ] ] ], [ [ [ 443367.07, 6468865.11 ], [ 443348.25, 6468870.08 ], [ 443346.12, 6468894.05 ], [ 443367.07, 6468865.11 ] ] ], [ [ [ 375277.25, 6468975.81 ], [ 375301.1, 6468936.13 ], [ 375293.8, 6468926.64 ], [ 375275.43, 6468946.01 ], [ 375277.25, 6468975.81 ] ] ], [ [ [ 442419.02, 6469004.09 ], [ 442434.23, 6468940.51 ], [ 442356.12, 6468959.63 ], [ 442339.22, 6468921.37 ], [ 442353.34, 6469004.87 ], [ 442419.02, 6469004.09 ] ] ], [ [ [ 375236.52, 6469005.5 ], [ 375226.28, 6468989.84 ], [ 375230.56, 6469003.39 ], [ 375225.64, 6469010.93 ], [ 375236.52, 6469005.5 ] ] ], [ [ [ 375501.21, 6469004.09 ], [ 375485.11, 6469006.84 ], [ 375504.85, 6469017.73 ], [ 375501.21, 6469004.09 ] ] ], [ [ [ 375434.13, 6469020.98 ], [ 375448.72, 6469001.91 ], [ 375440.55, 6468995.29 ], [ 375434.13, 6469020.98 ] ] ], [ [ [ 375213.9, 6469042.61 ], [ 375210.9, 6469013.9 ], [ 375203.96, 6469048.65 ], [ 375213.9, 6469042.61 ] ] ], [ [ [ 378891.39, 6469045.11 ], [ 378881.39, 6469040.87 ], [ 378881.99, 6469049.66 ], [ 378891.39, 6469045.11 ] ] ], [ [ [ 375243.71, 6469063.43 ], [ 375231.81, 6469054.99 ], [ 375228.78, 6469070.27 ], [ 375243.71, 6469063.43 ] ] ], [ [ [ 442189.18, 6469078.76 ], [ 442200.28, 6469053.19 ], [ 442183.35, 6469078.67 ], [ 442189.18, 6469078.76 ] ] ], [ [ [ 443268.72, 6469081.27 ], [ 443263.62, 6469065.84 ], [ 443262.84, 6469083.12 ], [ 443268.72, 6469081.27 ] ] ], [ [ [ 382282.71, 6469090.02 ], [ 382468.71, 6469049.35 ], [ 382509.01, 6468951.98 ], [ 382448.03, 6468882.96 ], [ 382343.27, 6468879.43 ], [ 382283.99, 6468926.97 ], [ 382282.71, 6469090.02 ] ] ], [ [ [ 382136.01, 6469115.61 ], [ 382265.75, 6468952.05 ], [ 382248.44, 6468903.4 ], [ 382156.29, 6468955.94 ], [ 382094.67, 6469065.57 ], [ 382132.95, 6469063.02 ], [ 382136.01, 6469115.61 ] ] ], [ [ [ 378585.78, 6469115.96 ], [ 378563.03, 6469128.45 ], [ 378561.55, 6469145.59 ], [ 378566.63, 6469145.91 ], [ 378585.78, 6469115.96 ] ] ], [ [ [ 442354.84, 6469113.67 ], [ 442329.56, 6469064.97 ], [ 442288.28, 6469110.14 ], [ 442227.59, 6469095.28 ], [ 442308.07, 6469156.72 ], [ 442354.84, 6469113.67 ] ] ], [ [ [ 379099.04, 6469152.4 ], [ 379077.29, 6469138.49 ], [ 379099.43, 6469184.69 ], [ 379099.04, 6469152.4 ] ] ], [ [ [ 442745.78, 6469208.2 ], [ 442737.67, 6469199.55 ], [ 442741.78, 6469209.5 ], [ 442745.78, 6469208.2 ] ] ], [ [ [ 442350.58, 6469200.93 ], [ 442321.43, 6469202.69 ], [ 442345.49, 6469215.86 ], [ 442350.58, 6469200.93 ] ] ], [ [ [ 443131.87, 6469218.72 ], [ 443192.49, 6469169.59 ], [ 443203.43, 6469111.65 ], [ 443133.54, 6469173.46 ], [ 443032.3, 6469132.42 ], [ 442978.25, 6469163.72 ], [ 443012.12, 6469217.14 ], [ 443131.87, 6469218.72 ] ] ], [ [ [ 442349.03, 6469230.4 ], [ 442436.59, 6469226.11 ], [ 442400.72, 6469201.81 ], [ 442349.03, 6469230.4 ] ] ], [ [ [ 442952.51, 6469316.29 ], [ 442958.99, 6469274.15 ], [ 442939.11, 6469308.25 ], [ 442952.51, 6469316.29 ] ] ], [ [ [ 374965.68, 6469326.25 ], [ 374949.53, 6469301.55 ], [ 374951.28, 6469327.27 ], [ 374965.68, 6469326.25 ] ] ], [ [ [ 374972.39, 6469368.49 ], [ 375040.41, 6469245.74 ], [ 375027.28, 6469194.07 ], [ 374972.39, 6469368.49 ] ] ], [ [ [ 378691.88, 6469391.85 ], [ 378695.96, 6469304.29 ], [ 378833.25, 6469256.57 ], [ 378874.2, 6469383.24 ], [ 379006.33, 6469361.29 ], [ 378995.28, 6469294.92 ], [ 379042.07, 6469199.92 ], [ 378955.87, 6469157.51 ], [ 378860.9, 6469198.49 ], [ 378850.3, 6469164.55 ], [ 378775.27, 6469222.23 ], [ 378708.76, 6469138.69 ], [ 378563.05, 6469362.95 ], [ 378630.76, 6469395.82 ], [ 378645.05, 6469446.46 ], [ 378691.88, 6469391.85 ] ] ], [ [ [ 376086.9, 6469509.47 ], [ 376091.54, 6469493.54 ], [ 376056.32, 6469480.32 ], [ 376086.9, 6469509.47 ] ] ], [ [ [ 375190.88, 6469526.58 ], [ 375266.44, 6469446.65 ], [ 375243.46, 6469397.75 ], [ 375164.26, 6469501.97 ], [ 375190.88, 6469526.58 ] ] ], [ [ [ 439606.72, 6469539.82 ], [ 439553.28, 6469518.37 ], [ 439462.33, 6469531.23 ], [ 439507.89, 6469559.24 ], [ 439606.72, 6469539.82 ] ] ], [ [ [ 378547.03, 6469629.1 ], [ 378621.02, 6469490.42 ], [ 378583.52, 6469413.89 ], [ 378493.85, 6469549.46 ], [ 378493.11, 6469621.16 ], [ 378547.03, 6469629.1 ] ] ], [ [ [ 442510.73, 6469716.12 ], [ 442496.48, 6469709.33 ], [ 442504.05, 6469721.07 ], [ 442510.73, 6469716.12 ] ] ], [ [ [ 380127.03, 6469701.48 ], [ 380345.15, 6469665.18 ], [ 380223.97, 6469530.55 ], [ 380158.16, 6469548.61 ], [ 380113.43, 6469658.38 ], [ 380127.03, 6469701.48 ] ] ], [ [ [ 374447.92, 6469785.47 ], [ 374483.83, 6469703.22 ], [ 374476.32, 6469617.42 ], [ 374445.0, 6469734.62 ], [ 374417.1, 6469723.91 ], [ 374447.92, 6469785.47 ] ] ], [ [ [ 381882.24, 6469809.44 ], [ 381902.47, 6469803.2 ], [ 381877.76, 6469802.22 ], [ 381882.24, 6469809.44 ] ] ], [ [ [ 381997.59, 6469843.27 ], [ 382023.52, 6469830.17 ], [ 382018.2, 6469823.35 ], [ 381997.59, 6469843.27 ] ] ], [ [ [ 381997.0, 6469884.77 ], [ 381998.83, 6469857.16 ], [ 381994.25, 6469884.07 ], [ 381997.0, 6469884.77 ] ] ], [ [ [ 381741.09, 6469903.88 ], [ 381766.07, 6469899.82 ], [ 381732.82, 6469893.43 ], [ 381741.09, 6469903.88 ] ] ], [ [ [ 381500.27, 6469950.51 ], [ 381525.83, 6469890.25 ], [ 381635.66, 6469858.13 ], [ 381693.68, 6469703.35 ], [ 381604.79, 6469697.83 ], [ 381458.98, 6469928.19 ], [ 381500.27, 6469950.51 ] ] ], [ [ [ 382063.71, 6469975.53 ], [ 382146.92, 6469830.83 ], [ 382139.2, 6469612.74 ], [ 382096.93, 6469564.52 ], [ 381949.28, 6469760.5 ], [ 382035.64, 6469810.59 ], [ 382022.62, 6469892.11 ], [ 382063.71, 6469975.53 ] ] ], [ [ [ 373288.9, 6469900.39 ], [ 373280.7, 6469936.11 ], [ 373311.39, 6469987.44 ], [ 373314.3, 6469961.12 ], [ 373288.9, 6469900.39 ] ] ], [ [ [ 382129.76, 6470027.28 ], [ 382117.39, 6470000.0 ], [ 382107.38, 6470003.52 ], [ 382129.76, 6470027.28 ] ] ], [ [ [ 379007.86, 6470010.52 ], [ 378993.56, 6470011.51 ], [ 378999.66, 6470028.37 ], [ 379007.86, 6470010.52 ] ] ], [ [ [ 374872.12, 6470062.82 ], [ 374865.0, 6470048.9 ], [ 374868.53, 6470061.06 ], [ 374872.12, 6470062.82 ] ] ], [ [ [ 375407.15, 6470066.07 ], [ 375425.09, 6469992.18 ], [ 375457.39, 6470004.88 ], [ 375497.09, 6469932.0 ], [ 375434.06, 6469797.15 ], [ 375370.48, 6470009.56 ], [ 375366.79, 6470069.2 ], [ 375407.15, 6470066.07 ] ] ], [ [ [ 439276.3, 6470172.05 ], [ 439424.88, 6470105.63 ], [ 439369.04, 6470027.75 ], [ 439325.47, 6470046.96 ], [ 439145.26, 6469968.72 ], [ 439035.49, 6470008.32 ], [ 439049.23, 6470059.04 ], [ 439276.3, 6470172.05 ] ] ], [ [ [ 438629.11, 6470195.81 ], [ 438607.26, 6470187.56 ], [ 438591.63, 6470197.08 ], [ 438629.11, 6470195.81 ] ] ], [ [ [ 375349.05, 6470184.47 ], [ 375333.69, 6470167.52 ], [ 375319.91, 6470200.03 ], [ 375349.05, 6470184.47 ] ] ], [ [ [ 439268.27, 6470233.39 ], [ 439260.08, 6470216.03 ], [ 439235.93, 6470231.04 ], [ 439268.27, 6470233.39 ] ] ], [ [ [ 439209.85, 6470234.37 ], [ 438853.9, 6470166.27 ], [ 438764.71, 6470180.67 ], [ 439209.85, 6470234.37 ] ] ], [ [ [ 374507.76, 6470240.97 ], [ 374548.71, 6470239.52 ], [ 374557.33, 6470211.67 ], [ 374507.76, 6470240.97 ] ] ], [ [ [ 438508.9, 6470230.28 ], [ 438469.81, 6470241.88 ], [ 438445.45, 6470273.87 ], [ 438469.44, 6470284.15 ], [ 438508.9, 6470230.28 ] ] ], [ [ [ 374422.1, 6470397.7 ], [ 374441.52, 6470391.1 ], [ 374439.94, 6470380.94 ], [ 374422.1, 6470397.7 ] ] ], [ [ [ 438944.18, 6470407.26 ], [ 438921.79, 6470341.09 ], [ 438827.03, 6470332.58 ], [ 438866.61, 6470406.25 ], [ 438944.18, 6470407.26 ] ] ], [ [ [ 374428.62, 6470432.45 ], [ 374420.81, 6470421.73 ], [ 374419.89, 6470438.63 ], [ 374428.62, 6470432.45 ] ] ], [ [ [ 438758.07, 6470377.38 ], [ 438692.15, 6470404.19 ], [ 438670.31, 6470432.04 ], [ 438735.99, 6470450.37 ], [ 438758.07, 6470377.38 ] ] ], [ [ [ 378907.27, 6470465.55 ], [ 379001.22, 6470401.64 ], [ 378995.86, 6470319.29 ], [ 378932.62, 6470251.75 ], [ 378934.54, 6470153.13 ], [ 378982.56, 6470152.54 ], [ 379025.11, 6470071.81 ], [ 379085.27, 6470080.24 ], [ 379022.35, 6470015.78 ], [ 378896.89, 6470116.46 ], [ 378832.51, 6470094.7 ], [ 378814.81, 6470174.66 ], [ 378801.45, 6470282.87 ], [ 378830.82, 6470247.43 ], [ 378868.39, 6470271.63 ], [ 378851.35, 6470428.21 ], [ 378890.08, 6470398.76 ], [ 378907.27, 6470465.55 ] ] ], [ [ [ 438467.78, 6470456.31 ], [ 438495.78, 6470485.5 ], [ 438511.18, 6470468.04 ], [ 438467.78, 6470456.31 ] ] ], [ [ [ 374274.13, 6470527.91 ], [ 374302.05, 6470498.72 ], [ 374301.06, 6470494.7 ], [ 374274.13, 6470527.91 ] ] ], [ [ [ 444504.73, 6470372.53 ], [ 444434.93, 6470453.37 ], [ 444374.45, 6470557.16 ], [ 444425.83, 6470476.21 ], [ 444504.73, 6470372.53 ] ] ], [ [ [ 440407.8, 6470574.61 ], [ 440398.8, 6470561.46 ], [ 440391.2, 6470570.21 ], [ 440407.8, 6470574.61 ] ] ], [ [ [ 378916.5, 6470576.99 ], [ 379113.53, 6470535.31 ], [ 379117.58, 6470525.86 ], [ 378916.5, 6470576.99 ] ] ], [ [ [ 374302.38, 6470658.85 ], [ 374420.97, 6470548.47 ], [ 374447.78, 6470468.4 ], [ 374488.98, 6470465.25 ], [ 374576.91, 6470260.37 ], [ 374567.72, 6470237.47 ], [ 374497.02, 6470350.88 ], [ 374515.38, 6470380.17 ], [ 374464.65, 6470395.23 ], [ 374376.42, 6470545.22 ], [ 374315.52, 6470574.4 ], [ 374297.94, 6470540.29 ], [ 374215.0, 6470641.1 ], [ 374304.08, 6470599.08 ], [ 374302.38, 6470658.85 ] ] ], [ [ [ 374268.52, 6470685.17 ], [ 374290.64, 6470671.11 ], [ 374271.76, 6470651.63 ], [ 374268.52, 6470685.17 ] ] ], [ [ [ 374250.92, 6470689.93 ], [ 374242.82, 6470689.96 ], [ 374238.69, 6470698.25 ], [ 374250.92, 6470689.93 ] ] ], [ [ [ 378732.87, 6470713.28 ], [ 378875.2, 6470644.31 ], [ 378893.39, 6470585.51 ], [ 378732.87, 6470713.28 ] ] ], [ [ [ 439951.01, 6470680.42 ], [ 439925.29, 6470685.94 ], [ 439891.13, 6470717.99 ], [ 439931.99, 6470720.7 ], [ 439951.01, 6470680.42 ] ] ], [ [ [ 374266.92, 6470773.72 ], [ 374275.26, 6470759.7 ], [ 374271.53, 6470754.38 ], [ 374266.92, 6470773.72 ] ] ], [ [ [ 381781.2, 6470778.3 ], [ 381845.97, 6470724.8 ], [ 381893.35, 6470713.93 ], [ 381830.01, 6470696.07 ], [ 381781.2, 6470778.3 ] ] ], [ [ [ 439087.21, 6470856.37 ], [ 439073.85, 6470858.29 ], [ 439086.81, 6470865.04 ], [ 439087.21, 6470856.37 ] ] ], [ [ [ 374179.94, 6470907.4 ], [ 374223.22, 6470900.7 ], [ 374262.73, 6470815.85 ], [ 374262.08, 6470790.32 ], [ 374250.48, 6470779.27 ], [ 374179.94, 6470907.4 ] ] ], [ [ [ 438556.11, 6470927.45 ], [ 438541.88, 6470919.88 ], [ 438540.13, 6470922.21 ], [ 438556.11, 6470927.45 ] ] ], [ [ [ 374188.19, 6470920.79 ], [ 374181.37, 6470913.59 ], [ 374175.96, 6470929.83 ], [ 374188.19, 6470920.79 ] ] ], [ [ [ 440019.15, 6470925.47 ], [ 440005.68, 6470919.07 ], [ 440020.36, 6470931.15 ], [ 440019.15, 6470925.47 ] ] ], [ [ [ 375292.67, 6470961.9 ], [ 375408.23, 6470838.07 ], [ 375371.49, 6470733.63 ], [ 375401.41, 6470746.46 ], [ 375402.8, 6470699.45 ], [ 375419.42, 6470725.38 ], [ 375454.45, 6470700.99 ], [ 375663.75, 6470502.5 ], [ 375769.05, 6470303.27 ], [ 375886.66, 6470198.03 ], [ 375926.81, 6470044.64 ], [ 375886.32, 6470043.64 ], [ 375880.91, 6470102.78 ], [ 375841.15, 6470120.57 ], [ 375836.88, 6470079.66 ], [ 375769.24, 6470192.96 ], [ 375772.18, 6470151.85 ], [ 375736.64, 6470164.17 ], [ 375729.63, 6470267.1 ], [ 375656.61, 6470293.13 ], [ 375668.75, 6470331.91 ], [ 375616.41, 6470335.81 ], [ 375595.41, 6470405.29 ], [ 375562.07, 6470386.08 ], [ 375553.26, 6470447.91 ], [ 375503.25, 6470441.49 ], [ 375427.93, 6470610.1 ], [ 375420.41, 6470550.94 ], [ 375377.87, 6470599.84 ], [ 375352.86, 6470875.44 ], [ 375323.56, 6470907.06 ], [ 375310.56, 6470878.6 ], [ 375292.67, 6470961.9 ] ] ], [ [ [ 439001.62, 6470969.05 ], [ 438977.95, 6470983.14 ], [ 438972.44, 6471017.51 ], [ 439001.94, 6471003.07 ], [ 439001.62, 6470969.05 ] ] ], [ [ [ 439813.46, 6471007.53 ], [ 439766.31, 6471002.3 ], [ 439812.21, 6471017.99 ], [ 439813.46, 6471007.53 ] ] ], [ [ [ 439687.73, 6471026.82 ], [ 439674.18, 6471026.75 ], [ 439688.57, 6471033.76 ], [ 439687.73, 6471026.82 ] ] ], [ [ [ 380704.38, 6471044.21 ], [ 380899.56, 6470875.94 ], [ 380899.72, 6470792.52 ], [ 380993.23, 6470658.14 ], [ 381066.96, 6470655.59 ], [ 381061.17, 6470617.73 ], [ 380914.01, 6470631.38 ], [ 380823.28, 6470721.55 ], [ 380658.1, 6471022.89 ], [ 380704.38, 6471044.21 ] ] ], [ [ [ 381082.94, 6471087.7 ], [ 381235.13, 6471023.88 ], [ 381230.47, 6470952.87 ], [ 381082.94, 6471087.7 ] ] ], [ [ [ 438695.96, 6471101.0 ], [ 438743.64, 6471103.29 ], [ 438712.84, 6471069.35 ], [ 438695.96, 6471101.0 ] ] ], [ [ [ 438779.04, 6471117.08 ], [ 438810.39, 6471107.99 ], [ 438769.06, 6471096.13 ], [ 438779.04, 6471117.08 ] ] ], [ [ [ 373743.49, 6471128.56 ], [ 373769.29, 6471130.96 ], [ 373754.56, 6471095.17 ], [ 373743.49, 6471128.56 ] ] ], [ [ [ 438679.94, 6471127.59 ], [ 438658.46, 6471123.69 ], [ 438631.84, 6471133.9 ], [ 438679.94, 6471127.59 ] ] ], [ [ [ 438750.43, 6471148.46 ], [ 438774.25, 6471119.18 ], [ 438737.41, 6471127.19 ], [ 438750.43, 6471148.46 ] ] ], [ [ [ 373886.82, 6471142.77 ], [ 373876.04, 6471144.02 ], [ 373888.01, 6471154.54 ], [ 373886.82, 6471142.77 ] ] ], [ [ [ 438749.21, 6471190.16 ], [ 438799.96, 6471203.01 ], [ 438801.67, 6471183.43 ], [ 438749.21, 6471190.16 ] ] ], [ [ [ 438898.35, 6471219.4 ], [ 438877.85, 6471213.42 ], [ 438885.12, 6471227.0 ], [ 438898.35, 6471219.4 ] ] ], [ [ [ 373849.42, 6471235.66 ], [ 373835.66, 6471234.16 ], [ 373846.84, 6471241.64 ], [ 373849.42, 6471235.66 ] ] ], [ [ [ 375106.61, 6471219.59 ], [ 375095.98, 6471191.91 ], [ 375095.34, 6471244.99 ], [ 375106.61, 6471219.59 ] ] ], [ [ [ 373849.84, 6471257.68 ], [ 373844.22, 6471257.81 ], [ 373850.45, 6471282.95 ], [ 373849.84, 6471257.68 ] ] ], [ [ [ 438855.26, 6471283.51 ], [ 438840.81, 6471289.18 ], [ 438863.43, 6471295.5 ], [ 438855.26, 6471283.51 ] ] ], [ [ [ 438903.44, 6471310.83 ], [ 438880.49, 6471301.85 ], [ 438905.56, 6471316.32 ], [ 438903.44, 6471310.83 ] ] ], [ [ [ 373873.12, 6471321.63 ], [ 374104.34, 6471172.53 ], [ 374103.96, 6471052.9 ], [ 374144.2, 6470998.29 ], [ 374089.94, 6471031.16 ], [ 374029.73, 6470975.39 ], [ 373949.08, 6471004.16 ], [ 373904.86, 6470898.9 ], [ 373913.67, 6470797.44 ], [ 373869.81, 6470889.35 ], [ 373895.07, 6470996.72 ], [ 373842.82, 6471053.45 ], [ 373911.34, 6471180.49 ], [ 373873.12, 6471321.63 ] ] ], [ [ [ 378675.57, 6471334.28 ], [ 378698.27, 6471317.03 ], [ 378709.7, 6471243.32 ], [ 378690.65, 6471248.34 ], [ 378675.57, 6471334.28 ] ] ], [ [ [ 438767.61, 6471356.27 ], [ 438748.34, 6471360.47 ], [ 438765.34, 6471369.74 ], [ 438767.61, 6471356.27 ] ] ], [ [ [ 374913.18, 6471438.75 ], [ 374942.59, 6471410.18 ], [ 374935.36, 6471399.98 ], [ 374913.18, 6471438.75 ] ] ], [ [ [ 375385.65, 6471433.99 ], [ 375398.72, 6471437.87 ], [ 375394.17, 6471416.97 ], [ 375385.65, 6471433.99 ] ] ], [ [ [ 382384.41, 6471509.94 ], [ 382408.62, 6471497.18 ], [ 382374.29, 6471499.1 ], [ 382384.41, 6471509.94 ] ] ], [ [ [ 439332.85, 6471442.09 ], [ 439187.84, 6471430.38 ], [ 439197.03, 6471514.05 ], [ 439332.85, 6471442.09 ] ] ], [ [ [ 444962.76, 6471528.23 ], [ 444956.62, 6471523.31 ], [ 444953.65, 6471528.35 ], [ 444962.76, 6471528.23 ] ] ], [ [ [ 382374.56, 6471551.28 ], [ 382400.84, 6471536.98 ], [ 382369.07, 6471540.17 ], [ 382374.56, 6471551.28 ] ] ], [ [ [ 439035.49, 6471568.05 ], [ 439021.01, 6471564.1 ], [ 439019.94, 6471573.54 ], [ 439035.49, 6471568.05 ] ] ], [ [ [ 382604.22, 6471598.2 ], [ 382583.43, 6471589.93 ], [ 382583.74, 6471602.63 ], [ 382604.22, 6471598.2 ] ] ], [ [ [ 444178.61, 6471639.71 ], [ 444194.13, 6471631.25 ], [ 444177.26, 6471637.96 ], [ 444178.61, 6471639.71 ] ] ], [ [ [ 439332.66, 6471648.27 ], [ 439318.0, 6471649.15 ], [ 439330.71, 6471659.45 ], [ 439332.66, 6471648.27 ] ] ], [ [ [ 439238.27, 6471575.17 ], [ 439204.57, 6471614.73 ], [ 439231.86, 6471672.59 ], [ 439301.87, 6471616.41 ], [ 439238.27, 6471575.17 ] ] ], [ [ [ 439378.8, 6471679.47 ], [ 439398.07, 6471675.72 ], [ 439376.13, 6471676.9 ], [ 439378.8, 6471679.47 ] ] ], [ [ [ 439498.76, 6471686.52 ], [ 439470.72, 6471676.08 ], [ 439469.2, 6471690.28 ], [ 439498.76, 6471686.52 ] ] ], [ [ [ 445458.45, 6471718.89 ], [ 445472.18, 6471718.1 ], [ 445471.7, 6471709.92 ], [ 445458.45, 6471718.89 ] ] ], [ [ [ 445422.65, 6471728.05 ], [ 445415.62, 6471721.89 ], [ 445413.67, 6471728.01 ], [ 445422.65, 6471728.05 ] ] ], [ [ [ 382919.12, 6471748.97 ], [ 382973.91, 6471713.75 ], [ 382975.95, 6471692.14 ], [ 382956.78, 6471691.98 ], [ 382919.12, 6471748.97 ] ] ], [ [ [ 445445.95, 6471754.48 ], [ 445438.48, 6471747.43 ], [ 445439.2, 6471752.75 ], [ 445445.95, 6471754.48 ] ] ], [ [ [ 439189.93, 6471704.65 ], [ 439161.41, 6471724.8 ], [ 439179.6, 6471765.92 ], [ 439206.51, 6471750.76 ], [ 439189.93, 6471704.65 ] ] ], [ [ [ 439097.16, 6471783.07 ], [ 439108.97, 6471711.09 ], [ 439061.66, 6471766.57 ], [ 439097.16, 6471783.07 ] ] ], [ [ [ 377784.8, 6471792.11 ], [ 377928.3, 6471783.19 ], [ 377933.17, 6471744.61 ], [ 377784.8, 6471792.11 ] ] ], [ [ [ 439180.87, 6471821.5 ], [ 439163.49, 6471803.51 ], [ 439159.11, 6471823.56 ], [ 439180.87, 6471821.5 ] ] ], [ [ [ 377710.83, 6471839.57 ], [ 377770.19, 6471837.84 ], [ 377772.23, 6471793.64 ], [ 377710.83, 6471839.57 ] ] ], [ [ [ 382295.38, 6471868.98 ], [ 382374.44, 6471806.11 ], [ 382406.08, 6471744.3 ], [ 382264.05, 6471759.86 ], [ 382224.05, 6471842.94 ], [ 382295.38, 6471868.98 ] ] ], [ [ [ 374658.48, 6471911.31 ], [ 374655.18, 6471888.36 ], [ 374644.27, 6471921.55 ], [ 374658.48, 6471911.31 ] ] ], [ [ [ 378108.5, 6471927.25 ], [ 378113.1, 6471914.77 ], [ 378106.12, 6471916.78 ], [ 378108.5, 6471927.25 ] ] ], [ [ [ 374605.32, 6471933.22 ], [ 374596.64, 6471929.17 ], [ 374597.71, 6471933.11 ], [ 374605.32, 6471933.22 ] ] ], [ [ [ 439258.11, 6471945.23 ], [ 439245.55, 6471901.16 ], [ 439227.28, 6471927.05 ], [ 439258.11, 6471945.23 ] ] ], [ [ [ 374499.85, 6471936.45 ], [ 374520.49, 6471923.03 ], [ 374517.71, 6471915.61 ], [ 374499.85, 6471936.45 ] ] ], [ [ [ 378139.81, 6471958.71 ], [ 378169.78, 6471928.15 ], [ 378129.79, 6471944.02 ], [ 378139.81, 6471958.71 ] ] ], [ [ [ 374444.35, 6471959.27 ], [ 374456.65, 6471952.98 ], [ 374437.14, 6471955.3 ], [ 374444.35, 6471959.27 ] ] ], [ [ [ 374541.88, 6471969.45 ], [ 374604.61, 6471974.35 ], [ 374584.71, 6471922.56 ], [ 374541.88, 6471969.45 ] ] ], [ [ [ 374562.83, 6472015.17 ], [ 374542.06, 6471982.47 ], [ 374555.54, 6472031.68 ], [ 374562.83, 6472015.17 ] ] ], [ [ [ 382585.76, 6472013.58 ], [ 382669.68, 6471904.39 ], [ 382731.46, 6471910.58 ], [ 382787.09, 6471835.33 ], [ 382771.75, 6471695.28 ], [ 382721.83, 6471834.79 ], [ 382605.45, 6471850.69 ], [ 382476.32, 6471971.26 ], [ 382472.52, 6472080.12 ], [ 382585.76, 6472013.58 ] ] ], [ [ [ 378340.69, 6472095.17 ], [ 378353.15, 6472058.66 ], [ 378296.64, 6472037.47 ], [ 378278.7, 6472090.89 ], [ 378340.69, 6472095.17 ] ] ], [ [ [ 378122.4, 6472101.02 ], [ 378251.58, 6472081.84 ], [ 378367.02, 6471791.71 ], [ 378286.21, 6471887.66 ], [ 378201.15, 6471891.47 ], [ 378146.56, 6471991.19 ], [ 378081.66, 6472021.62 ], [ 378118.04, 6472027.51 ], [ 378122.4, 6472101.02 ] ] ], [ [ [ 374584.96, 6472112.05 ], [ 374578.25, 6472102.36 ], [ 374582.87, 6472114.42 ], [ 374584.96, 6472112.05 ] ] ], [ [ [ 381660.76, 6472095.65 ], [ 381636.62, 6472113.05 ], [ 381631.26, 6472125.88 ], [ 381647.6, 6472117.02 ], [ 381660.76, 6472095.65 ] ] ], [ [ [ 374446.92, 6472120.95 ], [ 374574.63, 6472112.77 ], [ 374570.74, 6472062.45 ], [ 374534.95, 6472052.29 ], [ 374519.86, 6472088.49 ], [ 374477.73, 6472030.25 ], [ 374404.93, 6472049.2 ], [ 374446.92, 6472120.95 ] ] ], [ [ [ 378328.3, 6472210.74 ], [ 378536.7, 6472124.41 ], [ 378680.45, 6472134.6 ], [ 378825.8, 6472071.74 ], [ 379071.25, 6471713.29 ], [ 379129.38, 6471308.16 ], [ 379064.43, 6470985.57 ], [ 378984.46, 6470913.92 ], [ 379023.75, 6470670.08 ], [ 378845.86, 6470671.48 ], [ 378820.11, 6470704.58 ], [ 378728.0, 6470884.09 ], [ 378800.81, 6470883.21 ], [ 378773.72, 6470927.44 ], [ 378738.11, 6470917.07 ], [ 378724.09, 6471096.16 ], [ 378645.11, 6471192.81 ], [ 378674.12, 6471249.27 ], [ 378713.93, 6471178.79 ], [ 378795.41, 6471359.77 ], [ 378933.02, 6471327.5 ], [ 378966.94, 6471490.0 ], [ 378867.14, 6471659.55 ], [ 378729.53, 6471700.36 ], [ 378684.42, 6471659.38 ], [ 378597.55, 6471741.24 ], [ 378587.15, 6471915.23 ], [ 378337.36, 6472105.43 ], [ 378328.3, 6472210.74 ] ] ], [ [ [ 374432.35, 6472210.1 ], [ 374417.02, 6472205.05 ], [ 374428.16, 6472220.36 ], [ 374432.35, 6472210.1 ] ] ], [ [ [ 444062.96, 6472236.33 ], [ 444047.17, 6472232.55 ], [ 444047.0, 6472241.08 ], [ 444062.96, 6472236.33 ] ] ], [ [ [ 444275.73, 6472262.84 ], [ 444255.03, 6472261.2 ], [ 444256.35, 6472271.12 ], [ 444275.73, 6472262.84 ] ] ], [ [ [ 373513.93, 6472269.96 ], [ 373496.54, 6472270.09 ], [ 373506.46, 6472281.33 ], [ 373513.93, 6472269.96 ] ] ], [ [ [ 444558.07, 6472299.13 ], [ 444718.72, 6472299.32 ], [ 444719.65, 6472269.22 ], [ 444606.75, 6472196.77 ], [ 444558.07, 6472299.13 ] ] ], [ [ [ 445603.69, 6472338.9 ], [ 445526.01, 6472316.12 ], [ 445612.57, 6472357.88 ], [ 445603.69, 6472338.9 ] ] ], [ [ [ 444066.35, 6472385.62 ], [ 444043.07, 6472385.91 ], [ 444043.79, 6472399.21 ], [ 444066.35, 6472385.62 ] ] ], [ [ [ 378339.76, 6472391.89 ], [ 378338.61, 6472387.48 ], [ 378331.19, 6472390.5 ], [ 378325.63, 6472383.95 ], [ 378305.9, 6472387.08 ], [ 378339.76, 6472391.89 ] ] ], [ [ [ 376614.44, 6472418.93 ], [ 376650.58, 6472388.55 ], [ 376646.34, 6472376.29 ], [ 376578.74, 6472394.15 ], [ 376614.44, 6472418.93 ] ] ], [ [ [ 378435.15, 6472425.75 ], [ 378562.96, 6472399.35 ], [ 378725.26, 6472266.31 ], [ 378704.17, 6472136.76 ], [ 378637.37, 6472153.26 ], [ 378629.13, 6472198.68 ], [ 378544.97, 6472198.74 ], [ 378480.13, 6472278.63 ], [ 378377.49, 6472294.78 ], [ 378328.82, 6472386.08 ], [ 378379.99, 6472359.91 ], [ 378435.15, 6472425.75 ] ] ], [ [ [ 377200.63, 6472526.95 ], [ 377199.87, 6472561.13 ], [ 377209.53, 6472570.65 ], [ 377217.29, 6472558.06 ], [ 377200.63, 6472526.95 ] ] ], [ [ [ 377078.16, 6472610.28 ], [ 377178.03, 6472545.18 ], [ 377155.0, 6472519.12 ], [ 377034.46, 6472489.89 ], [ 376987.06, 6472523.93 ], [ 377004.48, 6472561.11 ], [ 377052.52, 6472547.81 ], [ 377078.16, 6472610.28 ] ] ], [ [ [ 377477.94, 6472615.27 ], [ 377543.58, 6472564.0 ], [ 377437.89, 6472450.5 ], [ 377477.48, 6472313.67 ], [ 377351.06, 6472390.96 ], [ 377298.81, 6472370.44 ], [ 377300.42, 6472440.2 ], [ 377266.72, 6472459.83 ], [ 377219.07, 6472338.98 ], [ 377335.26, 6472312.85 ], [ 377413.09, 6472235.73 ], [ 377547.72, 6472185.14 ], [ 377487.14, 6472337.2 ], [ 377584.27, 6472318.47 ], [ 377618.34, 6472394.58 ], [ 377706.05, 6472356.06 ], [ 377810.13, 6472136.07 ], [ 377870.65, 6472128.44 ], [ 377836.5, 6472079.51 ], [ 377883.08, 6472023.77 ], [ 377855.62, 6472002.07 ], [ 377659.21, 6472066.15 ], [ 377667.52, 6471910.53 ], [ 377699.22, 6471895.02 ], [ 377674.95, 6471849.38 ], [ 377573.27, 6471858.15 ], [ 377406.13, 6472041.17 ], [ 377231.16, 6472105.85 ], [ 377146.14, 6472093.56 ], [ 377048.59, 6472135.95 ], [ 376940.31, 6472100.89 ], [ 376771.26, 6472168.05 ], [ 376679.48, 6472140.92 ], [ 376557.75, 6472297.24 ], [ 376672.6, 6472372.14 ], [ 376761.12, 6472362.33 ], [ 376928.65, 6472472.59 ], [ 377078.71, 6472434.71 ], [ 377051.17, 6472350.11 ], [ 377143.62, 6472303.23 ], [ 377190.82, 6472408.54 ], [ 377178.24, 6472500.83 ], [ 377241.67, 6472548.38 ], [ 377295.57, 6472500.76 ], [ 377323.15, 6472527.97 ], [ 377362.4, 6472459.02 ], [ 377477.94, 6472615.27 ] ] ], [ [ [ 376735.57, 6472638.8 ], [ 376831.07, 6472608.35 ], [ 376873.36, 6472522.74 ], [ 376787.45, 6472419.75 ], [ 376720.53, 6472408.21 ], [ 376665.42, 6472550.18 ], [ 376735.57, 6472638.8 ] ] ], [ [ [ 445187.89, 6472638.36 ], [ 445163.63, 6472618.06 ], [ 445190.07, 6472642.96 ], [ 445187.89, 6472638.36 ] ] ], [ [ [ 444486.75, 6472635.06 ], [ 444474.61, 6472631.83 ], [ 444486.89, 6472642.61 ], [ 444486.75, 6472635.06 ] ] ], [ [ [ 379317.63, 6472666.03 ], [ 379294.93, 6472581.26 ], [ 379310.17, 6472672.86 ], [ 379317.63, 6472666.03 ] ] ], [ [ [ 371330.12, 6472676.3 ], [ 371415.78, 6472603.42 ], [ 371266.85, 6472526.51 ], [ 371232.56, 6472625.94 ], [ 371330.12, 6472676.3 ] ] ], [ [ [ 445388.74, 6472692.69 ], [ 445280.28, 6472593.59 ], [ 445172.21, 6472575.68 ], [ 445205.61, 6472640.31 ], [ 445388.74, 6472692.69 ] ] ], [ [ [ 376397.61, 6472668.82 ], [ 376337.36, 6472579.97 ], [ 376250.48, 6472559.27 ], [ 376296.44, 6472608.72 ], [ 376234.95, 6472603.4 ], [ 376218.39, 6472647.2 ], [ 376279.64, 6472666.14 ], [ 376282.6, 6472717.97 ], [ 376397.61, 6472668.82 ] ] ], [ [ [ 376591.91, 6472731.93 ], [ 376593.82, 6472559.87 ], [ 376669.78, 6472443.49 ], [ 376498.91, 6472419.17 ], [ 376487.43, 6472333.97 ], [ 376413.5, 6472467.34 ], [ 376483.64, 6472590.8 ], [ 376434.26, 6472690.8 ], [ 376591.91, 6472731.93 ] ] ], [ [ [ 445202.52, 6472747.58 ], [ 445178.2, 6472750.08 ], [ 445200.04, 6472761.61 ], [ 445202.52, 6472747.58 ] ] ], [ [ [ 445491.49, 6472868.64 ], [ 445479.49, 6472871.24 ], [ 445489.69, 6472874.37 ], [ 445491.49, 6472868.64 ] ] ], [ [ [ 376282.0, 6472854.54 ], [ 376227.93, 6472826.55 ], [ 376191.58, 6472894.4 ], [ 376256.82, 6472914.63 ], [ 376282.0, 6472854.54 ] ] ], [ [ [ 371713.35, 6472931.08 ], [ 371743.57, 6472917.37 ], [ 371700.04, 6472904.84 ], [ 371713.35, 6472931.08 ] ] ], [ [ [ 379428.44, 6472870.64 ], [ 379418.78, 6472941.66 ], [ 379502.61, 6472961.16 ], [ 379503.58, 6472956.89 ], [ 379428.44, 6472870.64 ] ] ], [ [ [ 371387.48, 6473096.36 ], [ 371431.2, 6473036.7 ], [ 371299.27, 6472967.8 ], [ 371215.66, 6473012.3 ], [ 371316.33, 6473054.92 ], [ 371333.32, 6473098.65 ], [ 371387.48, 6473096.36 ] ] ], [ [ [ 371855.04, 6473149.51 ], [ 371890.99, 6473171.6 ], [ 371919.53, 6473137.14 ], [ 371855.04, 6473149.51 ] ] ], [ [ [ 382471.51, 6473295.06 ], [ 382513.92, 6473284.04 ], [ 382498.51, 6473267.88 ], [ 382471.51, 6473295.06 ] ] ], [ [ [ 446697.13, 6473382.05 ], [ 446718.31, 6473361.6 ], [ 446688.38, 6473361.85 ], [ 446697.13, 6473382.05 ] ] ], [ [ [ 446825.09, 6473432.13 ], [ 446834.76, 6473421.27 ], [ 446817.34, 6473425.85 ], [ 446825.09, 6473432.13 ] ] ], [ [ [ 371523.4, 6473447.45 ], [ 371657.56, 6473329.79 ], [ 371596.43, 6473256.2 ], [ 371455.0, 6473287.38 ], [ 371424.66, 6473332.73 ], [ 371469.65, 6473432.22 ], [ 371523.4, 6473447.45 ] ] ], [ [ [ 371851.5, 6473605.06 ], [ 371888.41, 6473582.6 ], [ 371855.95, 6473586.57 ], [ 371851.5, 6473605.06 ] ] ], [ [ [ 446600.63, 6473617.52 ], [ 446602.58, 6473598.3 ], [ 446599.15, 6473595.07 ], [ 446600.63, 6473617.52 ] ] ], [ [ [ 371316.61, 6473638.09 ], [ 371385.16, 6473635.26 ], [ 371414.46, 6473558.41 ], [ 371320.44, 6473562.77 ], [ 371316.61, 6473638.09 ] ] ], [ [ [ 446821.22, 6473641.34 ], [ 446910.21, 6473585.77 ], [ 446914.83, 6473474.55 ], [ 446876.78, 6473438.25 ], [ 446801.5, 6473448.51 ], [ 446726.0, 6473551.17 ], [ 446647.0, 6473530.55 ], [ 446607.01, 6473573.36 ], [ 446675.85, 6473647.12 ], [ 446821.22, 6473641.34 ] ] ], [ [ [ 446827.12, 6473693.64 ], [ 446809.57, 6473678.54 ], [ 446803.11, 6473686.36 ], [ 446827.12, 6473693.64 ] ] ], [ [ [ 446603.14, 6473756.96 ], [ 446614.99, 6473711.83 ], [ 446581.81, 6473740.55 ], [ 446603.14, 6473756.96 ] ] ], [ [ [ 371745.76, 6473798.19 ], [ 371777.36, 6473789.36 ], [ 371773.02, 6473779.2 ], [ 371745.76, 6473798.19 ] ] ], [ [ [ 372018.71, 6473795.18 ], [ 372038.66, 6473800.11 ], [ 372032.06, 6473784.27 ], [ 372018.71, 6473795.18 ] ] ], [ [ [ 446868.38, 6473811.12 ], [ 446839.82, 6473732.77 ], [ 446805.21, 6473739.12 ], [ 446835.92, 6473806.51 ], [ 446868.38, 6473811.12 ] ] ], [ [ [ 375707.75, 6473813.74 ], [ 375677.13, 6473803.15 ], [ 375688.51, 6473821.01 ], [ 375707.75, 6473813.74 ] ] ], [ [ [ 371998.75, 6473813.22 ], [ 371997.89, 6473781.33 ], [ 371976.13, 6473844.9 ], [ 371998.75, 6473813.22 ] ] ], [ [ [ 371937.74, 6473874.8 ], [ 371955.86, 6473899.96 ], [ 371962.89, 6473861.19 ], [ 371937.74, 6473874.8 ] ] ], [ [ [ 447041.36, 6473936.71 ], [ 447063.39, 6473922.06 ], [ 447039.57, 6473935.09 ], [ 447041.36, 6473936.71 ] ] ], [ [ [ 372110.65, 6473953.07 ], [ 372104.99, 6473928.82 ], [ 372087.17, 6473929.46 ], [ 372110.65, 6473953.07 ] ] ], [ [ [ 382132.31, 6473982.49 ], [ 382125.74, 6473979.62 ], [ 382124.91, 6473993.05 ], [ 382132.31, 6473982.49 ] ] ], [ [ [ 445700.44, 6474013.03 ], [ 445688.42, 6473990.43 ], [ 445678.25, 6474002.9 ], [ 445700.44, 6474013.03 ] ] ], [ [ [ 445772.69, 6474022.67 ], [ 445758.2, 6474019.18 ], [ 445755.96, 6474028.65 ], [ 445772.69, 6474022.67 ] ] ], [ [ [ 382117.88, 6474019.31 ], [ 382100.31, 6474020.97 ], [ 382099.28, 6474028.94 ], [ 382117.88, 6474019.31 ] ] ], [ [ [ 372660.22, 6474035.71 ], [ 372713.93, 6474028.37 ], [ 372714.12, 6473995.46 ], [ 372660.22, 6474035.71 ] ] ], [ [ [ 372729.67, 6474071.14 ], [ 372715.65, 6474062.78 ], [ 372721.57, 6474076.32 ], [ 372729.67, 6474071.14 ] ] ], [ [ [ 445614.86, 6474080.55 ], [ 445599.72, 6474072.02 ], [ 445595.39, 6474079.71 ], [ 445614.86, 6474080.55 ] ] ], [ [ [ 372503.39, 6474085.91 ], [ 372523.3, 6474086.97 ], [ 372504.44, 6474081.68 ], [ 372503.39, 6474085.91 ] ] ], [ [ [ 375292.08, 6474085.25 ], [ 375437.95, 6474085.87 ], [ 375412.15, 6474039.36 ], [ 375376.07, 6474078.93 ], [ 375331.82, 6474062.69 ], [ 375292.08, 6474085.25 ] ] ], [ [ [ 445523.81, 6474133.51 ], [ 445516.42, 6474123.67 ], [ 445514.83, 6474132.08 ], [ 445523.81, 6474133.51 ] ] ], [ [ [ 445681.55, 6474145.4 ], [ 445748.37, 6474033.0 ], [ 445621.32, 6474079.16 ], [ 445681.55, 6474145.4 ] ] ], [ [ [ 374184.2, 6474238.91 ], [ 374175.74, 6474224.39 ], [ 374170.15, 6474235.77 ], [ 374184.2, 6474238.91 ] ] ], [ [ [ 373304.0, 6474290.0 ], [ 373317.33, 6474298.37 ], [ 373315.42, 6474288.8 ], [ 373304.0, 6474290.0 ] ] ], [ [ [ 374141.69, 6474350.4 ], [ 374188.68, 6474270.5 ], [ 374164.49, 6474261.45 ], [ 374141.69, 6474350.4 ] ] ], [ [ [ 373649.22, 6474343.05 ], [ 373636.85, 6474337.82 ], [ 373639.06, 6474351.71 ], [ 373649.22, 6474343.05 ] ] ], [ [ [ 446143.21, 6474362.6 ], [ 446108.07, 6474362.23 ], [ 446143.26, 6474369.65 ], [ 446143.21, 6474362.6 ] ] ], [ [ [ 373974.64, 6474377.24 ], [ 374000.33, 6474262.33 ], [ 373986.62, 6474205.23 ], [ 373924.08, 6474323.13 ], [ 373974.64, 6474377.24 ] ] ], [ [ [ 445906.79, 6474378.33 ], [ 445827.89, 6474327.29 ], [ 445707.32, 6474339.46 ], [ 445774.05, 6474383.9 ], [ 445906.79, 6474378.33 ] ] ], [ [ [ 381737.03, 6474406.13 ], [ 381819.93, 6474381.43 ], [ 381733.0, 6474403.08 ], [ 381737.03, 6474406.13 ] ] ], [ [ [ 373612.02, 6474421.55 ], [ 373705.83, 6474362.55 ], [ 373744.79, 6474379.98 ], [ 373773.44, 6474331.33 ], [ 373814.56, 6474358.11 ], [ 373777.73, 6474269.3 ], [ 373821.49, 6474213.45 ], [ 373702.59, 6474257.98 ], [ 373707.08, 6474345.75 ], [ 373612.02, 6474421.55 ] ] ], [ [ [ 374161.08, 6474471.88 ], [ 374182.3, 6474430.6 ], [ 374166.69, 6474413.67 ], [ 374161.08, 6474471.88 ] ] ], [ [ [ 373561.48, 6474467.47 ], [ 373592.78, 6474479.69 ], [ 373613.81, 6474444.64 ], [ 373561.48, 6474467.47 ] ] ], [ [ [ 381316.41, 6474577.35 ], [ 381325.47, 6474571.97 ], [ 381309.08, 6474569.81 ], [ 381316.41, 6474577.35 ] ] ], [ [ [ 446134.01, 6474498.14 ], [ 446177.31, 6474436.13 ], [ 446016.7, 6474511.41 ], [ 446012.29, 6474587.75 ], [ 446136.34, 6474586.45 ], [ 446134.01, 6474498.14 ] ] ], [ [ [ 375921.01, 6474705.93 ], [ 376168.4, 6474526.83 ], [ 376193.61, 6474413.22 ], [ 376292.58, 6474373.01 ], [ 376348.17, 6474279.28 ], [ 376377.33, 6474297.75 ], [ 376552.85, 6474059.8 ], [ 376700.14, 6474007.87 ], [ 376775.88, 6474047.84 ], [ 376729.97, 6474007.62 ], [ 376818.58, 6473989.65 ], [ 376906.58, 6474046.85 ], [ 376921.27, 6474157.44 ], [ 377001.5, 6474186.15 ], [ 377071.95, 6474104.86 ], [ 377212.71, 6474162.01 ], [ 377295.79, 6474360.84 ], [ 377390.11, 6474402.84 ], [ 377440.51, 6474484.67 ], [ 377491.25, 6474464.23 ], [ 377610.9, 6474656.68 ], [ 377661.96, 6474637.21 ], [ 377777.88, 6474457.9 ], [ 377866.5, 6474408.12 ], [ 377857.78, 6474254.14 ], [ 377771.72, 6474090.81 ], [ 377861.3, 6473852.87 ], [ 377935.32, 6473783.68 ], [ 377929.87, 6473661.89 ], [ 377984.21, 6473546.93 ], [ 377924.71, 6473291.34 ], [ 377977.72, 6473241.66 ], [ 378038.25, 6473243.95 ], [ 378250.99, 6473315.97 ], [ 378311.49, 6473126.86 ], [ 378156.36, 6473074.39 ], [ 378087.61, 6473100.29 ], [ 378041.76, 6473046.96 ], [ 378009.3, 6473078.19 ], [ 377637.82, 6473077.4 ], [ 377553.14, 6473141.91 ], [ 377509.6, 6473091.59 ], [ 377399.88, 6473089.49 ], [ 377398.74, 6473026.94 ], [ 377327.32, 6473015.85 ], [ 376995.18, 6472787.94 ], [ 376930.16, 6472662.74 ], [ 376846.64, 6472641.09 ], [ 376845.86, 6472599.71 ], [ 376763.44, 6472726.18 ], [ 376670.14, 6472737.48 ], [ 376628.23, 6472819.12 ], [ 376601.64, 6472747.29 ], [ 376440.58, 6472715.38 ], [ 376402.21, 6472758.03 ], [ 376431.37, 6472890.93 ], [ 376246.98, 6472927.05 ], [ 376016.91, 6473060.06 ], [ 375986.47, 6473026.02 ], [ 376025.32, 6472894.67 ], [ 376002.76, 6472850.24 ], [ 376078.17, 6472541.23 ], [ 375995.81, 6472476.04 ], [ 375809.76, 6472441.83 ], [ 375624.71, 6472301.1 ], [ 375332.48, 6472283.03 ], [ 375196.3, 6472149.42 ], [ 375211.81, 6472119.09 ], [ 375044.58, 6472039.28 ], [ 374976.36, 6472084.18 ], [ 374943.27, 6472059.0 ], [ 374925.09, 6472140.54 ], [ 374896.59, 6472069.43 ], [ 374911.54, 6472146.3 ], [ 374864.65, 6472129.81 ], [ 374872.33, 6472170.53 ], [ 374795.79, 6472212.81 ], [ 374662.36, 6472237.43 ], [ 374614.27, 6472194.89 ], [ 374489.32, 6472210.9 ], [ 374342.65, 6472283.16 ], [ 374312.73, 6472238.94 ], [ 374184.6, 6472212.41 ], [ 374087.3, 6472251.81 ], [ 374069.17, 6472180.82 ], [ 374007.69, 6472144.73 ], [ 373810.76, 6472239.82 ], [ 373752.47, 6472347.05 ], [ 373678.28, 6472376.19 ], [ 373283.02, 6472212.75 ], [ 373261.26, 6472109.17 ], [ 373157.91, 6471977.17 ], [ 373152.72, 6471883.87 ], [ 373217.41, 6471867.34 ], [ 373211.99, 6471762.17 ], [ 373112.89, 6471621.88 ], [ 373039.35, 6471578.43 ], [ 373022.78, 6471580.65 ], [ 373035.26, 6471620.61 ], [ 373114.48, 6471635.47 ], [ 373047.31, 6471638.14 ], [ 373046.37, 6471707.28 ], [ 373122.18, 6471976.13 ], [ 373068.36, 6472033.83 ], [ 372995.65, 6471983.38 ], [ 372974.12, 6472047.16 ], [ 373104.82, 6472233.3 ], [ 373090.37, 6472396.18 ], [ 372987.82, 6472485.32 ], [ 372829.69, 6472453.52 ], [ 372822.72, 6472526.7 ], [ 372675.72, 6472534.0 ], [ 372651.2, 6472571.95 ], [ 372678.88, 6472621.59 ], [ 372644.32, 6472585.44 ], [ 372630.63, 6472644.37 ], [ 372491.39, 6472676.15 ], [ 372466.93, 6472731.03 ], [ 372493.66, 6472805.59 ], [ 372454.71, 6472877.35 ], [ 372280.59, 6473003.67 ], [ 372208.19, 6472990.49 ], [ 372175.51, 6473120.87 ], [ 372088.36, 6473132.07 ], [ 372080.1, 6473309.15 ], [ 371967.15, 6473359.4 ], [ 371939.53, 6473555.37 ], [ 371838.01, 6473672.97 ], [ 371878.23, 6473705.55 ], [ 371851.06, 6473778.1 ], [ 371796.36, 6473785.77 ], [ 371816.13, 6473814.35 ], [ 371884.79, 6473770.22 ], [ 371945.05, 6473821.88 ], [ 371986.43, 6473741.21 ], [ 372023.6, 6473769.06 ], [ 372038.75, 6473725.6 ], [ 372070.43, 6473761.45 ], [ 372090.16, 6473734.22 ], [ 372102.12, 6473769.19 ], [ 372137.41, 6473728.84 ], [ 372091.62, 6473906.19 ], [ 372183.95, 6473918.59 ], [ 372219.67, 6473981.69 ], [ 372268.36, 6473987.78 ], [ 372248.05, 6474013.84 ], [ 372389.4, 6474015.03 ], [ 372386.23, 6474067.42 ], [ 372435.29, 6474020.91 ], [ 372453.88, 6474072.39 ], [ 372553.94, 6474056.63 ], [ 372697.57, 6473990.94 ], [ 372733.87, 6473890.83 ], [ 372794.98, 6474041.24 ], [ 372849.95, 6474025.25 ], [ 372820.51, 6473990.31 ], [ 372827.37, 6473796.17 ], [ 373010.4, 6473671.62 ], [ 372832.66, 6473818.46 ], [ 372919.1, 6473825.87 ], [ 372959.73, 6474075.37 ], [ 373010.46, 6474125.81 ], [ 373074.43, 6474113.67 ], [ 373050.96, 6474204.34 ], [ 373142.82, 6474148.26 ], [ 373114.12, 6474275.22 ], [ 373160.28, 6474248.57 ], [ 373161.14, 6474280.97 ], [ 373219.92, 6474223.96 ], [ 373273.17, 6474233.1 ], [ 373273.41, 6474265.5 ], [ 373360.24, 6474215.2 ], [ 373369.9, 6474266.31 ], [ 373408.07, 6474228.22 ], [ 373520.92, 6474291.44 ], [ 373617.54, 6474214.69 ], [ 373686.45, 6474296.69 ], [ 373660.56, 6474243.39 ], [ 373698.12, 6474247.5 ], [ 373719.97, 6474180.19 ], [ 373742.52, 6474215.85 ], [ 373842.28, 6474194.42 ], [ 373793.25, 6474113.8 ], [ 373877.65, 6474118.83 ], [ 373840.02, 6474152.59 ], [ 373857.28, 6474235.43 ], [ 373954.37, 6474203.81 ], [ 373958.67, 6474146.12 ], [ 373912.71, 6474133.94 ], [ 374020.05, 6474083.81 ], [ 373998.37, 6474186.7 ], [ 374040.35, 6474166.4 ], [ 374018.85, 6474148.61 ], [ 374094.0, 6474145.06 ], [ 374145.06, 6474235.49 ], [ 374251.48, 6474125.66 ], [ 374288.63, 6474158.76 ], [ 374285.87, 6474248.59 ], [ 374254.9, 6474238.45 ], [ 374285.49, 6474170.15 ], [ 374232.47, 6474191.06 ], [ 374225.71, 6474251.05 ], [ 374260.91, 6474277.2 ], [ 374209.16, 6474417.1 ], [ 374340.07, 6474310.15 ], [ 374455.27, 6474318.91 ], [ 374585.51, 6474108.17 ], [ 374647.46, 6474070.56 ], [ 374756.96, 6474077.2 ], [ 374838.62, 6473977.62 ], [ 374932.08, 6473968.5 ], [ 374868.98, 6474042.05 ], [ 374892.2, 6474063.88 ], [ 374847.02, 6474070.96 ], [ 374895.64, 6474075.18 ], [ 374894.78, 6474171.85 ], [ 374944.26, 6474148.24 ], [ 374911.58, 6474073.3 ], [ 375014.72, 6474103.51 ], [ 375031.2, 6474145.21 ], [ 375131.74, 6474141.74 ], [ 375145.47, 6473998.46 ], [ 375406.68, 6473911.68 ], [ 375503.41, 6473919.58 ], [ 375463.44, 6473941.35 ], [ 375499.58, 6474041.71 ], [ 375530.24, 6473914.9 ], [ 375665.44, 6473767.59 ], [ 375510.9, 6473691.03 ], [ 375511.31, 6473619.74 ], [ 375581.73, 6473583.57 ], [ 375676.6, 6473596.42 ], [ 375657.97, 6473570.52 ], [ 375822.66, 6473464.72 ], [ 376031.99, 6473490.66 ], [ 376157.41, 6473541.89 ], [ 376173.5, 6473647.73 ], [ 376221.82, 6473668.48 ], [ 376187.82, 6473737.16 ], [ 376270.9, 6473783.95 ], [ 376090.42, 6473860.26 ], [ 376136.02, 6473913.52 ], [ 376066.81, 6473975.59 ], [ 376059.74, 6474072.27 ], [ 376000.69, 6474100.69 ], [ 375953.9, 6474233.86 ], [ 375932.58, 6474254.2 ], [ 375934.96, 6474217.05 ], [ 375912.35, 6474187.77 ], [ 375886.22, 6474233.02 ], [ 375776.12, 6474245.81 ], [ 375749.67, 6474408.13 ], [ 375699.86, 6474405.87 ], [ 375726.18, 6474496.29 ], [ 375786.46, 6474390.71 ], [ 375847.28, 6474424.44 ], [ 375825.12, 6474472.72 ], [ 375784.01, 6474443.63 ], [ 375768.82, 6474521.91 ], [ 375773.11, 6474488.89 ], [ 375720.03, 6474515.66 ], [ 375818.85, 6474631.47 ], [ 375808.85, 6474690.69 ], [ 375921.01, 6474705.93 ] ] ], [ [ [ 445722.22, 6474749.12 ], [ 445686.44, 6474752.41 ], [ 445683.36, 6474759.0 ], [ 445722.22, 6474749.12 ] ] ], [ [ [ 373814.3, 6474887.27 ], [ 373851.54, 6474897.78 ], [ 373860.12, 6474883.93 ], [ 373814.3, 6474887.27 ] ] ], [ [ [ 445782.93, 6475028.4 ], [ 445768.27, 6475021.48 ], [ 445771.61, 6475030.83 ], [ 445782.93, 6475028.4 ] ] ], [ [ [ 460107.07, 6475067.86 ], [ 460162.19, 6475034.14 ], [ 460119.28, 6475019.38 ], [ 460107.07, 6475067.86 ] ] ], [ [ [ 446023.37, 6475042.18 ], [ 445978.17, 6475082.27 ], [ 445976.74, 6475091.3 ], [ 446016.25, 6475075.08 ], [ 446023.37, 6475042.18 ] ] ], [ [ [ 445818.99, 6475096.84 ], [ 445950.2, 6475056.42 ], [ 445977.68, 6475001.79 ], [ 446072.49, 6475005.86 ], [ 446115.53, 6474912.58 ], [ 446141.35, 6474932.61 ], [ 446198.04, 6474879.99 ], [ 446504.46, 6474917.77 ], [ 446530.24, 6474772.19 ], [ 446319.94, 6474706.75 ], [ 446506.44, 6474662.0 ], [ 446343.04, 6474537.28 ], [ 446166.56, 6474587.63 ], [ 446110.68, 6474693.89 ], [ 445921.13, 6474675.52 ], [ 445860.1, 6474722.7 ], [ 445783.99, 6474694.15 ], [ 445759.83, 6474765.82 ], [ 445810.08, 6474827.54 ], [ 445764.73, 6474856.84 ], [ 445797.74, 6474925.11 ], [ 445770.65, 6474966.17 ], [ 445847.16, 6474954.22 ], [ 445861.49, 6475040.45 ], [ 445783.13, 6475067.39 ], [ 445818.99, 6475096.84 ] ] ], [ [ [ 447828.75, 6475098.37 ], [ 447809.4, 6475078.47 ], [ 447832.6, 6475125.73 ], [ 447828.75, 6475098.37 ] ] ], [ [ [ 445953.82, 6475141.03 ], [ 445942.56, 6475136.77 ], [ 445945.51, 6475141.69 ], [ 445953.82, 6475141.03 ] ] ], [ [ [ 445913.86, 6475150.38 ], [ 445915.71, 6475135.99 ], [ 445900.15, 6475153.21 ], [ 445913.86, 6475150.38 ] ] ], [ [ [ 448237.69, 6475156.42 ], [ 448248.13, 6475144.88 ], [ 448235.28, 6475144.77 ], [ 448237.69, 6475156.42 ] ] ], [ [ [ 445821.64, 6475154.85 ], [ 445868.43, 6475141.73 ], [ 445942.45, 6475085.23 ], [ 445821.64, 6475154.85 ] ] ], [ [ [ 448053.54, 6475164.8 ], [ 448156.18, 6475091.54 ], [ 448099.44, 6475129.15 ], [ 448072.01, 6475107.92 ], [ 448116.96, 6475092.8 ], [ 448047.05, 6475052.96 ], [ 448012.98, 6475123.23 ], [ 448053.54, 6475164.8 ] ] ], [ [ [ 445993.1, 6475164.58 ], [ 445978.46, 6475120.19 ], [ 445981.63, 6475168.03 ], [ 445993.1, 6475164.58 ] ] ], [ [ [ 446004.68, 6475173.36 ], [ 445999.3, 6475167.0 ], [ 445998.67, 6475173.86 ], [ 446004.68, 6475173.36 ] ] ], [ [ [ 450818.42, 6475252.29 ], [ 450844.99, 6475250.65 ], [ 450850.87, 6475245.2 ], [ 450824.32, 6475243.82 ], [ 450818.42, 6475252.29 ] ] ], [ [ [ 447074.92, 6475302.83 ], [ 447178.58, 6475289.68 ], [ 447201.15, 6475275.81 ], [ 447092.51, 6475227.3 ], [ 447074.92, 6475302.83 ] ] ], [ [ [ 447278.29, 6475341.77 ], [ 447268.07, 6475316.14 ], [ 447272.2, 6475342.58 ], [ 447278.29, 6475341.77 ] ] ], [ [ [ 451186.66, 6475284.89 ], [ 451402.29, 6475221.46 ], [ 451465.97, 6475134.55 ], [ 451454.46, 6475080.82 ], [ 451360.11, 6475024.07 ], [ 451246.61, 6475134.02 ], [ 451191.33, 6475086.49 ], [ 451216.27, 6475238.27 ], [ 451079.59, 6475372.16 ], [ 451186.66, 6475284.89 ] ] ], [ [ [ 447302.48, 6475393.35 ], [ 447319.24, 6475377.68 ], [ 447326.33, 6475337.52 ], [ 447291.2, 6475379.54 ], [ 447302.48, 6475393.35 ] ] ], [ [ [ 448481.26, 6475430.83 ], [ 448468.4, 6475427.68 ], [ 448468.3, 6475438.38 ], [ 448481.26, 6475430.83 ] ] ], [ [ [ 448477.46, 6475449.99 ], [ 448463.87, 6475459.45 ], [ 448473.68, 6475460.94 ], [ 448477.46, 6475449.99 ] ] ], [ [ [ 373522.35, 6475163.41 ], [ 373524.57, 6475006.24 ], [ 373651.19, 6474806.92 ], [ 373952.55, 6474567.21 ], [ 374045.55, 6474389.21 ], [ 374006.2, 6474373.27 ], [ 373887.73, 6474594.46 ], [ 373605.22, 6474816.97 ], [ 373541.15, 6474962.79 ], [ 373377.7, 6475120.21 ], [ 373215.54, 6475136.23 ], [ 373066.03, 6474994.66 ], [ 372947.12, 6475054.05 ], [ 372942.04, 6475230.9 ], [ 373093.87, 6475532.7 ], [ 373144.82, 6475439.29 ], [ 373421.85, 6475285.76 ], [ 373522.35, 6475163.41 ] ] ], [ [ [ 447016.39, 6475572.12 ], [ 447006.49, 6475564.23 ], [ 447009.26, 6475574.08 ], [ 447016.39, 6475572.12 ] ] ], [ [ [ 446035.59, 6475597.28 ], [ 446091.31, 6475489.84 ], [ 446331.43, 6475367.81 ], [ 446218.72, 6475319.78 ], [ 446223.7, 6475372.77 ], [ 446191.01, 6475367.85 ], [ 446146.39, 6475243.02 ], [ 446036.39, 6475255.94 ], [ 445937.56, 6475348.37 ], [ 445873.66, 6475348.92 ], [ 445926.95, 6475451.2 ], [ 445921.51, 6475535.4 ], [ 446035.59, 6475597.28 ] ] ], [ [ [ 446140.94, 6475569.08 ], [ 446121.5, 6475595.95 ], [ 446153.05, 6475616.82 ], [ 446161.68, 6475603.09 ], [ 446140.94, 6475569.08 ] ] ], [ [ [ 445733.21, 6475645.63 ], [ 445724.33, 6475630.31 ], [ 445725.67, 6475644.56 ], [ 445733.21, 6475645.63 ] ] ], [ [ [ 445952.14, 6475655.12 ], [ 445928.73, 6475645.53 ], [ 445936.47, 6475664.25 ], [ 445952.14, 6475655.12 ] ] ], [ [ [ 447432.99, 6475664.31 ], [ 447430.74, 6475658.88 ], [ 447429.63, 6475666.09 ], [ 447432.99, 6475664.31 ] ] ], [ [ [ 448785.84, 6475709.56 ], [ 448771.74, 6475678.81 ], [ 448783.11, 6475711.74 ], [ 448785.84, 6475709.56 ] ] ], [ [ [ 450873.51, 6475746.55 ], [ 450834.14, 6475690.21 ], [ 450873.29, 6475780.55 ], [ 450873.51, 6475746.55 ] ] ], [ [ [ 446728.65, 6475782.28 ], [ 446723.78, 6475760.12 ], [ 446686.69, 6475767.35 ], [ 446728.65, 6475782.28 ] ] ], [ [ [ 447052.79, 6475826.16 ], [ 447059.98, 6475758.73 ], [ 446959.6, 6475673.46 ], [ 446886.09, 6475711.98 ], [ 446890.82, 6475671.39 ], [ 446782.84, 6475682.52 ], [ 446787.11, 6475731.57 ], [ 446831.15, 6475768.87 ], [ 446871.16, 6475751.53 ], [ 446906.0, 6475821.89 ], [ 447052.79, 6475826.16 ] ] ], [ [ [ 447014.04, 6475868.63 ], [ 446991.3, 6475871.43 ], [ 447014.64, 6475879.1 ], [ 447014.04, 6475868.63 ] ] ], [ [ [ 447168.43, 6475882.89 ], [ 447158.36, 6475843.97 ], [ 447117.91, 6475861.21 ], [ 447126.22, 6475890.77 ], [ 447168.43, 6475882.89 ] ] ], [ [ [ 447236.13, 6475946.94 ], [ 447243.04, 6475909.4 ], [ 447259.71, 6475869.37 ], [ 447226.05, 6475908.35 ], [ 447236.13, 6475946.94 ] ] ], [ [ [ 447470.34, 6476035.53 ], [ 447477.26, 6475892.46 ], [ 447378.89, 6475836.05 ], [ 447328.51, 6475935.08 ], [ 447341.1, 6475995.7 ], [ 447470.34, 6476035.53 ] ] ], [ [ [ 446108.14, 6476106.45 ], [ 446126.73, 6476101.83 ], [ 446110.0, 6476095.0 ], [ 446108.14, 6476106.45 ] ] ], [ [ [ 447753.98, 6476107.03 ], [ 447733.17, 6476093.52 ], [ 447740.55, 6476112.44 ], [ 447753.98, 6476107.03 ] ] ], [ [ [ 447804.61, 6476162.08 ], [ 447787.84, 6476156.58 ], [ 447795.8, 6476165.99 ], [ 447804.61, 6476162.08 ] ] ], [ [ [ 459589.41, 6476124.38 ], [ 459556.23, 6476103.74 ], [ 459572.63, 6476167.21 ], [ 459589.41, 6476124.38 ] ] ], [ [ [ 446122.42, 6476120.45 ], [ 446119.34, 6476164.84 ], [ 446152.76, 6476177.4 ], [ 446147.22, 6476146.16 ], [ 446122.42, 6476120.45 ] ] ], [ [ [ 446262.85, 6476083.56 ], [ 446339.91, 6475996.7 ], [ 446315.48, 6475929.49 ], [ 446385.05, 6475834.77 ], [ 446530.09, 6475888.88 ], [ 446644.35, 6475848.09 ], [ 446658.28, 6475820.54 ], [ 446563.4, 6475711.68 ], [ 446654.35, 6475710.91 ], [ 446725.62, 6475652.0 ], [ 446647.63, 6475585.73 ], [ 446796.82, 6475552.42 ], [ 446629.84, 6475341.89 ], [ 446531.46, 6475450.82 ], [ 446512.02, 6475585.27 ], [ 446447.11, 6475573.67 ], [ 446465.07, 6475523.2 ], [ 446435.55, 6475554.82 ], [ 446304.8, 6475552.99 ], [ 446332.89, 6475585.11 ], [ 446173.53, 6475634.92 ], [ 446213.21, 6475676.66 ], [ 446149.57, 6475757.27 ], [ 446297.27, 6475823.18 ], [ 446291.44, 6475908.37 ], [ 446167.03, 6476038.29 ], [ 446253.01, 6476236.52 ], [ 446294.44, 6476167.7 ], [ 446262.85, 6476083.56 ] ] ], [ [ [ 459566.58, 6476205.38 ], [ 459564.02, 6476238.45 ], [ 459580.52, 6476258.06 ], [ 459582.84, 6476256.18 ], [ 459566.58, 6476205.38 ] ] ], [ [ [ 446312.39, 6476261.11 ], [ 446277.45, 6476249.12 ], [ 446290.85, 6476274.61 ], [ 446312.39, 6476261.11 ] ] ], [ [ [ 459616.1, 6476254.05 ], [ 459583.58, 6476241.25 ], [ 459598.45, 6476280.95 ], [ 459616.1, 6476254.05 ] ] ], [ [ [ 447892.08, 6476279.71 ], [ 447878.87, 6476270.62 ], [ 447880.4, 6476281.19 ], [ 447892.08, 6476279.71 ] ] ], [ [ [ 447843.4, 6476282.62 ], [ 447811.89, 6476271.72 ], [ 447832.44, 6476290.65 ], [ 447843.4, 6476282.62 ] ] ], [ [ [ 458419.42, 6476336.62 ], [ 458407.54, 6476339.98 ], [ 458417.22, 6476342.52 ], [ 458419.42, 6476336.62 ] ] ], [ [ [ 452347.07, 6476355.81 ], [ 452355.69, 6476366.26 ], [ 452361.42, 6476357.97 ], [ 452347.07, 6476355.81 ] ] ], [ [ [ 459032.23, 6476391.46 ], [ 459033.31, 6476372.83 ], [ 459026.44, 6476393.49 ], [ 459032.23, 6476391.46 ] ] ], [ [ [ 457849.65, 6476387.57 ], [ 457840.47, 6476413.2 ], [ 457852.88, 6476444.81 ], [ 457856.5, 6476438.18 ], [ 457849.65, 6476387.57 ] ] ], [ [ [ 447662.06, 6476459.56 ], [ 447667.09, 6476424.59 ], [ 447635.95, 6476427.21 ], [ 447662.06, 6476459.56 ] ] ], [ [ [ 457681.14, 6476452.43 ], [ 457669.34, 6476461.8 ], [ 457677.27, 6476465.9 ], [ 457681.14, 6476452.43 ] ] ], [ [ [ 457728.13, 6476516.93 ], [ 457725.81, 6476500.39 ], [ 457710.48, 6476514.54 ], [ 457728.13, 6476516.93 ] ] ], [ [ [ 447723.07, 6476555.57 ], [ 447803.97, 6476468.89 ], [ 447701.23, 6476514.02 ], [ 447723.07, 6476555.57 ] ] ], [ [ [ 447386.56, 6476700.84 ], [ 447442.83, 6476682.86 ], [ 447383.91, 6476651.1 ], [ 447386.56, 6476700.84 ] ] ], [ [ [ 447368.82, 6476634.13 ], [ 447344.19, 6476674.83 ], [ 447371.32, 6476717.05 ], [ 447378.82, 6476691.15 ], [ 447368.82, 6476634.13 ] ] ], [ [ [ 455353.09, 6476577.31 ], [ 455313.94, 6476564.29 ], [ 455340.2, 6476757.03 ], [ 455353.09, 6476577.31 ] ] ], [ [ [ 380000.75, 6476762.22 ], [ 380086.23, 6476726.81 ], [ 379985.44, 6476694.55 ], [ 380000.75, 6476762.22 ] ] ], [ [ [ 456514.86, 6476856.65 ], [ 456531.98, 6476841.24 ], [ 456486.21, 6476834.08 ], [ 456514.86, 6476856.65 ] ] ], [ [ [ 455321.73, 6476914.1 ], [ 455246.18, 6476817.09 ], [ 455256.56, 6476774.28 ], [ 455200.28, 6476802.42 ], [ 455130.55, 6476703.79 ], [ 455159.51, 6476818.19 ], [ 455293.75, 6476935.66 ], [ 455321.73, 6476914.1 ] ] ], [ [ [ 379644.69, 6476937.3 ], [ 379602.23, 6476931.19 ], [ 379591.7, 6476946.0 ], [ 379609.29, 6476957.05 ], [ 379644.69, 6476937.3 ] ] ], [ [ [ 450042.36, 6476948.6 ], [ 450124.39, 6476956.47 ], [ 450166.47, 6476930.93 ], [ 450042.36, 6476948.6 ] ] ], [ [ [ 455365.16, 6476967.15 ], [ 455345.88, 6476966.16 ], [ 455350.14, 6476975.11 ], [ 455365.16, 6476967.15 ] ] ], [ [ [ 449175.77, 6476980.75 ], [ 449151.65, 6476960.73 ], [ 449151.06, 6476986.0 ], [ 449175.77, 6476980.75 ] ] ], [ [ [ 451869.76, 6477001.37 ], [ 451730.04, 6476950.87 ], [ 451722.57, 6476884.33 ], [ 451605.37, 6476838.58 ], [ 451604.63, 6476916.79 ], [ 451666.58, 6476959.68 ], [ 451869.76, 6477001.37 ] ] ], [ [ [ 452041.57, 6477009.02 ], [ 452041.44, 6476991.64 ], [ 451976.05, 6477002.4 ], [ 452041.57, 6477009.02 ] ] ], [ [ [ 449955.92, 6477002.82 ], [ 449938.16, 6477007.64 ], [ 449956.64, 6477015.87 ], [ 449955.92, 6477002.82 ] ] ], [ [ [ 449989.02, 6477017.5 ], [ 450006.37, 6477002.4 ], [ 449969.56, 6477013.12 ], [ 449989.02, 6477017.5 ] ] ], [ [ [ 449108.21, 6477033.62 ], [ 449092.64, 6477027.25 ], [ 449101.59, 6477039.3 ], [ 449108.21, 6477033.62 ] ] ], [ [ [ 455359.86, 6477063.44 ], [ 455341.54, 6477058.34 ], [ 455346.87, 6477069.27 ], [ 455359.86, 6477063.44 ] ] ], [ [ [ 455197.68, 6477081.69 ], [ 455201.93, 6477065.15 ], [ 455190.09, 6477080.16 ], [ 455197.68, 6477081.69 ] ] ], [ [ [ 455161.38, 6477095.09 ], [ 455176.4, 6477080.8 ], [ 455150.95, 6477083.09 ], [ 455161.38, 6477095.09 ] ] ], [ [ [ 449456.59, 6477096.86 ], [ 449438.58, 6477092.82 ], [ 449454.64, 6477103.82 ], [ 449456.59, 6477096.86 ] ] ], [ [ [ 454872.13, 6477095.85 ], [ 454929.84, 6476992.59 ], [ 454869.24, 6476985.25 ], [ 454914.82, 6476947.05 ], [ 454829.05, 6476977.26 ], [ 454804.79, 6476938.92 ], [ 454781.62, 6477094.49 ], [ 454872.13, 6477095.85 ] ] ], [ [ [ 455270.62, 6477155.57 ], [ 455318.55, 6477124.34 ], [ 455244.95, 6477123.57 ], [ 455270.62, 6477155.57 ] ] ], [ [ [ 455212.62, 6477189.11 ], [ 455238.38, 6477186.44 ], [ 455243.04, 6477168.87 ], [ 455212.62, 6477189.11 ] ] ], [ [ [ 455296.83, 6477242.3 ], [ 455310.61, 6477229.3 ], [ 455295.68, 6477236.71 ], [ 455296.83, 6477242.3 ] ] ], [ [ [ 450211.93, 6477255.43 ], [ 450322.96, 6477224.48 ], [ 450321.27, 6477203.3 ], [ 450211.93, 6477255.43 ] ] ], [ [ [ 457443.43, 6477188.54 ], [ 457521.55, 6477198.95 ], [ 457561.31, 6477128.15 ], [ 457543.9, 6477080.02 ], [ 457504.86, 6477094.73 ], [ 457528.15, 6476952.04 ], [ 457466.85, 6476945.32 ], [ 457446.96, 6476576.64 ], [ 457527.35, 6476441.62 ], [ 457587.84, 6476481.8 ], [ 457628.87, 6476460.18 ], [ 457544.85, 6476350.03 ], [ 457646.99, 6476245.97 ], [ 457752.25, 6476285.8 ], [ 457711.32, 6476332.32 ], [ 457720.39, 6476445.45 ], [ 457825.04, 6476327.02 ], [ 457929.45, 6476382.25 ], [ 457950.23, 6476504.12 ], [ 457907.19, 6476585.62 ], [ 457942.74, 6476623.06 ], [ 457908.34, 6476619.6 ], [ 457864.0, 6476508.17 ], [ 457865.1, 6476580.27 ], [ 457973.29, 6476771.14 ], [ 458043.92, 6476748.76 ], [ 458055.12, 6476609.57 ], [ 458090.29, 6476594.12 ], [ 458223.02, 6476675.68 ], [ 458315.16, 6476926.92 ], [ 458423.53, 6476925.09 ], [ 458599.6, 6477087.6 ], [ 458699.26, 6477094.79 ], [ 458630.14, 6476953.35 ], [ 458635.55, 6476786.87 ], [ 458585.11, 6476716.63 ], [ 458610.32, 6476647.66 ], [ 458563.06, 6476644.26 ], [ 458573.03, 6476609.08 ], [ 458607.09, 6476631.53 ], [ 458600.95, 6476523.99 ], [ 458541.68, 6476621.69 ], [ 458508.82, 6476562.05 ], [ 458539.06, 6476514.24 ], [ 458462.51, 6476447.78 ], [ 458538.02, 6476416.46 ], [ 458446.15, 6476411.08 ], [ 458416.5, 6476365.23 ], [ 458416.8, 6476405.16 ], [ 458384.06, 6476307.7 ], [ 458404.45, 6476297.03 ], [ 458355.32, 6476244.79 ], [ 458365.41, 6476170.86 ], [ 458339.2, 6476183.18 ], [ 458218.82, 6476008.08 ], [ 458071.93, 6475908.24 ], [ 457731.62, 6475842.46 ], [ 457550.28, 6475891.06 ], [ 457494.16, 6475970.97 ], [ 457451.44, 6475901.98 ], [ 457477.52, 6476037.83 ], [ 457387.25, 6476273.74 ], [ 457350.41, 6476283.15 ], [ 457379.05, 6476567.36 ], [ 457291.11, 6476597.88 ], [ 457346.41, 6476643.34 ], [ 457339.68, 6476979.96 ], [ 457384.52, 6476902.13 ], [ 457414.31, 6476962.81 ], [ 457352.19, 6477126.62 ], [ 457254.35, 6477175.86 ], [ 457352.15, 6477283.89 ], [ 457443.43, 6477188.54 ] ] ], [ [ [ 451396.35, 6477367.31 ], [ 451386.9, 6477240.54 ], [ 451350.34, 6477263.54 ], [ 451347.46, 6477215.44 ], [ 451239.65, 6477260.71 ], [ 451166.31, 6477238.17 ], [ 451200.17, 6477340.22 ], [ 451396.35, 6477367.31 ] ] ], [ [ [ 457413.48, 6477387.01 ], [ 457398.7, 6477386.71 ], [ 457407.18, 6477398.04 ], [ 457413.48, 6477387.01 ] ] ], [ [ [ 450181.1, 6477412.28 ], [ 450174.71, 6477403.11 ], [ 450170.56, 6477411.84 ], [ 450181.1, 6477412.28 ] ] ], [ [ [ 449927.35, 6477450.31 ], [ 449914.72, 6477447.33 ], [ 449924.76, 6477455.36 ], [ 449927.35, 6477450.31 ] ] ], [ [ [ 449983.75, 6477481.04 ], [ 449971.65, 6477477.46 ], [ 449979.03, 6477488.8 ], [ 449983.75, 6477481.04 ] ] ], [ [ [ 457500.56, 6477502.27 ], [ 457500.07, 6477492.65 ], [ 457490.33, 6477490.19 ], [ 457500.56, 6477502.27 ] ] ], [ [ [ 450243.18, 6477525.07 ], [ 450233.07, 6477523.79 ], [ 450241.74, 6477531.01 ], [ 450243.18, 6477525.07 ] ] ], [ [ [ 449915.69, 6477568.81 ], [ 449971.42, 6477554.72 ], [ 449996.26, 6477514.56 ], [ 449931.05, 6477520.17 ], [ 449915.69, 6477568.81 ] ] ], [ [ [ 458208.58, 6477622.61 ], [ 458197.89, 6477620.91 ], [ 458207.54, 6477632.71 ], [ 458208.58, 6477622.61 ] ] ], [ [ [ 456252.04, 6477665.29 ], [ 456236.12, 6477666.38 ], [ 456249.79, 6477671.18 ], [ 456252.04, 6477665.29 ] ] ], [ [ [ 450239.02, 6477697.76 ], [ 450229.69, 6477694.62 ], [ 450231.16, 6477700.69 ], [ 450239.02, 6477697.76 ] ] ], [ [ [ 453947.34, 6477683.17 ], [ 453922.04, 6477695.23 ], [ 453915.69, 6477709.31 ], [ 453947.34, 6477683.17 ] ] ], [ [ [ 450087.29, 6477696.73 ], [ 450036.13, 6477658.93 ], [ 449959.93, 6477693.12 ], [ 449943.53, 6477654.95 ], [ 449893.5, 6477672.05 ], [ 450017.28, 6477749.39 ], [ 450087.29, 6477696.73 ] ] ], [ [ [ 451601.19, 6477751.53 ], [ 451721.32, 6477751.6 ], [ 451726.24, 6477716.98 ], [ 451627.57, 6477637.6 ], [ 451643.52, 6477690.3 ], [ 451601.19, 6477751.53 ] ] ], [ [ [ 450042.68, 6477824.79 ], [ 450059.54, 6477834.28 ], [ 450060.97, 6477827.03 ], [ 450042.68, 6477824.79 ] ] ], [ [ [ 449797.99, 6477850.58 ], [ 449778.62, 6477851.52 ], [ 449795.78, 6477859.66 ], [ 449797.99, 6477850.58 ] ] ], [ [ [ 449928.22, 6477870.57 ], [ 449920.56, 6477863.5 ], [ 449919.22, 6477867.31 ], [ 449928.22, 6477870.57 ] ] ], [ [ [ 450047.04, 6477866.36 ], [ 450038.18, 6477855.78 ], [ 450030.85, 6477873.01 ], [ 450047.04, 6477866.36 ] ] ], [ [ [ 449908.2, 6477861.61 ], [ 449896.5, 6477859.29 ], [ 449890.21, 6477875.05 ], [ 449908.2, 6477861.61 ] ] ], [ [ [ 450067.85, 6477876.87 ], [ 450057.45, 6477872.85 ], [ 450057.45, 6477875.66 ], [ 450067.85, 6477876.87 ] ] ], [ [ [ 450173.58, 6477895.23 ], [ 450288.98, 6477868.09 ], [ 450239.65, 6477858.94 ], [ 450284.6, 6477804.91 ], [ 450252.68, 6477739.3 ], [ 450066.38, 6477767.73 ], [ 450128.93, 6477796.58 ], [ 450068.47, 6477819.17 ], [ 450076.95, 6477847.13 ], [ 450124.62, 6477812.33 ], [ 450138.3, 6477864.7 ], [ 450199.15, 6477851.91 ], [ 450173.58, 6477895.23 ] ] ], [ [ [ 450002.28, 6477902.26 ], [ 450025.12, 6477906.89 ], [ 450034.59, 6477884.38 ], [ 450002.28, 6477902.26 ] ] ], [ [ [ 449969.1, 6477970.53 ], [ 449953.5, 6477964.86 ], [ 449963.54, 6477979.05 ], [ 449969.1, 6477970.53 ] ] ], [ [ [ 456435.14, 6477992.71 ], [ 456423.97, 6477985.78 ], [ 456434.24, 6478003.96 ], [ 456435.14, 6477992.71 ] ] ], [ [ [ 455723.07, 6478014.89 ], [ 455715.32, 6478000.05 ], [ 455710.44, 6478016.16 ], [ 455723.07, 6478014.89 ] ] ], [ [ [ 450288.74, 6478013.49 ], [ 450277.37, 6478014.4 ], [ 450281.47, 6478022.9 ], [ 450288.74, 6478013.49 ] ] ], [ [ [ 450315.77, 6478031.21 ], [ 450332.49, 6478029.74 ], [ 450334.47, 6478026.41 ], [ 450315.77, 6478031.21 ] ] ], [ [ [ 450202.71, 6478006.79 ], [ 450246.21, 6477981.85 ], [ 450241.48, 6477951.47 ], [ 450163.12, 6478048.56 ], [ 450202.71, 6478006.79 ] ] ], [ [ [ 450207.69, 6478012.95 ], [ 450186.93, 6478040.59 ], [ 450206.09, 6478052.11 ], [ 450218.09, 6478045.37 ], [ 450207.69, 6478012.95 ] ] ], [ [ [ 450134.56, 6478040.47 ], [ 450189.8, 6477941.4 ], [ 450092.92, 6477934.63 ], [ 450109.32, 6477879.34 ], [ 450002.35, 6477928.52 ], [ 449954.34, 6478001.28 ], [ 450048.51, 6478004.5 ], [ 450016.37, 6478051.89 ], [ 450134.56, 6478040.47 ] ] ], [ [ [ 458131.0, 6478068.97 ], [ 458153.47, 6477821.01 ], [ 458012.16, 6477868.12 ], [ 457978.42, 6477838.19 ], [ 457937.22, 6477919.04 ], [ 458040.4, 6478071.93 ], [ 458131.0, 6478068.97 ] ] ], [ [ [ 458599.15, 6478111.13 ], [ 458645.77, 6478060.94 ], [ 458580.64, 6478032.47 ], [ 458599.15, 6478111.13 ] ] ], [ [ [ 453994.2, 6478150.8 ], [ 453980.29, 6478147.27 ], [ 453979.61, 6478155.81 ], [ 453994.2, 6478150.8 ] ] ], [ [ [ 453284.25, 6478165.19 ], [ 453270.3, 6478150.98 ], [ 453279.82, 6478172.65 ], [ 453284.25, 6478165.19 ] ] ], [ [ [ 450775.57, 6478183.56 ], [ 450898.64, 6478103.04 ], [ 450940.84, 6478022.7 ], [ 450929.41, 6477744.48 ], [ 451004.27, 6477480.97 ], [ 451017.07, 6477290.95 ], [ 450986.63, 6477249.34 ], [ 451024.07, 6477169.94 ], [ 450966.13, 6477127.8 ], [ 450937.65, 6477159.2 ], [ 450876.85, 6477124.86 ], [ 450841.13, 6477204.6 ], [ 450736.45, 6477125.84 ], [ 450674.76, 6477168.25 ], [ 450717.74, 6477171.32 ], [ 450692.67, 6477206.13 ], [ 450725.58, 6477304.9 ], [ 450789.36, 6477224.82 ], [ 450842.11, 6477282.95 ], [ 450825.99, 6477439.86 ], [ 450718.77, 6477420.02 ], [ 450682.48, 6477463.81 ], [ 450698.89, 6477536.58 ], [ 450815.52, 6477617.59 ], [ 450826.53, 6477706.78 ], [ 450751.65, 6477754.74 ], [ 450678.09, 6477728.53 ], [ 450484.43, 6477798.09 ], [ 450691.02, 6478082.03 ], [ 450667.55, 6478146.72 ], [ 450775.57, 6478183.56 ] ] ], [ [ [ 450730.77, 6478195.95 ], [ 450711.81, 6478192.95 ], [ 450731.12, 6478200.7 ], [ 450730.77, 6478195.95 ] ] ], [ [ [ 450746.27, 6478208.32 ], [ 450839.89, 6478200.27 ], [ 450736.75, 6478202.36 ], [ 450746.27, 6478208.32 ] ] ], [ [ [ 451253.41, 6478228.64 ], [ 451230.69, 6478183.23 ], [ 451189.91, 6478181.55 ], [ 451253.41, 6478228.64 ] ] ], [ [ [ 458873.78, 6478236.07 ], [ 458845.54, 6478188.87 ], [ 458813.01, 6478194.93 ], [ 458833.27, 6478232.63 ], [ 458873.78, 6478236.07 ] ] ], [ [ [ 457857.67, 6478128.53 ], [ 457903.33, 6478154.63 ], [ 458007.78, 6478187.23 ], [ 458073.62, 6478243.59 ], [ 458023.54, 6478180.01 ], [ 457857.67, 6478128.53 ] ] ], [ [ [ 453837.54, 6478244.4 ], [ 453825.84, 6478225.52 ], [ 453824.31, 6478243.17 ], [ 453837.54, 6478244.4 ] ] ], [ [ [ 451474.12, 6478200.18 ], [ 451545.15, 6478200.28 ], [ 451657.27, 6478070.49 ], [ 451630.69, 6478009.18 ], [ 451585.41, 6478021.17 ], [ 451606.12, 6477770.45 ], [ 451542.07, 6477814.9 ], [ 451557.68, 6478058.74 ], [ 451370.33, 6478060.6 ], [ 451385.99, 6478090.16 ], [ 451324.41, 6478174.37 ], [ 451351.21, 6478216.83 ], [ 451423.64, 6478194.1 ], [ 451417.26, 6478259.6 ], [ 451474.12, 6478200.18 ] ] ], [ [ [ 451298.94, 6478288.05 ], [ 451279.12, 6478277.78 ], [ 451297.0, 6478300.01 ], [ 451298.94, 6478288.05 ] ] ], [ [ [ 456484.21, 6478340.48 ], [ 456577.08, 6478219.5 ], [ 456540.11, 6478067.63 ], [ 456488.68, 6478123.18 ], [ 456547.64, 6478157.75 ], [ 456483.53, 6478169.96 ], [ 456514.38, 6478244.32 ], [ 456484.21, 6478340.48 ] ] ], [ [ [ 451357.7, 6478372.38 ], [ 451325.63, 6478293.04 ], [ 451316.66, 6478238.95 ], [ 451319.68, 6478341.2 ], [ 451357.7, 6478372.38 ] ] ], [ [ [ 457922.19, 6478299.32 ], [ 457838.42, 6478224.48 ], [ 457731.12, 6478291.31 ], [ 457897.59, 6478403.51 ], [ 457922.19, 6478299.32 ] ] ], [ [ [ 451400.98, 6478387.48 ], [ 451389.03, 6478413.57 ], [ 451410.14, 6478430.48 ], [ 451400.98, 6478387.48 ] ] ], [ [ [ 456367.45, 6478304.07 ], [ 456329.53, 6478344.16 ], [ 456331.57, 6478456.39 ], [ 456438.93, 6478400.78 ], [ 456367.45, 6478304.07 ] ] ], [ [ [ 451423.15, 6478452.76 ], [ 451402.28, 6478444.49 ], [ 451429.66, 6478463.56 ], [ 451423.15, 6478452.76 ] ] ], [ [ [ 455875.84, 6478468.09 ], [ 455868.92, 6478464.71 ], [ 455869.08, 6478468.47 ], [ 455875.84, 6478468.09 ] ] ], [ [ [ 455824.24, 6478486.92 ], [ 455797.45, 6478493.13 ], [ 455801.26, 6478504.0 ], [ 455824.24, 6478486.92 ] ] ], [ [ [ 455379.27, 6478508.88 ], [ 455400.87, 6478491.14 ], [ 455376.41, 6478495.59 ], [ 455379.27, 6478508.88 ] ] ], [ [ [ 451491.35, 6478509.4 ], [ 451446.11, 6478488.04 ], [ 451500.56, 6478519.28 ], [ 451491.35, 6478509.4 ] ] ], [ [ [ 455919.89, 6478544.93 ], [ 455939.92, 6478482.38 ], [ 455899.6, 6478451.12 ], [ 455919.89, 6478544.93 ] ] ], [ [ [ 450516.1, 6478566.94 ], [ 450555.57, 6478560.3 ], [ 450560.16, 6478555.74 ], [ 450524.29, 6478549.15 ], [ 450516.1, 6478566.94 ] ] ], [ [ [ 458998.02, 6478579.36 ], [ 458882.46, 6478544.5 ], [ 458872.5, 6478548.22 ], [ 458998.02, 6478579.36 ] ] ], [ [ [ 455777.59, 6478578.58 ], [ 455801.54, 6478560.27 ], [ 455791.19, 6478524.04 ], [ 455745.94, 6478540.16 ], [ 455777.59, 6478578.58 ] ] ], [ [ [ 450989.18, 6478581.93 ], [ 451041.8, 6478566.88 ], [ 451061.25, 6478498.03 ], [ 450976.99, 6478492.75 ], [ 450989.18, 6478581.93 ] ] ], [ [ [ 450964.29, 6478627.96 ], [ 450958.9, 6478555.28 ], [ 450929.73, 6478539.62 ], [ 450916.73, 6478578.93 ], [ 450964.29, 6478627.96 ] ] ], [ [ [ 456163.51, 6478665.44 ], [ 456247.21, 6478699.26 ], [ 456320.92, 6478579.11 ], [ 456176.58, 6478552.65 ], [ 456163.51, 6478665.44 ] ] ], [ [ [ 451179.37, 6478690.14 ], [ 451132.71, 6478723.4 ], [ 451171.62, 6478769.74 ], [ 451184.31, 6478748.01 ], [ 451179.37, 6478690.14 ] ] ], [ [ [ 450352.83, 6478911.95 ], [ 450372.61, 6478902.02 ], [ 450345.87, 6478891.68 ], [ 450352.83, 6478911.95 ] ] ], [ [ [ 452205.27, 6478887.55 ], [ 452147.18, 6478890.38 ], [ 452169.01, 6478943.64 ], [ 452188.94, 6478941.3 ], [ 452205.27, 6478887.55 ] ] ], [ [ [ 457775.17, 6478927.68 ], [ 457726.6, 6478816.33 ], [ 457706.59, 6478860.25 ], [ 457617.17, 6478850.47 ], [ 457653.91, 6478915.28 ], [ 457775.17, 6478927.68 ] ] ], [ [ [ 452194.67, 6478945.26 ], [ 452211.28, 6478933.41 ], [ 452207.72, 6478932.62 ], [ 452194.67, 6478945.26 ] ] ], [ [ [ 450402.75, 6478947.74 ], [ 450391.39, 6478946.29 ], [ 450398.31, 6478960.57 ], [ 450402.75, 6478947.74 ] ] ], [ [ [ 457635.19, 6478923.78 ], [ 457634.14, 6478950.88 ], [ 457655.29, 6478960.87 ], [ 457657.35, 6478947.82 ], [ 457635.19, 6478923.78 ] ] ], [ [ [ 458862.48, 6478956.19 ], [ 459008.33, 6478947.77 ], [ 458995.21, 6478906.27 ], [ 458911.7, 6478858.26 ], [ 458904.15, 6478769.81 ], [ 458738.02, 6478586.2 ], [ 458781.11, 6478847.97 ], [ 458862.48, 6478956.19 ] ] ], [ [ [ 456082.06, 6478957.46 ], [ 456069.26, 6478939.59 ], [ 456079.05, 6478966.12 ], [ 456082.06, 6478957.46 ] ] ], [ [ [ 457016.73, 6478974.33 ], [ 457002.02, 6478964.51 ], [ 457013.9, 6478976.06 ], [ 457016.73, 6478974.33 ] ] ], [ [ [ 450643.74, 6478996.29 ], [ 450672.04, 6478977.03 ], [ 450630.88, 6478995.0 ], [ 450643.74, 6478996.29 ] ] ], [ [ [ 459012.34, 6478992.85 ], [ 458984.65, 6478981.48 ], [ 459007.91, 6479021.03 ], [ 459012.34, 6478992.85 ] ] ], [ [ [ 450324.24, 6479024.68 ], [ 450395.06, 6479018.16 ], [ 450303.48, 6479006.32 ], [ 450324.24, 6479024.68 ] ] ], [ [ [ 379537.07, 6479031.28 ], [ 379543.73, 6478991.77 ], [ 379524.89, 6479022.1 ], [ 379537.07, 6479031.28 ] ] ], [ [ [ 450502.35, 6479052.78 ], [ 450618.3, 6478995.47 ], [ 450440.1, 6479004.92 ], [ 450494.47, 6479010.41 ], [ 450502.35, 6479052.78 ] ] ], [ [ [ 457653.69, 6479087.95 ], [ 457725.73, 6478980.79 ], [ 457718.73, 6478975.75 ], [ 457652.17, 6479011.26 ], [ 457653.69, 6479087.95 ] ] ], [ [ [ 457527.64, 6479086.38 ], [ 457578.98, 6479048.33 ], [ 457561.65, 6479014.02 ], [ 457494.31, 6479031.04 ], [ 457527.64, 6479086.38 ] ] ], [ [ [ 456771.57, 6479100.32 ], [ 456735.54, 6479045.96 ], [ 456709.17, 6479036.14 ], [ 456743.87, 6479096.85 ], [ 456771.57, 6479100.32 ] ] ], [ [ [ 454892.32, 6479126.3 ], [ 454902.89, 6479108.88 ], [ 454889.83, 6479124.73 ], [ 454892.32, 6479126.3 ] ] ], [ [ [ 455366.59, 6479186.25 ], [ 455406.12, 6479156.63 ], [ 455360.84, 6479135.57 ], [ 455366.59, 6479186.25 ] ] ], [ [ [ 451864.97, 6479113.24 ], [ 451783.68, 6479105.9 ], [ 451781.58, 6479150.9 ], [ 451868.45, 6479207.52 ], [ 451864.97, 6479113.24 ] ] ], [ [ [ 457213.01, 6479197.26 ], [ 457171.82, 6479199.74 ], [ 457165.84, 6479211.72 ], [ 457194.91, 6479229.42 ], [ 457213.01, 6479197.26 ] ] ], [ [ [ 453261.01, 6479245.87 ], [ 453242.86, 6479247.11 ], [ 453261.17, 6479247.09 ], [ 453261.01, 6479245.87 ] ] ], [ [ [ 454733.92, 6479252.53 ], [ 454837.62, 6479269.74 ], [ 454882.2, 6479241.16 ], [ 454733.92, 6479252.53 ] ] ], [ [ [ 451696.21, 6479273.68 ], [ 451736.18, 6479295.12 ], [ 451714.31, 6479192.85 ], [ 451683.34, 6479219.88 ], [ 451689.77, 6479306.55 ], [ 451696.21, 6479273.68 ] ] ], [ [ [ 455922.23, 6479300.97 ], [ 455894.06, 6479289.55 ], [ 455905.04, 6479312.31 ], [ 455922.23, 6479300.97 ] ] ], [ [ [ 454967.99, 6479306.26 ], [ 454953.64, 6479306.7 ], [ 454956.86, 6479321.73 ], [ 454967.99, 6479306.26 ] ] ], [ [ [ 457483.54, 6479318.07 ], [ 457469.75, 6479322.96 ], [ 457483.79, 6479326.99 ], [ 457483.54, 6479318.07 ] ] ], [ [ [ 453238.74, 6479300.5 ], [ 453218.49, 6479333.04 ], [ 453266.29, 6479329.1 ], [ 453266.15, 6479320.03 ], [ 453238.74, 6479300.5 ] ] ], [ [ [ 455685.89, 6479342.23 ], [ 455676.92, 6479270.6 ], [ 455581.45, 6479287.67 ], [ 455644.2, 6479283.55 ], [ 455685.89, 6479342.23 ] ] ], [ [ [ 453299.64, 6479377.53 ], [ 453289.95, 6479353.82 ], [ 453284.01, 6479368.09 ], [ 453299.64, 6479377.53 ] ] ], [ [ [ 455884.48, 6479324.48 ], [ 455844.43, 6479339.09 ], [ 455841.26, 6479371.85 ], [ 455872.63, 6479379.44 ], [ 455884.48, 6479324.48 ] ] ], [ [ [ 457368.39, 6479426.02 ], [ 457356.05, 6479412.72 ], [ 457353.89, 6479428.03 ], [ 457368.39, 6479426.02 ] ] ], [ [ [ 457379.14, 6479453.41 ], [ 457419.24, 6479472.18 ], [ 457392.39, 6479437.09 ], [ 457379.14, 6479453.41 ] ] ], [ [ [ 455439.28, 6479397.09 ], [ 455411.85, 6479444.62 ], [ 455472.36, 6479444.72 ], [ 455431.3, 6479362.94 ], [ 455469.01, 6479297.37 ], [ 455382.08, 6479249.56 ], [ 455374.5, 6479363.63 ], [ 455318.11, 6479361.72 ], [ 455272.96, 6479418.31 ], [ 455357.84, 6479393.79 ], [ 455356.46, 6479456.97 ], [ 455393.14, 6479484.55 ], [ 455389.03, 6479423.9 ], [ 455439.28, 6479397.09 ] ] ], [ [ [ 457549.89, 6479490.75 ], [ 457537.82, 6479469.24 ], [ 457541.61, 6479488.54 ], [ 457549.89, 6479490.75 ] ] ], [ [ [ 456718.14, 6479384.3 ], [ 456605.5, 6479224.15 ], [ 456489.04, 6479158.26 ], [ 456494.87, 6479277.0 ], [ 456572.78, 6479276.79 ], [ 456662.89, 6479517.29 ], [ 456718.14, 6479384.3 ] ] ], [ [ [ 455886.38, 6479515.78 ], [ 455859.87, 6479500.73 ], [ 455859.54, 6479525.59 ], [ 455886.38, 6479515.78 ] ] ], [ [ [ 457426.19, 6479526.02 ], [ 457407.29, 6479516.94 ], [ 457411.0, 6479529.29 ], [ 457426.19, 6479526.02 ] ] ], [ [ [ 450750.11, 6479540.45 ], [ 450978.3, 6479513.78 ], [ 450989.5, 6479404.52 ], [ 450881.5, 6479493.13 ], [ 450813.49, 6479411.49 ], [ 450811.25, 6479306.36 ], [ 450798.65, 6479332.91 ], [ 450769.07, 6479293.08 ], [ 450784.5, 6479411.02 ], [ 450740.19, 6479378.82 ], [ 450703.47, 6479464.47 ], [ 450750.11, 6479540.45 ] ] ], [ [ [ 450406.08, 6479550.34 ], [ 450392.94, 6479547.46 ], [ 450380.09, 6479561.51 ], [ 450406.08, 6479550.34 ] ] ], [ [ [ 454786.07, 6479544.04 ], [ 454768.31, 6479513.12 ], [ 454775.01, 6479567.56 ], [ 454786.07, 6479544.04 ] ] ], [ [ [ 454803.94, 6479563.76 ], [ 454798.82, 6479543.73 ], [ 454793.57, 6479572.08 ], [ 454803.94, 6479563.76 ] ] ], [ [ [ 455344.96, 6479575.36 ], [ 455357.89, 6479545.75 ], [ 455333.09, 6479559.67 ], [ 455344.96, 6479575.36 ] ] ], [ [ [ 450157.4, 6479576.67 ], [ 450136.32, 6479572.0 ], [ 450155.17, 6479582.19 ], [ 450157.4, 6479576.67 ] ] ], [ [ [ 453167.9, 6479583.02 ], [ 453196.28, 6479578.0 ], [ 453165.4, 6479552.49 ], [ 453179.2, 6479492.53 ], [ 453143.43, 6479527.16 ], [ 453167.9, 6479583.02 ] ] ], [ [ [ 450259.26, 6479586.15 ], [ 450291.81, 6479546.07 ], [ 450200.84, 6479528.81 ], [ 450207.29, 6479573.89 ], [ 450259.26, 6479586.15 ] ] ], [ [ [ 450739.34, 6479591.87 ], [ 450724.78, 6479592.45 ], [ 450730.12, 6479600.47 ], [ 450739.34, 6479591.87 ] ] ], [ [ [ 456258.53, 6479599.44 ], [ 456246.91, 6479588.3 ], [ 456244.73, 6479596.76 ], [ 456258.53, 6479599.44 ] ] ], [ [ [ 455288.58, 6479602.66 ], [ 455342.6, 6479512.38 ], [ 455334.94, 6479482.8 ], [ 455267.7, 6479531.85 ], [ 455288.58, 6479602.66 ] ] ], [ [ [ 455151.35, 6479640.5 ], [ 455151.21, 6479609.35 ], [ 455147.09, 6479639.67 ], [ 455151.35, 6479640.5 ] ] ], [ [ [ 455556.74, 6479633.56 ], [ 455545.9, 6479630.38 ], [ 455548.53, 6479643.74 ], [ 455556.74, 6479633.56 ] ] ], [ [ [ 456249.25, 6479622.46 ], [ 456209.64, 6479632.24 ], [ 456214.6, 6479651.24 ], [ 456249.25, 6479622.46 ] ] ], [ [ [ 455598.14, 6479661.45 ], [ 455583.87, 6479656.0 ], [ 455590.39, 6479666.66 ], [ 455598.14, 6479661.45 ] ] ], [ [ [ 455315.14, 6479667.84 ], [ 455310.23, 6479659.09 ], [ 455306.43, 6479662.29 ], [ 455315.14, 6479667.84 ] ] ], [ [ [ 450299.92, 6479671.06 ], [ 450294.11, 6479662.7 ], [ 450289.05, 6479674.29 ], [ 450299.92, 6479671.06 ] ] ], [ [ [ 455962.14, 6479693.94 ], [ 455953.0, 6479685.37 ], [ 455951.11, 6479696.05 ], [ 455962.14, 6479693.94 ] ] ], [ [ [ 450257.26, 6479702.25 ], [ 450247.52, 6479687.98 ], [ 450240.16, 6479694.74 ], [ 450257.26, 6479702.25 ] ] ], [ [ [ 452835.94, 6479694.4 ], [ 452812.12, 6479706.76 ], [ 452812.27, 6479712.16 ], [ 452818.19, 6479714.22 ], [ 452835.94, 6479694.4 ] ] ], [ [ [ 450347.29, 6479716.96 ], [ 450341.52, 6479709.21 ], [ 450337.82, 6479715.12 ], [ 450347.29, 6479716.96 ] ] ], [ [ [ 455965.66, 6479767.73 ], [ 455943.43, 6479730.42 ], [ 455953.02, 6479775.14 ], [ 455965.66, 6479767.73 ] ] ], [ [ [ 455789.88, 6479773.99 ], [ 455776.7, 6479758.55 ], [ 455783.79, 6479782.28 ], [ 455789.88, 6479773.99 ] ] ], [ [ [ 455882.03, 6479759.98 ], [ 455850.04, 6479746.99 ], [ 455865.8, 6479784.76 ], [ 455882.03, 6479759.98 ] ] ], [ [ [ 455529.04, 6479772.35 ], [ 455502.32, 6479762.16 ], [ 455507.48, 6479784.65 ], [ 455529.04, 6479772.35 ] ] ], [ [ [ 451011.42, 6479895.93 ], [ 450947.94, 6479816.0 ], [ 450904.06, 6479813.28 ], [ 450925.3, 6479889.75 ], [ 450964.63, 6479857.21 ], [ 451011.42, 6479895.93 ] ] ], [ [ [ 450854.77, 6479903.6 ], [ 450918.44, 6479731.49 ], [ 451008.28, 6479673.96 ], [ 450959.2, 6479658.33 ], [ 450930.35, 6479578.16 ], [ 450890.75, 6479599.02 ], [ 450956.92, 6479677.7 ], [ 450830.13, 6479652.07 ], [ 450798.74, 6479753.55 ], [ 450871.3, 6479812.73 ], [ 450793.4, 6479902.77 ], [ 450854.77, 6479903.6 ] ] ], [ [ [ 450935.21, 6479946.63 ], [ 450919.63, 6479939.19 ], [ 450924.26, 6479948.02 ], [ 450935.21, 6479946.63 ] ] ], [ [ [ 451055.79, 6479962.78 ], [ 451067.61, 6479917.59 ], [ 451006.76, 6479932.37 ], [ 451055.79, 6479962.78 ] ] ], [ [ [ 378055.61, 6480215.09 ], [ 378013.85, 6480132.55 ], [ 377946.22, 6480111.27 ], [ 377955.38, 6480240.76 ], [ 378028.9, 6480210.53 ], [ 378136.28, 6480262.93 ], [ 378055.61, 6480215.09 ] ] ], [ [ [ 450059.27, 6480294.68 ], [ 450147.66, 6480267.6 ], [ 449977.21, 6480258.35 ], [ 450059.27, 6480294.68 ] ] ], [ [ [ 451215.71, 6480337.94 ], [ 451209.81, 6480343.21 ], [ 451228.36, 6480348.39 ], [ 451215.71, 6480337.94 ] ] ], [ [ [ 450928.28, 6480615.73 ], [ 450882.83, 6480629.98 ], [ 450876.34, 6480637.12 ], [ 450914.39, 6480638.99 ], [ 450928.28, 6480615.73 ] ] ], [ [ [ 450616.2, 6480644.52 ], [ 450592.75, 6480635.3 ], [ 450615.06, 6480651.32 ], [ 450616.2, 6480644.52 ] ] ], [ [ [ 450597.05, 6480701.39 ], [ 450613.73, 6480681.39 ], [ 450595.74, 6480699.67 ], [ 450597.05, 6480701.39 ] ] ], [ [ [ 450945.49, 6480773.7 ], [ 450953.67, 6480737.75 ], [ 450927.16, 6480754.3 ], [ 450945.49, 6480773.7 ] ] ], [ [ [ 450892.64, 6480814.2 ], [ 450939.42, 6480800.0 ], [ 450856.12, 6480797.55 ], [ 450892.64, 6480814.2 ] ] ], [ [ [ 450758.94, 6480829.43 ], [ 450835.01, 6480812.21 ], [ 450836.76, 6480801.29 ], [ 450758.94, 6480829.43 ] ] ], [ [ [ 451089.61, 6480827.96 ], [ 451200.02, 6480859.91 ], [ 451189.31, 6480817.35 ], [ 451089.61, 6480827.96 ] ] ], [ [ [ 450738.7, 6481005.77 ], [ 450881.92, 6480962.58 ], [ 450939.54, 6480984.14 ], [ 450970.12, 6480893.59 ], [ 450893.4, 6480864.68 ], [ 450757.32, 6480893.75 ], [ 450721.63, 6480847.94 ], [ 450752.29, 6480810.52 ], [ 450675.59, 6480807.28 ], [ 450634.87, 6480898.43 ], [ 450672.26, 6480944.29 ], [ 450719.17, 6480909.97 ], [ 450690.33, 6480959.94 ], [ 450736.16, 6480956.35 ], [ 450738.7, 6481005.77 ] ] ], [ [ [ 450692.56, 6481024.16 ], [ 450692.1, 6481012.26 ], [ 450677.15, 6481016.88 ], [ 450692.56, 6481024.16 ] ] ], [ [ [ 451251.96, 6481033.6 ], [ 451285.31, 6481027.61 ], [ 451322.95, 6480972.61 ], [ 451278.64, 6480974.83 ], [ 451251.96, 6481033.6 ] ] ], [ [ [ 450740.85, 6481431.8 ], [ 450770.14, 6481399.77 ], [ 450866.65, 6481427.3 ], [ 450940.62, 6481354.82 ], [ 451113.13, 6481384.91 ], [ 450997.23, 6481275.97 ], [ 450918.05, 6481280.83 ], [ 450913.21, 6481330.68 ], [ 450837.02, 6481376.73 ], [ 450758.74, 6481324.07 ], [ 450677.84, 6481332.04 ], [ 450649.73, 6481374.07 ], [ 450740.85, 6481431.8 ] ] ], [ [ [ 459058.56, 6482073.75 ], [ 459051.78, 6482051.52 ], [ 459037.5, 6482060.73 ], [ 459058.56, 6482073.75 ] ] ], [ [ [ 458905.94, 6482339.51 ], [ 458925.04, 6482305.9 ], [ 458887.3, 6482309.35 ], [ 458905.94, 6482339.51 ] ] ], [ [ [ 463402.33, 6483159.04 ], [ 463498.13, 6483019.92 ], [ 463554.43, 6483043.69 ], [ 463622.11, 6483003.96 ], [ 463599.48, 6482916.45 ], [ 463523.96, 6482845.48 ], [ 463358.71, 6482892.68 ], [ 463320.84, 6482995.14 ], [ 463294.55, 6482957.36 ], [ 463317.65, 6483005.65 ], [ 463409.02, 6483095.15 ], [ 463363.7, 6483153.43 ], [ 463402.33, 6483159.04 ] ] ], [ [ [ 463183.76, 6483402.39 ], [ 463320.67, 6483273.27 ], [ 463296.38, 6483259.84 ], [ 463341.87, 6483176.18 ], [ 463312.91, 6483083.47 ], [ 463225.12, 6483156.45 ], [ 463188.66, 6483113.2 ], [ 463217.6, 6483174.43 ], [ 463137.39, 6483259.81 ], [ 463183.76, 6483402.39 ] ] ], [ [ [ 462784.75, 6484084.9 ], [ 462828.03, 6484145.48 ], [ 462896.49, 6484174.14 ], [ 462926.21, 6484175.02 ], [ 462784.75, 6484084.9 ] ] ], [ [ [ 463181.6, 6484149.36 ], [ 463151.84, 6484162.08 ], [ 463158.77, 6484206.2 ], [ 463178.24, 6484184.22 ], [ 463181.6, 6484149.36 ] ] ], [ [ [ 455223.73, 6484621.23 ], [ 455217.06, 6484606.14 ], [ 455220.28, 6484626.39 ], [ 455223.73, 6484621.23 ] ] ], [ [ [ 400785.16, 6484852.89 ], [ 400806.67, 6484844.64 ], [ 400782.73, 6484836.46 ], [ 400785.16, 6484852.89 ] ] ], [ [ [ 463125.43, 6485365.22 ], [ 463061.69, 6485334.03 ], [ 463053.44, 6485295.06 ], [ 463023.38, 6485258.62 ], [ 463057.61, 6485352.28 ], [ 463117.22, 6485364.88 ], [ 463166.83, 6485459.11 ], [ 463125.43, 6485365.22 ] ] ], [ [ [ 463061.13, 6485466.66 ], [ 463065.1, 6485441.42 ], [ 463038.52, 6485455.48 ], [ 463061.13, 6485466.66 ] ] ], [ [ [ 463170.72, 6485496.03 ], [ 463145.03, 6485484.71 ], [ 463167.83, 6485515.36 ], [ 463170.72, 6485496.03 ] ] ], [ [ [ 462707.15, 6485631.87 ], [ 462698.09, 6485622.64 ], [ 462700.83, 6485634.68 ], [ 462707.15, 6485631.87 ] ] ], [ [ [ 372052.21, 6485555.63 ], [ 371943.88, 6485592.99 ], [ 371817.84, 6485651.26 ], [ 371985.78, 6485592.16 ], [ 372052.21, 6485555.63 ] ] ], [ [ [ 463479.09, 6485691.14 ], [ 463457.73, 6485680.46 ], [ 463471.46, 6485700.14 ], [ 463479.09, 6485691.14 ] ] ], [ [ [ 463521.22, 6485734.26 ], [ 463514.69, 6485705.72 ], [ 463510.36, 6485702.72 ], [ 463521.22, 6485734.26 ] ] ], [ [ [ 463496.38, 6485729.34 ], [ 463479.54, 6485718.84 ], [ 463474.52, 6485742.16 ], [ 463496.38, 6485729.34 ] ] ], [ [ [ 456637.3, 6486316.27 ], [ 456627.22, 6486400.97 ], [ 456620.67, 6486419.9 ], [ 456641.46, 6486371.06 ], [ 456637.3, 6486316.27 ] ] ], [ [ [ 462247.38, 6486414.01 ], [ 462237.41, 6486412.97 ], [ 462241.38, 6486421.0 ], [ 462247.38, 6486414.01 ] ] ], [ [ [ 463960.84, 6486521.69 ], [ 463943.83, 6486520.52 ], [ 463958.8, 6486535.33 ], [ 463960.84, 6486521.69 ] ] ], [ [ [ 463896.23, 6486546.88 ], [ 463909.27, 6486549.88 ], [ 463904.71, 6486541.97 ], [ 463896.23, 6486546.88 ] ] ], [ [ [ 463995.32, 6486545.51 ], [ 463971.66, 6486545.78 ], [ 464003.62, 6486562.12 ], [ 463995.32, 6486545.51 ] ] ], [ [ [ 463847.88, 6486615.92 ], [ 463904.75, 6486589.14 ], [ 463848.68, 6486575.55 ], [ 463847.88, 6486615.92 ] ] ], [ [ [ 463862.49, 6486676.67 ], [ 463847.61, 6486673.1 ], [ 463854.8, 6486680.68 ], [ 463862.49, 6486676.67 ] ] ], [ [ [ 463605.3, 6486683.97 ], [ 463597.14, 6486674.02 ], [ 463594.68, 6486682.46 ], [ 463605.3, 6486683.97 ] ] ], [ [ [ 463766.44, 6486714.68 ], [ 463749.07, 6486700.89 ], [ 463746.45, 6486713.93 ], [ 463766.44, 6486714.68 ] ] ], [ [ [ 463766.26, 6486752.51 ], [ 463756.19, 6486746.34 ], [ 463753.49, 6486756.76 ], [ 463766.26, 6486752.51 ] ] ], [ [ [ 463637.11, 6486775.02 ], [ 463626.66, 6486763.64 ], [ 463631.01, 6486776.99 ], [ 463637.11, 6486775.02 ] ] ], [ [ [ 463577.44, 6486789.97 ], [ 463560.99, 6486782.42 ], [ 463573.53, 6486802.24 ], [ 463577.44, 6486789.97 ] ] ], [ [ [ 450171.86, 6486794.61 ], [ 450152.52, 6486782.42 ], [ 450151.45, 6486800.54 ], [ 450171.86, 6486794.61 ] ] ], [ [ [ 450210.31, 6486813.69 ], [ 450200.41, 6486798.87 ], [ 450199.31, 6486800.9 ], [ 450210.31, 6486813.69 ] ] ], [ [ [ 463651.12, 6486813.8 ], [ 463639.47, 6486805.95 ], [ 463638.78, 6486814.74 ], [ 463651.12, 6486813.8 ] ] ], [ [ [ 455148.38, 6486817.55 ], [ 455135.46, 6486821.31 ], [ 455145.61, 6486835.65 ], [ 455148.38, 6486817.55 ] ] ], [ [ [ 463656.74, 6486840.06 ], [ 463642.62, 6486829.11 ], [ 463641.08, 6486840.93 ], [ 463656.74, 6486840.06 ] ] ], [ [ [ 455162.31, 6486861.01 ], [ 455156.01, 6486863.79 ], [ 455168.57, 6486874.72 ], [ 455162.31, 6486861.01 ] ] ], [ [ [ 455340.65, 6486902.48 ], [ 455322.55, 6486893.05 ], [ 455339.17, 6486907.08 ], [ 455340.65, 6486902.48 ] ] ], [ [ [ 462677.34, 6486948.11 ], [ 462664.9, 6486938.59 ], [ 462665.57, 6486947.19 ], [ 462677.34, 6486948.11 ] ] ], [ [ [ 463793.96, 6486969.43 ], [ 463818.72, 6486910.59 ], [ 463798.72, 6486888.92 ], [ 463755.99, 6486965.95 ], [ 463793.96, 6486969.43 ] ] ], [ [ [ 455260.93, 6486990.81 ], [ 455236.1, 6486983.54 ], [ 455248.19, 6486996.53 ], [ 455260.93, 6486990.81 ] ] ], [ [ [ 401357.0, 6486974.76 ], [ 401323.19, 6486982.65 ], [ 401320.71, 6486990.33 ], [ 401345.79, 6486999.31 ], [ 401357.0, 6486974.76 ] ] ], [ [ [ 463839.52, 6486998.63 ], [ 463827.18, 6486990.57 ], [ 463838.15, 6487005.86 ], [ 463839.52, 6486998.63 ] ] ], [ [ [ 464173.78, 6487017.22 ], [ 464179.97, 6487029.59 ], [ 464182.35, 6487018.56 ], [ 464173.78, 6487017.22 ] ] ], [ [ [ 462756.38, 6487047.73 ], [ 462742.37, 6487049.83 ], [ 462756.97, 6487056.82 ], [ 462756.38, 6487047.73 ] ] ], [ [ [ 463843.02, 6487091.9 ], [ 463836.17, 6487081.54 ], [ 463833.92, 6487082.69 ], [ 463843.02, 6487091.9 ] ] ], [ [ [ 401325.71, 6487078.88 ], [ 401297.37, 6487070.55 ], [ 401300.87, 6487090.87 ], [ 401325.71, 6487078.88 ] ] ], [ [ [ 464218.04, 6487109.61 ], [ 464191.08, 6487123.0 ], [ 464214.67, 6487125.79 ], [ 464218.04, 6487109.61 ] ] ], [ [ [ 462832.36, 6487159.28 ], [ 462821.11, 6487156.91 ], [ 462823.96, 6487175.48 ], [ 462832.36, 6487159.28 ] ] ], [ [ [ 457310.17, 6487268.18 ], [ 457298.38, 6487251.3 ], [ 457292.49, 6487256.45 ], [ 457310.17, 6487268.18 ] ] ], [ [ [ 454892.9, 6487285.35 ], [ 454866.7, 6487279.99 ], [ 454894.03, 6487291.71 ], [ 454892.9, 6487285.35 ] ] ], [ [ [ 457322.65, 6487293.43 ], [ 457312.32, 6487283.57 ], [ 457312.39, 6487296.41 ], [ 457322.65, 6487293.43 ] ] ], [ [ [ 464335.65, 6487272.06 ], [ 464287.54, 6487276.31 ], [ 464357.71, 6487300.95 ], [ 464335.65, 6487272.06 ] ] ], [ [ [ 457321.88, 6487359.59 ], [ 457309.12, 6487350.81 ], [ 457319.04, 6487363.63 ], [ 457321.88, 6487359.59 ] ] ], [ [ [ 457556.16, 6487363.6 ], [ 457669.13, 6487181.99 ], [ 457666.09, 6487107.66 ], [ 457692.24, 6487084.53 ], [ 457749.88, 6486969.18 ], [ 457665.5, 6487095.57 ], [ 457480.75, 6487155.65 ], [ 457450.71, 6487327.39 ], [ 457556.16, 6487363.6 ] ] ], [ [ [ 454367.36, 6487510.19 ], [ 454350.94, 6487487.34 ], [ 454349.91, 6487545.93 ], [ 454367.36, 6487510.19 ] ] ], [ [ [ 454327.63, 6487629.14 ], [ 454327.31, 6487620.88 ], [ 454323.72, 6487623.85 ], [ 454327.63, 6487629.14 ] ] ], [ [ [ 463295.38, 6487632.05 ], [ 463271.78, 6487633.43 ], [ 463282.37, 6487645.79 ], [ 463295.38, 6487632.05 ] ] ], [ [ [ 463481.09, 6487761.02 ], [ 463555.83, 6487773.8 ], [ 463561.75, 6487691.28 ], [ 463514.61, 6487675.93 ], [ 463535.48, 6487725.91 ], [ 463481.09, 6487761.02 ] ] ], [ [ [ 463370.76, 6487783.67 ], [ 463344.34, 6487784.41 ], [ 463366.75, 6487799.2 ], [ 463370.76, 6487783.67 ] ] ], [ [ [ 463520.8, 6487831.47 ], [ 463538.82, 6487825.48 ], [ 463512.67, 6487821.48 ], [ 463520.8, 6487831.47 ] ] ], [ [ [ 449690.24, 6487840.32 ], [ 449736.53, 6487813.01 ], [ 449636.78, 6487721.91 ], [ 449617.91, 6487751.08 ], [ 449690.24, 6487840.32 ] ] ], [ [ [ 462660.07, 6487979.64 ], [ 462639.75, 6487962.07 ], [ 462623.23, 6487977.06 ], [ 462660.07, 6487979.64 ] ] ], [ [ [ 400039.77, 6487984.85 ], [ 400088.94, 6487982.73 ], [ 400111.78, 6487963.06 ], [ 400039.77, 6487984.85 ] ] ], [ [ [ 449706.15, 6488062.09 ], [ 449720.62, 6487990.89 ], [ 449603.43, 6487927.39 ], [ 449615.8, 6488037.56 ], [ 449706.15, 6488062.09 ] ] ], [ [ [ 400762.31, 6488069.81 ], [ 400793.2, 6488063.67 ], [ 400754.39, 6488064.76 ], [ 400762.31, 6488069.81 ] ] ], [ [ [ 462778.78, 6488118.82 ], [ 462774.93, 6488103.5 ], [ 462767.12, 6488125.36 ], [ 462778.78, 6488118.82 ] ] ], [ [ [ 401591.13, 6488207.77 ], [ 401557.61, 6488189.14 ], [ 401556.99, 6488202.19 ], [ 401591.13, 6488207.77 ] ] ], [ [ [ 401495.76, 6488214.87 ], [ 401503.85, 6488186.89 ], [ 401471.6, 6488194.19 ], [ 401495.76, 6488214.87 ] ] ], [ [ [ 463756.73, 6488206.87 ], [ 463792.51, 6488219.7 ], [ 463800.35, 6488210.57 ], [ 463756.73, 6488206.87 ] ] ], [ [ [ 401512.99, 6488329.44 ], [ 401532.18, 6488343.1 ], [ 401535.62, 6488335.05 ], [ 401512.99, 6488329.44 ] ] ], [ [ [ 401314.7, 6488345.26 ], [ 401282.2, 6488326.74 ], [ 401267.83, 6488394.96 ], [ 401289.3, 6488358.46 ], [ 401314.7, 6488345.26 ] ] ], [ [ [ 459737.66, 6488381.85 ], [ 459726.66, 6488381.71 ], [ 459740.5, 6488396.75 ], [ 459737.66, 6488381.85 ] ] ], [ [ [ 401194.51, 6488432.21 ], [ 401212.11, 6488410.28 ], [ 401176.13, 6488406.78 ], [ 401194.51, 6488432.21 ] ] ], [ [ [ 400621.51, 6488427.65 ], [ 400603.24, 6488418.78 ], [ 400610.78, 6488435.62 ], [ 400621.51, 6488427.65 ] ] ], [ [ [ 401243.83, 6488440.28 ], [ 401231.66, 6488416.93 ], [ 401220.52, 6488424.76 ], [ 401243.83, 6488440.28 ] ] ], [ [ [ 399644.04, 6488449.23 ], [ 399674.88, 6488376.9 ], [ 399774.35, 6488343.78 ], [ 399860.49, 6488201.65 ], [ 399890.35, 6488212.12 ], [ 399910.2, 6488068.41 ], [ 400025.89, 6487984.31 ], [ 399947.92, 6487959.12 ], [ 399974.15, 6487716.78 ], [ 399841.61, 6487734.44 ], [ 399701.67, 6487830.08 ], [ 399562.48, 6488014.53 ], [ 399562.97, 6488253.75 ], [ 399633.02, 6488370.86 ], [ 399605.16, 6488440.01 ], [ 399644.04, 6488449.23 ] ] ], [ [ [ 401258.97, 6488446.1 ], [ 401280.98, 6488439.35 ], [ 401276.62, 6488419.6 ], [ 401258.97, 6488446.1 ] ] ], [ [ [ 401491.84, 6488470.54 ], [ 401515.9, 6488449.27 ], [ 401498.41, 6488448.77 ], [ 401491.84, 6488470.54 ] ] ], [ [ [ 400583.37, 6488516.61 ], [ 400567.17, 6488503.22 ], [ 400560.84, 6488540.76 ], [ 400583.37, 6488516.61 ] ] ], [ [ [ 461105.8, 6488611.7 ], [ 461097.33, 6488593.26 ], [ 461079.18, 6488605.81 ], [ 461105.8, 6488611.7 ] ] ], [ [ [ 461087.67, 6488701.52 ], [ 461111.58, 6488688.8 ], [ 461117.59, 6488670.72 ], [ 461087.67, 6488701.52 ] ] ], [ [ [ 466389.04, 6488703.26 ], [ 466373.28, 6488699.94 ], [ 466382.52, 6488726.77 ], [ 466389.04, 6488703.26 ] ] ], [ [ [ 401334.01, 6488724.41 ], [ 401330.3, 6488686.78 ], [ 401269.41, 6488737.22 ], [ 401288.15, 6488741.15 ], [ 401334.01, 6488724.41 ] ] ], [ [ [ 466749.09, 6488826.37 ], [ 466732.5, 6488822.21 ], [ 466737.78, 6488842.64 ], [ 466749.09, 6488826.37 ] ] ], [ [ [ 378062.0, 6488853.53 ], [ 378078.11, 6488850.27 ], [ 378073.59, 6488821.2 ], [ 378062.0, 6488853.53 ] ] ], [ [ [ 456266.54, 6488852.47 ], [ 456250.37, 6488846.08 ], [ 456261.49, 6488858.67 ], [ 456266.54, 6488852.47 ] ] ], [ [ [ 449952.04, 6488772.08 ], [ 449846.37, 6488759.37 ], [ 449877.42, 6488870.24 ], [ 449944.93, 6488839.83 ], [ 449952.04, 6488772.08 ] ] ], [ [ [ 459136.46, 6488870.38 ], [ 459145.44, 6488838.83 ], [ 459128.79, 6488848.17 ], [ 459136.46, 6488870.38 ] ] ], [ [ [ 466680.41, 6488881.56 ], [ 466723.05, 6488868.52 ], [ 466721.59, 6488856.75 ], [ 466680.41, 6488881.56 ] ] ], [ [ [ 456593.91, 6488849.36 ], [ 456631.5, 6488841.52 ], [ 456661.6, 6488929.83 ], [ 456812.41, 6488862.09 ], [ 456922.45, 6488954.08 ], [ 457176.56, 6488904.29 ], [ 457252.46, 6488798.96 ], [ 457342.37, 6488868.14 ], [ 457395.43, 6488811.24 ], [ 457383.4, 6488415.08 ], [ 457565.4, 6488395.46 ], [ 457690.48, 6488221.27 ], [ 457654.13, 6488160.48 ], [ 457655.55, 6487945.96 ], [ 457700.2, 6487896.57 ], [ 457625.37, 6487822.09 ], [ 457503.85, 6487862.02 ], [ 457402.07, 6487826.98 ], [ 457271.16, 6487651.74 ], [ 457244.87, 6487575.5 ], [ 457310.96, 6487387.71 ], [ 457267.59, 6487401.17 ], [ 457288.82, 6487327.59 ], [ 457215.16, 6487147.25 ], [ 457144.04, 6487097.98 ], [ 457007.51, 6487206.19 ], [ 456996.12, 6487255.59 ], [ 456934.22, 6487255.34 ], [ 456960.61, 6487155.14 ], [ 456928.21, 6486994.91 ], [ 456894.36, 6486996.46 ], [ 456849.49, 6486858.48 ], [ 456858.28, 6486776.08 ], [ 456804.42, 6486771.8 ], [ 456812.56, 6486824.41 ], [ 456741.25, 6486866.17 ], [ 456567.2, 6486824.8 ], [ 456521.96, 6487078.53 ], [ 456393.92, 6487145.8 ], [ 456412.76, 6487215.18 ], [ 456265.34, 6487517.05 ], [ 456331.09, 6488002.36 ], [ 456317.44, 6488074.82 ], [ 456240.17, 6488140.15 ], [ 456229.98, 6488287.7 ], [ 456348.88, 6488440.53 ], [ 456438.18, 6488394.57 ], [ 456525.15, 6488413.82 ], [ 456612.14, 6488358.05 ], [ 456621.22, 6488435.66 ], [ 456745.83, 6488481.52 ], [ 456695.19, 6488539.79 ], [ 456629.9, 6488496.33 ], [ 456620.83, 6488578.07 ], [ 456576.23, 6488566.18 ], [ 456622.93, 6488618.74 ], [ 456554.7, 6488721.05 ], [ 456509.23, 6488728.22 ], [ 456461.65, 6488882.59 ], [ 456511.81, 6489025.89 ], [ 456593.91, 6488849.36 ] ] ], [ [ [ 458467.54, 6489027.3 ], [ 458452.94, 6489015.88 ], [ 458459.32, 6489034.07 ], [ 458467.54, 6489027.3 ] ] ], [ [ [ 458442.43, 6489015.56 ], [ 458403.41, 6489007.54 ], [ 458391.19, 6489015.78 ], [ 458434.37, 6489053.35 ], [ 458442.43, 6489015.56 ] ] ], [ [ [ 458097.54, 6489101.18 ], [ 458201.09, 6489090.24 ], [ 458193.53, 6488941.51 ], [ 458089.4, 6488987.04 ], [ 458097.54, 6489101.18 ] ] ], [ [ [ 401021.85, 6489148.73 ], [ 400995.59, 6489137.95 ], [ 400997.95, 6489160.43 ], [ 401021.85, 6489148.73 ] ] ], [ [ [ 457859.28, 6489182.33 ], [ 457962.03, 6489105.65 ], [ 457883.35, 6489031.71 ], [ 457810.71, 6489064.74 ], [ 457790.67, 6489124.75 ], [ 457859.28, 6489182.33 ] ] ], [ [ [ 465165.25, 6489179.52 ], [ 465154.48, 6489189.36 ], [ 465165.51, 6489188.5 ], [ 465165.25, 6489179.52 ] ] ], [ [ [ 460404.18, 6489210.86 ], [ 460390.86, 6489216.08 ], [ 460403.6, 6489240.46 ], [ 460404.18, 6489210.86 ] ] ], [ [ [ 453259.58, 6489246.83 ], [ 453217.67, 6489195.12 ], [ 453282.23, 6489289.33 ], [ 453259.58, 6489246.83 ] ] ], [ [ [ 400694.43, 6489324.21 ], [ 400692.69, 6489314.68 ], [ 400683.06, 6489317.7 ], [ 400694.43, 6489324.21 ] ] ], [ [ [ 457042.02, 6489312.11 ], [ 457124.02, 6489203.45 ], [ 457212.49, 6489166.65 ], [ 457269.05, 6489207.28 ], [ 457278.62, 6489171.49 ], [ 457224.54, 6489124.71 ], [ 457128.58, 6489142.23 ], [ 457067.09, 6489069.28 ], [ 456967.99, 6489101.88 ], [ 456953.58, 6489326.38 ], [ 457042.02, 6489312.11 ] ] ], [ [ [ 400689.83, 6489344.16 ], [ 400669.51, 6489345.9 ], [ 400669.94, 6489349.14 ], [ 400689.83, 6489344.16 ] ] ], [ [ [ 450018.92, 6489385.31 ], [ 450002.56, 6489307.05 ], [ 449861.27, 6489258.43 ], [ 449800.38, 6489282.35 ], [ 449824.67, 6489359.94 ], [ 450018.92, 6489385.31 ] ] ], [ [ [ 400667.5, 6489403.13 ], [ 400651.96, 6489391.95 ], [ 400647.91, 6489398.44 ], [ 400667.5, 6489403.13 ] ] ], [ [ [ 400544.71, 6489429.81 ], [ 400577.62, 6489416.8 ], [ 400556.62, 6489402.34 ], [ 400544.71, 6489429.81 ] ] ], [ [ [ 459455.56, 6489517.84 ], [ 459458.26, 6489493.54 ], [ 459441.09, 6489512.32 ], [ 459455.56, 6489517.84 ] ] ], [ [ [ 449364.94, 6489530.69 ], [ 449323.25, 6489517.07 ], [ 449361.12, 6489548.74 ], [ 449364.94, 6489530.69 ] ] ], [ [ [ 458206.11, 6489592.11 ], [ 458181.64, 6489597.88 ], [ 458203.18, 6489608.51 ], [ 458206.11, 6489592.11 ] ] ], [ [ [ 401091.06, 6489609.42 ], [ 401069.59, 6489598.8 ], [ 401064.3, 6489613.58 ], [ 401091.06, 6489609.42 ] ] ], [ [ [ 459280.79, 6489656.06 ], [ 459264.25, 6489643.09 ], [ 459260.06, 6489655.9 ], [ 459280.79, 6489656.06 ] ] ], [ [ [ 459174.76, 6489788.61 ], [ 459160.18, 6489789.95 ], [ 459161.64, 6489797.04 ], [ 459174.76, 6489788.61 ] ] ], [ [ [ 456640.82, 6489838.38 ], [ 456632.97, 6489833.65 ], [ 456634.72, 6489839.47 ], [ 456640.82, 6489838.38 ] ] ], [ [ [ 457631.74, 6489903.45 ], [ 457615.29, 6489895.68 ], [ 457624.49, 6489919.34 ], [ 457631.74, 6489903.45 ] ] ], [ [ [ 457707.65, 6489938.26 ], [ 457739.57, 6489813.41 ], [ 457683.84, 6489710.97 ], [ 457709.29, 6489563.84 ], [ 457648.68, 6489588.13 ], [ 457630.03, 6489688.6 ], [ 457675.47, 6489819.56 ], [ 457631.86, 6489869.85 ], [ 457664.03, 6489879.76 ], [ 457659.34, 6489929.41 ], [ 457707.65, 6489938.26 ] ] ], [ [ [ 457816.2, 6489971.77 ], [ 457829.1, 6489958.64 ], [ 457810.06, 6489964.04 ], [ 457816.2, 6489971.77 ] ] ], [ [ [ 466622.41, 6489879.89 ], [ 466585.98, 6489908.75 ], [ 466601.75, 6490006.77 ], [ 466647.28, 6489933.06 ], [ 466622.41, 6489879.89 ] ] ], [ [ [ 467209.49, 6489990.92 ], [ 467156.83, 6489969.68 ], [ 467134.19, 6489899.82 ], [ 467235.77, 6489640.31 ], [ 467368.33, 6489669.93 ], [ 467435.82, 6489746.33 ], [ 467418.11, 6489677.55 ], [ 467489.13, 6489634.82 ], [ 467490.68, 6489703.43 ], [ 467601.15, 6489777.31 ], [ 467567.86, 6489749.49 ], [ 467589.12, 6489700.89 ], [ 467700.97, 6489683.94 ], [ 467625.89, 6489543.88 ], [ 467696.29, 6489452.49 ], [ 467552.02, 6489308.08 ], [ 467426.61, 6489261.13 ], [ 467437.88, 6489230.49 ], [ 467282.44, 6489241.59 ], [ 467196.97, 6489298.93 ], [ 466977.11, 6489019.65 ], [ 467012.91, 6488839.75 ], [ 466862.74, 6488729.84 ], [ 466786.73, 6488752.54 ], [ 466771.66, 6488870.51 ], [ 466624.94, 6488976.2 ], [ 466563.83, 6488863.53 ], [ 466501.35, 6488897.33 ], [ 466312.95, 6488849.88 ], [ 466344.29, 6488977.18 ], [ 466327.09, 6489016.25 ], [ 466301.53, 6488926.46 ], [ 466273.01, 6488940.93 ], [ 466273.33, 6489059.35 ], [ 466349.6, 6489151.64 ], [ 466361.25, 6489338.9 ], [ 466409.37, 6489355.14 ], [ 466473.44, 6489312.65 ], [ 466451.99, 6489352.51 ], [ 466539.69, 6489373.65 ], [ 466467.71, 6489419.24 ], [ 466521.29, 6489438.35 ], [ 466556.71, 6489586.55 ], [ 466607.8, 6489637.1 ], [ 466556.87, 6489788.51 ], [ 466668.09, 6489723.32 ], [ 466688.74, 6489767.78 ], [ 466773.59, 6489733.24 ], [ 466866.95, 6489792.46 ], [ 466889.71, 6489896.38 ], [ 466961.55, 6489963.66 ], [ 467016.15, 6489989.21 ], [ 467085.28, 6489935.11 ], [ 467156.03, 6489996.38 ], [ 467209.49, 6489990.92 ] ] ], [ [ [ 401141.64, 6490004.69 ], [ 401084.16, 6489976.45 ], [ 401087.42, 6490025.27 ], [ 401141.64, 6490004.69 ] ] ], [ [ [ 457281.38, 6490155.95 ], [ 457260.56, 6490141.73 ], [ 457255.54, 6490166.15 ], [ 457281.38, 6490155.95 ] ] ], [ [ [ 460638.82, 6490208.96 ], [ 460602.42, 6490222.38 ], [ 460619.29, 6490310.65 ], [ 460645.91, 6490257.1 ], [ 460638.82, 6490208.96 ] ] ], [ [ [ 450458.01, 6490560.57 ], [ 450385.77, 6490580.36 ], [ 450355.26, 6490640.79 ], [ 450409.66, 6490733.08 ], [ 450488.54, 6490732.98 ], [ 450536.98, 6490675.58 ], [ 450458.01, 6490560.57 ] ] ], [ [ [ 451813.39, 6490997.9 ], [ 451785.02, 6490995.45 ], [ 451807.75, 6491007.7 ], [ 451813.39, 6490997.9 ] ] ], [ [ [ 448359.43, 6491406.13 ], [ 448351.51, 6491389.83 ], [ 448359.06, 6491416.87 ], [ 448359.43, 6491406.13 ] ] ], [ [ [ 448143.64, 6491414.59 ], [ 448104.68, 6491396.21 ], [ 448124.75, 6491426.11 ], [ 448143.64, 6491414.59 ] ] ], [ [ [ 447392.4, 6491442.26 ], [ 447371.94, 6491430.99 ], [ 447362.08, 6491436.62 ], [ 447392.4, 6491442.26 ] ] ], [ [ [ 449037.38, 6491593.89 ], [ 449015.54, 6491576.1 ], [ 449024.53, 6491589.29 ], [ 449037.38, 6491593.89 ] ] ], [ [ [ 448291.19, 6491651.11 ], [ 448257.54, 6491658.32 ], [ 448270.87, 6491667.74 ], [ 448291.19, 6491651.11 ] ] ], [ [ [ 448236.19, 6491669.49 ], [ 448224.45, 6491661.17 ], [ 448224.46, 6491672.46 ], [ 448236.19, 6491669.49 ] ] ], [ [ [ 448156.8, 6491672.77 ], [ 448128.37, 6491660.03 ], [ 448135.45, 6491673.95 ], [ 448156.8, 6491672.77 ] ] ], [ [ [ 448011.01, 6491741.04 ], [ 448002.58, 6491736.77 ], [ 447999.56, 6491745.01 ], [ 448011.01, 6491741.04 ] ] ], [ [ [ 446095.72, 6491888.41 ], [ 446043.04, 6491882.22 ], [ 446054.78, 6491916.7 ], [ 446095.72, 6491888.41 ] ] ], [ [ [ 446081.61, 6491980.07 ], [ 446063.99, 6491983.52 ], [ 446084.07, 6491984.99 ], [ 446081.61, 6491980.07 ] ] ], [ [ [ 446436.1, 6492159.1 ], [ 446395.67, 6492078.29 ], [ 446357.31, 6492092.69 ], [ 446368.24, 6492134.21 ], [ 446436.1, 6492159.1 ] ] ], [ [ [ 445584.84, 6492236.02 ], [ 445551.39, 6492227.59 ], [ 445583.07, 6492251.25 ], [ 445584.84, 6492236.02 ] ] ], [ [ [ 445621.24, 6492443.78 ], [ 445637.51, 6492523.48 ], [ 445695.98, 6492562.13 ], [ 445671.74, 6492484.72 ], [ 445621.24, 6492443.78 ] ] ], [ [ [ 450210.0, 6492576.51 ], [ 450282.1, 6492520.5 ], [ 450257.42, 6492473.52 ], [ 450210.0, 6492576.51 ] ] ], [ [ [ 450225.84, 6492622.4 ], [ 450217.55, 6492611.76 ], [ 450223.51, 6492624.46 ], [ 450225.84, 6492622.4 ] ] ], [ [ [ 450275.44, 6492664.54 ], [ 450260.06, 6492656.17 ], [ 450260.3, 6492663.7 ], [ 450275.44, 6492664.54 ] ] ], [ [ [ 445549.39, 6492745.44 ], [ 445572.92, 6492720.53 ], [ 445540.58, 6492714.18 ], [ 445549.39, 6492745.44 ] ] ], [ [ [ 450506.07, 6492818.37 ], [ 450489.31, 6492816.58 ], [ 450489.4, 6492830.03 ], [ 450506.07, 6492818.37 ] ] ], [ [ [ 464717.34, 6492865.79 ], [ 464709.36, 6492857.32 ], [ 464707.06, 6492861.85 ], [ 464717.34, 6492865.79 ] ] ], [ [ [ 450456.33, 6492867.97 ], [ 450461.96, 6492894.81 ], [ 450474.24, 6492903.13 ], [ 450475.35, 6492890.95 ], [ 450456.33, 6492867.97 ] ] ], [ [ [ 449332.07, 6493008.58 ], [ 449298.02, 6493014.67 ], [ 449316.9, 6493029.97 ], [ 449332.07, 6493008.58 ] ] ], [ [ [ 449783.57, 6493087.06 ], [ 449766.61, 6493089.02 ], [ 449782.6, 6493095.6 ], [ 449783.57, 6493087.06 ] ] ], [ [ [ 449028.68, 6493098.28 ], [ 449010.04, 6493090.99 ], [ 449005.32, 6493110.99 ], [ 449028.68, 6493098.28 ] ] ], [ [ [ 450477.5, 6493162.39 ], [ 450472.25, 6493142.31 ], [ 450449.62, 6493146.29 ], [ 450477.5, 6493162.39 ] ] ], [ [ [ 448906.45, 6493151.06 ], [ 448886.89, 6493155.09 ], [ 448902.83, 6493165.93 ], [ 448906.45, 6493151.06 ] ] ], [ [ [ 444892.06, 6493167.39 ], [ 444874.61, 6493163.7 ], [ 444871.6, 6493175.79 ], [ 444892.06, 6493167.39 ] ] ], [ [ [ 449931.72, 6493185.58 ], [ 449891.46, 6493197.46 ], [ 449882.18, 6493215.22 ], [ 449923.48, 6493226.26 ], [ 449931.72, 6493185.58 ] ] ], [ [ [ 444544.02, 6493348.02 ], [ 444528.38, 6493344.35 ], [ 444528.57, 6493347.14 ], [ 444544.02, 6493348.02 ] ] ], [ [ [ 443742.7, 6493508.08 ], [ 443738.61, 6493495.15 ], [ 443731.6, 6493506.77 ], [ 443742.7, 6493508.08 ] ] ], [ [ [ 443915.44, 6493504.81 ], [ 443959.74, 6493473.92 ], [ 443907.73, 6493447.16 ], [ 443915.44, 6493504.81 ] ] ], [ [ [ 448636.94, 6493476.82 ], [ 448622.52, 6493475.84 ], [ 448640.89, 6493518.52 ], [ 448636.94, 6493476.82 ] ] ], [ [ [ 450076.9, 6493522.05 ], [ 450263.48, 6493351.54 ], [ 450215.11, 6493278.03 ], [ 450233.12, 6493240.34 ], [ 450374.91, 6493141.2 ], [ 450253.49, 6493105.46 ], [ 450148.27, 6493175.42 ], [ 450088.77, 6493268.71 ], [ 450107.51, 6493332.75 ], [ 450075.29, 6493393.59 ], [ 450109.95, 6493442.46 ], [ 450058.93, 6493472.8 ], [ 450076.9, 6493522.05 ] ] ], [ [ [ 443991.96, 6493513.61 ], [ 443963.54, 6493505.34 ], [ 443962.03, 6493536.99 ], [ 443991.96, 6493513.61 ] ] ], [ [ [ 421162.77, 6494042.06 ], [ 421165.19, 6494028.5 ], [ 421155.78, 6494034.07 ], [ 421162.77, 6494042.06 ] ] ], [ [ [ 423213.9, 6494714.71 ], [ 423197.69, 6494694.88 ], [ 423189.7, 6494699.52 ], [ 423213.9, 6494714.71 ] ] ], [ [ [ 425396.23, 6494737.55 ], [ 425358.61, 6494717.2 ], [ 425341.78, 6494726.99 ], [ 425396.23, 6494737.55 ] ] ], [ [ [ 423394.2, 6494918.44 ], [ 423390.24, 6494903.04 ], [ 423379.38, 6494913.23 ], [ 423394.2, 6494918.44 ] ] ], [ [ [ 442021.44, 6495724.93 ], [ 442008.78, 6495729.1 ], [ 442021.51, 6495729.0 ], [ 442021.44, 6495724.93 ] ] ], [ [ [ 441450.53, 6496017.72 ], [ 441438.04, 6496019.45 ], [ 441446.78, 6496025.78 ], [ 441450.53, 6496017.72 ] ] ], [ [ [ 441156.43, 6496145.25 ], [ 441144.39, 6496143.3 ], [ 441144.22, 6496153.11 ], [ 441156.43, 6496145.25 ] ] ], [ [ [ 440190.04, 6496884.09 ], [ 440178.15, 6496881.28 ], [ 440184.87, 6496889.8 ], [ 440190.04, 6496884.09 ] ] ], [ [ [ 462151.02, 6497125.69 ], [ 462157.06, 6497089.3 ], [ 462105.46, 6497077.5 ], [ 462106.62, 6497111.78 ], [ 462151.02, 6497125.69 ] ] ], [ [ [ 445670.64, 6497957.49 ], [ 445910.09, 6497840.97 ], [ 445971.89, 6497665.87 ], [ 445795.22, 6497718.63 ], [ 445859.22, 6497650.78 ], [ 445977.31, 6497582.37 ], [ 446003.53, 6497642.17 ], [ 446069.86, 6497645.27 ], [ 445991.11, 6497503.3 ], [ 445747.55, 6497439.23 ], [ 445484.68, 6497597.68 ], [ 445432.84, 6497766.94 ], [ 445670.64, 6497957.49 ] ] ], [ [ [ 432981.32, 6497953.8 ], [ 432955.65, 6497942.43 ], [ 432970.74, 6497977.08 ], [ 432981.32, 6497953.8 ] ] ], [ [ [ 433009.6, 6498030.85 ], [ 433001.21, 6498020.91 ], [ 433002.27, 6498029.44 ], [ 433009.6, 6498030.85 ] ] ], [ [ [ 432979.79, 6498040.99 ], [ 432968.49, 6498017.61 ], [ 432957.24, 6498022.58 ], [ 432979.79, 6498040.99 ] ] ], [ [ [ 433005.79, 6498113.89 ], [ 432994.05, 6498106.27 ], [ 432998.28, 6498117.49 ], [ 433005.79, 6498113.89 ] ] ], [ [ [ 433061.76, 6498141.4 ], [ 433050.57, 6498136.88 ], [ 433056.04, 6498143.95 ], [ 433061.76, 6498141.4 ] ] ], [ [ [ 433487.9, 6498363.07 ], [ 433467.79, 6498351.86 ], [ 433481.23, 6498368.48 ], [ 433487.9, 6498363.07 ] ] ], [ [ [ 433262.58, 6498359.85 ], [ 433241.35, 6498356.33 ], [ 433255.89, 6498372.09 ], [ 433262.58, 6498359.85 ] ] ], [ [ [ 433807.5, 6498405.05 ], [ 433800.59, 6498393.68 ], [ 433797.46, 6498400.07 ], [ 433807.5, 6498405.05 ] ] ], [ [ [ 433605.67, 6498392.09 ], [ 433639.24, 6498409.7 ], [ 433649.74, 6498404.21 ], [ 433605.67, 6498392.09 ] ] ], [ [ [ 433197.11, 6498427.5 ], [ 433218.61, 6498422.94 ], [ 433219.78, 6498417.36 ], [ 433207.75, 6498412.7 ], [ 433197.11, 6498427.5 ] ] ], [ [ [ 429654.97, 6498715.99 ], [ 429640.29, 6498694.23 ], [ 429651.86, 6498716.59 ], [ 429654.97, 6498715.99 ] ] ], [ [ [ 429637.49, 6498787.76 ], [ 429632.01, 6498770.42 ], [ 429622.48, 6498789.86 ], [ 429637.49, 6498787.76 ] ] ], [ [ [ 444910.07, 6498887.02 ], [ 444995.54, 6498847.55 ], [ 445009.28, 6498791.44 ], [ 445053.51, 6498805.26 ], [ 445178.7, 6498715.62 ], [ 445265.03, 6498534.31 ], [ 445370.19, 6498460.92 ], [ 445318.5, 6498325.58 ], [ 445451.01, 6498400.49 ], [ 445501.17, 6498376.5 ], [ 445506.77, 6498203.2 ], [ 445408.5, 6498114.24 ], [ 445162.07, 6498098.76 ], [ 445082.83, 6498191.02 ], [ 444885.84, 6498239.9 ], [ 444824.13, 6498333.52 ], [ 444731.42, 6498350.86 ], [ 444654.25, 6498417.95 ], [ 444652.13, 6498606.15 ], [ 444809.72, 6498841.96 ], [ 444910.07, 6498887.02 ] ] ], [ [ [ 430696.23, 6498939.84 ], [ 430681.86, 6498923.78 ], [ 430674.99, 6498925.58 ], [ 430696.23, 6498939.84 ] ] ], [ [ [ 444542.76, 6499109.77 ], [ 444597.86, 6499034.68 ], [ 444586.45, 6498894.79 ], [ 444438.48, 6498676.73 ], [ 444316.54, 6498656.46 ], [ 444303.7, 6498736.05 ], [ 444421.27, 6499011.33 ], [ 444542.76, 6499109.77 ] ] ], [ [ [ 444017.4, 6499610.38 ], [ 443993.06, 6499611.65 ], [ 444009.25, 6499620.43 ], [ 444017.4, 6499610.38 ] ] ], [ [ [ 444010.74, 6499639.27 ], [ 444015.61, 6499626.57 ], [ 444006.93, 6499630.8 ], [ 444010.74, 6499639.27 ] ] ], [ [ [ 443949.79, 6499711.41 ], [ 443938.75, 6499698.95 ], [ 443940.57, 6499711.36 ], [ 443949.79, 6499711.41 ] ] ], [ [ [ 466283.7, 6500180.74 ], [ 466327.6, 6500170.5 ], [ 466241.66, 6500171.76 ], [ 466283.7, 6500180.74 ] ] ], [ [ [ 466347.97, 6500166.43 ], [ 466452.07, 6500173.93 ], [ 466564.15, 6500108.04 ], [ 466563.76, 6500171.7 ], [ 466651.65, 6500144.92 ], [ 466902.48, 6499988.9 ], [ 467060.64, 6499991.57 ], [ 467251.7, 6500075.15 ], [ 467336.0, 6500071.55 ], [ 467296.2, 6500003.65 ], [ 467457.86, 6499728.88 ], [ 467525.59, 6499409.66 ], [ 467735.58, 6499260.11 ], [ 467673.96, 6499274.27 ], [ 467660.98, 6499244.65 ], [ 467745.84, 6499238.0 ], [ 467672.78, 6499206.78 ], [ 467588.5, 6498856.08 ], [ 467564.65, 6498902.14 ], [ 467074.61, 6498490.86 ], [ 467038.42, 6498478.16 ], [ 466873.3, 6498644.07 ], [ 466744.84, 6498692.18 ], [ 466505.9, 6499031.24 ], [ 466068.55, 6499216.21 ], [ 465992.03, 6499285.05 ], [ 465975.33, 6499430.3 ], [ 466054.31, 6499723.06 ], [ 466197.63, 6499851.05 ], [ 466358.6, 6499900.43 ], [ 466554.09, 6500078.61 ], [ 466475.19, 6500149.7 ], [ 466347.97, 6500166.43 ] ] ], [ [ [ 413434.15, 6500180.15 ], [ 413574.94, 6500152.69 ], [ 413821.35, 6500048.02 ], [ 413449.19, 6500159.75 ], [ 413372.07, 6500143.45 ], [ 413434.15, 6500180.15 ] ] ], [ [ [ 417026.74, 6500514.69 ], [ 417006.36, 6500513.77 ], [ 417001.85, 6500530.9 ], [ 417026.74, 6500514.69 ] ] ], [ [ [ 416763.16, 6500656.55 ], [ 416751.45, 6500653.43 ], [ 416764.37, 6500668.59 ], [ 416763.16, 6500656.55 ] ] ], [ [ [ 416696.33, 6500680.2 ], [ 416683.46, 6500686.42 ], [ 416691.81, 6500696.61 ], [ 416696.33, 6500680.2 ] ] ], [ [ [ 415887.21, 6500705.76 ], [ 415917.68, 6500701.23 ], [ 415918.08, 6500683.79 ], [ 415887.21, 6500705.76 ] ] ], [ [ [ 443816.36, 6501010.25 ], [ 443791.77, 6501072.68 ], [ 443821.01, 6501091.44 ], [ 443828.2, 6501072.55 ], [ 443816.36, 6501010.25 ] ] ], [ [ [ 443212.37, 6501035.01 ], [ 443426.36, 6501042.27 ], [ 443474.86, 6501003.75 ], [ 443488.24, 6500845.98 ], [ 443558.75, 6500813.62 ], [ 443650.28, 6500818.55 ], [ 443711.79, 6500902.66 ], [ 443776.73, 6500935.66 ], [ 443821.44, 6500914.48 ], [ 443827.8, 6500947.65 ], [ 443821.94, 6500816.22 ], [ 443757.68, 6500621.44 ], [ 443804.61, 6500137.96 ], [ 443861.1, 6499964.67 ], [ 443941.07, 6499898.98 ], [ 443977.28, 6499911.02 ], [ 444060.38, 6499767.13 ], [ 444038.31, 6499705.62 ], [ 443930.47, 6499795.29 ], [ 443919.6, 6499691.29 ], [ 443957.23, 6499572.15 ], [ 444055.22, 6499557.39 ], [ 444033.98, 6499503.38 ], [ 444074.87, 6499426.15 ], [ 444375.76, 6499205.64 ], [ 444392.15, 6499090.33 ], [ 444296.55, 6498890.07 ], [ 444161.21, 6498856.22 ], [ 444034.57, 6498928.01 ], [ 443847.76, 6498919.68 ], [ 443738.79, 6498967.01 ], [ 443442.03, 6498943.3 ], [ 443253.89, 6498884.87 ], [ 443206.71, 6498959.94 ], [ 443001.16, 6499017.53 ], [ 442916.55, 6499158.97 ], [ 442719.17, 6499176.82 ], [ 442563.23, 6499417.52 ], [ 442448.06, 6499460.08 ], [ 442428.18, 6499548.61 ], [ 442544.63, 6499991.77 ], [ 442881.85, 6500987.43 ], [ 442975.69, 6501015.8 ], [ 443090.54, 6501159.41 ], [ 443212.37, 6501035.01 ] ] ], [ [ [ 415265.87, 6501177.35 ], [ 415250.32, 6501169.75 ], [ 415246.75, 6501173.09 ], [ 415265.87, 6501177.35 ] ] ], [ [ [ 415308.64, 6501205.73 ], [ 415276.67, 6501199.05 ], [ 415268.78, 6501204.42 ], [ 415308.64, 6501205.73 ] ] ], [ [ [ 449744.32, 6501768.67 ], [ 449794.5, 6501773.36 ], [ 449796.28, 6501763.75 ], [ 449744.32, 6501768.67 ] ] ], [ [ [ 415610.31, 6501926.48 ], [ 415710.8, 6501771.31 ], [ 415680.81, 6501633.62 ], [ 415645.77, 6501664.93 ], [ 415687.36, 6501754.3 ], [ 415668.33, 6501807.32 ], [ 415430.61, 6501858.62 ], [ 415317.93, 6501836.27 ], [ 415316.27, 6501727.45 ], [ 415364.37, 6501742.13 ], [ 415352.97, 6501708.82 ], [ 415290.46, 6501689.59 ], [ 415215.09, 6501726.23 ], [ 415197.18, 6501821.13 ], [ 415266.6, 6501917.64 ], [ 415626.7, 6502004.72 ], [ 415610.31, 6501926.48 ] ] ], [ [ [ 449069.18, 6502096.79 ], [ 449057.89, 6502119.75 ], [ 449071.18, 6502159.82 ], [ 449078.3, 6502144.05 ], [ 449069.18, 6502096.79 ] ] ], [ [ [ 449126.93, 6502297.09 ], [ 449148.95, 6502260.72 ], [ 449094.6, 6502235.37 ], [ 449130.92, 6502266.37 ], [ 449126.93, 6502297.09 ] ] ], [ [ [ 449478.2, 6502359.88 ], [ 449510.33, 6502236.01 ], [ 449343.63, 6502002.62 ], [ 449368.08, 6501963.87 ], [ 449299.77, 6501972.4 ], [ 449251.88, 6502238.52 ], [ 449362.95, 6502262.06 ], [ 449478.2, 6502359.88 ] ] ], [ [ [ 414659.89, 6502829.37 ], [ 414609.16, 6502824.31 ], [ 414664.35, 6502836.22 ], [ 414659.89, 6502829.37 ] ] ], [ [ [ 414152.0, 6503554.21 ], [ 414113.65, 6503555.98 ], [ 414166.44, 6503569.99 ], [ 414152.0, 6503554.21 ] ] ], [ [ [ 453098.77, 6505247.04 ], [ 453141.69, 6505232.95 ], [ 453127.23, 6505188.24 ], [ 453149.7, 6505171.67 ], [ 453207.23, 6505202.89 ], [ 453241.36, 6505172.16 ], [ 453336.88, 6505232.69 ], [ 453270.81, 6505169.56 ], [ 453285.54, 6505115.42 ], [ 453435.07, 6505013.51 ], [ 453572.96, 6505093.01 ], [ 453512.2, 6504987.06 ], [ 453586.52, 6505061.47 ], [ 453633.3, 6505047.82 ], [ 453787.62, 6504818.95 ], [ 453905.49, 6504801.16 ], [ 453985.93, 6504687.37 ], [ 454010.35, 6504703.5 ], [ 454114.96, 6504606.27 ], [ 454189.82, 6504601.41 ], [ 454195.64, 6504651.26 ], [ 454258.13, 6504653.82 ], [ 454274.69, 6504595.94 ], [ 454399.65, 6504559.37 ], [ 454462.16, 6504481.94 ], [ 454528.83, 6504481.02 ], [ 454654.76, 6504388.95 ], [ 454754.88, 6504372.23 ], [ 454833.0, 6504404.4 ], [ 454896.18, 6504337.61 ], [ 454982.84, 6504315.58 ], [ 454983.23, 6504275.89 ], [ 455240.45, 6504267.15 ], [ 455450.32, 6504126.66 ], [ 455584.23, 6504143.41 ], [ 455704.95, 6504081.91 ], [ 455766.63, 6503987.94 ], [ 455843.9, 6503994.4 ], [ 455796.17, 6503946.8 ], [ 455815.81, 6503871.1 ], [ 456105.74, 6503643.77 ], [ 456150.64, 6503659.33 ], [ 456153.52, 6503759.6 ], [ 456198.35, 6503740.8 ], [ 456272.95, 6503599.04 ], [ 456330.74, 6503569.51 ], [ 456345.61, 6503600.89 ], [ 456351.95, 6503566.7 ], [ 456423.16, 6503590.51 ], [ 456577.06, 6503459.13 ], [ 456683.44, 6503481.34 ], [ 456622.99, 6503432.77 ], [ 456668.09, 6503390.5 ], [ 456674.33, 6503443.93 ], [ 456745.63, 6503366.81 ], [ 456744.88, 6503313.92 ], [ 456806.63, 6503335.48 ], [ 457030.0, 6503269.45 ], [ 457056.21, 6503294.12 ], [ 457061.52, 6503219.53 ], [ 457318.25, 6503082.31 ], [ 457626.03, 6503050.9 ], [ 458259.74, 6502687.48 ], [ 458415.52, 6502646.38 ], [ 458424.47, 6502561.61 ], [ 458501.8, 6502474.79 ], [ 458614.08, 6502444.8 ], [ 458600.73, 6502403.81 ], [ 458736.39, 6502266.84 ], [ 458978.48, 6502135.91 ], [ 459052.23, 6501994.35 ], [ 459285.69, 6501943.2 ], [ 459379.31, 6501965.74 ], [ 459414.14, 6502035.92 ], [ 459439.78, 6501975.42 ], [ 459540.94, 6502043.67 ], [ 459568.23, 6501968.7 ], [ 459622.27, 6501943.52 ], [ 459596.27, 6501925.53 ], [ 459638.59, 6501848.84 ], [ 459775.38, 6501803.98 ], [ 459831.8, 6501838.49 ], [ 459908.65, 6501734.72 ], [ 460030.76, 6501690.21 ], [ 460125.18, 6501711.13 ], [ 460229.28, 6501577.74 ], [ 460296.24, 6501599.63 ], [ 460414.77, 6501492.89 ], [ 460532.39, 6501484.54 ], [ 460557.36, 6501380.92 ], [ 460619.37, 6501322.92 ], [ 460830.19, 6501313.09 ], [ 460874.37, 6501340.37 ], [ 460874.46, 6501395.93 ], [ 461346.31, 6501233.05 ], [ 461454.8, 6501235.35 ], [ 461478.04, 6501284.87 ], [ 461500.99, 6501253.14 ], [ 461535.17, 6501292.47 ], [ 461606.88, 6501158.63 ], [ 461717.51, 6501116.83 ], [ 462032.67, 6501099.16 ], [ 462068.33, 6501023.21 ], [ 462135.45, 6500997.28 ], [ 462194.36, 6501040.0 ], [ 462178.99, 6500992.91 ], [ 462236.54, 6500967.21 ], [ 462253.85, 6500841.51 ], [ 462395.11, 6500772.94 ], [ 462440.13, 6500814.86 ], [ 462424.16, 6500621.61 ], [ 462661.23, 6500255.08 ], [ 462753.97, 6500177.88 ], [ 462814.04, 6499989.4 ], [ 462925.37, 6499818.79 ], [ 462987.45, 6499388.15 ], [ 462960.74, 6498893.61 ], [ 462885.44, 6498633.13 ], [ 462698.55, 6498538.52 ], [ 462669.14, 6498461.49 ], [ 462598.63, 6498490.79 ], [ 462442.0, 6498391.35 ], [ 462297.52, 6498163.46 ], [ 462166.63, 6498091.55 ], [ 462147.74, 6498020.19 ], [ 462115.25, 6498049.23 ], [ 462042.91, 6498019.14 ], [ 462009.95, 6497892.2 ], [ 461906.16, 6497856.38 ], [ 461818.83, 6497615.81 ], [ 461868.26, 6497516.91 ], [ 461834.92, 6497366.07 ], [ 461921.12, 6497217.77 ], [ 462019.43, 6497225.79 ], [ 462051.12, 6497181.39 ], [ 462039.48, 6497117.44 ], [ 461952.53, 6497089.37 ], [ 461935.81, 6496907.4 ], [ 462008.83, 6496831.5 ], [ 462050.35, 6496638.21 ], [ 462139.86, 6496635.13 ], [ 462250.15, 6496471.48 ], [ 462313.07, 6496446.29 ], [ 462378.44, 6496564.43 ], [ 462449.27, 6496527.14 ], [ 462426.31, 6496430.33 ], [ 462486.69, 6496266.74 ], [ 462437.57, 6496235.25 ], [ 462523.52, 6496039.27 ], [ 462647.59, 6496001.61 ], [ 462675.24, 6495944.76 ], [ 462662.02, 6495823.61 ], [ 462729.52, 6495793.71 ], [ 462680.02, 6495768.1 ], [ 462642.22, 6495672.26 ], [ 462693.95, 6495554.88 ], [ 462767.71, 6495546.59 ], [ 462725.91, 6495495.11 ], [ 462780.06, 6495499.52 ], [ 462846.83, 6495361.22 ], [ 463019.47, 6495233.37 ], [ 463062.6, 6495067.85 ], [ 463394.41, 6494667.69 ], [ 463458.12, 6494484.38 ], [ 463556.93, 6494461.29 ], [ 463538.23, 6494356.87 ], [ 463614.86, 6494173.35 ], [ 463766.23, 6493988.09 ], [ 463845.69, 6493986.62 ], [ 463822.78, 6493954.45 ], [ 463912.15, 6493742.91 ], [ 463944.49, 6493748.87 ], [ 463937.88, 6493715.61 ], [ 464045.43, 6493619.64 ], [ 464047.15, 6493544.57 ], [ 464204.52, 6493442.44 ], [ 464460.78, 6492966.74 ], [ 464508.56, 6492944.82 ], [ 464485.91, 6492886.97 ], [ 464551.57, 6492865.05 ], [ 464550.83, 6492773.31 ], [ 464715.73, 6492787.46 ], [ 464708.17, 6492846.78 ], [ 464781.27, 6492759.19 ], [ 464892.1, 6492780.99 ], [ 464749.2, 6492733.31 ], [ 464764.13, 6492719.84 ], [ 464688.79, 6492607.75 ], [ 464716.98, 6492700.32 ], [ 464608.16, 6492706.11 ], [ 464590.62, 6492662.57 ], [ 464658.15, 6492625.87 ], [ 464584.97, 6492648.09 ], [ 464579.0, 6492605.01 ], [ 464712.24, 6492442.02 ], [ 464650.71, 6492384.43 ], [ 464683.74, 6492336.54 ], [ 464649.52, 6492093.21 ], [ 464687.65, 6492027.36 ], [ 464652.65, 6492020.72 ], [ 464624.93, 6491698.02 ], [ 464760.61, 6491381.85 ], [ 464738.55, 6491167.14 ], [ 464800.59, 6491072.58 ], [ 464795.96, 6490994.56 ], [ 465037.59, 6490668.36 ], [ 465217.61, 6490606.08 ], [ 465285.88, 6490525.49 ], [ 465232.4, 6490509.95 ], [ 465285.95, 6490495.4 ], [ 465282.29, 6490395.34 ], [ 465412.2, 6490307.43 ], [ 465416.55, 6490139.21 ], [ 465325.48, 6489630.49 ], [ 465278.11, 6489602.34 ], [ 465217.55, 6489409.75 ], [ 465184.71, 6489422.5 ], [ 465116.12, 6489327.49 ], [ 465130.18, 6489170.98 ], [ 465040.0, 6489065.37 ], [ 465007.89, 6488936.28 ], [ 464903.89, 6488966.66 ], [ 464868.1, 6488872.76 ], [ 464795.56, 6488857.4 ], [ 464678.32, 6488739.95 ], [ 464582.74, 6488728.07 ], [ 464526.2, 6488635.14 ], [ 464472.38, 6488675.65 ], [ 464398.13, 6488617.7 ], [ 464283.78, 6488639.55 ], [ 464232.95, 6488558.89 ], [ 464170.27, 6488543.2 ], [ 464113.4, 6488403.51 ], [ 464004.04, 6488425.29 ], [ 463966.43, 6488375.86 ], [ 464012.48, 6488354.09 ], [ 463947.92, 6488327.69 ], [ 463952.67, 6488281.56 ], [ 463895.58, 6488343.69 ], [ 463841.37, 6488249.27 ], [ 463742.43, 6488233.42 ], [ 463645.42, 6488023.97 ], [ 463602.2, 6488017.04 ], [ 463593.86, 6487842.89 ], [ 463562.24, 6487936.56 ], [ 463548.69, 6487895.64 ], [ 463507.76, 6487915.49 ], [ 463543.02, 6487864.28 ], [ 463520.86, 6487840.33 ], [ 463493.44, 6487920.39 ], [ 463445.37, 6487888.97 ], [ 463439.64, 6487972.56 ], [ 463392.48, 6487835.11 ], [ 463342.64, 6487970.27 ], [ 463294.29, 6487865.61 ], [ 463174.83, 6487905.31 ], [ 463146.49, 6487808.9 ], [ 463101.82, 6487785.64 ], [ 463107.69, 6487650.68 ], [ 463047.25, 6487536.23 ], [ 463085.33, 6487452.83 ], [ 463214.78, 6487444.86 ], [ 463247.79, 6487510.21 ], [ 463316.15, 6487483.8 ], [ 463362.38, 6487558.05 ], [ 463414.29, 6487534.53 ], [ 463493.0, 6487562.12 ], [ 463470.87, 6487630.33 ], [ 463502.79, 6487600.25 ], [ 463555.96, 6487637.85 ], [ 463578.34, 6487555.7 ], [ 463520.73, 6487493.85 ], [ 463544.5, 6487453.03 ], [ 463624.63, 6487440.07 ], [ 463586.16, 6487380.44 ], [ 463661.41, 6487269.48 ], [ 463666.51, 6487098.35 ], [ 463809.3, 6487050.25 ], [ 463665.45, 6487023.86 ], [ 463660.96, 6487049.68 ], [ 463628.39, 6486976.86 ], [ 463607.29, 6487008.07 ], [ 463579.83, 6486987.05 ], [ 463634.63, 6486934.42 ], [ 463602.98, 6486861.65 ], [ 463547.6, 6486844.79 ], [ 463543.19, 6486614.79 ], [ 463679.81, 6486611.79 ], [ 463645.17, 6486602.97 ], [ 463629.21, 6486517.89 ], [ 463577.63, 6486537.75 ], [ 463567.12, 6486492.79 ], [ 463708.05, 6486491.9 ], [ 463751.7, 6486606.15 ], [ 463797.79, 6486631.44 ], [ 463772.93, 6486692.52 ], [ 463830.87, 6486689.0 ], [ 463795.88, 6486574.47 ], [ 463977.55, 6486478.02 ], [ 463986.75, 6486426.2 ], [ 464032.35, 6486411.45 ], [ 464013.77, 6486378.5 ], [ 464088.49, 6486337.79 ], [ 464161.03, 6486210.56 ], [ 464168.82, 6486133.33 ], [ 464215.49, 6486113.21 ], [ 464276.84, 6486146.87 ], [ 464260.47, 6486076.62 ], [ 464415.59, 6486018.31 ], [ 464354.8, 6486015.12 ], [ 464486.24, 6485898.33 ], [ 464258.28, 6485694.73 ], [ 464288.83, 6485626.41 ], [ 464248.35, 6485558.91 ], [ 464209.17, 6485711.08 ], [ 464142.25, 6485716.47 ], [ 464093.76, 6485747.85 ], [ 464112.91, 6485767.66 ], [ 464066.36, 6485738.92 ], [ 464007.1, 6485848.76 ], [ 463912.98, 6485798.72 ], [ 463869.46, 6485842.86 ], [ 463777.06, 6485835.67 ], [ 463763.51, 6485774.7 ], [ 463674.4, 6485791.06 ], [ 463569.32, 6485710.06 ], [ 463532.66, 6485722.79 ], [ 463568.25, 6485754.63 ], [ 463460.07, 6485784.08 ], [ 463416.71, 6485700.0 ], [ 463354.76, 6485718.46 ], [ 463282.8, 6485660.34 ], [ 463258.91, 6485694.76 ], [ 463253.3, 6485613.62 ], [ 463173.23, 6485626.56 ], [ 463238.67, 6485532.17 ], [ 463203.9, 6485515.09 ], [ 463122.03, 6485587.35 ], [ 463119.42, 6485538.23 ], [ 463064.94, 6485538.91 ], [ 463137.86, 6485475.74 ], [ 463030.32, 6485485.54 ], [ 463020.63, 6485445.5 ], [ 462863.32, 6485428.72 ], [ 462845.09, 6485467.63 ], [ 462749.98, 6485491.01 ], [ 462753.33, 6485600.43 ], [ 462593.11, 6485728.59 ], [ 462579.56, 6485782.77 ], [ 462553.25, 6485740.04 ], [ 462585.4, 6485712.75 ], [ 462521.37, 6485690.39 ], [ 462499.78, 6485767.14 ], [ 462425.61, 6485768.08 ], [ 462372.77, 6485633.5 ], [ 462338.73, 6485702.06 ], [ 462269.82, 6485604.69 ], [ 462340.38, 6485759.69 ], [ 462320.3, 6485849.87 ], [ 462382.56, 6485860.2 ], [ 462381.48, 6486094.86 ], [ 462342.49, 6486128.78 ], [ 462317.67, 6486028.46 ], [ 462278.23, 6486070.71 ], [ 462258.57, 6486303.23 ], [ 462169.44, 6486264.24 ], [ 462300.14, 6486514.52 ], [ 462362.71, 6486564.26 ], [ 462351.07, 6486608.5 ], [ 462455.56, 6486677.48 ], [ 462454.81, 6486732.43 ], [ 462416.12, 6486687.12 ], [ 462443.76, 6486741.48 ], [ 462625.69, 6486784.36 ], [ 462709.37, 6487008.59 ], [ 462765.75, 6487039.14 ], [ 462822.7, 6487012.26 ], [ 462899.99, 6487347.37 ], [ 462853.52, 6487684.73 ], [ 462893.51, 6487666.32 ], [ 462924.59, 6487715.56 ], [ 462883.31, 6487811.8 ], [ 462822.53, 6487841.82 ], [ 462891.74, 6487831.5 ], [ 462892.2, 6487943.61 ], [ 462858.46, 6487960.23 ], [ 462905.8, 6488000.06 ], [ 462921.67, 6488112.67 ], [ 462890.96, 6488172.41 ], [ 462941.23, 6488234.02 ], [ 462848.77, 6488278.44 ], [ 462799.19, 6488131.44 ], [ 462762.2, 6488207.33 ], [ 462686.18, 6488178.07 ], [ 462619.51, 6488280.42 ], [ 462347.84, 6488301.58 ], [ 462284.9, 6488264.64 ], [ 462212.82, 6488279.08 ], [ 462114.52, 6488160.44 ], [ 462118.27, 6488320.3 ], [ 462038.39, 6488438.69 ], [ 461961.57, 6488447.04 ], [ 461921.89, 6488398.79 ], [ 461859.71, 6488473.92 ], [ 461604.08, 6488563.47 ], [ 461565.29, 6488476.76 ], [ 461455.48, 6488452.52 ], [ 461403.98, 6488315.86 ], [ 461423.06, 6488448.95 ], [ 461375.98, 6488565.59 ], [ 461302.02, 6488628.53 ], [ 461148.48, 6488599.74 ], [ 461132.84, 6488698.18 ], [ 461170.25, 6488698.45 ], [ 461098.29, 6488748.02 ], [ 461098.58, 6488809.97 ], [ 461127.36, 6488758.8 ], [ 461214.92, 6488880.69 ], [ 461248.12, 6489202.04 ], [ 461228.54, 6489368.42 ], [ 461177.83, 6489423.62 ], [ 461148.42, 6489408.25 ], [ 461169.47, 6489429.06 ], [ 461094.16, 6489541.45 ], [ 461094.41, 6489619.48 ], [ 461005.98, 6489753.7 ], [ 461070.72, 6489814.79 ], [ 461039.61, 6489889.9 ], [ 461068.96, 6490104.9 ], [ 461015.34, 6490106.71 ], [ 460998.29, 6490152.4 ], [ 460948.67, 6490107.51 ], [ 460933.98, 6490131.71 ], [ 460852.68, 6489877.8 ], [ 460812.62, 6489893.85 ], [ 460757.02, 6489800.86 ], [ 460666.97, 6490015.27 ], [ 460730.43, 6490147.16 ], [ 460729.07, 6490178.06 ], [ 460682.93, 6490176.87 ], [ 460729.26, 6490313.85 ], [ 460714.34, 6490290.94 ], [ 460625.0, 6490360.88 ], [ 460694.01, 6490398.89 ], [ 460641.91, 6490464.28 ], [ 460641.62, 6490586.84 ], [ 460592.32, 6490569.37 ], [ 460592.76, 6490631.31 ], [ 460574.9, 6490570.9 ], [ 460531.4, 6490573.41 ], [ 460570.44, 6490516.02 ], [ 460489.59, 6490504.16 ], [ 460419.9, 6490353.64 ], [ 460422.1, 6490230.52 ], [ 460455.47, 6490219.8 ], [ 460467.98, 6490209.72 ], [ 460420.14, 6490212.47 ], [ 460439.52, 6490002.38 ], [ 460275.99, 6489487.03 ], [ 460273.63, 6489265.76 ], [ 460351.02, 6489255.85 ], [ 460283.89, 6489245.96 ], [ 460183.98, 6489333.93 ], [ 460365.41, 6489171.09 ], [ 460256.04, 6489220.44 ], [ 460226.65, 6489167.14 ], [ 460159.72, 6489166.95 ], [ 459909.92, 6488521.41 ], [ 459860.89, 6488486.98 ], [ 459821.44, 6488529.03 ], [ 459751.08, 6488407.53 ], [ 459688.69, 6488412.67 ], [ 459712.65, 6488308.57 ], [ 459595.58, 6488307.73 ], [ 459576.22, 6488260.33 ], [ 459569.82, 6488288.98 ], [ 459549.78, 6488152.36 ], [ 459454.11, 6488279.24 ], [ 459499.45, 6488346.21 ], [ 459456.58, 6488488.8 ], [ 459320.26, 6488553.7 ], [ 459361.15, 6488645.66 ], [ 459286.6, 6488671.79 ], [ 459310.73, 6488731.22 ], [ 459280.35, 6488814.87 ], [ 459189.0, 6488845.14 ], [ 459176.61, 6488875.26 ], [ 459224.26, 6488841.05 ], [ 459200.84, 6488885.84 ], [ 459284.6, 6488895.87 ], [ 459328.15, 6489018.52 ], [ 459360.96, 6488986.64 ], [ 459351.35, 6489024.54 ], [ 459393.31, 6489052.63 ], [ 459374.58, 6489117.89 ], [ 459427.44, 6489134.39 ], [ 459521.75, 6489295.06 ], [ 459524.18, 6489499.58 ], [ 459585.79, 6489519.93 ], [ 459526.46, 6489630.27 ], [ 459469.46, 6489644.11 ], [ 459338.98, 6489569.36 ], [ 459323.13, 6489725.92 ], [ 459287.46, 6489696.02 ], [ 459222.53, 6489739.32 ], [ 459199.66, 6489846.71 ], [ 459127.03, 6489769.25 ], [ 459032.54, 6489476.47 ], [ 458974.37, 6489501.45 ], [ 458930.69, 6489433.62 ], [ 458935.43, 6489078.38 ], [ 458877.7, 6488965.33 ], [ 458901.3, 6488866.43 ], [ 458807.26, 6488776.4 ], [ 458881.99, 6488667.39 ], [ 458845.95, 6488590.73 ], [ 458756.25, 6488671.52 ], [ 458694.41, 6488626.16 ], [ 458713.33, 6488755.55 ], [ 458655.75, 6488716.93 ], [ 458593.59, 6488860.19 ], [ 458511.02, 6488879.02 ], [ 458602.1, 6488981.87 ], [ 458537.28, 6488990.85 ], [ 458584.06, 6489053.98 ], [ 458476.49, 6489030.7 ], [ 458503.42, 6489147.12 ], [ 458477.28, 6489120.69 ], [ 458427.77, 6489189.78 ], [ 458321.25, 6489224.79 ], [ 458226.14, 6489209.09 ], [ 458247.14, 6489478.98 ], [ 458217.25, 6489599.29 ], [ 458163.2, 6489659.13 ], [ 458198.93, 6489672.89 ], [ 458187.85, 6489728.95 ], [ 458075.76, 6489759.64 ], [ 458028.75, 6489905.17 ], [ 457877.37, 6489930.79 ], [ 457858.51, 6490100.84 ], [ 457740.72, 6490125.89 ], [ 457714.16, 6489993.32 ], [ 457683.38, 6490067.92 ], [ 457623.42, 6490051.36 ], [ 457637.37, 6489963.25 ], [ 457576.23, 6490026.36 ], [ 457508.81, 6490035.08 ], [ 457476.08, 6490119.89 ], [ 457385.84, 6490193.81 ], [ 457302.98, 6490149.72 ], [ 457242.85, 6490197.37 ], [ 457184.57, 6490176.23 ], [ 457121.35, 6490234.11 ], [ 457048.86, 6490149.27 ], [ 456937.65, 6490150.87 ], [ 456917.99, 6490098.78 ], [ 456866.86, 6490086.06 ], [ 456847.34, 6490117.77 ], [ 456814.72, 6489975.79 ], [ 456736.27, 6489978.1 ], [ 456648.43, 6489923.61 ], [ 456658.51, 6489864.86 ], [ 456618.66, 6489868.2 ], [ 456587.3, 6489809.7 ], [ 456625.09, 6489765.99 ], [ 456583.12, 6489772.13 ], [ 456544.18, 6489552.23 ], [ 456442.29, 6489302.58 ], [ 456472.94, 6489197.78 ], [ 456438.43, 6489069.76 ], [ 456492.6, 6489002.63 ], [ 456459.67, 6488927.23 ], [ 456306.27, 6488805.05 ], [ 456343.1, 6488862.05 ], [ 456295.2, 6488871.92 ], [ 456320.63, 6488943.87 ], [ 456236.13, 6488899.33 ], [ 456206.64, 6489034.58 ], [ 456109.28, 6488906.79 ], [ 456107.23, 6488848.78 ], [ 456059.71, 6488858.37 ], [ 456083.35, 6488719.54 ], [ 456037.55, 6488682.66 ], [ 456025.87, 6488565.14 ], [ 456105.95, 6488248.25 ], [ 456015.76, 6488100.16 ], [ 455941.58, 6488111.98 ], [ 455862.65, 6488215.57 ], [ 455843.22, 6488132.75 ], [ 455874.59, 6488032.45 ], [ 455820.97, 6487918.23 ], [ 455853.32, 6487892.48 ], [ 455834.32, 6487713.21 ], [ 455793.98, 6487664.51 ], [ 455829.5, 6487595.27 ], [ 455891.91, 6487583.98 ], [ 455896.15, 6487532.16 ], [ 455800.7, 6487458.3 ], [ 455749.53, 6487320.51 ], [ 455741.25, 6487451.95 ], [ 455664.57, 6487479.35 ], [ 455640.95, 6487417.01 ], [ 455670.76, 6487331.08 ], [ 455543.34, 6487265.92 ], [ 455439.79, 6487062.06 ], [ 455397.44, 6487070.48 ], [ 455364.12, 6487153.24 ], [ 455297.5, 6487147.55 ], [ 455256.28, 6487265.76 ], [ 455277.78, 6487651.92 ], [ 455230.55, 6487800.75 ], [ 455192.53, 6487787.79 ], [ 455100.76, 6487552.91 ], [ 455104.56, 6487420.12 ], [ 455070.4, 6487370.3 ], [ 454966.74, 6487351.92 ], [ 454920.03, 6487437.86 ], [ 454833.27, 6487406.05 ], [ 454851.24, 6487435.82 ], [ 454717.44, 6487498.17 ], [ 454639.91, 6487439.03 ], [ 454602.62, 6487494.71 ], [ 454543.12, 6487452.2 ], [ 454527.92, 6487537.72 ], [ 454474.82, 6487554.85 ], [ 454483.9, 6487677.69 ], [ 454435.74, 6487761.76 ], [ 454427.3, 6488009.39 ], [ 454372.33, 6488196.78 ], [ 454405.71, 6488234.87 ], [ 454383.16, 6488695.14 ], [ 454427.66, 6488719.52 ], [ 454363.72, 6488783.31 ], [ 454514.73, 6488903.14 ], [ 454551.07, 6489184.17 ], [ 454449.0, 6489301.61 ], [ 454397.89, 6489268.72 ], [ 454358.29, 6489302.46 ], [ 454269.54, 6489162.82 ], [ 454267.28, 6488970.36 ], [ 454109.56, 6488880.68 ], [ 454037.09, 6488973.53 ], [ 454062.92, 6489084.88 ], [ 454029.04, 6489136.71 ], [ 454256.58, 6489319.84 ], [ 454282.63, 6489625.51 ], [ 454218.28, 6489532.78 ], [ 453991.8, 6489430.49 ], [ 453930.27, 6489357.25 ], [ 453840.06, 6489377.91 ], [ 453778.57, 6489343.62 ], [ 453733.59, 6489425.03 ], [ 453704.84, 6489404.65 ], [ 453681.2, 6489484.18 ], [ 453644.33, 6489462.27 ], [ 453676.66, 6489502.98 ], [ 453606.48, 6489556.16 ], [ 453620.01, 6489805.8 ], [ 453578.94, 6489864.57 ], [ 453537.55, 6489851.18 ], [ 453616.38, 6490028.54 ], [ 453525.13, 6490268.09 ], [ 453473.75, 6490102.92 ], [ 453413.91, 6490198.69 ], [ 453331.65, 6490137.18 ], [ 453081.5, 6489599.35 ], [ 453068.49, 6489698.05 ], [ 452926.17, 6489978.42 ], [ 452843.29, 6489971.98 ], [ 452744.73, 6490173.37 ], [ 452617.42, 6490134.61 ], [ 452585.08, 6490312.91 ], [ 452506.17, 6490344.51 ], [ 452348.91, 6490513.22 ], [ 452256.25, 6490806.82 ], [ 452096.24, 6491050.09 ], [ 452111.91, 6491148.82 ], [ 452018.19, 6491278.55 ], [ 452038.27, 6491464.04 ], [ 452203.82, 6491506.48 ], [ 452192.77, 6491671.28 ], [ 452144.34, 6491723.49 ], [ 452098.09, 6491717.94 ], [ 452124.4, 6491872.36 ], [ 451985.4, 6492133.25 ], [ 451818.69, 6492317.79 ], [ 451635.45, 6492317.68 ], [ 451618.2, 6492384.25 ], [ 451512.32, 6492436.42 ], [ 451468.56, 6492419.86 ], [ 451033.93, 6491864.25 ], [ 451030.47, 6491803.69 ], [ 450962.54, 6491770.58 ], [ 450644.04, 6491357.07 ], [ 450576.59, 6491167.79 ], [ 450516.97, 6491138.44 ], [ 450547.36, 6491011.43 ], [ 450525.93, 6490886.97 ], [ 450412.87, 6490829.71 ], [ 450256.3, 6490824.59 ], [ 450196.1, 6490775.05 ], [ 450139.32, 6490689.4 ], [ 450170.97, 6490521.11 ], [ 450098.03, 6490499.61 ], [ 450076.78, 6490593.4 ], [ 450015.82, 6490540.05 ], [ 449985.93, 6490444.38 ], [ 449896.67, 6490387.67 ], [ 449908.67, 6490302.12 ], [ 449860.78, 6490317.94 ], [ 449819.26, 6490248.9 ], [ 449728.83, 6489964.49 ], [ 449609.59, 6489947.64 ], [ 449591.83, 6489866.03 ], [ 449558.83, 6489936.5 ], [ 449292.13, 6489617.22 ], [ 449348.78, 6489389.43 ], [ 449415.26, 6489419.42 ], [ 449463.05, 6489340.12 ], [ 449514.66, 6489390.9 ], [ 449524.78, 6489306.77 ], [ 449589.73, 6489264.89 ], [ 449595.98, 6489153.49 ], [ 449778.86, 6488898.92 ], [ 449751.43, 6488875.48 ], [ 449590.35, 6488940.11 ], [ 449475.3, 6489082.95 ], [ 449358.72, 6489099.91 ], [ 449325.27, 6489195.43 ], [ 449266.32, 6489231.28 ], [ 449217.34, 6489188.29 ], [ 449270.18, 6489140.23 ], [ 449276.56, 6489063.75 ], [ 449230.5, 6489051.7 ], [ 449184.81, 6489100.36 ], [ 449143.74, 6489052.86 ], [ 449133.8, 6488963.63 ], [ 449186.86, 6488883.5 ], [ 449160.67, 6488862.46 ], [ 449189.01, 6488856.7 ], [ 449211.59, 6488910.24 ], [ 449301.02, 6488927.48 ], [ 449198.47, 6488855.3 ], [ 449240.7, 6488617.98 ], [ 449275.28, 6488596.69 ], [ 449220.67, 6488485.56 ], [ 449364.77, 6487990.15 ], [ 449441.49, 6487941.52 ], [ 449450.57, 6487871.49 ], [ 449529.15, 6487892.42 ], [ 449586.47, 6487823.91 ], [ 449470.33, 6487662.91 ], [ 449535.39, 6487632.98 ], [ 449538.26, 6487559.67 ], [ 449646.18, 6487465.92 ], [ 449672.24, 6487334.21 ], [ 449633.59, 6487222.68 ], [ 449661.3, 6487186.59 ], [ 449741.46, 6487196.15 ], [ 449767.66, 6487112.62 ], [ 449837.64, 6487131.76 ], [ 449891.48, 6487027.19 ], [ 449850.56, 6486896.15 ], [ 449895.09, 6486831.84 ], [ 449939.34, 6486899.65 ], [ 450059.82, 6486835.64 ], [ 450110.02, 6486912.33 ], [ 450139.45, 6486837.26 ], [ 450090.51, 6486821.18 ], [ 450155.82, 6486753.21 ], [ 450292.66, 6486763.15 ], [ 450269.93, 6486707.26 ], [ 450389.73, 6486592.32 ], [ 450470.67, 6486391.38 ], [ 450437.41, 6486334.78 ], [ 450455.49, 6486201.1 ], [ 450541.4, 6486268.15 ], [ 450553.5, 6486345.36 ], [ 450624.44, 6486323.18 ], [ 450749.54, 6486408.11 ], [ 450923.38, 6486267.67 ], [ 450965.9, 6485929.07 ], [ 450873.73, 6485847.22 ], [ 450887.44, 6485772.79 ], [ 450839.4, 6485798.46 ], [ 450789.85, 6485773.52 ], [ 450797.38, 6485734.97 ], [ 450934.96, 6485741.72 ], [ 450950.06, 6485846.06 ], [ 451077.77, 6485853.17 ], [ 451145.61, 6485924.56 ], [ 451151.75, 6486060.74 ], [ 451232.36, 6486220.11 ], [ 451390.38, 6486193.32 ], [ 451434.03, 6486231.26 ], [ 451486.62, 6486186.1 ], [ 451681.87, 6486217.43 ], [ 451738.27, 6486243.26 ], [ 451763.17, 6486325.95 ], [ 451797.44, 6486255.64 ], [ 452217.22, 6486280.69 ], [ 452470.48, 6486226.09 ], [ 452500.53, 6486257.48 ], [ 452615.14, 6486184.42 ], [ 452673.52, 6486031.4 ], [ 452700.95, 6486052.01 ], [ 452748.41, 6485994.43 ], [ 452889.54, 6485947.2 ], [ 452897.44, 6485919.83 ], [ 452843.27, 6485903.06 ], [ 452885.33, 6485832.71 ], [ 453018.9, 6486037.63 ], [ 453120.01, 6486040.53 ], [ 453194.83, 6485936.44 ], [ 453294.36, 6485956.07 ], [ 453350.93, 6485934.82 ], [ 453330.51, 6485886.51 ], [ 453351.02, 6485912.38 ], [ 453432.8, 6485877.29 ], [ 453425.18, 6485802.02 ], [ 453505.33, 6485660.86 ], [ 453610.47, 6485617.21 ], [ 453639.52, 6485660.32 ], [ 453703.74, 6485652.48 ], [ 453679.36, 6485452.46 ], [ 453757.04, 6485423.61 ], [ 453859.38, 6485517.04 ], [ 453974.46, 6485498.88 ], [ 454036.15, 6485393.22 ], [ 454080.09, 6485128.75 ], [ 454249.35, 6485160.75 ], [ 454313.62, 6485020.63 ], [ 454385.06, 6484983.36 ], [ 454520.05, 6484788.49 ], [ 454563.17, 6484649.57 ], [ 454796.52, 6484565.81 ], [ 454935.28, 6484404.98 ], [ 454972.73, 6484420.5 ], [ 454979.79, 6484373.34 ], [ 455044.36, 6484357.93 ], [ 455063.65, 6484419.17 ], [ 455129.49, 6484407.07 ], [ 455222.22, 6484570.76 ], [ 455225.68, 6484426.86 ], [ 455292.34, 6484355.29 ], [ 455260.62, 6484291.9 ], [ 455287.47, 6484278.66 ], [ 455375.9, 6484437.24 ], [ 455338.23, 6484355.75 ], [ 455365.6, 6484264.23 ], [ 455561.13, 6484148.53 ], [ 455664.13, 6484141.71 ], [ 455674.62, 6484183.19 ], [ 455750.66, 6484205.73 ], [ 456127.38, 6484135.56 ], [ 456283.12, 6484204.55 ], [ 456361.42, 6484088.73 ], [ 456465.99, 6484136.55 ], [ 456574.2, 6484133.26 ], [ 456597.36, 6484167.53 ], [ 456622.4, 6484086.69 ], [ 456724.23, 6484033.65 ], [ 456718.27, 6483978.05 ], [ 456773.37, 6483976.74 ], [ 456779.45, 6483860.38 ], [ 456820.7, 6483806.17 ], [ 457054.19, 6483836.32 ], [ 457224.27, 6483692.26 ], [ 457256.32, 6483693.25 ], [ 457274.07, 6483740.26 ], [ 457291.5, 6483745.88 ], [ 457267.0, 6483692.87 ], [ 457326.3, 6483662.68 ], [ 457352.72, 6483713.21 ], [ 457306.59, 6483735.89 ], [ 457301.75, 6483759.3 ], [ 457375.29, 6483717.29 ], [ 457345.91, 6483670.14 ], [ 457422.01, 6483584.0 ], [ 457674.3, 6483506.69 ], [ 457616.64, 6483488.08 ], [ 457527.34, 6483119.48 ], [ 457659.28, 6483081.92 ], [ 457682.39, 6482962.84 ], [ 457744.37, 6482975.24 ], [ 457845.97, 6482837.76 ], [ 457885.79, 6482832.1 ], [ 457893.32, 6482889.04 ], [ 457925.48, 6482871.74 ], [ 457940.77, 6482907.02 ], [ 458060.45, 6482873.05 ], [ 458172.33, 6483004.35 ], [ 458256.95, 6482865.33 ], [ 458242.71, 6482743.6 ], [ 458395.43, 6482987.26 ], [ 458432.26, 6482984.01 ], [ 458430.47, 6482943.82 ], [ 458555.86, 6482926.78 ], [ 458553.71, 6482838.52 ], [ 458611.59, 6482856.91 ], [ 458589.62, 6482808.44 ], [ 458685.18, 6482787.05 ], [ 458665.84, 6482704.91 ], [ 458548.43, 6482711.34 ], [ 458546.14, 6482478.51 ], [ 458371.68, 6482385.08 ], [ 458365.92, 6482245.3 ], [ 458531.08, 6482041.72 ], [ 458675.95, 6482025.82 ], [ 458651.02, 6481911.72 ], [ 458706.58, 6481947.61 ], [ 458770.29, 6481878.71 ], [ 458844.35, 6482118.17 ], [ 458968.95, 6482093.63 ], [ 459011.56, 6482016.04 ], [ 459067.57, 6482044.74 ], [ 459100.28, 6482005.37 ], [ 459100.64, 6482068.33 ], [ 459167.35, 6482112.24 ], [ 459155.23, 6482176.32 ], [ 459244.19, 6482104.42 ], [ 459286.84, 6482037.77 ], [ 459228.02, 6481937.25 ], [ 459197.94, 6481957.33 ], [ 459188.48, 6481881.74 ], [ 459271.25, 6481838.68 ], [ 459280.96, 6481750.95 ], [ 459178.03, 6481674.3 ], [ 459167.26, 6481575.86 ], [ 459274.5, 6481504.58 ], [ 459287.97, 6481427.24 ], [ 459239.85, 6481346.46 ], [ 459163.88, 6481334.39 ], [ 459071.1, 6481222.13 ], [ 459095.8, 6481087.08 ], [ 459181.25, 6481016.61 ], [ 459277.04, 6481009.37 ], [ 459507.79, 6481077.62 ], [ 459489.32, 6480989.2 ], [ 459412.48, 6480927.73 ], [ 459422.41, 6480789.13 ], [ 459283.42, 6480415.07 ], [ 459286.63, 6480291.78 ], [ 459345.9, 6480273.94 ], [ 459387.79, 6480181.35 ], [ 459509.15, 6480187.79 ], [ 459497.34, 6480132.22 ], [ 459756.57, 6480190.35 ], [ 459978.12, 6480114.54 ], [ 460035.4, 6480157.74 ], [ 460028.87, 6480113.53 ], [ 460085.19, 6480066.01 ], [ 460291.05, 6480088.85 ], [ 460344.73, 6479838.77 ], [ 460451.86, 6479738.55 ], [ 460535.09, 6479764.96 ], [ 460579.81, 6479544.65 ], [ 460804.37, 6479432.51 ], [ 460634.9, 6479483.93 ], [ 460583.07, 6479371.46 ], [ 460472.88, 6479352.57 ], [ 460486.87, 6479144.3 ], [ 460575.81, 6479027.68 ], [ 460536.42, 6478970.42 ], [ 460589.51, 6478827.01 ], [ 460547.44, 6478666.68 ], [ 460473.3, 6478662.26 ], [ 460385.37, 6478763.14 ], [ 460201.76, 6478764.24 ], [ 460053.76, 6478713.67 ], [ 460004.35, 6478742.51 ], [ 459848.59, 6478649.28 ], [ 459770.83, 6478368.18 ], [ 459772.45, 6478142.52 ], [ 459833.51, 6478059.62 ], [ 459778.45, 6477692.69 ], [ 459816.98, 6477578.35 ], [ 459771.76, 6477347.28 ], [ 459622.7, 6476980.36 ], [ 459697.53, 6476841.63 ], [ 459609.92, 6476731.48 ], [ 459628.83, 6476588.97 ], [ 459592.25, 6476533.05 ], [ 459680.64, 6476361.99 ], [ 459648.17, 6476359.46 ], [ 459570.24, 6476549.04 ], [ 459533.23, 6476843.64 ], [ 459369.51, 6476829.38 ], [ 459238.01, 6476664.36 ], [ 459234.9, 6476761.22 ], [ 459169.09, 6476720.68 ], [ 459158.15, 6476459.67 ], [ 459089.97, 6476544.48 ], [ 459086.84, 6476624.98 ], [ 459049.4, 6476650.27 ], [ 458974.28, 6476616.26 ], [ 458938.11, 6476674.71 ], [ 458985.13, 6476656.03 ], [ 458997.55, 6476696.24 ], [ 458955.09, 6476697.56 ], [ 458976.12, 6476771.88 ], [ 458946.2, 6476777.3 ], [ 458981.17, 6476784.69 ], [ 458955.44, 6477467.57 ], [ 458884.3, 6477697.52 ], [ 458951.54, 6477776.46 ], [ 458912.31, 6477817.89 ], [ 458907.43, 6478093.17 ], [ 458992.08, 6478209.0 ], [ 459084.72, 6478179.48 ], [ 459202.14, 6478246.06 ], [ 459070.2, 6478817.56 ], [ 459093.25, 6478886.83 ], [ 459053.35, 6479325.87 ], [ 458946.78, 6479519.77 ], [ 458914.53, 6479518.04 ], [ 458871.25, 6479228.23 ], [ 458818.8, 6479157.67 ], [ 458775.59, 6479121.92 ], [ 458489.85, 6479081.13 ], [ 458432.12, 6479016.79 ], [ 458422.11, 6478892.03 ], [ 458333.65, 6478740.52 ], [ 458311.3, 6478792.8 ], [ 458243.97, 6478759.08 ], [ 458170.11, 6478825.93 ], [ 458124.4, 6478807.56 ], [ 457991.0, 6478866.99 ], [ 457961.91, 6478977.04 ], [ 457873.5, 6478991.01 ], [ 457973.09, 6479011.02 ], [ 457957.49, 6479061.41 ], [ 457790.45, 6479133.15 ], [ 457642.42, 6479101.9 ], [ 457644.81, 6479159.89 ], [ 457575.47, 6479208.14 ], [ 457797.69, 6479193.77 ], [ 457886.85, 6479110.48 ], [ 457881.89, 6479163.61 ], [ 457922.27, 6479179.58 ], [ 457875.15, 6479239.3 ], [ 457811.83, 6479207.38 ], [ 457764.32, 6479232.68 ], [ 457731.23, 6479310.82 ], [ 457593.65, 6479317.07 ], [ 457611.67, 6479415.76 ], [ 457533.15, 6479377.3 ], [ 457525.49, 6479435.48 ], [ 457579.41, 6479468.07 ], [ 457539.13, 6479518.66 ], [ 457574.02, 6479639.58 ], [ 457502.08, 6479669.83 ], [ 457421.86, 6479647.94 ], [ 457398.33, 6479733.0 ], [ 457332.2, 6479635.4 ], [ 457376.44, 6479630.02 ], [ 457393.64, 6479579.53 ], [ 457314.63, 6479563.34 ], [ 457276.9, 6479492.22 ], [ 457288.76, 6479433.06 ], [ 457340.52, 6479435.1 ], [ 457306.0, 6479357.67 ], [ 457229.57, 6479362.54 ], [ 457261.72, 6479340.78 ], [ 457238.05, 6479281.68 ], [ 457189.35, 6479330.04 ], [ 457110.07, 6479307.52 ], [ 457107.61, 6479205.78 ], [ 457003.02, 6479264.38 ], [ 457030.78, 6479127.64 ], [ 456941.0, 6479143.84 ], [ 456928.17, 6479084.26 ], [ 456850.73, 6479081.27 ], [ 456804.53, 6479126.66 ], [ 456817.87, 6479176.91 ], [ 456764.84, 6479162.51 ], [ 456815.92, 6479314.31 ], [ 456875.45, 6479288.15 ], [ 456909.3, 6479329.14 ], [ 456889.96, 6479410.05 ], [ 457049.48, 6479469.38 ], [ 457032.59, 6479539.56 ], [ 457109.59, 6479581.46 ], [ 457046.4, 6479653.8 ], [ 456967.72, 6479652.45 ], [ 456990.99, 6479714.38 ], [ 456931.41, 6479748.55 ], [ 456804.28, 6479731.14 ], [ 456554.72, 6479896.8 ], [ 456521.52, 6479836.65 ], [ 456550.34, 6479779.03 ], [ 456495.17, 6479718.05 ], [ 456380.81, 6479722.81 ], [ 456340.58, 6479767.42 ], [ 456402.6, 6479879.98 ], [ 456369.36, 6479901.36 ], [ 456252.28, 6479846.08 ], [ 456104.61, 6479875.74 ], [ 455951.44, 6479796.55 ], [ 455912.22, 6479827.11 ], [ 455709.98, 6479777.8 ], [ 455739.97, 6479822.17 ], [ 455700.58, 6479902.44 ], [ 455658.44, 6479914.47 ], [ 455609.91, 6479861.4 ], [ 455668.73, 6480054.02 ], [ 455458.28, 6480097.55 ], [ 455441.73, 6480003.14 ], [ 455371.61, 6480025.06 ], [ 455332.07, 6479983.4 ], [ 455327.27, 6479891.91 ], [ 455391.04, 6479885.55 ], [ 455361.74, 6479854.0 ], [ 455401.25, 6479828.05 ], [ 455325.6, 6479740.84 ], [ 455242.4, 6479760.81 ], [ 455151.88, 6479648.56 ], [ 455128.3, 6479661.84 ], [ 455149.9, 6479556.54 ], [ 455082.34, 6479536.76 ], [ 455115.82, 6479500.89 ], [ 455019.37, 6479511.53 ], [ 454975.96, 6479418.57 ], [ 454961.29, 6479487.11 ], [ 454942.26, 6479456.56 ], [ 454888.99, 6479470.2 ], [ 454826.79, 6479548.15 ], [ 454833.02, 6479616.57 ], [ 454914.02, 6479598.52 ], [ 454994.26, 6479718.75 ], [ 454968.72, 6479874.44 ], [ 454800.43, 6480066.36 ], [ 454730.05, 6480052.14 ], [ 454720.0, 6479981.32 ], [ 454588.39, 6479878.31 ], [ 454604.4, 6479825.88 ], [ 454562.68, 6479836.04 ], [ 454524.61, 6479791.42 ], [ 454573.46, 6479689.67 ], [ 454474.53, 6479506.47 ], [ 454515.27, 6479227.03 ], [ 454633.52, 6479106.15 ], [ 454786.97, 6479115.95 ], [ 454792.31, 6479035.99 ], [ 454941.92, 6478989.02 ], [ 455000.0, 6478864.38 ], [ 455205.12, 6478828.67 ], [ 455293.41, 6478670.91 ], [ 455255.87, 6478453.19 ], [ 455303.44, 6478407.05 ], [ 455380.64, 6478466.84 ], [ 455414.43, 6478373.68 ], [ 455509.6, 6478467.21 ], [ 455555.18, 6478429.18 ], [ 455654.69, 6478518.9 ], [ 455713.78, 6478509.69 ], [ 455660.23, 6478382.75 ], [ 455669.96, 6478252.03 ], [ 455722.23, 6478166.49 ], [ 455678.6, 6478020.72 ], [ 455719.6, 6477965.63 ], [ 455914.85, 6478125.98 ], [ 455905.94, 6478198.9 ], [ 455968.77, 6478357.68 ], [ 456075.56, 6478443.35 ], [ 456039.16, 6478348.69 ], [ 456132.16, 6478335.53 ], [ 456212.99, 6478208.47 ], [ 456250.17, 6478242.01 ], [ 456287.02, 6478212.16 ], [ 456358.48, 6478269.31 ], [ 456392.68, 6478241.58 ], [ 456379.35, 6478148.1 ], [ 456433.95, 6478212.77 ], [ 456473.98, 6478104.06 ], [ 456380.71, 6478107.9 ], [ 456393.13, 6478064.85 ], [ 456349.29, 6478051.81 ], [ 456316.85, 6477955.69 ], [ 456100.92, 6478020.56 ], [ 456225.72, 6477878.92 ], [ 456398.55, 6477840.55 ], [ 456552.06, 6477747.5 ], [ 456587.96, 6477612.26 ], [ 456666.37, 6477603.75 ], [ 456685.49, 6477580.97 ], [ 456626.0, 6477572.82 ], [ 456569.04, 6477504.7 ], [ 456653.53, 6477404.55 ], [ 456622.22, 6477383.4 ], [ 456568.19, 6477490.65 ], [ 456485.61, 6477498.77 ], [ 456535.9, 6477507.72 ], [ 456518.05, 6477542.81 ], [ 456552.68, 6477574.22 ], [ 456518.7, 6477637.27 ], [ 456462.47, 6477571.88 ], [ 456381.7, 6477591.15 ], [ 456470.38, 6477644.81 ], [ 456446.2, 6477730.37 ], [ 456380.94, 6477746.01 ], [ 456262.91, 6477685.07 ], [ 456271.4, 6477739.22 ], [ 456173.96, 6477722.58 ], [ 456059.22, 6477541.89 ], [ 456015.65, 6477357.93 ], [ 456160.15, 6477530.84 ], [ 456228.02, 6477404.07 ], [ 456338.67, 6477515.67 ], [ 456383.07, 6477480.61 ], [ 456477.6, 6477510.95 ], [ 456393.05, 6477365.55 ], [ 456441.87, 6477303.53 ], [ 456455.75, 6477380.15 ], [ 456539.93, 6477391.36 ], [ 456480.83, 6477355.91 ], [ 456557.67, 6477344.41 ], [ 456541.51, 6477294.33 ], [ 456594.78, 6477269.23 ], [ 456729.62, 6477476.54 ], [ 456753.78, 6477416.55 ], [ 456708.8, 6477337.25 ], [ 456766.07, 6477319.1 ], [ 456796.93, 6477297.83 ], [ 456695.6, 6477293.05 ], [ 456689.91, 6477239.88 ], [ 456591.03, 6477156.95 ], [ 456598.7, 6477095.58 ], [ 456490.16, 6476989.05 ], [ 456451.36, 6477000.89 ], [ 456506.08, 6476971.37 ], [ 456430.05, 6476703.5 ], [ 456383.83, 6476695.15 ], [ 456386.55, 6476760.17 ], [ 456313.93, 6476671.94 ], [ 456202.14, 6476705.34 ], [ 456221.87, 6476659.4 ], [ 456087.82, 6476592.3 ], [ 456089.36, 6476362.36 ], [ 456123.68, 6476298.94 ], [ 456059.54, 6476350.45 ], [ 456082.35, 6476408.25 ], [ 456067.23, 6476508.41 ], [ 456040.27, 6476507.86 ], [ 456075.91, 6476586.74 ], [ 455959.54, 6476575.43 ], [ 455940.22, 6476699.39 ], [ 455905.19, 6476718.04 ], [ 455930.43, 6476755.7 ], [ 455840.99, 6476766.23 ], [ 455815.17, 6476661.52 ], [ 455791.42, 6476683.16 ], [ 455825.76, 6476782.88 ], [ 455790.73, 6476759.69 ], [ 455640.49, 6476845.06 ], [ 455494.39, 6476868.17 ], [ 455465.05, 6476920.8 ], [ 455422.87, 6476918.92 ], [ 455419.29, 6476985.99 ], [ 455310.1, 6476969.03 ], [ 455369.32, 6477062.52 ], [ 455323.79, 6477099.0 ], [ 455364.67, 6477172.19 ], [ 455303.02, 6477193.54 ], [ 455343.71, 6477218.49 ], [ 455300.21, 6477294.09 ], [ 455186.26, 6477235.46 ], [ 455199.12, 6477150.46 ], [ 455171.87, 6477218.52 ], [ 455100.55, 6477188.3 ], [ 455118.55, 6477157.07 ], [ 455079.06, 6477113.76 ], [ 454992.21, 6477124.56 ], [ 455120.76, 6477275.41 ], [ 455079.79, 6477376.8 ], [ 454935.43, 6477261.52 ], [ 454960.22, 6477331.54 ], [ 454895.31, 6477345.14 ], [ 454964.13, 6477369.67 ], [ 454888.67, 6477432.24 ], [ 454770.72, 6477377.88 ], [ 454768.11, 6477302.63 ], [ 454663.69, 6477232.82 ], [ 454532.6, 6476958.0 ], [ 454454.71, 6477034.38 ], [ 454318.31, 6477005.72 ], [ 454215.65, 6477049.82 ], [ 454182.37, 6477145.0 ], [ 454160.51, 6477116.34 ], [ 454047.7, 6477224.67 ], [ 454135.99, 6477238.45 ], [ 454155.04, 6477299.02 ], [ 454145.03, 6477423.72 ], [ 454034.18, 6477663.48 ], [ 454086.39, 6477785.2 ], [ 454094.67, 6477951.18 ], [ 453987.11, 6478069.67 ], [ 454083.42, 6478095.76 ], [ 454111.04, 6478146.5 ], [ 453989.74, 6478166.43 ], [ 453977.91, 6478298.09 ], [ 453852.68, 6478302.43 ], [ 453865.11, 6478418.81 ], [ 453928.78, 6478417.07 ], [ 453932.17, 6478468.73 ], [ 453791.04, 6478515.66 ], [ 453710.87, 6478499.36 ], [ 453663.51, 6478425.71 ], [ 453543.28, 6478364.79 ], [ 453441.14, 6478051.39 ], [ 453376.81, 6478009.04 ], [ 453431.35, 6477908.37 ], [ 453394.43, 6477840.54 ], [ 453303.14, 6477831.18 ], [ 453200.07, 6477977.49 ], [ 453193.54, 6478169.32 ], [ 453250.75, 6478001.15 ], [ 453316.17, 6477981.02 ], [ 453369.08, 6478344.63 ], [ 453312.42, 6478359.29 ], [ 453270.16, 6478232.6 ], [ 453268.9, 6478413.96 ], [ 453386.68, 6478556.91 ], [ 453454.17, 6478863.35 ], [ 453557.45, 6478944.91 ], [ 453556.95, 6479065.47 ], [ 453462.96, 6479086.01 ], [ 453370.08, 6479052.78 ], [ 453402.61, 6479316.7 ], [ 453363.31, 6479328.16 ], [ 453295.99, 6479263.88 ], [ 453327.14, 6479219.12 ], [ 453267.42, 6479250.05 ], [ 453349.84, 6479371.4 ], [ 453329.55, 6479585.53 ], [ 453211.76, 6479612.53 ], [ 453187.64, 6479695.54 ], [ 453087.07, 6479663.91 ], [ 453011.06, 6479837.61 ], [ 452916.55, 6479822.39 ], [ 452866.2, 6479743.69 ], [ 452797.33, 6479724.22 ], [ 452689.2, 6479797.92 ], [ 452650.32, 6479889.01 ], [ 452517.05, 6479666.91 ], [ 452371.47, 6479539.66 ], [ 452343.57, 6479339.57 ], [ 452181.13, 6479214.97 ], [ 452086.0, 6479046.12 ], [ 452023.32, 6479063.42 ], [ 451945.21, 6479003.53 ], [ 452046.35, 6479188.65 ], [ 451903.34, 6479326.01 ], [ 451899.92, 6479294.27 ], [ 451844.01, 6479331.32 ], [ 451772.47, 6479287.5 ], [ 451823.15, 6479349.54 ], [ 451783.63, 6479385.79 ], [ 451699.79, 6479326.49 ], [ 451629.88, 6479501.94 ], [ 451675.22, 6479683.95 ], [ 451603.29, 6479774.75 ], [ 451594.67, 6480027.64 ], [ 451528.53, 6480058.06 ], [ 451580.15, 6480272.46 ], [ 451529.57, 6480518.41 ], [ 451573.11, 6480571.87 ], [ 451561.31, 6480618.48 ], [ 451480.34, 6480611.07 ], [ 451434.4, 6480488.55 ], [ 451392.94, 6480521.16 ], [ 451225.35, 6480385.42 ], [ 451156.76, 6480451.59 ], [ 451051.98, 6480444.13 ], [ 450988.22, 6480533.44 ], [ 450919.34, 6480551.52 ], [ 450946.16, 6480612.22 ], [ 451102.62, 6480691.2 ], [ 451162.68, 6480782.9 ], [ 451320.45, 6480816.88 ], [ 451322.27, 6480850.88 ], [ 451217.01, 6480843.98 ], [ 451341.74, 6480889.25 ], [ 451387.68, 6480955.3 ], [ 451388.08, 6481045.02 ], [ 451313.92, 6481189.15 ], [ 451413.46, 6481313.58 ], [ 451382.96, 6481329.91 ], [ 451346.08, 6481277.23 ], [ 451324.92, 6481346.91 ], [ 451232.65, 6481418.9 ], [ 451293.86, 6481485.95 ], [ 451263.81, 6481554.51 ], [ 451115.18, 6481609.49 ], [ 451039.09, 6481598.14 ], [ 451073.05, 6481695.66 ], [ 451037.02, 6481753.03 ], [ 451096.45, 6481815.85 ], [ 451206.46, 6481713.81 ], [ 451245.86, 6481782.78 ], [ 451187.82, 6481917.52 ], [ 451002.16, 6481987.27 ], [ 450959.57, 6482145.79 ], [ 450875.0, 6482169.85 ], [ 450866.16, 6482063.2 ], [ 450798.73, 6481991.23 ], [ 450795.89, 6481757.69 ], [ 450740.76, 6481686.36 ], [ 450731.33, 6481584.37 ], [ 450603.19, 6481516.53 ], [ 450648.88, 6481389.33 ], [ 450554.04, 6481205.68 ], [ 450569.65, 6481085.15 ], [ 450689.1, 6481035.29 ], [ 450618.75, 6480968.78 ], [ 450599.86, 6481008.48 ], [ 450548.13, 6480910.12 ], [ 450451.19, 6480860.81 ], [ 450485.93, 6480830.78 ], [ 450427.82, 6480811.3 ], [ 450429.64, 6480756.11 ], [ 450298.13, 6480626.84 ], [ 450276.13, 6480550.96 ], [ 450242.87, 6480647.15 ], [ 450125.04, 6480631.09 ], [ 450193.22, 6480466.8 ], [ 450233.42, 6480447.33 ], [ 450264.4, 6480510.14 ], [ 450275.76, 6480442.32 ], [ 450400.35, 6480398.98 ], [ 450389.22, 6480365.08 ], [ 450250.91, 6480277.65 ], [ 450189.8, 6480324.08 ], [ 450220.46, 6480394.64 ], [ 450194.39, 6480412.98 ], [ 450047.97, 6480437.88 ], [ 450021.5, 6480400.36 ], [ 449904.46, 6480396.49 ], [ 449948.52, 6480338.68 ], [ 449951.41, 6480157.39 ], [ 450015.03, 6480170.12 ], [ 449918.06, 6480106.0 ], [ 449971.44, 6479995.01 ], [ 450090.09, 6479987.58 ], [ 450092.61, 6480045.06 ], [ 450229.72, 6480087.84 ], [ 450033.19, 6479911.06 ], [ 450161.5, 6479928.44 ], [ 450161.47, 6479867.39 ], [ 450255.5, 6479866.43 ], [ 450265.67, 6479739.66 ], [ 450085.41, 6479649.86 ], [ 450081.96, 6479539.85 ], [ 450015.26, 6479535.01 ], [ 450035.24, 6479459.83 ], [ 450458.51, 6479118.43 ], [ 450375.81, 6479126.32 ], [ 450298.16, 6479016.13 ], [ 450256.8, 6479079.56 ], [ 450221.11, 6479028.26 ], [ 450177.51, 6479049.07 ], [ 450160.14, 6479001.64 ], [ 450064.11, 6478991.44 ], [ 449964.32, 6479051.9 ], [ 449963.21, 6479124.62 ], [ 449925.35, 6479142.91 ], [ 449947.54, 6478987.83 ], [ 450065.62, 6478928.1 ], [ 450234.33, 6478975.82 ], [ 450229.64, 6478908.45 ], [ 450149.31, 6478926.04 ], [ 450162.56, 6478828.98 ], [ 450277.94, 6478837.74 ], [ 450299.38, 6478889.49 ], [ 450314.34, 6478842.38 ], [ 450375.44, 6478849.92 ], [ 450417.45, 6478809.65 ], [ 450485.67, 6478860.81 ], [ 450439.04, 6478667.23 ], [ 450522.85, 6478581.35 ], [ 450381.01, 6478615.48 ], [ 450405.44, 6478569.79 ], [ 450468.55, 6478560.87 ], [ 450447.87, 6478517.49 ], [ 450479.55, 6478477.28 ], [ 450625.4, 6478562.05 ], [ 450686.39, 6478660.06 ], [ 450625.53, 6478522.73 ], [ 450651.28, 6478492.8 ], [ 450721.29, 6478543.26 ], [ 450768.72, 6478509.23 ], [ 450792.53, 6478570.16 ], [ 450799.05, 6478512.96 ], [ 450881.49, 6478574.42 ], [ 450726.41, 6478443.7 ], [ 450744.31, 6478317.81 ], [ 450787.63, 6478281.88 ], [ 450848.96, 6478301.88 ], [ 450899.66, 6478250.96 ], [ 450697.25, 6478219.69 ], [ 450623.09, 6478291.82 ], [ 450147.07, 6478165.23 ], [ 450051.22, 6478179.55 ], [ 450039.64, 6478279.88 ], [ 449985.53, 6478297.24 ], [ 449931.64, 6478237.37 ], [ 449940.96, 6478196.47 ], [ 450010.89, 6478156.21 ], [ 449971.72, 6478124.17 ], [ 450054.12, 6478102.43 ], [ 449997.91, 6478103.12 ], [ 450024.41, 6478060.84 ], [ 449953.4, 6478072.0 ], [ 449947.65, 6477993.91 ], [ 449847.59, 6478015.11 ], [ 449957.56, 6477937.96 ], [ 449840.52, 6477836.94 ], [ 449662.57, 6478065.1 ], [ 449578.78, 6478118.38 ], [ 449507.18, 6478130.62 ], [ 449467.46, 6478071.38 ], [ 449411.71, 6478083.14 ], [ 449414.83, 6478008.36 ], [ 449499.89, 6478012.82 ], [ 449508.0, 6477980.28 ], [ 449454.3, 6477854.78 ], [ 449476.08, 6477771.45 ], [ 449363.87, 6477691.79 ], [ 449345.72, 6477572.24 ], [ 449634.81, 6477409.65 ], [ 449742.65, 6477268.08 ], [ 449806.69, 6477256.37 ], [ 449920.84, 6477050.34 ], [ 449614.93, 6477179.58 ], [ 449445.53, 6477161.35 ], [ 449404.06, 6477077.95 ], [ 449332.46, 6477153.11 ], [ 449095.8, 6477227.86 ], [ 449032.2, 6476947.52 ], [ 449216.03, 6476855.33 ], [ 449262.48, 6476791.0 ], [ 449343.4, 6476799.22 ], [ 449220.51, 6476556.45 ], [ 449235.02, 6476523.8 ], [ 449201.94, 6476537.4 ], [ 449182.53, 6476494.41 ], [ 448996.37, 6476429.76 ], [ 448936.8, 6476371.22 ], [ 448905.97, 6476428.25 ], [ 448785.56, 6476223.66 ], [ 448567.09, 6476049.18 ], [ 448666.87, 6475994.02 ], [ 448637.39, 6475950.15 ], [ 448643.86, 6475876.59 ], [ 448655.15, 6475931.27 ], [ 448735.8, 6475970.59 ], [ 448949.54, 6475955.83 ], [ 449075.95, 6475774.94 ], [ 448988.5, 6475780.41 ], [ 448979.43, 6475739.21 ], [ 448878.99, 6475690.6 ], [ 448801.54, 6475691.47 ], [ 448768.62, 6475753.64 ], [ 448544.51, 6475694.13 ], [ 448331.65, 6475345.24 ], [ 448317.19, 6475401.19 ], [ 448287.42, 6475401.71 ], [ 448312.29, 6475355.71 ], [ 448282.29, 6475334.26 ], [ 448276.17, 6475390.6 ], [ 448189.78, 6475406.74 ], [ 447986.06, 6475244.58 ], [ 447993.02, 6475210.81 ], [ 447960.49, 6475228.64 ], [ 447938.43, 6475179.34 ], [ 447912.65, 6475217.66 ], [ 447924.57, 6475159.66 ], [ 447998.23, 6475158.31 ], [ 447944.32, 6475063.97 ], [ 447883.99, 6475201.94 ], [ 447746.41, 6475293.74 ], [ 447663.78, 6475293.44 ], [ 447612.82, 6475563.96 ], [ 447545.88, 6475617.42 ], [ 447496.35, 6475604.99 ], [ 447459.63, 6475648.29 ], [ 447584.69, 6475740.67 ], [ 447643.96, 6475735.56 ], [ 447596.29, 6475785.13 ], [ 447649.8, 6475933.89 ], [ 447645.9, 6475860.28 ], [ 447721.1, 6475855.16 ], [ 447657.35, 6475959.34 ], [ 447709.75, 6476027.55 ], [ 447787.47, 6475991.61 ], [ 447778.86, 6476053.11 ], [ 447836.83, 6476013.01 ], [ 447839.58, 6475961.6 ], [ 447903.97, 6475946.05 ], [ 447981.98, 6475973.56 ], [ 448026.21, 6476183.1 ], [ 447969.16, 6476268.99 ], [ 447872.69, 6476294.97 ], [ 447878.75, 6476392.45 ], [ 447782.57, 6476520.69 ], [ 447806.18, 6476569.09 ], [ 447866.91, 6476545.86 ], [ 447888.33, 6476602.15 ], [ 447841.01, 6476580.45 ], [ 447827.63, 6476619.51 ], [ 447781.26, 6476596.04 ], [ 447679.93, 6476633.61 ], [ 447671.2, 6476547.85 ], [ 447556.99, 6476450.97 ], [ 447449.87, 6476538.93 ], [ 447446.72, 6476661.93 ], [ 447492.23, 6476652.8 ], [ 447504.64, 6476689.17 ], [ 447390.83, 6476795.34 ], [ 447377.53, 6476736.11 ], [ 447355.41, 6476773.69 ], [ 447236.31, 6476700.73 ], [ 447329.08, 6476653.23 ], [ 447231.33, 6476594.27 ], [ 447151.21, 6476414.9 ], [ 446842.03, 6476314.76 ], [ 446739.94, 6476347.74 ], [ 446846.93, 6476513.18 ], [ 446806.18, 6476509.82 ], [ 446682.09, 6476669.45 ], [ 446600.71, 6476701.99 ], [ 446546.27, 6476666.05 ], [ 446477.33, 6476682.91 ], [ 446449.15, 6476517.03 ], [ 446371.91, 6476498.06 ], [ 446124.28, 6476599.36 ], [ 446111.03, 6476638.38 ], [ 446118.79, 6476603.45 ], [ 446052.72, 6476611.51 ], [ 445980.45, 6476551.28 ], [ 446098.88, 6476148.21 ], [ 446040.6, 6476129.46 ], [ 445980.68, 6475933.49 ], [ 445955.26, 6475966.67 ], [ 446030.18, 6476167.86 ], [ 445975.42, 6476315.44 ], [ 445997.47, 6476404.56 ], [ 445918.07, 6476518.56 ], [ 445882.48, 6476464.29 ], [ 445898.42, 6476281.88 ], [ 445784.53, 6476231.48 ], [ 445809.08, 6476046.23 ], [ 445793.79, 6476015.1 ], [ 445732.01, 6476052.18 ], [ 445746.84, 6475935.06 ], [ 445549.11, 6475973.52 ], [ 445526.51, 6476000.33 ], [ 445557.15, 6476057.4 ], [ 445513.7, 6476084.95 ], [ 445450.54, 6476012.25 ], [ 445403.87, 6476029.62 ], [ 445408.55, 6475917.29 ], [ 445334.79, 6475967.68 ], [ 445311.52, 6475869.56 ], [ 445372.32, 6475822.08 ], [ 445443.02, 6475811.52 ], [ 445475.31, 6475957.49 ], [ 445747.46, 6475879.4 ], [ 445628.93, 6475775.17 ], [ 445690.93, 6475723.74 ], [ 445661.32, 6475662.14 ], [ 445758.76, 6475600.52 ], [ 445771.24, 6475539.55 ], [ 445815.74, 6475585.81 ], [ 445766.94, 6475655.41 ], [ 445833.24, 6475680.98 ], [ 445854.48, 6475797.01 ], [ 445952.38, 6475889.55 ], [ 445881.11, 6475773.73 ], [ 445874.98, 6475527.08 ], [ 445770.21, 6475448.52 ], [ 445684.62, 6475240.41 ], [ 445725.35, 6475158.13 ], [ 445791.01, 6475178.56 ], [ 445661.87, 6474901.72 ], [ 445670.89, 6474733.09 ], [ 445595.16, 6474640.02 ], [ 445634.62, 6474606.24 ], [ 445558.58, 6474547.91 ], [ 445566.01, 6474499.61 ], [ 445608.73, 6474489.99 ], [ 445585.37, 6474400.23 ], [ 445630.73, 6474280.66 ], [ 445762.67, 6474261.76 ], [ 445704.58, 6474170.19 ], [ 445555.1, 6474221.49 ], [ 445446.31, 6474174.05 ], [ 445447.62, 6474100.32 ], [ 445549.85, 6474063.81 ], [ 445517.69, 6474017.38 ], [ 445434.02, 6474003.12 ], [ 445527.04, 6473942.65 ], [ 445649.22, 6473960.9 ], [ 445566.58, 6473915.24 ], [ 445666.17, 6473902.25 ], [ 445669.2, 6473863.62 ], [ 445944.34, 6473878.52 ], [ 445988.43, 6473751.35 ], [ 446040.34, 6473738.71 ], [ 445812.17, 6473701.19 ], [ 445947.83, 6473630.75 ], [ 446082.28, 6473439.6 ], [ 446066.14, 6473346.21 ], [ 446095.05, 6473308.97 ], [ 446057.39, 6473257.63 ], [ 445969.37, 6473243.09 ], [ 445968.02, 6473198.44 ], [ 446006.73, 6473198.84 ], [ 446039.44, 6473118.07 ], [ 446204.26, 6472996.45 ], [ 446372.49, 6473041.14 ], [ 446399.48, 6473016.54 ], [ 446391.86, 6473041.54 ], [ 446478.2, 6473024.18 ], [ 446512.64, 6472967.88 ], [ 446567.82, 6472991.64 ], [ 446539.82, 6473052.65 ], [ 446592.63, 6473167.66 ], [ 446721.8, 6473322.55 ], [ 446813.69, 6473330.25 ], [ 446820.94, 6473419.36 ], [ 446894.35, 6473376.4 ], [ 446988.73, 6473230.44 ], [ 446999.41, 6473141.44 ], [ 446908.26, 6473076.91 ], [ 446863.27, 6472841.54 ], [ 446783.58, 6472799.59 ], [ 446595.91, 6472546.35 ], [ 446788.56, 6472555.85 ], [ 446951.98, 6472495.19 ], [ 446959.17, 6472448.39 ], [ 446869.9, 6472381.72 ], [ 446852.0, 6472312.13 ], [ 446903.62, 6472228.46 ], [ 447033.44, 6472193.22 ], [ 446848.85, 6471788.65 ], [ 446787.71, 6471738.63 ], [ 446819.77, 6471645.46 ], [ 446691.51, 6471549.06 ], [ 446745.16, 6471365.97 ], [ 446678.79, 6471256.97 ], [ 446373.4, 6471212.15 ], [ 446207.81, 6471311.57 ], [ 446133.54, 6471412.51 ], [ 446047.11, 6471399.46 ], [ 446020.76, 6471444.74 ], [ 445949.54, 6471455.31 ], [ 445913.25, 6471386.63 ], [ 445850.44, 6471463.71 ], [ 445792.76, 6471431.03 ], [ 445761.92, 6471520.0 ], [ 445490.89, 6471649.72 ], [ 445514.25, 6471693.1 ], [ 445703.87, 6471757.98 ], [ 445615.66, 6471771.5 ], [ 445596.63, 6471898.66 ], [ 445554.08, 6471920.09 ], [ 445430.85, 6471858.46 ], [ 445439.17, 6471761.58 ], [ 445396.7, 6471740.98 ], [ 445285.07, 6471739.17 ], [ 445169.91, 6471812.11 ], [ 444949.17, 6471774.18 ], [ 444927.56, 6471749.51 ], [ 445034.47, 6471617.94 ], [ 445149.08, 6471561.59 ], [ 445019.25, 6471521.86 ], [ 444945.12, 6471552.39 ], [ 444885.08, 6471534.55 ], [ 444813.8, 6471254.58 ], [ 444846.59, 6471212.04 ], [ 444815.19, 6471185.22 ], [ 444643.74, 6471224.4 ], [ 444622.22, 6471260.67 ], [ 444575.9, 6471234.94 ], [ 444415.66, 6471423.04 ], [ 444425.57, 6471468.73 ], [ 444521.79, 6471527.83 ], [ 444527.54, 6471607.16 ], [ 444473.5, 6471543.41 ], [ 444413.84, 6471594.73 ], [ 444336.75, 6471570.26 ], [ 444372.86, 6471616.32 ], [ 444282.76, 6471658.84 ], [ 444438.58, 6471715.85 ], [ 444589.59, 6471648.48 ], [ 444641.57, 6471716.98 ], [ 444557.3, 6471765.82 ], [ 444543.47, 6471834.26 ], [ 444594.66, 6471916.78 ], [ 444537.14, 6471885.93 ], [ 444310.12, 6471978.62 ], [ 444267.77, 6472112.73 ], [ 444204.1, 6472142.88 ], [ 444306.02, 6472174.71 ], [ 444362.13, 6472063.06 ], [ 444623.21, 6472159.42 ], [ 444712.94, 6472068.18 ], [ 444877.73, 6472281.13 ], [ 445070.52, 6472249.33 ], [ 445076.25, 6472172.13 ], [ 445127.76, 6472148.8 ], [ 445275.64, 6472218.86 ], [ 445403.7, 6472221.91 ], [ 445457.43, 6472263.17 ], [ 445315.99, 6472293.14 ], [ 445327.61, 6472341.92 ], [ 445284.19, 6472364.99 ], [ 445293.39, 6472429.5 ], [ 445353.41, 6472419.58 ], [ 445331.27, 6472454.7 ], [ 445382.8, 6472502.86 ], [ 445317.89, 6472471.01 ], [ 445320.8, 6472438.22 ], [ 445220.07, 6472510.59 ], [ 445299.85, 6472578.46 ], [ 445370.86, 6472563.32 ], [ 445454.07, 6472601.7 ], [ 445475.95, 6472561.03 ], [ 445603.87, 6472562.1 ], [ 445611.86, 6472462.79 ], [ 445494.19, 6472428.11 ], [ 445417.28, 6472496.12 ], [ 445403.46, 6472434.86 ], [ 445482.68, 6472381.12 ], [ 445405.06, 6472324.07 ], [ 445468.16, 6472311.42 ], [ 445493.43, 6472349.15 ], [ 445585.56, 6472247.74 ], [ 445685.16, 6472310.39 ], [ 445663.39, 6472373.89 ], [ 445805.19, 6472445.66 ], [ 445674.38, 6472483.69 ], [ 445673.85, 6472636.58 ], [ 445596.88, 6472698.78 ], [ 445615.38, 6472739.16 ], [ 445535.97, 6472819.64 ], [ 445516.03, 6472904.48 ], [ 445440.14, 6472957.05 ], [ 445361.38, 6472932.87 ], [ 445356.03, 6472879.35 ], [ 445302.3, 6472896.72 ], [ 445354.54, 6472958.05 ], [ 445419.39, 6472965.37 ], [ 445435.38, 6473016.5 ], [ 445364.67, 6473014.67 ], [ 445344.46, 6473051.22 ], [ 445286.56, 6473015.42 ], [ 445201.15, 6473079.93 ], [ 445098.69, 6473044.26 ], [ 445194.06, 6473051.18 ], [ 445214.92, 6472956.6 ], [ 445165.57, 6472967.69 ], [ 445191.16, 6472917.18 ], [ 445114.8, 6472955.17 ], [ 445053.49, 6472893.93 ], [ 445127.52, 6472833.4 ], [ 445087.1, 6472816.85 ], [ 445082.89, 6472713.53 ], [ 444996.45, 6472760.26 ], [ 444996.62, 6472860.72 ], [ 444954.39, 6472862.52 ], [ 444955.82, 6472906.44 ], [ 444903.24, 6472913.88 ], [ 444880.39, 6472851.73 ], [ 444828.84, 6472867.06 ], [ 444836.05, 6472826.6 ], [ 444771.67, 6472821.52 ], [ 444737.67, 6472853.87 ], [ 444777.5, 6472954.69 ], [ 444679.74, 6472969.12 ], [ 444652.02, 6472844.09 ], [ 444642.69, 6472890.42 ], [ 444584.71, 6472865.27 ], [ 444504.98, 6472749.07 ], [ 444467.29, 6472778.21 ], [ 444466.75, 6472717.36 ], [ 444437.97, 6472783.24 ], [ 444299.0, 6472752.04 ], [ 444199.51, 6472776.35 ], [ 444002.46, 6472632.93 ], [ 444011.3, 6472571.44 ], [ 443918.91, 6472629.81 ], [ 443977.97, 6472517.35 ], [ 443994.89, 6472340.04 ], [ 443835.45, 6472192.52 ], [ 443882.22, 6472176.08 ], [ 443976.81, 6472255.19 ], [ 444002.75, 6472217.24 ], [ 443904.06, 6472011.42 ], [ 443855.81, 6472014.48 ], [ 443851.59, 6472079.95 ], [ 443776.65, 6472115.05 ], [ 443643.74, 6472066.97 ], [ 443579.42, 6471925.08 ], [ 443664.56, 6471902.51 ], [ 443677.15, 6471741.36 ], [ 443740.58, 6471711.0 ], [ 443752.41, 6471646.54 ], [ 443640.48, 6471512.54 ], [ 443533.68, 6471471.09 ], [ 443635.46, 6471292.86 ], [ 443809.22, 6471260.37 ], [ 443817.59, 6471203.56 ], [ 443841.21, 6471223.74 ], [ 443857.99, 6471181.56 ], [ 444008.22, 6471133.92 ], [ 443915.51, 6471011.51 ], [ 443999.74, 6470896.03 ], [ 443911.45, 6470822.92 ], [ 443934.73, 6470736.9 ], [ 443849.09, 6470481.23 ], [ 443989.91, 6470341.26 ], [ 443894.62, 6470289.74 ], [ 443877.03, 6470211.87 ], [ 443909.22, 6470185.63 ], [ 443869.59, 6470204.32 ], [ 443870.91, 6470144.43 ], [ 443750.4, 6470028.81 ], [ 443551.64, 6470016.57 ], [ 443447.18, 6470072.1 ], [ 443415.33, 6469973.21 ], [ 443312.53, 6469910.5 ], [ 443401.15, 6469676.67 ], [ 443524.27, 6469616.89 ], [ 443626.11, 6469679.87 ], [ 443616.36, 6469597.28 ], [ 443697.71, 6469447.69 ], [ 443935.43, 6469361.04 ], [ 443865.96, 6469301.14 ], [ 443889.81, 6469207.21 ], [ 443833.25, 6469155.84 ], [ 443802.12, 6469015.74 ], [ 443742.28, 6469023.13 ], [ 443582.72, 6469260.54 ], [ 443448.91, 6469246.31 ], [ 443415.03, 6469183.15 ], [ 443339.03, 6469176.9 ], [ 443302.77, 6469288.15 ], [ 443340.72, 6469417.81 ], [ 443311.88, 6469442.84 ], [ 443018.33, 6469449.04 ], [ 442972.18, 6469350.42 ], [ 442892.67, 6469330.14 ], [ 442837.36, 6469381.42 ], [ 442702.98, 6469372.21 ], [ 442661.57, 6469319.74 ], [ 442563.53, 6469354.42 ], [ 442600.63, 6469367.23 ], [ 442548.87, 6469375.58 ], [ 442577.69, 6469386.93 ], [ 442570.76, 6469489.84 ], [ 442642.48, 6469491.33 ], [ 442598.83, 6469598.22 ], [ 442639.31, 6469668.5 ], [ 442928.76, 6469768.62 ], [ 442799.24, 6469839.51 ], [ 442656.69, 6469830.1 ], [ 442648.9, 6469864.74 ], [ 442504.18, 6469855.77 ], [ 442534.77, 6469775.65 ], [ 442417.68, 6469759.5 ], [ 442419.02, 6469702.73 ], [ 442306.14, 6469633.56 ], [ 442328.18, 6469580.34 ], [ 442426.88, 6469573.37 ], [ 442384.44, 6469545.49 ], [ 442408.24, 6469468.28 ], [ 442515.86, 6469530.66 ], [ 442518.06, 6469441.59 ], [ 442485.31, 6469462.35 ], [ 442459.09, 6469420.0 ], [ 442522.97, 6469331.44 ], [ 442318.02, 6469339.5 ], [ 442104.3, 6469234.3 ], [ 442073.78, 6469266.77 ], [ 442038.6, 6469240.53 ], [ 442079.29, 6469212.59 ], [ 442259.71, 6469267.36 ], [ 442250.78, 6469199.0 ], [ 442198.07, 6469226.19 ], [ 442058.18, 6469163.26 ], [ 441939.13, 6469205.25 ], [ 441867.91, 6469167.09 ], [ 441822.48, 6469247.48 ], [ 441644.3, 6469315.46 ], [ 441612.34, 6469363.98 ], [ 441399.03, 6469343.44 ], [ 441299.1, 6469452.62 ], [ 441037.38, 6469577.74 ], [ 441000.05, 6469551.19 ], [ 440943.01, 6469580.14 ], [ 440918.75, 6469734.26 ], [ 440813.24, 6469814.66 ], [ 440699.65, 6469837.43 ], [ 440703.14, 6469928.08 ], [ 440666.32, 6469930.47 ], [ 440662.21, 6469977.02 ], [ 440591.28, 6469984.69 ], [ 440577.14, 6470056.46 ], [ 440486.17, 6470133.64 ], [ 440425.33, 6470302.93 ], [ 440484.43, 6470363.7 ], [ 440474.12, 6470524.21 ], [ 440414.43, 6470598.63 ], [ 440161.82, 6470416.0 ], [ 439896.25, 6470339.53 ], [ 439829.08, 6470246.53 ], [ 439831.37, 6470303.33 ], [ 439726.69, 6470312.82 ], [ 440239.19, 6470533.27 ], [ 440310.05, 6470653.42 ], [ 440298.35, 6470693.13 ], [ 440239.8, 6470690.55 ], [ 440204.78, 6470786.65 ], [ 440147.99, 6470764.57 ], [ 440153.06, 6470730.19 ], [ 440120.97, 6470754.22 ], [ 440045.32, 6470726.59 ], [ 440223.48, 6470809.17 ], [ 440240.68, 6471007.62 ], [ 440181.5, 6471050.79 ], [ 440052.24, 6470963.12 ], [ 440061.64, 6471002.31 ], [ 440037.79, 6470985.28 ], [ 440036.41, 6471049.37 ], [ 439934.67, 6471195.4 ], [ 440049.48, 6471302.87 ], [ 439959.55, 6471401.62 ], [ 439831.24, 6471476.18 ], [ 439673.41, 6471471.28 ], [ 439583.31, 6471568.83 ], [ 439476.77, 6471480.38 ], [ 439383.9, 6471488.16 ], [ 439478.85, 6471614.9 ], [ 439595.99, 6471620.46 ], [ 439563.71, 6471700.44 ], [ 439502.21, 6471694.2 ], [ 439606.29, 6471847.55 ], [ 439594.0, 6471961.09 ], [ 439545.56, 6472009.73 ], [ 439557.79, 6472161.87 ], [ 439433.35, 6472199.07 ], [ 439395.04, 6472130.08 ], [ 439302.68, 6472083.96 ], [ 439289.29, 6472010.06 ], [ 439256.47, 6472118.58 ], [ 439153.1, 6472137.0 ], [ 439084.59, 6472061.99 ], [ 439127.56, 6472038.4 ], [ 439128.7, 6471944.92 ], [ 439180.92, 6471960.23 ], [ 439201.99, 6471916.95 ], [ 439127.99, 6471911.24 ], [ 439057.04, 6472001.09 ], [ 439021.32, 6471950.71 ], [ 439045.59, 6471922.94 ], [ 438999.71, 6471898.53 ], [ 438819.96, 6472085.27 ], [ 438742.3, 6472063.24 ], [ 438799.76, 6471987.87 ], [ 438825.1, 6471869.87 ], [ 438779.2, 6471825.54 ], [ 438838.71, 6471709.88 ], [ 439093.3, 6471640.0 ], [ 439009.67, 6471593.86 ], [ 438965.14, 6471507.08 ], [ 438893.67, 6471489.82 ], [ 438866.54, 6471397.58 ], [ 438640.75, 6471503.26 ], [ 438696.88, 6471467.24 ], [ 438646.59, 6471469.08 ], [ 438592.36, 6471381.24 ], [ 438670.62, 6471337.92 ], [ 438638.01, 6471276.67 ], [ 438696.5, 6471211.69 ], [ 438584.71, 6471137.21 ], [ 438479.97, 6471147.1 ], [ 438631.54, 6470921.85 ], [ 438580.95, 6470923.59 ], [ 438563.12, 6470998.59 ], [ 438448.45, 6471082.63 ], [ 438476.35, 6471007.51 ], [ 438406.38, 6471004.98 ], [ 438462.87, 6470814.15 ], [ 438433.69, 6470704.55 ], [ 438515.96, 6470687.22 ], [ 438526.46, 6470639.64 ], [ 438488.41, 6470541.56 ], [ 438395.69, 6470525.82 ], [ 438436.45, 6470433.73 ], [ 438283.76, 6470442.88 ], [ 438348.9, 6470387.12 ], [ 438279.81, 6470295.23 ], [ 438270.53, 6469986.16 ], [ 438403.35, 6469801.46 ], [ 438506.17, 6469819.35 ], [ 438637.37, 6469924.17 ], [ 438675.52, 6469884.44 ], [ 438671.72, 6469721.08 ], [ 438768.86, 6469654.93 ], [ 438824.49, 6469692.61 ], [ 438802.03, 6469625.39 ], [ 438836.96, 6469610.54 ], [ 438851.06, 6469658.33 ], [ 438892.77, 6469637.74 ], [ 438876.16, 6469604.85 ], [ 439024.54, 6469488.74 ], [ 439145.24, 6469481.43 ], [ 439186.75, 6469527.03 ], [ 439323.39, 6469455.33 ], [ 439457.85, 6469524.8 ], [ 439411.96, 6469401.1 ], [ 439495.36, 6469386.15 ], [ 439602.43, 6469209.64 ], [ 439374.72, 6468943.31 ], [ 439470.54, 6468756.09 ], [ 439537.5, 6468713.62 ], [ 439579.17, 6468545.0 ], [ 439528.84, 6468468.51 ], [ 439626.75, 6468373.8 ], [ 439578.81, 6468316.25 ], [ 439633.02, 6468249.23 ], [ 439606.56, 6468212.72 ], [ 439755.38, 6468152.51 ], [ 439632.63, 6468151.45 ], [ 439642.55, 6468109.41 ], [ 439579.85, 6468053.34 ], [ 439467.16, 6468061.03 ], [ 439439.75, 6467988.65 ], [ 439323.49, 6467916.66 ], [ 439165.44, 6467951.05 ], [ 439081.56, 6467913.61 ], [ 439029.13, 6467971.09 ], [ 438871.0, 6468010.65 ], [ 438738.28, 6468016.1 ], [ 438685.22, 6467973.01 ], [ 438475.06, 6468022.09 ], [ 438293.32, 6467883.42 ], [ 438245.51, 6467731.66 ], [ 438283.35, 6467638.05 ], [ 438270.11, 6467494.93 ], [ 438228.48, 6467467.17 ], [ 438283.41, 6467415.79 ], [ 438312.78, 6467258.23 ], [ 438356.05, 6467244.55 ], [ 438316.59, 6467221.81 ], [ 438360.99, 6467166.11 ], [ 438298.39, 6467160.45 ], [ 438336.0, 6467013.96 ], [ 438304.53, 6466988.24 ], [ 438247.72, 6467018.8 ], [ 438262.16, 6466726.99 ], [ 438129.18, 6466743.36 ], [ 438107.49, 6466806.62 ], [ 438053.11, 6466796.7 ], [ 438032.17, 6466732.01 ], [ 437939.99, 6466775.57 ], [ 437910.84, 6466678.71 ], [ 437945.57, 6466599.31 ], [ 437843.81, 6466596.74 ], [ 438045.02, 6466273.71 ], [ 438033.59, 6466012.71 ], [ 437951.84, 6466068.78 ], [ 437904.01, 6466057.11 ], [ 437851.11, 6466213.1 ], [ 437761.63, 6466083.6 ], [ 437697.36, 6466071.79 ], [ 437835.7, 6466293.34 ], [ 437779.99, 6466341.39 ], [ 437805.08, 6466395.62 ], [ 437698.74, 6466572.52 ], [ 437666.39, 6466559.37 ], [ 437690.65, 6466480.82 ], [ 437626.26, 6466459.89 ], [ 437524.04, 6466595.26 ], [ 437412.74, 6466582.25 ], [ 437490.08, 6466530.53 ], [ 437429.93, 6466510.21 ], [ 437403.89, 6466421.38 ], [ 437475.52, 6466300.39 ], [ 437465.63, 6466192.77 ], [ 437491.2, 6466161.54 ], [ 437586.9, 6466169.68 ], [ 437547.49, 6466086.72 ], [ 437653.27, 6466095.88 ], [ 437641.67, 6466050.99 ], [ 437706.18, 6465943.38 ], [ 437659.56, 6465912.64 ], [ 437654.41, 6465838.55 ], [ 437545.72, 6465895.75 ], [ 437476.84, 6465857.77 ], [ 437414.98, 6465944.86 ], [ 437467.94, 6466039.93 ], [ 437400.09, 6466037.87 ], [ 437343.66, 6466126.4 ], [ 437271.32, 6465935.44 ], [ 437290.22, 6465829.94 ], [ 437343.64, 6465797.37 ], [ 437282.33, 6465719.33 ], [ 437364.18, 6465721.83 ], [ 437401.07, 6465796.92 ], [ 437462.55, 6465762.23 ], [ 437502.34, 6465806.23 ], [ 437626.24, 6465775.16 ], [ 437686.66, 6465588.54 ], [ 437584.61, 6465528.18 ], [ 437734.96, 6465465.71 ], [ 437679.91, 6465358.22 ], [ 437583.46, 6465408.37 ], [ 437543.0, 6465377.22 ], [ 437619.06, 6465316.96 ], [ 437621.99, 6465236.71 ], [ 437690.01, 6465237.93 ], [ 437673.49, 6465181.7 ], [ 437627.48, 6465197.92 ], [ 437610.72, 6465169.01 ], [ 437679.76, 6465089.46 ], [ 437553.82, 6464997.02 ], [ 437664.42, 6464829.31 ], [ 437803.95, 6464794.3 ], [ 437803.94, 6464751.7 ], [ 437598.04, 6464649.08 ], [ 437654.48, 6464608.68 ], [ 437509.4, 6464580.39 ], [ 437462.03, 6464468.95 ], [ 437414.9, 6464500.91 ], [ 437404.61, 6464608.03 ], [ 437319.38, 6464629.46 ], [ 437242.43, 6464563.56 ], [ 437256.74, 6464627.83 ], [ 437173.95, 6464637.75 ], [ 437084.74, 6464781.94 ], [ 437156.23, 6464881.1 ], [ 437217.51, 6464842.74 ], [ 437299.88, 6464966.81 ], [ 437263.94, 6465012.13 ], [ 437210.94, 6464926.82 ], [ 437155.25, 6464943.61 ], [ 437188.92, 6464996.05 ], [ 437150.88, 6465008.79 ], [ 437180.17, 6465114.85 ], [ 437123.01, 6465133.97 ], [ 437115.23, 6465210.91 ], [ 437010.01, 6465154.68 ], [ 437118.15, 6465000.2 ], [ 437030.37, 6464996.86 ], [ 436973.71, 6464883.63 ], [ 437038.16, 6464844.75 ], [ 437052.72, 6464663.41 ], [ 437143.06, 6464628.73 ], [ 436987.17, 6464608.65 ], [ 436993.02, 6464502.66 ], [ 436896.81, 6464497.13 ], [ 436837.18, 6464550.42 ], [ 436793.23, 6464492.44 ], [ 436781.64, 6464421.14 ], [ 436844.9, 6464312.57 ], [ 436788.39, 6464220.43 ], [ 436773.25, 6463989.2 ], [ 436847.23, 6463888.05 ], [ 436837.06, 6463992.84 ], [ 436912.8, 6463974.05 ], [ 436887.55, 6463820.79 ], [ 436941.33, 6463741.84 ], [ 436832.29, 6463718.18 ], [ 436839.81, 6463672.82 ], [ 436782.11, 6463628.17 ], [ 436813.53, 6463567.54 ], [ 436753.18, 6463534.15 ], [ 436870.35, 6463333.56 ], [ 436807.07, 6463308.41 ], [ 436790.05, 6463256.9 ], [ 437089.38, 6462943.94 ], [ 436962.85, 6462883.76 ], [ 436937.31, 6462955.3 ], [ 436868.36, 6462932.33 ], [ 436825.9, 6463005.13 ], [ 436752.99, 6462953.98 ], [ 436665.23, 6462986.37 ], [ 436589.68, 6462964.03 ], [ 436400.45, 6462860.88 ], [ 436459.78, 6462836.01 ], [ 436444.37, 6462798.22 ], [ 436504.95, 6462788.67 ], [ 436398.01, 6462781.49 ], [ 436362.71, 6462723.09 ], [ 436415.94, 6462672.47 ], [ 436280.52, 6462742.79 ], [ 436143.01, 6462670.39 ], [ 436151.32, 6462619.48 ], [ 436084.64, 6462684.85 ], [ 435981.12, 6462622.38 ], [ 435942.73, 6462706.18 ], [ 435967.76, 6462796.23 ], [ 435920.01, 6462825.68 ], [ 435875.94, 6462755.32 ], [ 435820.77, 6462793.75 ], [ 435861.85, 6462651.73 ], [ 435800.61, 6462691.82 ], [ 435807.04, 6462664.76 ], [ 435728.98, 6462641.2 ], [ 435705.02, 6462721.49 ], [ 435668.31, 6462693.81 ], [ 435690.74, 6462680.81 ], [ 435547.67, 6462611.58 ], [ 435556.11, 6462524.15 ], [ 435438.7, 6462591.68 ], [ 435418.35, 6462640.04 ], [ 435451.8, 6462667.24 ], [ 435406.59, 6462670.17 ], [ 435364.83, 6462841.79 ], [ 435304.37, 6462842.64 ], [ 435306.26, 6462799.27 ], [ 435204.59, 6462803.08 ], [ 435193.55, 6462732.44 ], [ 435105.67, 6462738.66 ], [ 435086.03, 6462699.92 ], [ 435063.75, 6462752.62 ], [ 435093.58, 6462647.39 ], [ 435024.14, 6462647.46 ], [ 435038.13, 6462554.11 ], [ 435003.13, 6462542.37 ], [ 434973.22, 6462338.7 ], [ 434947.34, 6462340.87 ], [ 434990.94, 6462599.82 ], [ 434934.72, 6462659.76 ], [ 434842.62, 6462605.49 ], [ 434779.15, 6462694.55 ], [ 434800.41, 6462747.27 ], [ 434776.06, 6462735.27 ], [ 434800.31, 6462773.28 ], [ 434878.14, 6462675.75 ], [ 434918.94, 6462735.67 ], [ 434890.95, 6462762.53 ], [ 434862.24, 6462732.84 ], [ 434880.41, 6462778.21 ], [ 434935.57, 6462761.68 ], [ 434960.07, 6462803.87 ], [ 434798.16, 6462829.29 ], [ 434766.25, 6462762.9 ], [ 434744.92, 6462849.33 ], [ 434610.59, 6462788.64 ], [ 434653.0, 6462855.81 ], [ 434599.98, 6462884.61 ], [ 434635.52, 6462905.43 ], [ 434565.23, 6462908.35 ], [ 434661.76, 6462955.69 ], [ 434573.94, 6463055.71 ], [ 434434.51, 6463085.85 ], [ 434252.66, 6463033.82 ], [ 434140.28, 6463158.44 ], [ 434017.73, 6463111.0 ], [ 434050.24, 6462971.85 ], [ 434013.71, 6462937.6 ], [ 433975.94, 6462978.7 ], [ 433921.8, 6462933.12 ], [ 433883.16, 6462995.89 ], [ 433747.77, 6462880.44 ], [ 433645.06, 6462920.06 ], [ 433576.29, 6463079.95 ], [ 433720.06, 6462958.17 ], [ 433743.5, 6463044.11 ], [ 433874.13, 6463083.37 ], [ 433924.45, 6463188.64 ], [ 434175.19, 6463212.27 ], [ 434315.34, 6463161.01 ], [ 434345.87, 6463262.79 ], [ 434428.38, 6463266.52 ], [ 434413.08, 6463321.84 ], [ 434344.91, 6463357.94 ], [ 434376.35, 6463378.15 ], [ 434402.21, 6463573.68 ], [ 434353.7, 6463629.24 ], [ 434437.65, 6463674.78 ], [ 434453.38, 6463801.48 ], [ 434408.07, 6463809.05 ], [ 434295.85, 6463673.21 ], [ 434298.53, 6463622.17 ], [ 434242.45, 6463607.29 ], [ 434256.4, 6463578.57 ], [ 434202.09, 6463587.64 ], [ 434195.05, 6463531.9 ], [ 434101.44, 6463529.52 ], [ 434022.05, 6463591.05 ], [ 434028.82, 6463631.1 ], [ 434096.38, 6463652.29 ], [ 434089.74, 6463743.82 ], [ 434139.95, 6463823.7 ], [ 434376.83, 6463881.77 ], [ 434341.88, 6464083.21 ], [ 434362.91, 6464213.94 ], [ 434299.06, 6464273.86 ], [ 434330.84, 6464335.83 ], [ 434299.71, 6464382.55 ], [ 434402.03, 6464431.99 ], [ 434370.45, 6464515.24 ], [ 434273.6, 6464512.25 ], [ 434238.49, 6464456.17 ], [ 434238.78, 6464523.13 ], [ 434132.61, 6464474.07 ], [ 434133.23, 6464508.42 ], [ 434061.8, 6464507.33 ], [ 434019.2, 6464560.65 ], [ 433995.47, 6464536.15 ], [ 434041.92, 6464432.16 ], [ 433893.36, 6464500.68 ], [ 433996.2, 6464397.48 ], [ 433961.7, 6464356.65 ], [ 433910.91, 6464390.47 ], [ 433902.55, 6464279.38 ], [ 433825.38, 6464351.48 ], [ 433853.14, 6464386.09 ], [ 433802.73, 6464524.35 ], [ 433736.3, 6464426.43 ], [ 433767.63, 6464350.81 ], [ 433709.31, 6464322.63 ], [ 433643.9, 6464437.73 ], [ 433704.09, 6464457.64 ], [ 433711.44, 6464503.92 ], [ 433679.43, 6464568.64 ], [ 433615.88, 6464582.27 ], [ 433580.2, 6464551.34 ], [ 433579.8, 6464421.24 ], [ 433476.12, 6464308.69 ], [ 433434.73, 6464396.02 ], [ 433468.6, 6464440.63 ], [ 433366.49, 6464467.25 ], [ 433299.78, 6464578.96 ], [ 433198.24, 6464548.57 ], [ 433148.14, 6464612.83 ], [ 433003.96, 6464647.23 ], [ 433175.73, 6464347.41 ], [ 433119.94, 6464179.01 ], [ 433176.11, 6464096.37 ], [ 433063.14, 6464007.25 ], [ 433115.84, 6463930.55 ], [ 433042.56, 6463853.87 ], [ 433075.12, 6463813.88 ], [ 433155.74, 6463849.97 ], [ 433120.58, 6463796.04 ], [ 433156.3, 6463769.92 ], [ 433156.72, 6463685.31 ], [ 433208.29, 6463670.95 ], [ 433186.29, 6463738.76 ], [ 433292.52, 6463708.02 ], [ 433374.31, 6463517.87 ], [ 433316.92, 6463532.11 ], [ 433274.16, 6463607.67 ], [ 433200.12, 6463571.09 ], [ 433050.07, 6463755.75 ], [ 433009.46, 6463733.71 ], [ 433039.32, 6463702.32 ], [ 432999.65, 6463656.58 ], [ 433083.23, 6463512.16 ], [ 433039.05, 6463320.12 ], [ 432982.99, 6463545.93 ], [ 432948.4, 6463553.77 ], [ 432941.17, 6463481.55 ], [ 432873.42, 6463527.13 ], [ 432827.5, 6463425.06 ], [ 432795.55, 6463541.89 ], [ 432654.28, 6463538.66 ], [ 432662.92, 6463250.48 ], [ 432745.05, 6463281.84 ], [ 432790.57, 6463249.77 ], [ 432791.25, 6463076.5 ], [ 432756.51, 6463091.46 ], [ 432728.95, 6463215.35 ], [ 432598.76, 6463252.9 ], [ 432543.42, 6463430.77 ], [ 432490.09, 6463424.94 ], [ 432476.22, 6463326.87 ], [ 432407.48, 6463339.19 ], [ 432446.79, 6463274.56 ], [ 432359.21, 6463266.01 ], [ 432398.59, 6463176.5 ], [ 432463.35, 6463158.29 ], [ 432523.56, 6462970.77 ], [ 432596.98, 6463034.91 ], [ 432576.95, 6463163.38 ], [ 432665.48, 6463127.95 ], [ 432626.26, 6462974.24 ], [ 432582.05, 6462961.59 ], [ 432598.56, 6462876.95 ], [ 432476.75, 6462884.42 ], [ 432675.86, 6462764.5 ], [ 432907.2, 6462764.52 ], [ 432987.34, 6462878.34 ], [ 432965.9, 6462950.2 ], [ 433063.35, 6462948.71 ], [ 433091.91, 6462844.66 ], [ 433186.02, 6462829.32 ], [ 433289.23, 6462913.22 ], [ 433293.78, 6463023.28 ], [ 433341.62, 6462992.97 ], [ 433325.38, 6462932.34 ], [ 433462.42, 6462834.77 ], [ 433471.21, 6462788.99 ], [ 433319.65, 6462809.59 ], [ 433247.06, 6462775.71 ], [ 433325.34, 6462710.34 ], [ 433273.21, 6462689.02 ], [ 433311.25, 6462629.23 ], [ 433229.43, 6462676.88 ], [ 433162.53, 6462622.12 ], [ 433162.89, 6462570.13 ], [ 433130.13, 6462643.72 ], [ 433081.89, 6462622.62 ], [ 433058.43, 6462676.49 ], [ 432966.2, 6462626.1 ], [ 432982.04, 6462573.3 ], [ 432937.51, 6462648.76 ], [ 432847.28, 6462599.33 ], [ 432749.92, 6462601.75 ], [ 432755.53, 6462544.2 ], [ 432567.05, 6462542.46 ], [ 432556.34, 6462508.06 ], [ 432581.31, 6462523.19 ], [ 432622.49, 6462472.92 ], [ 432540.67, 6462464.78 ], [ 432494.81, 6462519.31 ], [ 432364.13, 6462482.76 ], [ 432335.72, 6462410.0 ], [ 432360.21, 6462311.84 ], [ 432275.44, 6462448.32 ], [ 432157.62, 6462465.39 ], [ 432122.46, 6462412.2 ], [ 432066.79, 6462416.65 ], [ 432206.18, 6462369.58 ], [ 432120.75, 6462371.72 ], [ 431985.68, 6462304.92 ], [ 432042.42, 6462274.97 ], [ 431964.1, 6462229.85 ], [ 431968.88, 6462189.06 ], [ 432038.3, 6462189.82 ], [ 432065.99, 6462145.72 ], [ 431984.88, 6462135.46 ], [ 431999.7, 6462077.29 ], [ 431950.8, 6462061.9 ], [ 431920.62, 6462098.73 ], [ 431929.93, 6462063.29 ], [ 431877.87, 6462064.25 ], [ 431888.73, 6461958.9 ], [ 431780.19, 6461985.68 ], [ 431747.51, 6461943.12 ], [ 431678.0, 6461961.68 ], [ 431669.25, 6461934.71 ], [ 431662.68, 6462003.53 ], [ 431514.04, 6461968.07 ], [ 431468.34, 6461754.27 ], [ 431349.25, 6461670.67 ], [ 431444.5, 6461572.32 ], [ 431294.94, 6461584.28 ], [ 431304.89, 6461484.07 ], [ 431213.03, 6461327.78 ], [ 431318.7, 6461204.86 ], [ 431180.37, 6461120.82 ], [ 431147.26, 6461047.08 ], [ 431217.13, 6460951.77 ], [ 431207.3, 6460873.99 ], [ 431247.91, 6460816.78 ], [ 431136.58, 6460768.61 ], [ 431119.19, 6460704.17 ], [ 431197.09, 6460477.95 ], [ 431332.37, 6460451.24 ], [ 431339.91, 6460340.63 ], [ 431424.88, 6460292.95 ], [ 431379.44, 6460228.15 ], [ 431303.97, 6460274.31 ], [ 431286.85, 6460221.13 ], [ 431227.05, 6460200.44 ], [ 431240.21, 6460157.86 ], [ 431184.69, 6460067.75 ], [ 431218.44, 6460031.29 ], [ 431172.96, 6460030.78 ], [ 431166.55, 6459927.16 ], [ 431084.2, 6459842.81 ], [ 431145.25, 6459748.72 ], [ 431293.71, 6459717.62 ], [ 431165.6, 6459595.35 ], [ 431217.96, 6459528.15 ], [ 431258.99, 6459240.94 ], [ 431398.25, 6459111.23 ], [ 431555.13, 6459087.11 ], [ 431698.68, 6459021.2 ], [ 431794.21, 6458920.21 ], [ 431718.37, 6458935.95 ], [ 431705.11, 6458975.86 ], [ 431644.13, 6458957.49 ], [ 431547.06, 6459074.19 ], [ 431376.56, 6459102.8 ], [ 431286.35, 6459072.93 ], [ 431280.59, 6459138.68 ], [ 431073.33, 6459315.03 ], [ 431096.38, 6459269.17 ], [ 431028.12, 6459159.04 ], [ 431015.57, 6459021.4 ], [ 431123.0, 6458861.4 ], [ 431100.06, 6458831.34 ], [ 431051.57, 6458882.04 ], [ 430988.23, 6458667.61 ], [ 430925.41, 6458611.04 ], [ 430946.53, 6458560.36 ], [ 430817.7, 6458456.0 ], [ 430856.09, 6458156.89 ], [ 430820.03, 6458307.9 ], [ 430732.92, 6458436.38 ], [ 430786.69, 6458633.59 ], [ 430762.09, 6458697.4 ], [ 430645.69, 6458672.15 ], [ 430563.3, 6458820.82 ], [ 430449.98, 6458819.41 ], [ 430490.23, 6458935.74 ], [ 430464.33, 6458985.09 ], [ 430257.06, 6458989.68 ], [ 430271.84, 6459029.11 ], [ 430205.42, 6459063.92 ], [ 430212.67, 6459160.38 ], [ 430045.46, 6459233.31 ], [ 430122.24, 6459337.39 ], [ 430039.06, 6459372.22 ], [ 429982.61, 6459524.71 ], [ 429807.87, 6459449.83 ], [ 429759.17, 6459478.09 ], [ 429721.26, 6459425.44 ], [ 429705.02, 6459530.92 ], [ 429581.67, 6459556.43 ], [ 429589.86, 6459446.38 ], [ 429408.11, 6459626.93 ], [ 429295.9, 6459632.93 ], [ 429326.7, 6459668.38 ], [ 429270.02, 6459690.65 ], [ 429078.76, 6459687.53 ], [ 429064.03, 6459719.24 ], [ 428840.67, 6459643.91 ], [ 428714.7, 6459676.0 ], [ 428572.9, 6459630.37 ], [ 428566.21, 6459587.18 ], [ 428507.28, 6459620.17 ], [ 428371.36, 6459599.75 ], [ 428331.14, 6459646.58 ], [ 428225.61, 6459646.84 ], [ 428198.73, 6459604.71 ], [ 428152.3, 6459680.05 ], [ 427983.26, 6459588.14 ], [ 427980.3, 6459544.43 ], [ 427954.47, 6459573.15 ], [ 427856.71, 6459546.14 ], [ 427777.52, 6459569.62 ], [ 427745.02, 6459533.44 ], [ 427723.87, 6459599.92 ], [ 427614.57, 6459675.4 ], [ 427534.21, 6459619.48 ], [ 427388.79, 6459622.32 ], [ 427367.13, 6459582.18 ], [ 427205.71, 6459655.64 ], [ 427153.8, 6459613.11 ], [ 426900.94, 6459839.05 ], [ 426861.67, 6459856.62 ], [ 426818.18, 6459815.66 ], [ 426802.84, 6459851.42 ], [ 426735.34, 6459846.13 ], [ 426774.78, 6459896.68 ], [ 426741.37, 6459981.71 ], [ 426607.5, 6460051.86 ], [ 426568.79, 6460157.85 ], [ 426489.76, 6460190.55 ], [ 426461.81, 6460259.86 ], [ 426404.63, 6460222.52 ], [ 426414.92, 6460285.91 ], [ 426273.77, 6460433.77 ], [ 426137.83, 6460507.3 ], [ 426075.62, 6460457.91 ], [ 426048.13, 6460512.84 ], [ 425898.63, 6460592.82 ], [ 425850.22, 6460574.02 ], [ 425710.58, 6460676.44 ], [ 425559.43, 6460611.47 ], [ 425684.38, 6460554.42 ], [ 425772.09, 6460492.16 ], [ 425775.32, 6460485.62 ], [ 425587.61, 6460592.7 ], [ 425545.16, 6460565.7 ], [ 425387.16, 6460635.18 ], [ 425352.79, 6460595.29 ], [ 425257.14, 6460630.05 ], [ 425249.83, 6460592.79 ], [ 425128.37, 6460597.73 ], [ 425082.58, 6460524.07 ], [ 424994.32, 6460557.8 ], [ 424921.79, 6460520.0 ], [ 424861.65, 6460535.89 ], [ 424805.88, 6460487.32 ], [ 424703.86, 6460514.73 ], [ 424655.48, 6460451.68 ], [ 424593.11, 6460510.28 ], [ 424537.67, 6460509.32 ], [ 424423.42, 6460430.11 ], [ 424429.97, 6460345.11 ], [ 424386.66, 6460270.11 ], [ 424350.63, 6460331.74 ], [ 424316.09, 6460326.77 ], [ 424207.14, 6460250.43 ], [ 424134.4, 6460096.48 ], [ 424082.55, 6460063.08 ], [ 424019.6, 6460097.36 ], [ 423969.41, 6460071.72 ], [ 423895.48, 6459937.65 ], [ 423928.42, 6459838.64 ], [ 423817.06, 6459749.13 ], [ 423794.89, 6459685.6 ], [ 423676.54, 6459632.89 ], [ 423602.55, 6459468.71 ], [ 423635.05, 6459224.99 ], [ 423707.15, 6459067.17 ], [ 423671.19, 6458966.5 ], [ 423763.61, 6458934.68 ], [ 423682.42, 6458913.11 ], [ 423657.8, 6458852.63 ], [ 423731.64, 6458790.49 ], [ 423792.09, 6458578.83 ], [ 423894.53, 6458438.44 ], [ 423943.49, 6458431.02 ], [ 423913.25, 6458363.65 ], [ 424022.81, 6458292.86 ], [ 424055.14, 6458194.0 ], [ 424189.75, 6458061.43 ], [ 424253.57, 6458045.52 ], [ 424231.19, 6457995.83 ], [ 424277.46, 6457933.1 ], [ 424349.83, 6457925.56 ], [ 424439.07, 6457674.25 ], [ 424511.38, 6457666.67 ], [ 424518.43, 6457524.46 ], [ 424699.84, 6457502.36 ], [ 424684.54, 6457407.89 ], [ 424828.31, 6457371.18 ], [ 424749.5, 6457308.56 ], [ 424791.61, 6457130.92 ], [ 425008.04, 6457116.71 ], [ 425012.34, 6457064.39 ], [ 425077.75, 6457015.22 ], [ 425112.33, 6456831.42 ], [ 425259.87, 6456785.83 ], [ 425243.96, 6456661.07 ], [ 425380.41, 6456422.53 ], [ 425498.35, 6456389.97 ], [ 425564.89, 6456231.64 ], [ 425619.74, 6456193.48 ], [ 425791.34, 6456250.09 ], [ 425717.62, 6456219.96 ], [ 425789.95, 6456146.14 ], [ 425849.75, 6456151.4 ], [ 425904.38, 6456245.25 ], [ 425872.53, 6456331.42 ], [ 425932.45, 6456231.93 ], [ 425890.33, 6456340.74 ], [ 425991.02, 6456281.68 ], [ 426044.14, 6456145.46 ], [ 426054.67, 6455929.23 ], [ 426092.36, 6455900.54 ], [ 426061.23, 6455808.96 ], [ 426110.02, 6455722.3 ], [ 426091.42, 6455358.74 ], [ 426201.37, 6455237.16 ], [ 426241.25, 6455078.6 ], [ 426357.12, 6455005.3 ], [ 426346.61, 6454673.66 ], [ 426295.66, 6454635.66 ], [ 426264.88, 6454480.91 ], [ 426327.02, 6454441.15 ], [ 426383.51, 6454215.04 ], [ 426481.2, 6454083.76 ], [ 426418.48, 6454112.69 ], [ 426324.54, 6454090.22 ], [ 426249.38, 6454041.35 ], [ 426271.45, 6453992.0 ], [ 426222.52, 6454014.77 ], [ 426172.17, 6453983.14 ], [ 426175.46, 6453931.07 ], [ 426088.97, 6453875.91 ], [ 426060.76, 6453806.79 ], [ 426101.75, 6453679.55 ], [ 425937.94, 6453772.83 ], [ 425884.27, 6453739.27 ], [ 425904.17, 6453647.75 ], [ 425841.54, 6453725.1 ], [ 425758.77, 6453710.89 ], [ 425733.85, 6453658.48 ], [ 425656.7, 6453686.43 ], [ 425643.88, 6453646.48 ], [ 425586.17, 6453646.73 ], [ 425590.12, 6453530.8 ], [ 425500.42, 6453511.37 ], [ 425460.9, 6453430.39 ], [ 425481.9, 6453317.14 ], [ 425214.1, 6453396.63 ], [ 425020.27, 6453268.24 ], [ 424957.53, 6453180.03 ], [ 424840.7, 6453194.47 ], [ 424832.21, 6453115.67 ], [ 424801.67, 6453139.28 ], [ 424569.07, 6453014.4 ], [ 424454.49, 6453118.33 ], [ 424416.91, 6453084.54 ], [ 424329.3, 6453106.63 ], [ 424237.03, 6452929.77 ], [ 424193.84, 6453021.68 ], [ 424098.14, 6453005.55 ], [ 424104.79, 6452963.07 ], [ 424026.38, 6452979.93 ], [ 423978.66, 6453071.13 ], [ 423885.83, 6453136.54 ], [ 423869.49, 6453097.37 ], [ 423794.71, 6453095.5 ], [ 423721.54, 6453185.6 ], [ 423725.59, 6453263.09 ], [ 423598.98, 6453310.92 ], [ 423672.22, 6453381.55 ], [ 423585.63, 6453387.04 ], [ 423571.69, 6453342.23 ], [ 423492.12, 6453362.86 ], [ 423454.2, 6453293.67 ], [ 423540.55, 6453268.19 ], [ 423482.14, 6453262.64 ], [ 423414.75, 6453336.02 ], [ 423350.0, 6453336.69 ], [ 423300.02, 6453395.1 ], [ 423322.45, 6453423.93 ], [ 423382.45, 6453383.34 ], [ 423335.94, 6453385.58 ], [ 423356.34, 6453354.94 ], [ 423388.92, 6453371.67 ], [ 423385.81, 6453425.56 ], [ 423456.17, 6453407.52 ], [ 423389.28, 6453471.07 ], [ 423382.13, 6453437.42 ], [ 423326.88, 6453438.89 ], [ 423366.93, 6453481.38 ], [ 423325.77, 6453523.6 ], [ 423338.16, 6453569.16 ], [ 423460.58, 6453472.95 ], [ 423467.06, 6453509.11 ], [ 423544.64, 6453526.82 ], [ 423503.76, 6453596.98 ], [ 423533.66, 6453625.61 ], [ 423446.13, 6453693.36 ], [ 423390.95, 6453658.65 ], [ 423426.77, 6453623.56 ], [ 423371.69, 6453622.17 ], [ 423364.68, 6453585.96 ], [ 423275.01, 6453596.16 ], [ 423206.09, 6453557.81 ], [ 423197.8, 6453379.92 ], [ 423150.92, 6453474.96 ], [ 423035.96, 6453523.98 ], [ 423034.95, 6453474.24 ], [ 423073.19, 6453459.3 ], [ 423024.24, 6453414.63 ], [ 423025.26, 6453278.57 ], [ 423086.83, 6453309.08 ], [ 423129.7, 6453241.22 ], [ 423102.57, 6453191.64 ], [ 423072.83, 6453240.37 ], [ 423002.55, 6453245.16 ], [ 423020.13, 6453314.98 ], [ 422926.34, 6453406.47 ], [ 422946.8, 6453463.09 ], [ 422836.81, 6453612.26 ], [ 422744.2, 6453624.19 ], [ 422646.01, 6453745.5 ], [ 422537.13, 6453712.32 ], [ 422434.3, 6453779.95 ], [ 422488.6, 6453817.43 ], [ 422485.96, 6453897.82 ], [ 422533.92, 6453939.42 ], [ 422491.2, 6454079.54 ], [ 422436.15, 6454081.67 ], [ 422480.98, 6454109.82 ], [ 422497.46, 6454275.56 ], [ 422431.91, 6454316.89 ], [ 422394.38, 6454428.17 ], [ 422315.04, 6454461.02 ], [ 422225.22, 6454598.14 ], [ 422095.7, 6454609.82 ], [ 422059.42, 6454674.13 ], [ 421999.76, 6454682.3 ], [ 421967.92, 6454617.06 ], [ 421929.46, 6454620.03 ], [ 421876.94, 6454700.33 ], [ 421731.03, 6454727.9 ], [ 421678.26, 6454863.55 ], [ 421563.51, 6454856.29 ], [ 421582.82, 6454889.89 ], [ 421533.19, 6454896.85 ], [ 421560.56, 6454930.76 ], [ 421494.47, 6455070.86 ], [ 421447.34, 6455080.11 ], [ 421400.78, 6455028.65 ], [ 421363.0, 6455068.69 ], [ 421306.72, 6455198.02 ], [ 421292.38, 6455377.67 ], [ 421336.64, 6455421.72 ], [ 421325.94, 6455606.35 ], [ 421429.52, 6455664.78 ], [ 421402.49, 6455682.75 ], [ 421469.13, 6455820.98 ], [ 421431.35, 6455853.02 ], [ 421382.31, 6455773.57 ], [ 421332.09, 6455812.79 ], [ 421246.52, 6455727.71 ], [ 421273.82, 6455793.03 ], [ 421224.49, 6455788.08 ], [ 421062.48, 6455678.74 ], [ 421112.15, 6455783.99 ], [ 421108.26, 6455851.92 ], [ 421060.7, 6455850.82 ], [ 421014.6, 6455737.27 ], [ 420845.0, 6455655.63 ], [ 420814.66, 6455584.5 ], [ 420830.18, 6455361.24 ], [ 420896.48, 6455125.18 ], [ 420792.95, 6454897.09 ], [ 420793.82, 6454801.89 ], [ 420706.36, 6454674.8 ], [ 420718.95, 6454574.58 ], [ 420625.2, 6454484.37 ], [ 420550.58, 6454167.77 ], [ 420504.39, 6454090.78 ], [ 420453.99, 6454086.69 ], [ 420447.62, 6453891.49 ], [ 420361.68, 6453706.25 ], [ 420442.3, 6453907.67 ], [ 420431.41, 6454035.93 ], [ 420524.18, 6454365.96 ], [ 420448.38, 6454519.14 ], [ 420482.95, 6454604.16 ], [ 420400.98, 6454772.19 ], [ 420326.69, 6454792.42 ], [ 420172.51, 6454980.37 ], [ 420091.3, 6455000.0 ], [ 420125.57, 6455051.22 ], [ 420056.91, 6455131.18 ], [ 419992.94, 6455134.24 ], [ 420022.57, 6455184.8 ], [ 419923.54, 6455415.25 ], [ 419936.04, 6455540.74 ], [ 419863.71, 6455590.14 ], [ 419952.71, 6455696.94 ], [ 419859.72, 6455912.55 ], [ 420012.89, 6456033.82 ], [ 420022.21, 6456133.67 ], [ 420141.96, 6456270.92 ], [ 420123.97, 6456342.4 ], [ 420194.66, 6456392.76 ], [ 420281.93, 6456373.05 ], [ 420222.16, 6456280.03 ], [ 420363.09, 6456194.22 ], [ 420324.64, 6456080.33 ], [ 420412.42, 6456016.8 ], [ 420424.26, 6455886.92 ], [ 420607.28, 6455914.45 ], [ 420842.79, 6456071.59 ], [ 420802.98, 6456286.19 ], [ 420733.6, 6456278.87 ], [ 420779.68, 6456341.29 ], [ 420761.71, 6456383.91 ], [ 420666.42, 6456341.36 ], [ 420558.45, 6456423.46 ], [ 420664.5, 6456537.39 ], [ 420890.01, 6456494.58 ], [ 420896.54, 6456653.23 ], [ 420848.12, 6456697.54 ], [ 420735.56, 6456709.7 ], [ 420704.04, 6456617.53 ], [ 420516.09, 6456609.49 ], [ 420522.87, 6456668.85 ], [ 420431.9, 6456706.65 ], [ 420405.5, 6456763.06 ], [ 420456.44, 6456810.73 ], [ 420665.05, 6456772.69 ], [ 420712.14, 6456845.13 ], [ 420773.7, 6456736.88 ], [ 420908.87, 6456794.93 ], [ 420965.98, 6456763.45 ], [ 420947.64, 6456830.67 ], [ 421021.61, 6456853.7 ], [ 421003.22, 6456921.51 ], [ 420942.29, 6456942.86 ], [ 420992.12, 6456977.52 ], [ 420961.51, 6457040.81 ], [ 420997.73, 6457066.1 ], [ 420864.04, 6457092.73 ], [ 420870.75, 6457196.99 ], [ 420765.0, 6457180.88 ], [ 420782.33, 6457229.04 ], [ 420862.08, 6457227.71 ], [ 420808.8, 6457294.91 ], [ 420839.82, 6457352.62 ], [ 420736.14, 6457406.02 ], [ 420699.82, 6457342.77 ], [ 420718.03, 6457418.38 ], [ 420667.24, 6457488.01 ], [ 420698.44, 6457560.59 ], [ 420645.47, 6457573.78 ], [ 420689.89, 6457610.64 ], [ 420559.26, 6457719.21 ], [ 420468.69, 6457622.39 ], [ 420410.53, 6457619.98 ], [ 420376.58, 6457542.64 ], [ 420307.4, 6457579.14 ], [ 420329.99, 6457639.47 ], [ 420265.7, 6457678.5 ], [ 420162.35, 6457589.67 ], [ 420042.25, 6457630.35 ], [ 419958.13, 6457585.95 ], [ 419882.68, 6457613.35 ], [ 419840.37, 6457536.96 ], [ 419762.65, 6457567.43 ], [ 419726.82, 6457526.6 ], [ 419679.77, 6457617.92 ], [ 419704.57, 6457627.9 ], [ 419633.57, 6457682.4 ], [ 419510.1, 6457637.1 ], [ 419451.64, 6457701.82 ], [ 419399.62, 6457613.49 ], [ 419387.48, 6457666.03 ], [ 419341.9, 6457647.49 ], [ 419371.76, 6457730.34 ], [ 419285.62, 6457742.36 ], [ 419284.89, 6457827.7 ], [ 419220.74, 6457823.85 ], [ 419178.33, 6457905.17 ], [ 419111.89, 6457905.67 ], [ 419135.99, 6457956.12 ], [ 419069.13, 6457972.81 ], [ 418932.33, 6457819.62 ], [ 418863.53, 6457921.72 ], [ 418824.37, 6457834.55 ], [ 418780.13, 6457853.63 ], [ 418649.43, 6457768.03 ], [ 418612.79, 6457621.66 ], [ 418666.39, 6457638.5 ], [ 418714.98, 6457598.26 ], [ 418764.42, 6457637.2 ], [ 418902.18, 6457638.25 ], [ 418937.86, 6457679.55 ], [ 419141.57, 6457605.63 ], [ 419158.65, 6457537.78 ], [ 419000.36, 6457458.03 ], [ 418817.26, 6457457.19 ], [ 418742.68, 6457328.46 ], [ 418750.74, 6457127.37 ], [ 418619.71, 6457112.6 ], [ 418521.07, 6457009.7 ], [ 418555.58, 6456928.79 ], [ 418623.57, 6456932.05 ], [ 418674.83, 6456883.33 ], [ 418719.6, 6456655.31 ], [ 418715.32, 6456609.15 ], [ 418633.19, 6456555.83 ], [ 418631.75, 6456330.02 ], [ 418574.64, 6456117.21 ], [ 418670.47, 6455865.97 ], [ 418647.74, 6455713.42 ], [ 418698.21, 6455651.83 ], [ 418700.95, 6455485.46 ], [ 418744.73, 6455453.13 ], [ 418663.29, 6455493.89 ], [ 418678.28, 6455426.42 ], [ 418512.21, 6455383.97 ], [ 418510.55, 6455296.5 ], [ 418415.27, 6455211.73 ], [ 418460.96, 6455153.77 ], [ 418341.54, 6455130.93 ], [ 418280.95, 6455038.42 ], [ 418190.81, 6454987.27 ], [ 418181.58, 6454915.91 ], [ 418128.52, 6454934.94 ], [ 418077.17, 6454840.74 ], [ 418019.5, 6454878.55 ], [ 418025.78, 6454771.34 ], [ 417977.54, 6454707.86 ], [ 417896.3, 6454718.97 ], [ 417870.28, 6454658.15 ], [ 417695.15, 6454574.48 ], [ 417620.11, 6454473.99 ], [ 417653.13, 6454461.08 ], [ 417623.56, 6454384.02 ], [ 417490.14, 6454403.47 ], [ 417552.99, 6454491.91 ], [ 417492.03, 6454600.12 ], [ 417477.16, 6454468.12 ], [ 417333.63, 6454397.08 ], [ 417368.02, 6454372.21 ], [ 417335.83, 6454283.89 ], [ 417262.63, 6454348.42 ], [ 417216.93, 6454303.79 ], [ 417146.12, 6454330.02 ], [ 417352.62, 6454718.44 ], [ 417361.96, 6455204.68 ], [ 417287.59, 6455291.13 ], [ 417302.7, 6455313.31 ], [ 417351.81, 6455268.9 ], [ 417377.93, 6455319.85 ], [ 417297.98, 6455440.46 ], [ 417337.25, 6455489.46 ], [ 417221.61, 6455558.27 ], [ 417148.81, 6455526.53 ], [ 417044.71, 6455552.28 ], [ 417088.35, 6455711.14 ], [ 417066.87, 6455794.93 ], [ 417018.15, 6455817.05 ], [ 417035.81, 6455926.1 ], [ 417000.13, 6455968.54 ], [ 416996.27, 6455812.08 ], [ 416902.22, 6455704.36 ], [ 416898.19, 6455759.71 ], [ 416795.77, 6455741.31 ], [ 416753.29, 6455808.73 ], [ 416657.99, 6455801.51 ], [ 416641.82, 6455706.41 ], [ 416575.3, 6455702.56 ], [ 416588.53, 6455642.77 ], [ 416477.93, 6455542.83 ], [ 416483.46, 6455442.77 ], [ 416447.88, 6455434.36 ], [ 416401.19, 6455263.68 ], [ 416348.73, 6455295.62 ], [ 416320.29, 6455261.52 ], [ 416370.32, 6455199.33 ], [ 416215.83, 6455121.13 ], [ 415984.16, 6454798.96 ], [ 415893.39, 6454779.12 ], [ 415737.89, 6454647.05 ], [ 415747.69, 6454588.29 ], [ 415702.91, 6454626.2 ], [ 415623.28, 6454533.17 ], [ 415545.51, 6454549.14 ], [ 415377.37, 6454349.15 ], [ 415385.51, 6454297.36 ], [ 415309.58, 6454301.55 ], [ 415315.99, 6454237.73 ], [ 415248.64, 6454218.89 ], [ 415260.76, 6454161.37 ], [ 415208.04, 6454159.18 ], [ 415186.29, 6454076.7 ], [ 415145.19, 6454078.45 ], [ 415128.93, 6454125.56 ], [ 415086.54, 6454110.11 ], [ 415091.96, 6454206.86 ], [ 415056.47, 6454240.51 ], [ 415170.54, 6454412.96 ], [ 415143.93, 6454516.98 ], [ 415004.83, 6454514.54 ], [ 415027.84, 6454574.03 ], [ 415154.49, 6454613.14 ], [ 415203.97, 6454763.2 ], [ 415093.13, 6454698.15 ], [ 415013.76, 6454750.83 ], [ 414908.73, 6454730.95 ], [ 414803.56, 6454604.05 ], [ 414731.29, 6454244.92 ], [ 414649.96, 6454207.18 ], [ 414630.09, 6454336.86 ], [ 414666.51, 6454403.24 ], [ 414560.91, 6454480.55 ], [ 414615.11, 6454573.47 ], [ 414526.56, 6454618.17 ], [ 414694.16, 6454691.88 ], [ 414718.78, 6454747.55 ], [ 414680.71, 6454785.95 ], [ 414716.11, 6454801.69 ], [ 414686.39, 6454852.14 ], [ 414722.15, 6454885.61 ], [ 414622.32, 6454893.9 ], [ 414705.66, 6455022.27 ], [ 414678.85, 6455117.5 ], [ 414737.56, 6455157.01 ], [ 414734.13, 6455360.42 ], [ 414634.28, 6455405.65 ], [ 414640.75, 6455516.66 ], [ 414581.75, 6455515.03 ], [ 414576.85, 6455589.32 ], [ 414526.06, 6455643.67 ], [ 414613.05, 6455813.3 ], [ 414530.71, 6455780.65 ], [ 414577.96, 6455866.6 ], [ 414484.56, 6455939.85 ], [ 414372.12, 6455936.48 ], [ 414346.28, 6456001.91 ], [ 414403.89, 6456037.25 ], [ 414413.6, 6456108.88 ], [ 414376.79, 6456160.04 ], [ 414433.85, 6456434.38 ], [ 414402.87, 6456514.81 ], [ 414478.79, 6456661.7 ], [ 414580.2, 6456681.79 ], [ 414613.75, 6456730.72 ], [ 414629.78, 6456963.22 ], [ 414525.91, 6456969.18 ], [ 414674.91, 6457070.76 ], [ 414660.09, 6457118.56 ], [ 414689.15, 6457122.17 ], [ 414670.23, 6457193.78 ], [ 414624.91, 6457178.89 ], [ 414667.32, 6457203.85 ], [ 414610.2, 6457320.47 ], [ 414644.88, 6457435.43 ], [ 414541.78, 6457414.0 ], [ 414706.9, 6457523.3 ], [ 414740.35, 6457633.22 ], [ 414717.36, 6457660.85 ], [ 414663.19, 6457624.31 ], [ 414651.15, 6457664.64 ], [ 414539.52, 6457569.62 ], [ 414543.66, 6457504.91 ], [ 414485.09, 6457483.0 ], [ 414461.49, 6457544.65 ], [ 414417.13, 6457533.78 ], [ 414396.8, 6457598.83 ], [ 414496.04, 6457730.16 ], [ 414449.34, 6457772.98 ], [ 414437.05, 6457888.24 ], [ 414394.54, 6457825.75 ], [ 414320.48, 6457804.18 ], [ 414267.4, 6457839.62 ], [ 414096.0, 6457818.93 ], [ 413970.1, 6457675.59 ], [ 413787.71, 6457682.44 ], [ 413721.02, 6457747.2 ], [ 413634.58, 6457712.52 ], [ 413645.46, 6457567.41 ], [ 413711.38, 6457536.18 ], [ 413717.12, 6457482.77 ], [ 413632.04, 6457386.71 ], [ 413600.06, 6457394.06 ], [ 413666.27, 6457363.12 ], [ 413663.2, 6457322.95 ], [ 413535.92, 6457180.91 ], [ 413460.55, 6456977.65 ], [ 413364.58, 6456863.76 ], [ 413242.69, 6456362.23 ], [ 413172.11, 6456326.42 ], [ 413168.16, 6456237.3 ], [ 413073.69, 6456039.14 ], [ 413013.76, 6455779.82 ], [ 413076.27, 6455607.08 ], [ 412981.21, 6455535.52 ], [ 412979.05, 6455375.86 ], [ 412901.68, 6455234.39 ], [ 412899.02, 6455130.56 ], [ 412936.63, 6455104.36 ], [ 412903.65, 6455109.23 ], [ 412877.7, 6455032.6 ], [ 412944.8, 6454954.25 ], [ 412911.86, 6454842.65 ], [ 412810.35, 6454828.25 ], [ 412761.17, 6454699.51 ], [ 412501.37, 6454400.5 ], [ 412497.25, 6454328.21 ], [ 412346.33, 6454211.39 ], [ 412256.5, 6454003.12 ], [ 412338.9, 6453889.59 ], [ 412321.7, 6453769.37 ], [ 412323.68, 6453886.03 ], [ 412262.7, 6453967.21 ], [ 412180.39, 6453984.99 ], [ 412114.45, 6453928.49 ], [ 412165.64, 6453807.48 ], [ 412265.71, 6453793.16 ], [ 412209.45, 6453742.38 ], [ 412181.24, 6453518.8 ], [ 412211.09, 6453469.21 ], [ 412330.57, 6453481.69 ], [ 412316.46, 6453434.05 ], [ 412178.42, 6453418.79 ], [ 412124.81, 6453543.38 ], [ 412025.83, 6453904.75 ], [ 412157.7, 6454046.24 ], [ 412054.53, 6454208.8 ], [ 411805.78, 6454147.58 ], [ 411706.5, 6454006.84 ], [ 411671.91, 6454018.15 ], [ 411646.03, 6454175.0 ], [ 411540.56, 6454150.37 ], [ 411475.64, 6454084.93 ], [ 411497.17, 6454180.49 ], [ 411387.32, 6454187.51 ], [ 411416.06, 6454287.68 ], [ 411373.67, 6454329.2 ], [ 411386.76, 6454394.05 ], [ 411515.43, 6454477.62 ], [ 411548.76, 6454673.76 ], [ 411588.77, 6454684.0 ], [ 411568.99, 6454719.07 ], [ 411606.4, 6454714.93 ], [ 411593.06, 6454806.84 ], [ 411688.34, 6455071.89 ], [ 411686.61, 6455339.01 ], [ 411562.77, 6455377.58 ], [ 411383.12, 6455306.73 ], [ 411347.49, 6455406.28 ], [ 411409.99, 6455675.99 ], [ 411373.57, 6455763.84 ], [ 411422.6, 6455863.83 ], [ 411345.9, 6455971.51 ], [ 411297.36, 6455991.08 ], [ 411150.59, 6455904.36 ], [ 411042.89, 6455900.86 ], [ 411074.29, 6455975.89 ], [ 410951.26, 6455981.68 ], [ 410922.38, 6455941.7 ], [ 410885.79, 6455985.13 ], [ 410925.02, 6456127.84 ], [ 410975.8, 6456138.58 ], [ 410961.83, 6456193.36 ], [ 411063.15, 6456518.16 ], [ 411025.39, 6456484.68 ], [ 410931.23, 6456538.69 ], [ 410872.27, 6456511.41 ], [ 410675.88, 6456272.94 ], [ 410547.26, 6456214.88 ], [ 410520.69, 6456159.11 ], [ 410457.24, 6456200.56 ], [ 410405.3, 6456294.67 ], [ 410464.17, 6456358.37 ], [ 410568.3, 6456756.14 ], [ 410468.66, 6456807.28 ], [ 410537.87, 6456794.96 ], [ 410593.78, 6457020.3 ], [ 410523.9, 6457064.57 ], [ 410456.26, 6457049.34 ], [ 410345.43, 6456800.2 ], [ 410276.14, 6456900.32 ], [ 410197.89, 6456903.51 ], [ 410308.52, 6456911.18 ], [ 410417.73, 6457142.35 ], [ 410453.78, 6457331.15 ], [ 410315.48, 6457255.1 ], [ 410174.49, 6457004.84 ], [ 410193.75, 6456945.85 ], [ 410131.72, 6457049.01 ], [ 410059.94, 6457063.08 ], [ 409989.84, 6456981.11 ], [ 409703.94, 6456841.22 ], [ 409677.17, 6457025.05 ], [ 409438.59, 6456661.66 ], [ 409247.44, 6456536.84 ], [ 409239.94, 6456268.54 ], [ 409169.26, 6456243.04 ], [ 409102.72, 6456113.88 ], [ 409229.18, 6455958.05 ], [ 409082.77, 6455938.26 ], [ 409055.43, 6455681.69 ], [ 408986.09, 6455616.5 ], [ 408943.4, 6455490.1 ], [ 408955.39, 6455390.68 ], [ 409049.14, 6455435.97 ], [ 409084.35, 6455326.86 ], [ 408923.46, 6455164.11 ], [ 408868.0, 6455190.07 ], [ 408869.09, 6455061.71 ], [ 408791.26, 6454964.24 ], [ 408740.45, 6454723.23 ], [ 408704.23, 6454845.24 ], [ 408640.8, 6454813.46 ], [ 408605.25, 6454841.72 ], [ 408438.91, 6454590.56 ], [ 408379.34, 6454407.66 ], [ 408342.25, 6454388.72 ], [ 408286.95, 6454476.83 ], [ 408242.43, 6454355.16 ], [ 408189.75, 6454375.74 ], [ 408185.4, 6454328.33 ], [ 408134.51, 6454371.31 ], [ 408128.19, 6454460.46 ], [ 408178.94, 6454553.0 ], [ 408151.11, 6454570.71 ], [ 408097.38, 6454457.39 ], [ 408069.46, 6454471.96 ], [ 408000.66, 6454381.21 ], [ 407946.71, 6454384.12 ], [ 407880.78, 6454236.27 ], [ 407852.84, 6454229.82 ], [ 407786.38, 6454169.58 ], [ 407813.04, 6454114.15 ], [ 407749.56, 6454115.65 ], [ 407758.2, 6454080.36 ], [ 407707.87, 6454120.24 ], [ 407699.63, 6454080.85 ], [ 407656.93, 6454084.91 ], [ 407675.23, 6454050.22 ], [ 407629.35, 6454077.73 ], [ 407641.68, 6454164.85 ], [ 407604.94, 6454180.22 ], [ 407629.14, 6453971.5 ], [ 407553.21, 6454093.53 ], [ 407551.71, 6453954.07 ], [ 407466.5, 6453995.84 ], [ 407450.88, 6453866.69 ], [ 407408.49, 6453906.38 ], [ 407440.19, 6454055.6 ], [ 407353.3, 6453997.39 ], [ 407364.54, 6453949.78 ], [ 407306.47, 6453984.31 ], [ 407233.51, 6453917.7 ], [ 407225.17, 6453799.03 ], [ 407179.04, 6453840.98 ], [ 407147.62, 6453820.41 ], [ 407173.2, 6453878.39 ], [ 407035.8, 6453841.25 ], [ 407000.77, 6453970.95 ], [ 406931.17, 6453959.76 ], [ 406982.42, 6454071.74 ], [ 406966.31, 6454128.49 ], [ 406839.49, 6454095.07 ], [ 406915.45, 6454177.3 ], [ 406917.12, 6454230.96 ], [ 406878.96, 6454176.7 ], [ 406782.8, 6454147.87 ], [ 406647.69, 6454288.81 ], [ 406585.65, 6454250.15 ], [ 406610.96, 6454180.14 ], [ 406577.86, 6454165.61 ], [ 406478.84, 6454324.7 ], [ 406334.23, 6454376.89 ], [ 406297.41, 6454350.75 ], [ 406326.43, 6454273.1 ], [ 406288.44, 6454271.04 ], [ 406210.54, 6454379.69 ], [ 406037.53, 6454431.11 ], [ 405677.65, 6454685.8 ], [ 405590.74, 6454660.43 ], [ 405523.16, 6454688.56 ], [ 405534.27, 6454526.93 ], [ 405633.11, 6454338.52 ], [ 405639.21, 6454378.28 ], [ 405745.41, 6454382.46 ], [ 405714.19, 6454365.06 ], [ 405720.24, 6454283.28 ], [ 405685.34, 6454335.65 ], [ 405664.95, 6454315.67 ], [ 405700.48, 6454273.12 ], [ 405795.93, 6454246.29 ], [ 405925.62, 6454139.25 ], [ 405919.87, 6454195.5 ], [ 406036.46, 6454172.41 ], [ 406066.97, 6454256.14 ], [ 406182.64, 6454324.33 ], [ 406209.87, 6454276.99 ], [ 406174.32, 6454262.99 ], [ 406180.9, 6454147.17 ], [ 406227.63, 6454105.75 ], [ 406351.22, 6454174.2 ], [ 406380.03, 6454105.05 ], [ 406562.97, 6454042.33 ], [ 406659.64, 6453953.73 ], [ 406704.91, 6453972.12 ], [ 406711.63, 6453915.18 ], [ 406327.88, 6454020.89 ], [ 406284.02, 6454064.67 ], [ 406145.71, 6454060.45 ], [ 405951.87, 6454126.81 ], [ 405923.44, 6454080.09 ], [ 405883.07, 6454118.9 ], [ 405791.97, 6454065.67 ], [ 405777.21, 6453969.13 ], [ 405725.75, 6454098.8 ], [ 405617.32, 6454048.28 ], [ 405759.97, 6453740.38 ], [ 405693.1, 6453758.26 ], [ 405698.26, 6453707.65 ], [ 405650.96, 6453691.9 ], [ 405703.97, 6453692.65 ], [ 405733.35, 6453627.83 ], [ 405631.92, 6453591.27 ], [ 405507.68, 6453853.49 ], [ 405542.51, 6453872.41 ], [ 405494.53, 6454002.91 ], [ 405502.99, 6454121.89 ], [ 405553.1, 6454189.69 ], [ 405522.16, 6454261.3 ], [ 405417.57, 6454245.02 ], [ 405381.99, 6454198.47 ], [ 405387.15, 6454257.47 ], [ 405264.91, 6454269.59 ], [ 405250.66, 6454331.26 ], [ 405239.02, 6454265.33 ], [ 405131.49, 6454194.31 ], [ 405026.61, 6454238.45 ], [ 404984.93, 6454319.53 ], [ 404924.69, 6454234.95 ], [ 404808.09, 6454324.41 ], [ 404905.06, 6454415.25 ], [ 404859.56, 6454478.03 ], [ 404755.58, 6454442.22 ], [ 404718.23, 6454495.2 ], [ 404660.57, 6454440.26 ], [ 404594.74, 6454444.13 ], [ 404585.04, 6454489.62 ], [ 404492.05, 6454468.19 ], [ 404504.76, 6454376.05 ], [ 404430.36, 6454336.11 ], [ 404416.22, 6454388.23 ], [ 404360.77, 6454384.76 ], [ 404374.81, 6454242.66 ], [ 404249.0, 6454167.52 ], [ 404111.22, 6454248.57 ], [ 404081.61, 6454341.65 ], [ 404016.94, 6454271.2 ], [ 403877.06, 6454221.85 ], [ 403823.48, 6454250.83 ], [ 403723.34, 6454225.95 ], [ 403717.97, 6454287.26 ], [ 403675.74, 6454288.21 ], [ 403601.4, 6454232.78 ], [ 403603.83, 6454156.97 ], [ 403508.75, 6454127.12 ], [ 403437.59, 6454154.41 ], [ 403444.59, 6454306.28 ], [ 403209.23, 6454311.91 ], [ 402901.3, 6454187.12 ], [ 402926.55, 6454089.02 ], [ 403010.37, 6454043.94 ], [ 402908.46, 6454067.12 ], [ 402865.49, 6454165.96 ], [ 402775.11, 6454108.5 ], [ 402872.85, 6454085.67 ], [ 402876.56, 6453995.61 ], [ 402567.72, 6453958.77 ], [ 402492.89, 6453903.52 ], [ 402382.52, 6453922.5 ], [ 401924.78, 6453798.55 ], [ 401336.34, 6453440.78 ], [ 400625.19, 6453108.15 ], [ 400077.12, 6452733.76 ], [ 399677.49, 6452358.27 ], [ 398780.78, 6451630.51 ], [ 398272.92, 6451149.5 ], [ 397785.95, 6450470.76 ], [ 397568.74, 6450025.06 ], [ 397357.14, 6449363.64 ], [ 397303.01, 6449033.05 ], [ 397372.19, 6448805.35 ], [ 397338.13, 6448714.23 ], [ 397370.38, 6448638.36 ], [ 397443.38, 6448595.71 ], [ 397411.28, 6448566.26 ], [ 397464.4, 6448575.24 ], [ 397392.41, 6448538.05 ], [ 397299.91, 6448122.87 ], [ 397359.72, 6448067.82 ], [ 397305.55, 6447974.75 ], [ 397365.41, 6447785.99 ], [ 397313.43, 6447675.3 ], [ 397373.52, 6447570.2 ], [ 397359.02, 6447436.41 ], [ 397391.67, 6447396.84 ], [ 397106.89, 6446973.7 ], [ 397095.35, 6446607.94 ], [ 397146.91, 6446453.77 ], [ 397191.15, 6446437.58 ], [ 397156.99, 6446321.84 ], [ 397206.39, 6446416.08 ], [ 397380.63, 6446467.58 ], [ 397270.5, 6446424.21 ], [ 397255.09, 6446368.21 ], [ 397284.62, 6445953.23 ], [ 397449.72, 6445604.3 ], [ 397537.35, 6445516.25 ], [ 397570.72, 6445011.31 ], [ 397687.93, 6444939.83 ], [ 397744.15, 6444856.05 ], [ 397748.14, 6444768.12 ], [ 397864.23, 6444634.41 ], [ 397851.12, 6444487.65 ], [ 397599.17, 6444284.89 ], [ 397466.81, 6444103.54 ], [ 397241.43, 6443508.83 ], [ 397163.31, 6443435.9 ], [ 397192.63, 6443378.29 ], [ 397116.13, 6443226.94 ], [ 397071.87, 6442824.86 ], [ 397141.37, 6442779.09 ], [ 397106.78, 6442464.27 ], [ 397224.75, 6442444.87 ], [ 397061.02, 6442451.13 ], [ 397086.49, 6442425.81 ], [ 397033.71, 6442391.08 ], [ 396784.69, 6441899.32 ], [ 396758.96, 6441739.97 ], [ 396661.71, 6441545.56 ], [ 396640.69, 6441350.24 ], [ 396553.89, 6441206.57 ], [ 396636.96, 6440929.89 ], [ 396553.53, 6440725.1 ], [ 396489.5, 6440687.53 ], [ 396487.07, 6440412.98 ], [ 396544.74, 6440285.59 ], [ 396744.31, 6440149.44 ], [ 396704.65, 6440114.62 ], [ 396668.71, 6439907.76 ], [ 396473.06, 6439585.36 ], [ 396061.59, 6439283.49 ], [ 395911.25, 6439295.4 ], [ 395784.88, 6439231.74 ], [ 395813.39, 6439196.79 ], [ 395504.68, 6438966.18 ], [ 395314.0, 6438530.36 ], [ 395088.05, 6438217.74 ], [ 395152.46, 6438065.16 ], [ 395150.8, 6437937.68 ], [ 395092.21, 6437757.12 ], [ 394993.2, 6437740.03 ], [ 394941.83, 6437681.68 ], [ 394962.56, 6437565.54 ], [ 394929.32, 6437407.45 ], [ 395081.33, 6437165.53 ], [ 395183.52, 6436840.49 ], [ 395393.92, 6436625.33 ], [ 395402.81, 6436547.33 ], [ 395319.1, 6436478.75 ], [ 395309.75, 6436384.95 ], [ 395335.68, 6436200.72 ], [ 395403.55, 6436169.54 ], [ 395443.06, 6436087.98 ], [ 395413.85, 6435933.18 ], [ 395307.46, 6435756.51 ], [ 395358.4, 6435671.27 ], [ 395282.62, 6435667.75 ], [ 395121.47, 6435552.46 ], [ 394809.6, 6435079.35 ], [ 394479.18, 6434768.3 ], [ 394150.25, 6434337.87 ], [ 393847.99, 6433824.06 ], [ 393717.61, 6433508.32 ], [ 393713.58, 6433300.65 ], [ 393585.42, 6432993.07 ], [ 393454.49, 6432879.22 ], [ 393397.87, 6432683.27 ], [ 393288.9, 6432664.58 ], [ 393112.13, 6432389.42 ], [ 393041.53, 6432116.7 ], [ 392802.17, 6431800.55 ], [ 392759.42, 6431559.64 ], [ 392692.0, 6431426.19 ], [ 392744.7, 6430879.65 ], [ 392876.1, 6430447.43 ], [ 393118.05, 6430150.05 ], [ 393288.58, 6429710.45 ], [ 393356.23, 6429636.19 ], [ 393469.73, 6429214.44 ], [ 393526.79, 6429087.97 ], [ 393600.08, 6429045.2 ], [ 393587.3, 6428983.99 ], [ 393531.84, 6428995.8 ], [ 393550.09, 6428954.62 ], [ 393601.76, 6428977.11 ], [ 393635.8, 6429025.79 ], [ 393589.92, 6428718.43 ], [ 393589.73, 6428485.17 ], [ 393634.8, 6428431.55 ], [ 393573.06, 6428122.43 ], [ 393362.44, 6427933.5 ], [ 393294.98, 6427800.43 ], [ 393305.65, 6427694.42 ], [ 393167.49, 6427711.4 ], [ 393052.15, 6427664.34 ], [ 393035.82, 6427617.62 ], [ 392963.01, 6427623.45 ], [ 392985.16, 6427535.29 ], [ 392815.77, 6427548.15 ], [ 392510.63, 6427186.12 ], [ 392396.16, 6427127.86 ], [ 392334.23, 6426917.5 ], [ 392292.34, 6426899.26 ], [ 392287.56, 6426680.07 ], [ 392154.27, 6426582.82 ], [ 392022.63, 6426517.41 ], [ 391961.66, 6426549.96 ], [ 391854.16, 6426397.85 ], [ 391651.61, 6426336.22 ], [ 391416.08, 6426365.06 ], [ 391388.44, 6426407.48 ], [ 391246.8, 6426437.73 ], [ 390835.98, 6426393.79 ], [ 390617.4, 6426315.48 ], [ 390117.16, 6425891.3 ], [ 390077.51, 6425645.9 ], [ 389804.32, 6425461.33 ], [ 389498.53, 6425345.34 ], [ 389151.26, 6425144.96 ], [ 389076.47, 6425066.78 ], [ 389033.52, 6424880.88 ], [ 388857.58, 6424632.68 ], [ 388882.14, 6424596.48 ], [ 388941.08, 6424663.98 ], [ 388916.7, 6424575.67 ], [ 389078.76, 6424562.28 ], [ 389108.66, 6424598.7 ], [ 389084.07, 6424549.35 ], [ 388865.6, 6424559.39 ], [ 388808.22, 6424524.95 ], [ 388156.09, 6423952.43 ], [ 387842.69, 6423527.02 ], [ 387364.9, 6422678.78 ], [ 387017.02, 6422362.44 ], [ 386926.85, 6422311.85 ], [ 386725.56, 6422332.91 ], [ 386466.16, 6422300.85 ], [ 386197.24, 6422196.39 ], [ 385990.01, 6422050.23 ], [ 385828.1, 6421865.24 ], [ 385543.99, 6421404.5 ], [ 385092.65, 6420971.3 ], [ 384739.53, 6420228.99 ], [ 384572.67, 6420030.97 ], [ 384506.95, 6419876.45 ], [ 384513.13, 6420070.84 ], [ 384542.69, 6420111.72 ], [ 384614.98, 6420108.64 ], [ 384671.03, 6420226.99 ], [ 384663.5, 6420444.65 ], [ 384708.22, 6420684.58 ], [ 384779.03, 6420768.16 ], [ 384823.13, 6420733.14 ], [ 384825.46, 6420901.29 ], [ 384765.67, 6420957.65 ], [ 384724.28, 6420946.01 ], [ 384708.22, 6421023.4 ], [ 384549.1, 6421058.77 ], [ 384605.63, 6420984.58 ], [ 384476.16, 6420958.85 ], [ 384497.79, 6420909.43 ], [ 384439.22, 6420938.74 ], [ 384425.66, 6420870.59 ], [ 384384.4, 6420940.32 ], [ 384319.32, 6420932.81 ], [ 384277.18, 6421008.36 ], [ 384198.34, 6420962.1 ], [ 384169.77, 6420998.53 ], [ 384115.05, 6420980.93 ], [ 384145.11, 6420935.1 ], [ 384202.58, 6420958.08 ], [ 384283.97, 6420904.22 ], [ 384179.02, 6420906.16 ], [ 384216.41, 6420887.45 ], [ 384145.33, 6420866.63 ], [ 384187.45, 6420825.32 ], [ 384062.72, 6420865.44 ], [ 383774.17, 6420830.25 ], [ 383779.01, 6420789.87 ], [ 383854.3, 6420802.56 ], [ 383860.12, 6420780.13 ], [ 383909.26, 6420771.99 ], [ 383943.15, 6420750.68 ], [ 383946.91, 6420738.12 ], [ 383776.09, 6420777.37 ], [ 383754.41, 6420827.76 ], [ 383577.51, 6420821.54 ], [ 383548.12, 6420797.49 ], [ 383641.43, 6420788.96 ], [ 383805.74, 6420706.32 ], [ 383620.42, 6420756.25 ], [ 383604.06, 6420699.87 ], [ 383688.6, 6420672.67 ], [ 383459.24, 6420710.17 ], [ 383465.51, 6420649.41 ], [ 383549.83, 6420609.08 ], [ 383184.25, 6420687.88 ], [ 383177.02, 6420674.39 ], [ 383201.84, 6420656.52 ], [ 383208.08, 6420622.97 ], [ 383097.45, 6420679.0 ], [ 383147.48, 6420691.13 ], [ 383122.16, 6420788.02 ], [ 383085.11, 6420735.04 ], [ 383115.18, 6420725.75 ], [ 383108.89, 6420699.1 ], [ 383041.93, 6420748.06 ], [ 383042.0, 6420695.29 ], [ 383008.66, 6420694.93 ], [ 382965.87, 6420817.16 ], [ 383009.1, 6420836.27 ], [ 383032.02, 6420767.53 ], [ 383049.03, 6420762.98 ], [ 383049.42, 6420843.79 ], [ 382975.88, 6420873.9 ], [ 382967.66, 6420842.51 ], [ 382955.77, 6420908.37 ], [ 382898.05, 6420913.09 ], [ 382903.2, 6420972.01 ], [ 382815.29, 6421003.98 ], [ 382796.15, 6421054.12 ], [ 382549.22, 6421111.75 ], [ 382619.07, 6421148.14 ], [ 382626.89, 6421260.41 ], [ 382702.52, 6421269.99 ], [ 382742.03, 6421312.6 ], [ 382675.6, 6421433.15 ], [ 382732.89, 6421424.05 ], [ 382734.17, 6421490.68 ], [ 382683.73, 6421551.35 ], [ 382572.01, 6421562.04 ], [ 382560.14, 6421718.88 ], [ 382508.71, 6421750.03 ], [ 382582.08, 6421742.16 ], [ 382581.28, 6421770.12 ], [ 382528.71, 6421761.21 ], [ 382566.37, 6421812.97 ], [ 382463.86, 6421897.7 ], [ 382429.79, 6421880.55 ], [ 382487.09, 6421949.19 ], [ 382488.09, 6422014.65 ], [ 382362.75, 6422057.0 ], [ 382485.21, 6422136.25 ], [ 382410.91, 6422166.51 ], [ 382456.84, 6422208.85 ], [ 382353.95, 6422249.64 ], [ 382284.65, 6422190.48 ], [ 382198.02, 6422259.39 ], [ 382204.11, 6422227.44 ], [ 382066.71, 6422145.56 ], [ 382082.04, 6422187.82 ], [ 382006.52, 6422274.86 ], [ 381897.52, 6422286.25 ], [ 381983.53, 6422296.43 ], [ 381976.36, 6422362.66 ], [ 381881.61, 6422386.76 ], [ 381914.88, 6422399.29 ], [ 381881.95, 6422494.75 ], [ 381944.44, 6422446.4 ], [ 381949.6, 6422481.99 ], [ 381761.53, 6422644.21 ], [ 381833.86, 6422637.72 ], [ 381915.6, 6422710.96 ], [ 381898.85, 6422761.49 ], [ 381947.14, 6422781.15 ], [ 381951.11, 6422841.56 ], [ 381811.39, 6422951.61 ], [ 381709.08, 6422949.15 ], [ 381645.49, 6422992.86 ], [ 381736.97, 6423046.97 ], [ 381788.31, 6423027.68 ], [ 381776.56, 6423084.52 ], [ 381844.94, 6423141.01 ], [ 381831.36, 6423210.32 ], [ 381908.42, 6423224.34 ], [ 381900.22, 6423258.66 ], [ 381948.87, 6423241.68 ], [ 381922.47, 6423285.14 ], [ 381957.33, 6423302.93 ], [ 381947.86, 6423368.55 ], [ 381811.8, 6423530.13 ], [ 381903.07, 6423548.88 ], [ 381916.64, 6423592.74 ], [ 381879.89, 6423613.22 ], [ 381934.39, 6423615.24 ], [ 381927.97, 6423697.01 ], [ 381976.18, 6423699.59 ], [ 381955.65, 6423757.37 ], [ 382002.21, 6423769.55 ], [ 381984.86, 6423798.88 ], [ 381950.5, 6423806.51 ], [ 381876.06, 6423775.99 ], [ 381829.48, 6423881.08 ], [ 381700.99, 6423918.0 ], [ 381835.49, 6424037.71 ], [ 381806.69, 6424164.21 ], [ 381717.35, 6424233.49 ], [ 381729.06, 6424280.22 ], [ 381693.68, 6424279.93 ], [ 381681.02, 6424345.11 ], [ 381603.79, 6424298.41 ], [ 381570.79, 6424335.17 ], [ 381592.6, 6424367.67 ], [ 381533.68, 6424349.25 ], [ 381432.68, 6424423.86 ], [ 381322.93, 6424416.04 ], [ 381347.47, 6424459.08 ], [ 381317.23, 6424514.99 ], [ 381181.6, 6424522.85 ], [ 381127.04, 6424565.03 ], [ 381235.99, 6424632.0 ], [ 381235.19, 6424704.14 ], [ 381281.31, 6424702.12 ], [ 381253.88, 6424737.3 ], [ 381225.24, 6424713.24 ], [ 381201.84, 6424763.49 ], [ 381168.6, 6424720.45 ], [ 381163.47, 6424811.29 ], [ 380993.78, 6424766.29 ], [ 380962.86, 6424662.78 ], [ 380935.24, 6424716.43 ], [ 380837.27, 6424720.99 ], [ 380551.33, 6424619.39 ], [ 380914.59, 6424762.84 ], [ 380959.63, 6424939.94 ], [ 380951.38, 6424971.38 ], [ 380829.65, 6424988.06 ], [ 380719.01, 6425148.58 ], [ 380603.93, 6425154.25 ], [ 380633.37, 6425205.27 ], [ 380589.02, 6425240.68 ], [ 380659.68, 6425301.27 ], [ 380621.19, 6425385.07 ], [ 380668.46, 6425392.13 ], [ 380675.41, 6425440.51 ], [ 380601.4, 6425510.36 ], [ 380659.63, 6425516.52 ], [ 380615.61, 6425549.24 ], [ 380659.37, 6425542.4 ], [ 380580.69, 6425655.68 ], [ 380721.11, 6425558.15 ], [ 380767.79, 6425607.07 ], [ 380808.61, 6425595.44 ], [ 380683.56, 6425640.18 ], [ 380795.76, 6425653.42 ], [ 380758.78, 6425674.57 ], [ 380765.19, 6425721.81 ], [ 380815.46, 6425694.21 ], [ 380824.94, 6425753.93 ], [ 380781.2, 6425840.46 ], [ 380813.31, 6425812.73 ], [ 380842.85, 6425864.14 ], [ 380773.96, 6425947.03 ], [ 380803.72, 6425951.59 ], [ 380788.99, 6425995.6 ], [ 380683.78, 6426064.83 ], [ 380710.67, 6426093.06 ], [ 380706.52, 6426127.89 ], [ 380769.51, 6426147.25 ], [ 380746.01, 6426328.88 ], [ 380822.1, 6426366.88 ], [ 380707.98, 6426568.4 ], [ 380815.94, 6426539.33 ], [ 380849.71, 6426639.19 ], [ 380825.44, 6426666.56 ], [ 380777.61, 6426645.64 ], [ 380783.18, 6426725.58 ], [ 380710.77, 6426819.01 ], [ 380620.11, 6426784.61 ], [ 380582.66, 6426722.48 ], [ 380552.03, 6426758.23 ], [ 380453.06, 6426724.94 ], [ 380557.32, 6426938.39 ], [ 380574.8, 6427201.32 ], [ 380615.09, 6427252.81 ], [ 380703.92, 6427718.03 ], [ 380622.07, 6427916.93 ], [ 380427.06, 6427955.08 ], [ 380621.14, 6427950.64 ], [ 380680.27, 6428019.32 ], [ 380996.43, 6428110.68 ], [ 381392.06, 6428497.12 ], [ 381450.41, 6428501.1 ], [ 381488.58, 6428175.13 ], [ 381614.29, 6428108.73 ], [ 381740.6, 6427961.26 ], [ 381828.16, 6427926.4 ], [ 382028.52, 6427935.79 ], [ 382068.55, 6428018.52 ], [ 382118.99, 6428037.14 ], [ 382139.52, 6428133.01 ], [ 382226.58, 6428125.75 ], [ 382316.46, 6428183.9 ], [ 382281.17, 6428256.89 ], [ 382316.79, 6428225.18 ], [ 382471.88, 6428307.7 ], [ 382621.09, 6428295.38 ], [ 382736.37, 6428376.25 ], [ 382860.38, 6428541.09 ], [ 382900.14, 6428831.22 ], [ 382822.95, 6428973.1 ], [ 382849.3, 6429161.69 ], [ 382803.85, 6429269.21 ], [ 382791.39, 6429600.12 ], [ 382702.33, 6429706.56 ], [ 382718.54, 6429771.35 ], [ 382675.7, 6429864.0 ], [ 382843.92, 6430456.11 ], [ 382885.31, 6430518.42 ], [ 383004.21, 6430521.6 ], [ 383098.58, 6430641.73 ], [ 383202.14, 6430692.05 ], [ 383321.95, 6430679.87 ], [ 383501.88, 6430763.81 ], [ 383581.89, 6430742.23 ], [ 383696.83, 6430796.52 ], [ 383814.3, 6430736.9 ], [ 383904.9, 6430745.8 ], [ 384015.94, 6430826.67 ], [ 384093.51, 6431002.12 ], [ 384212.16, 6431012.41 ], [ 384302.11, 6431093.53 ], [ 384339.74, 6431212.09 ], [ 384302.08, 6431236.16 ], [ 384290.47, 6431354.6 ], [ 384386.71, 6431398.5 ], [ 384291.03, 6431440.26 ], [ 384225.03, 6431581.03 ], [ 384332.56, 6431833.83 ], [ 384344.26, 6432143.5 ], [ 384268.68, 6432309.47 ], [ 384127.24, 6432365.03 ], [ 384160.82, 6432479.99 ], [ 384130.7, 6432588.14 ], [ 384198.29, 6432618.96 ], [ 384197.68, 6432685.44 ], [ 384244.22, 6432711.71 ], [ 384141.52, 6432817.93 ], [ 384172.02, 6432842.2 ], [ 384126.3, 6432879.76 ], [ 384158.46, 6432915.13 ], [ 384133.27, 6433000.1 ], [ 384065.32, 6433011.73 ], [ 384143.73, 6433116.2 ], [ 384217.35, 6433139.54 ], [ 384212.3, 6433200.81 ], [ 384395.84, 6433139.22 ], [ 384650.29, 6433181.96 ], [ 384668.47, 6433228.78 ], [ 384745.51, 6433213.41 ], [ 384800.72, 6433306.44 ], [ 384931.11, 6433282.57 ], [ 384895.25, 6433499.85 ], [ 384940.54, 6433505.36 ], [ 384956.34, 6433577.37 ], [ 385001.89, 6433471.87 ], [ 385102.27, 6433384.62 ], [ 385282.39, 6433528.7 ], [ 385236.95, 6433542.75 ], [ 385268.87, 6433560.07 ], [ 385265.77, 6433600.21 ], [ 385182.88, 6433598.82 ], [ 385279.27, 6433626.63 ], [ 385263.04, 6433662.76 ], [ 385330.35, 6433725.55 ], [ 385352.36, 6433817.42 ], [ 385298.3, 6433865.52 ], [ 385233.12, 6433843.81 ], [ 385131.44, 6433728.6 ], [ 385082.98, 6433800.2 ], [ 385181.19, 6433928.05 ], [ 385114.71, 6433997.3 ], [ 385178.57, 6434013.4 ], [ 385185.61, 6434082.49 ], [ 385232.19, 6434083.73 ], [ 385193.81, 6434122.31 ], [ 385314.95, 6434122.78 ], [ 385449.2, 6434193.87 ], [ 385330.34, 6434297.62 ], [ 385336.67, 6434336.02 ], [ 385286.59, 6434286.55 ], [ 385073.21, 6434328.23 ], [ 384975.74, 6434234.67 ], [ 384974.08, 6434364.81 ], [ 385076.3, 6434392.85 ], [ 385055.39, 6434441.95 ], [ 385105.11, 6434401.7 ], [ 385168.48, 6434419.62 ], [ 385158.78, 6434470.84 ], [ 385203.86, 6434487.63 ], [ 385147.38, 6434522.17 ], [ 385293.64, 6434584.08 ], [ 385223.57, 6434667.45 ], [ 385276.96, 6434715.8 ], [ 385331.04, 6434921.93 ], [ 385403.78, 6435023.96 ], [ 385412.98, 6435179.62 ], [ 385453.77, 6435015.91 ], [ 385574.4, 6434986.26 ], [ 385630.64, 6435015.26 ], [ 385664.57, 6435101.34 ], [ 385709.23, 6435066.91 ], [ 385757.44, 6435108.61 ], [ 385934.04, 6435114.78 ], [ 385869.38, 6435169.81 ], [ 385909.34, 6435329.52 ], [ 385946.74, 6435347.61 ], [ 385923.99, 6435407.41 ], [ 386039.28, 6435458.42 ], [ 386040.34, 6435639.5 ], [ 386106.73, 6435762.78 ], [ 386057.65, 6435927.18 ], [ 386078.24, 6435987.06 ], [ 385974.26, 6436022.96 ], [ 386016.5, 6436059.82 ], [ 385985.91, 6436143.51 ], [ 386012.8, 6436168.3 ], [ 385937.59, 6436268.97 ], [ 385941.19, 6436372.4 ], [ 385899.84, 6436417.32 ], [ 385943.37, 6436445.21 ], [ 385935.3, 6436636.29 ], [ 385969.93, 6436639.0 ], [ 385943.85, 6436757.55 ], [ 385996.99, 6436942.65 ], [ 386173.42, 6436974.73 ], [ 386219.11, 6437107.56 ], [ 386063.32, 6437328.64 ], [ 386150.71, 6437435.62 ], [ 386318.02, 6437406.92 ], [ 386467.69, 6437499.95 ], [ 386478.04, 6437714.3 ], [ 386446.86, 6437784.31 ], [ 386297.76, 6437903.95 ], [ 386377.32, 6437915.72 ], [ 386342.89, 6438076.31 ], [ 386391.79, 6438041.73 ], [ 386380.4, 6438085.77 ], [ 386419.8, 6438066.43 ], [ 386410.2, 6438121.74 ], [ 386441.88, 6438135.93 ], [ 386564.37, 6438108.83 ], [ 386663.21, 6438320.64 ], [ 386622.87, 6438562.82 ], [ 386675.3, 6438519.01 ], [ 386639.98, 6438581.91 ], [ 386678.26, 6438596.07 ], [ 386643.41, 6438650.5 ], [ 386693.92, 6438659.64 ], [ 386694.7, 6438593.53 ], [ 386745.51, 6438680.14 ], [ 386777.39, 6438536.88 ], [ 386834.4, 6438578.18 ], [ 386900.65, 6438526.72 ], [ 387081.42, 6438572.51 ], [ 387124.69, 6438515.61 ], [ 387116.48, 6438583.65 ], [ 387242.59, 6438621.32 ], [ 387255.06, 6438648.03 ], [ 387208.98, 6438650.19 ], [ 387230.99, 6438681.16 ], [ 387164.26, 6438723.09 ], [ 387231.52, 6438739.66 ], [ 387198.47, 6438826.58 ], [ 387162.34, 6438783.26 ], [ 387142.23, 6438865.38 ], [ 387058.34, 6438949.7 ], [ 387257.66, 6438923.59 ], [ 387286.87, 6438949.13 ], [ 387211.24, 6438980.53 ], [ 387268.53, 6438998.38 ], [ 387245.27, 6439046.09 ], [ 387277.77, 6439021.03 ], [ 387294.28, 6439053.63 ], [ 387290.15, 6439118.84 ], [ 387244.92, 6439131.72 ], [ 387286.88, 6439204.45 ], [ 387321.53, 6439197.74 ], [ 387289.31, 6439253.01 ], [ 387395.39, 6439291.0 ], [ 387423.04, 6439257.22 ], [ 387426.75, 6439295.6 ], [ 387449.14, 6439256.65 ], [ 387491.7, 6439296.07 ], [ 387604.96, 6439276.08 ], [ 387653.16, 6439429.12 ], [ 387706.63, 6439388.66 ], [ 387677.49, 6439526.82 ], [ 387727.73, 6439356.64 ], [ 387867.42, 6439244.69 ], [ 387959.85, 6439221.27 ], [ 387971.38, 6439293.71 ], [ 387933.19, 6439305.68 ], [ 387960.49, 6439372.5 ], [ 388028.48, 6439309.5 ], [ 388067.0, 6439326.89 ], [ 388052.56, 6439253.16 ], [ 388106.7, 6439244.18 ], [ 388160.24, 6439304.85 ], [ 388135.78, 6439210.53 ], [ 388176.65, 6439207.0 ], [ 388178.21, 6439304.71 ], [ 388253.5, 6439310.45 ], [ 388209.16, 6439362.13 ], [ 388230.63, 6439413.39 ], [ 388189.83, 6439407.1 ], [ 388172.86, 6439418.53 ], [ 388276.92, 6439468.46 ], [ 388216.01, 6439493.59 ], [ 388200.14, 6439646.63 ], [ 388146.55, 6439636.33 ], [ 388161.99, 6439661.13 ], [ 388120.68, 6439672.61 ], [ 388153.95, 6439678.34 ], [ 388113.61, 6439750.93 ], [ 388183.19, 6439710.21 ], [ 388168.59, 6439753.26 ], [ 388204.24, 6439754.82 ], [ 388119.68, 6439896.09 ], [ 388173.96, 6439894.02 ], [ 388212.13, 6439983.9 ], [ 388184.77, 6440109.7 ], [ 388281.94, 6440170.81 ], [ 388455.66, 6440122.15 ], [ 388564.22, 6440158.92 ], [ 388617.4, 6439901.12 ], [ 388590.13, 6439858.25 ], [ 388572.14, 6439908.08 ], [ 388462.43, 6439739.8 ], [ 388539.25, 6439696.59 ], [ 388620.89, 6439708.35 ], [ 388638.04, 6439630.18 ], [ 388753.21, 6439717.22 ], [ 388786.19, 6439658.31 ], [ 388858.14, 6439651.14 ], [ 388863.29, 6439587.32 ], [ 388899.51, 6439608.32 ], [ 388936.24, 6439562.57 ], [ 388939.39, 6439619.86 ], [ 389039.04, 6439583.26 ], [ 389090.9, 6439603.01 ], [ 389081.73, 6439673.21 ], [ 389134.38, 6439653.72 ], [ 389189.33, 6439495.24 ], [ 389414.41, 6439353.25 ], [ 389491.92, 6439361.27 ], [ 389545.9, 6439415.6 ], [ 389727.95, 6439392.9 ], [ 389727.47, 6439314.03 ], [ 389623.61, 6439128.5 ], [ 389848.65, 6438539.58 ], [ 389809.19, 6438402.99 ], [ 389850.56, 6438207.77 ], [ 389952.15, 6438228.14 ], [ 389852.35, 6438194.66 ], [ 389898.71, 6438167.28 ], [ 389860.62, 6438128.55 ], [ 389986.45, 6438011.66 ], [ 389980.13, 6437946.61 ], [ 389933.0, 6437938.87 ], [ 389978.82, 6437855.64 ], [ 389982.79, 6437722.05 ], [ 390154.79, 6437759.22 ], [ 390174.28, 6437669.83 ], [ 390128.91, 6437615.59 ], [ 390175.57, 6437551.53 ], [ 390213.48, 6437574.23 ], [ 390198.03, 6437639.54 ], [ 390354.82, 6437634.73 ], [ 390617.89, 6437431.03 ], [ 390754.84, 6437430.03 ], [ 390752.47, 6437411.52 ], [ 390993.91, 6437323.92 ], [ 391060.23, 6437327.48 ], [ 391118.85, 6437391.44 ], [ 391388.86, 6437343.44 ], [ 391421.04, 6437400.6 ], [ 391587.86, 6437412.1 ], [ 391585.0, 6437461.15 ], [ 391737.83, 6437433.17 ], [ 391778.55, 6437565.22 ], [ 391862.48, 6437536.59 ], [ 391845.9, 6437653.54 ], [ 391905.0, 6437673.35 ], [ 391883.0, 6437711.81 ], [ 391915.74, 6437782.87 ], [ 391982.12, 6437738.91 ], [ 391954.79, 6437772.92 ], [ 391988.05, 6437789.82 ], [ 391935.86, 6437819.09 ], [ 391975.55, 6437817.67 ], [ 391950.95, 6437852.8 ], [ 391977.8, 6437870.32 ], [ 392035.45, 6437854.43 ], [ 391995.54, 6437900.32 ], [ 392024.07, 6437911.48 ], [ 391996.41, 6437996.82 ], [ 392058.5, 6438023.39 ], [ 392067.16, 6438076.39 ], [ 391998.22, 6438118.31 ], [ 392033.04, 6438176.49 ], [ 391948.91, 6438186.85 ], [ 391976.14, 6438267.93 ], [ 391897.44, 6438365.81 ], [ 391910.35, 6438479.64 ], [ 391985.57, 6438532.87 ], [ 391951.12, 6438602.31 ], [ 392004.69, 6438609.76 ], [ 392010.77, 6438673.59 ], [ 391917.46, 6438702.61 ], [ 391911.91, 6438773.05 ], [ 392110.94, 6438764.39 ], [ 392113.01, 6438807.75 ], [ 392007.89, 6438885.59 ], [ 391976.9, 6438964.19 ], [ 392023.35, 6438971.7 ], [ 392023.16, 6439011.68 ], [ 392029.85, 6438987.91 ], [ 392038.7, 6438985.53 ], [ 392027.75, 6439062.66 ], [ 392076.64, 6439071.4 ], [ 392058.99, 6439133.89 ], [ 392093.26, 6439144.06 ], [ 392045.72, 6439168.73 ], [ 392094.03, 6439157.65 ], [ 392111.38, 6439235.63 ], [ 392159.86, 6439214.84 ], [ 392145.51, 6439273.84 ], [ 392209.83, 6439377.94 ], [ 392170.38, 6439414.87 ], [ 392192.05, 6439480.17 ], [ 392116.15, 6439584.99 ], [ 392125.27, 6439630.97 ], [ 392060.78, 6439712.14 ], [ 392022.36, 6439699.44 ], [ 392047.7, 6439770.08 ], [ 391966.28, 6439863.4 ], [ 391998.53, 6439875.53 ], [ 391995.62, 6440285.17 ], [ 391940.39, 6440384.19 ], [ 391979.61, 6440413.63 ], [ 391930.47, 6440443.79 ], [ 391992.38, 6440441.67 ], [ 391968.53, 6440572.26 ], [ 392009.4, 6440617.37 ], [ 392021.55, 6440823.96 ], [ 392086.73, 6440916.36 ], [ 392186.01, 6440922.91 ], [ 392300.9, 6441042.51 ], [ 392403.5, 6441083.67 ], [ 392531.12, 6441382.6 ], [ 392557.83, 6441616.57 ], [ 392522.58, 6441656.88 ], [ 392560.72, 6441682.56 ], [ 392605.48, 6441854.37 ], [ 392709.95, 6441943.65 ], [ 392770.11, 6441944.87 ], [ 392889.01, 6442083.25 ], [ 392919.55, 6442235.7 ], [ 392846.61, 6442647.61 ], [ 392922.67, 6442711.68 ], [ 392986.06, 6442894.99 ], [ 393107.38, 6443069.84 ], [ 393191.17, 6443067.97 ], [ 393256.21, 6443147.7 ], [ 393340.98, 6443442.03 ], [ 393317.45, 6443512.39 ], [ 393371.83, 6443597.69 ], [ 393452.97, 6443607.29 ], [ 393390.21, 6443672.46 ], [ 393452.71, 6443652.42 ], [ 393450.03, 6443720.03 ], [ 393512.93, 6443794.61 ], [ 393477.14, 6443854.01 ], [ 393574.44, 6444012.07 ], [ 393547.44, 6444060.49 ], [ 393670.06, 6444050.87 ], [ 393734.78, 6444084.58 ], [ 393688.15, 6444211.11 ], [ 393726.13, 6444246.08 ], [ 393737.64, 6444408.4 ], [ 393865.85, 6444424.56 ], [ 393873.37, 6444475.37 ], [ 393923.63, 6444432.39 ], [ 393957.64, 6444496.54 ], [ 394148.19, 6444609.42 ], [ 394172.03, 6444399.16 ], [ 394301.16, 6444357.6 ], [ 394367.24, 6444413.33 ], [ 394400.74, 6444523.2 ], [ 394732.46, 6444653.17 ], [ 394919.19, 6444834.54 ], [ 394939.12, 6444968.94 ], [ 394979.06, 6444971.08 ], [ 394983.4, 6444935.11 ], [ 395342.02, 6445210.4 ], [ 395410.39, 6445476.9 ], [ 395373.85, 6445655.49 ], [ 395398.86, 6445683.88 ], [ 395281.6, 6445964.19 ], [ 395241.02, 6445977.58 ], [ 395273.18, 6446071.86 ], [ 395233.07, 6446179.89 ], [ 395162.87, 6446211.48 ], [ 395102.0, 6446317.85 ], [ 394827.14, 6446503.35 ], [ 394881.27, 6446537.6 ], [ 394869.65, 6446627.37 ], [ 394933.83, 6446852.95 ], [ 394908.99, 6447094.15 ], [ 394968.99, 6447311.04 ], [ 394942.92, 6447427.4 ], [ 394977.61, 6447470.17 ], [ 394920.61, 6447640.65 ], [ 394689.06, 6447766.04 ], [ 394597.51, 6447775.43 ], [ 394543.82, 6447851.7 ], [ 394444.3, 6447843.66 ], [ 394364.91, 6447883.12 ], [ 394285.73, 6447858.76 ], [ 394201.88, 6447815.29 ], [ 394166.29, 6447734.73 ], [ 393737.45, 6447563.65 ], [ 393684.03, 6447610.37 ], [ 393384.2, 6447673.92 ], [ 393246.89, 6447644.52 ], [ 393078.02, 6447674.41 ], [ 392779.36, 6447631.91 ], [ 392711.11, 6447587.33 ], [ 392608.05, 6447706.33 ], [ 392455.25, 6447747.31 ], [ 392434.11, 6447717.98 ], [ 392287.12, 6447778.6 ], [ 392152.32, 6447693.41 ], [ 391834.89, 6447638.96 ], [ 391776.15, 6447584.34 ], [ 391698.76, 6447569.3 ], [ 391646.46, 6447619.74 ], [ 391637.65, 6447577.51 ], [ 391543.9, 6447596.09 ], [ 391508.03, 6447457.54 ], [ 391474.86, 6447447.14 ], [ 391403.09, 6447528.74 ], [ 391437.57, 6447663.15 ], [ 391339.34, 6447668.28 ], [ 391387.83, 6447683.34 ], [ 391418.17, 6447779.25 ], [ 391354.9, 6447780.01 ], [ 391373.87, 6447815.46 ], [ 391306.89, 6447831.1 ], [ 391315.53, 6447862.16 ], [ 391171.73, 6447833.33 ], [ 391047.82, 6447857.17 ], [ 390898.29, 6448002.96 ], [ 390768.6, 6448222.0 ], [ 390768.13, 6448283.73 ], [ 390870.77, 6448282.23 ], [ 390912.99, 6448343.74 ], [ 390865.29, 6448417.48 ], [ 390921.73, 6448435.74 ], [ 390865.65, 6448646.15 ], [ 390905.2, 6448789.25 ], [ 390873.22, 6448835.46 ], [ 390909.92, 6448850.88 ], [ 390916.98, 6448968.46 ], [ 390955.0, 6448990.12 ], [ 390875.28, 6449119.42 ], [ 390853.76, 6449292.21 ], [ 390678.22, 6449328.62 ], [ 390700.93, 6449364.02 ], [ 390787.35, 6449349.63 ], [ 390817.78, 6449400.59 ], [ 390643.18, 6449392.46 ], [ 390519.74, 6449316.73 ], [ 390491.76, 6449346.76 ], [ 390445.19, 6449315.16 ], [ 390443.13, 6449363.92 ], [ 390362.59, 6449358.76 ], [ 390292.69, 6449245.99 ], [ 390226.73, 6449240.59 ], [ 390224.03, 6449183.6 ], [ 390181.33, 6449193.84 ], [ 390166.78, 6449018.35 ], [ 390135.65, 6449019.57 ], [ 390078.89, 6449059.39 ], [ 390106.25, 6449153.15 ], [ 390046.02, 6449157.15 ], [ 390039.4, 6449175.61 ], [ 390077.7, 6449175.67 ], [ 390048.35, 6449241.01 ], [ 390139.41, 6449259.56 ], [ 390153.16, 6449302.19 ], [ 390110.35, 6449357.52 ], [ 390064.88, 6449379.11 ], [ 390060.43, 6449330.22 ], [ 390034.97, 6449384.72 ], [ 389897.09, 6449450.7 ], [ 389610.81, 6449733.51 ], [ 389383.06, 6449797.72 ], [ 389312.4, 6449721.92 ], [ 389297.01, 6449599.91 ], [ 389321.12, 6449534.93 ], [ 389371.76, 6449544.37 ], [ 389323.84, 6449522.55 ], [ 389318.98, 6449424.11 ], [ 389383.27, 6449282.82 ], [ 389105.08, 6449371.14 ], [ 389029.6, 6449366.69 ], [ 389012.03, 6449315.78 ], [ 388984.23, 6449352.08 ], [ 388837.11, 6449349.88 ], [ 388995.19, 6449388.85 ], [ 389042.39, 6449442.73 ], [ 388989.47, 6449758.28 ], [ 388909.33, 6449776.15 ], [ 388861.96, 6449718.47 ], [ 388893.16, 6449676.15 ], [ 388855.85, 6449674.34 ], [ 388855.93, 6449772.44 ], [ 388799.57, 6449786.89 ], [ 388798.13, 6449843.04 ], [ 388726.28, 6449808.31 ], [ 388699.93, 6449846.86 ], [ 388554.59, 6449845.61 ], [ 388469.05, 6449648.11 ], [ 388394.11, 6449545.65 ], [ 388380.75, 6449598.44 ], [ 388454.24, 6449647.75 ], [ 388530.77, 6449871.35 ], [ 388307.44, 6449816.96 ], [ 388254.5, 6449753.61 ], [ 388175.65, 6449763.14 ], [ 388192.32, 6449834.58 ], [ 388332.85, 6449906.73 ], [ 388328.09, 6449960.7 ], [ 388393.51, 6450007.01 ], [ 388322.33, 6450061.38 ], [ 388370.53, 6450225.17 ], [ 388348.26, 6450287.4 ], [ 388194.03, 6450506.91 ], [ 388120.66, 6450553.89 ], [ 388044.12, 6450495.51 ], [ 388018.21, 6450598.34 ], [ 387958.2, 6450637.57 ], [ 387936.09, 6450608.11 ], [ 387794.24, 6450645.33 ], [ 387714.0, 6450525.68 ], [ 387437.59, 6450532.17 ], [ 387333.4, 6450583.92 ], [ 387328.77, 6450623.34 ], [ 387211.48, 6450606.36 ], [ 387196.82, 6450704.78 ], [ 387407.96, 6450810.28 ], [ 387134.43, 6450962.82 ], [ 386978.02, 6450977.09 ], [ 386817.67, 6451056.75 ], [ 386759.6, 6451006.08 ], [ 386787.62, 6450981.14 ], [ 386751.31, 6450925.8 ], [ 386758.26, 6450814.32 ], [ 386813.41, 6450716.03 ], [ 386887.87, 6450726.74 ], [ 386894.85, 6450696.83 ], [ 386825.55, 6450623.29 ], [ 386711.6, 6450595.85 ], [ 386677.19, 6450527.45 ], [ 386776.84, 6450539.01 ], [ 386802.04, 6450461.68 ], [ 386985.36, 6450285.01 ], [ 387045.37, 6450099.87 ], [ 387163.58, 6449982.56 ], [ 387032.58, 6449971.62 ], [ 386921.03, 6450047.24 ], [ 386842.67, 6449995.46 ], [ 386836.85, 6450123.22 ], [ 386812.06, 6450004.71 ], [ 386731.02, 6449990.97 ], [ 386756.75, 6450060.3 ], [ 386669.06, 6450026.82 ], [ 386684.87, 6450088.63 ], [ 386606.77, 6450125.35 ], [ 386540.23, 6450073.95 ], [ 386497.71, 6450111.46 ], [ 386462.74, 6450089.72 ], [ 386463.82, 6449999.27 ], [ 386602.83, 6449930.56 ], [ 386482.18, 6449906.43 ], [ 386326.36, 6449993.5 ], [ 386365.43, 6450038.13 ], [ 386315.57, 6450107.51 ], [ 386231.8, 6450048.03 ], [ 386200.26, 6450120.31 ], [ 386082.56, 6450131.81 ], [ 386093.02, 6450181.34 ], [ 386052.98, 6450169.01 ], [ 385927.81, 6450487.68 ], [ 386067.11, 6450441.96 ], [ 386107.12, 6450500.62 ], [ 386056.84, 6450597.69 ], [ 386070.17, 6450740.49 ], [ 385963.09, 6451080.4 ], [ 385946.26, 6451306.35 ], [ 385587.83, 6451560.14 ], [ 385461.91, 6451692.7 ], [ 385614.53, 6451663.7 ], [ 385651.46, 6451692.59 ], [ 385683.21, 6452039.41 ], [ 385535.15, 6452147.47 ], [ 385556.11, 6452213.4 ], [ 385483.72, 6452267.59 ], [ 385391.64, 6452270.23 ], [ 385311.52, 6452432.79 ], [ 385166.4, 6452451.15 ], [ 385252.13, 6452517.94 ], [ 385147.67, 6452729.92 ], [ 384946.25, 6452825.98 ], [ 384837.05, 6453002.39 ], [ 384734.39, 6453043.99 ], [ 384984.58, 6452985.8 ], [ 385254.25, 6453112.27 ], [ 385508.82, 6453057.02 ], [ 385507.25, 6453137.37 ], [ 385553.13, 6453165.39 ], [ 385497.33, 6453243.95 ], [ 385539.18, 6453275.52 ], [ 385487.38, 6453280.53 ], [ 385543.79, 6453293.25 ], [ 385564.24, 6453364.68 ], [ 385610.54, 6453331.18 ], [ 385570.18, 6453399.01 ], [ 385284.24, 6453593.24 ], [ 385272.6, 6453649.6 ], [ 385233.31, 6453636.56 ], [ 385002.99, 6453762.64 ], [ 385005.87, 6453714.14 ], [ 384984.38, 6453772.31 ], [ 384926.66, 6453787.44 ], [ 385027.86, 6453825.74 ], [ 385205.09, 6453771.26 ], [ 385275.16, 6453841.12 ], [ 385222.02, 6453932.95 ], [ 385286.05, 6453977.02 ], [ 385198.68, 6454190.68 ], [ 384994.93, 6454463.44 ], [ 385055.71, 6454514.13 ], [ 385027.75, 6454727.95 ], [ 384884.01, 6454929.41 ], [ 384556.31, 6455076.53 ], [ 384593.06, 6455134.95 ], [ 384545.11, 6455202.82 ], [ 384635.95, 6455203.32 ], [ 384672.44, 6455306.52 ], [ 384554.22, 6455524.94 ], [ 384401.3, 6455659.77 ], [ 384095.04, 6455772.76 ], [ 383947.52, 6455931.68 ], [ 383947.85, 6455979.25 ], [ 383994.08, 6455994.92 ], [ 384116.02, 6455871.78 ], [ 384096.45, 6455827.55 ], [ 384162.59, 6455803.09 ], [ 384232.62, 6455819.76 ], [ 384252.24, 6455884.71 ], [ 384300.5, 6455877.16 ], [ 384092.73, 6456084.16 ], [ 384064.66, 6456164.97 ], [ 384092.16, 6456265.77 ], [ 384036.5, 6456298.89 ], [ 384029.88, 6456349.01 ], [ 384061.61, 6456351.24 ], [ 384000.23, 6456372.98 ], [ 384027.22, 6456468.54 ], [ 383586.22, 6456829.69 ], [ 383603.59, 6456946.22 ], [ 383735.3, 6457001.52 ], [ 383799.14, 6457073.31 ], [ 383792.31, 6457132.07 ], [ 383847.58, 6457142.75 ], [ 383767.52, 6457196.58 ], [ 383687.46, 6457146.83 ], [ 383611.13, 6457272.14 ], [ 383470.17, 6457285.73 ], [ 383303.96, 6457374.26 ], [ 383027.1, 6457605.19 ], [ 382952.49, 6457636.48 ], [ 382881.45, 6457609.03 ], [ 382837.07, 6457678.88 ], [ 382811.11, 6457657.02 ], [ 382762.64, 6457824.31 ], [ 382796.41, 6457888.41 ], [ 382862.36, 6457872.56 ], [ 382911.01, 6457920.44 ], [ 382847.3, 6458061.62 ], [ 382707.34, 6458161.36 ], [ 382666.59, 6458241.25 ], [ 382534.8, 6458267.21 ], [ 382518.93, 6458326.87 ], [ 382437.59, 6458331.74 ], [ 382405.68, 6458374.76 ], [ 382408.5, 6458319.44 ], [ 382342.07, 6458296.08 ], [ 382222.6, 6458372.07 ], [ 382162.35, 6458057.43 ], [ 382081.96, 6458026.41 ], [ 382074.79, 6457988.35 ], [ 382210.49, 6457955.44 ], [ 382243.31, 6457891.89 ], [ 382171.8, 6457798.36 ], [ 382028.03, 6457776.89 ], [ 382018.93, 6457704.54 ], [ 382196.87, 6457652.06 ], [ 382168.11, 6457520.12 ], [ 382409.51, 6457336.24 ], [ 382397.65, 6457227.89 ], [ 382222.45, 6457297.73 ], [ 382327.09, 6457131.16 ], [ 382283.42, 6457026.4 ], [ 382311.23, 6456934.26 ], [ 382166.51, 6456856.75 ], [ 381965.95, 6456893.58 ], [ 381969.99, 6456848.66 ], [ 382000.74, 6456862.82 ], [ 382097.18, 6456780.51 ], [ 382369.82, 6456807.59 ], [ 382416.83, 6456757.9 ], [ 382391.31, 6456631.23 ], [ 382223.57, 6456598.89 ], [ 382419.21, 6456343.53 ], [ 382537.69, 6456091.29 ], [ 382422.33, 6455752.83 ], [ 382417.92, 6455542.87 ], [ 382333.67, 6455426.44 ], [ 382238.48, 6455473.17 ], [ 382160.41, 6455743.95 ], [ 381861.45, 6455957.59 ], [ 381699.6, 6456139.83 ], [ 381856.14, 6456230.75 ], [ 381854.72, 6456299.86 ], [ 381943.48, 6456430.55 ], [ 381819.89, 6456433.78 ], [ 381696.23, 6456500.19 ], [ 381503.76, 6456379.09 ], [ 381455.26, 6456430.87 ], [ 381739.16, 6456531.83 ], [ 381913.39, 6456758.07 ], [ 381809.49, 6456749.31 ], [ 381731.26, 6456913.16 ], [ 381515.25, 6456846.92 ], [ 381365.14, 6456938.48 ], [ 381157.93, 6456977.71 ], [ 380910.85, 6456758.46 ], [ 380197.26, 6457115.76 ], [ 379976.1, 6457136.16 ], [ 379921.5, 6457086.07 ], [ 379865.42, 6457148.93 ], [ 379950.47, 6457323.95 ], [ 379887.84, 6457388.8 ], [ 379809.97, 6457364.03 ], [ 379811.06, 6457432.29 ], [ 379745.93, 6457507.19 ], [ 379756.25, 6457603.05 ], [ 379699.66, 6457615.61 ], [ 379636.96, 6457559.94 ], [ 379608.56, 6457397.85 ], [ 379593.95, 6457490.87 ], [ 379659.65, 6457659.59 ], [ 379440.92, 6457729.58 ], [ 379204.32, 6457981.64 ], [ 379011.37, 6457926.48 ], [ 378974.18, 6457607.14 ], [ 378781.68, 6457789.34 ], [ 378710.96, 6457965.7 ], [ 378743.75, 6458057.25 ], [ 378609.95, 6458153.68 ], [ 378426.63, 6458201.79 ], [ 378381.05, 6458197.24 ], [ 378370.0, 6458154.82 ], [ 378333.87, 6458194.4 ], [ 378201.38, 6458046.49 ], [ 378185.53, 6457874.68 ], [ 378059.77, 6457855.51 ], [ 377931.08, 6457974.2 ], [ 377930.94, 6458167.55 ], [ 377839.07, 6458225.01 ], [ 377641.13, 6458461.28 ], [ 377515.35, 6458551.63 ], [ 377404.45, 6458520.58 ], [ 377119.96, 6458766.32 ], [ 376942.87, 6458771.97 ], [ 376930.26, 6458700.36 ], [ 376895.76, 6458699.0 ], [ 376902.85, 6458749.88 ], [ 376842.78, 6458807.77 ], [ 376868.17, 6458836.09 ], [ 376749.54, 6458948.92 ], [ 376655.65, 6458895.03 ], [ 376769.7, 6458758.26 ], [ 376818.25, 6458462.72 ], [ 376770.11, 6458422.61 ], [ 376681.37, 6458479.6 ], [ 376696.88, 6458538.88 ], [ 376635.82, 6458568.15 ], [ 376637.41, 6458677.03 ], [ 376566.63, 6458731.53 ], [ 376290.87, 6458674.78 ], [ 376147.08, 6458690.76 ], [ 376361.5, 6458824.0 ], [ 376293.34, 6458903.06 ], [ 376305.3, 6458989.63 ], [ 376202.96, 6459078.22 ], [ 376140.15, 6459070.65 ], [ 376258.31, 6459152.12 ], [ 376313.5, 6459128.51 ], [ 376329.02, 6459180.98 ], [ 376403.42, 6459137.98 ], [ 376448.78, 6459156.96 ], [ 376389.56, 6459205.93 ], [ 376414.78, 6459254.09 ], [ 376361.83, 6459296.84 ], [ 376384.28, 6459353.13 ], [ 376337.53, 6459419.32 ], [ 376322.04, 6459340.68 ], [ 376282.01, 6459333.12 ], [ 376192.02, 6459512.42 ], [ 376093.17, 6459527.03 ], [ 376060.05, 6459494.53 ], [ 375984.4, 6459523.93 ], [ 375860.23, 6459392.09 ], [ 375745.51, 6459371.45 ], [ 375482.51, 6459529.04 ], [ 375452.35, 6459508.29 ], [ 375449.11, 6459600.7 ], [ 375406.03, 6459625.85 ], [ 375063.94, 6459382.77 ], [ 375070.5, 6459311.44 ], [ 375008.06, 6459318.96 ], [ 375004.39, 6459394.35 ], [ 375105.0, 6459418.76 ], [ 375386.53, 6459633.96 ], [ 375326.77, 6459637.74 ], [ 375371.73, 6459707.57 ], [ 375285.24, 6459802.93 ], [ 375291.69, 6459874.05 ], [ 375238.11, 6460024.83 ], [ 375203.36, 6460035.96 ], [ 375242.8, 6460050.9 ], [ 375227.82, 6460155.02 ], [ 375071.95, 6460523.41 ], [ 375089.58, 6460559.45 ], [ 375045.95, 6460593.23 ], [ 375002.65, 6460592.92 ], [ 374990.89, 6460722.93 ], [ 374901.76, 6460274.08 ], [ 374894.46, 6460115.77 ], [ 374954.26, 6460079.27 ], [ 374955.19, 6460020.61 ], [ 374706.2, 6459683.43 ], [ 374663.02, 6459528.36 ], [ 374622.51, 6459670.3 ], [ 374711.87, 6459719.2 ], [ 374814.47, 6459890.44 ], [ 374664.51, 6460001.67 ], [ 374645.24, 6460113.54 ], [ 374383.78, 6460541.71 ], [ 374347.8, 6460680.41 ], [ 374027.72, 6461028.75 ], [ 373835.69, 6461075.19 ], [ 373882.96, 6461272.3 ], [ 373852.87, 6461388.42 ], [ 373958.5, 6461736.53 ], [ 373939.4, 6461820.46 ], [ 373891.03, 6461865.54 ], [ 373820.51, 6461855.81 ], [ 373783.56, 6461900.09 ], [ 373728.71, 6461888.1 ], [ 373621.41, 6461961.0 ], [ 373391.8, 6462020.23 ], [ 373314.61, 6462027.9 ], [ 373258.58, 6461927.56 ], [ 373218.0, 6461977.52 ], [ 373193.5, 6461910.37 ], [ 373142.42, 6461900.2 ], [ 373099.58, 6461911.34 ], [ 373091.97, 6461968.76 ], [ 372945.6, 6462013.6 ], [ 372773.2, 6461963.12 ], [ 372875.04, 6462073.21 ], [ 372823.13, 6462241.17 ], [ 372854.32, 6462321.86 ], [ 373042.84, 6462362.38 ], [ 373312.07, 6462584.88 ], [ 373408.6, 6462733.67 ], [ 373470.18, 6463055.51 ], [ 373537.0, 6463071.68 ], [ 373609.3, 6463152.68 ], [ 373552.8, 6463276.22 ], [ 373457.96, 6463271.21 ], [ 373445.39, 6463239.59 ], [ 373381.36, 6463316.72 ], [ 373346.62, 6463480.36 ], [ 373368.46, 6463592.64 ], [ 373246.71, 6463861.12 ], [ 373088.52, 6463927.4 ], [ 372922.84, 6463795.74 ], [ 372837.21, 6464005.63 ], [ 372770.54, 6463996.16 ], [ 372742.8, 6463908.74 ], [ 372706.36, 6463942.05 ], [ 372744.69, 6464057.6 ], [ 372902.27, 6464135.51 ], [ 372929.1, 6464232.42 ], [ 372736.01, 6464715.87 ], [ 372734.03, 6465010.16 ], [ 372852.97, 6465064.25 ], [ 372813.48, 6465033.29 ], [ 372854.22, 6465015.1 ], [ 372861.55, 6464921.08 ], [ 372918.2, 6464885.77 ], [ 372930.86, 6465001.49 ], [ 372990.76, 6465060.61 ], [ 372964.74, 6465129.47 ], [ 373000.45, 6465104.39 ], [ 373099.52, 6465244.81 ], [ 373085.94, 6465347.87 ], [ 373120.87, 6465282.58 ], [ 373221.91, 6465336.64 ], [ 373292.37, 6465259.06 ], [ 373440.29, 6465337.04 ], [ 373436.33, 6465394.64 ], [ 373483.25, 6465362.68 ], [ 373521.58, 6465390.02 ], [ 373502.58, 6465515.85 ], [ 373631.49, 6465479.76 ], [ 373677.26, 6465538.97 ], [ 373797.6, 6465452.66 ], [ 373800.13, 6465507.55 ], [ 373935.49, 6465337.14 ], [ 374017.61, 6465303.53 ], [ 374016.43, 6465187.67 ], [ 374077.82, 6465193.78 ], [ 374119.81, 6465140.44 ], [ 374255.7, 6465188.38 ], [ 374277.91, 6465064.93 ], [ 374332.07, 6465024.69 ], [ 374327.9, 6464900.49 ], [ 374399.38, 6464941.44 ], [ 374499.19, 6464892.99 ], [ 374705.69, 6464955.97 ], [ 374691.9, 6464655.68 ], [ 374801.77, 6464552.13 ], [ 374987.29, 6464573.97 ], [ 375059.4, 6464635.46 ], [ 375144.69, 6464641.5 ], [ 375581.64, 6464232.2 ], [ 375810.0, 6464155.19 ], [ 375956.48, 6463941.93 ], [ 375968.42, 6463828.36 ], [ 376269.62, 6463717.26 ], [ 376363.29, 6463733.6 ], [ 376612.9, 6463655.77 ], [ 376722.8, 6463708.39 ], [ 376710.26, 6463901.9 ], [ 376541.98, 6464260.37 ], [ 376475.79, 6464267.26 ], [ 376458.64, 6464289.77 ], [ 376527.48, 6464274.94 ], [ 376515.4, 6464333.23 ], [ 376446.27, 6464316.95 ], [ 376453.97, 6464351.84 ], [ 376532.48, 6464345.66 ], [ 376650.83, 6464440.32 ], [ 376709.3, 6464422.31 ], [ 376725.96, 6464508.08 ], [ 376924.06, 6464540.23 ], [ 377056.86, 6464648.37 ], [ 377143.61, 6464633.42 ], [ 377253.39, 6464743.25 ], [ 377404.08, 6464779.82 ], [ 377445.06, 6464880.55 ], [ 377425.43, 6465025.51 ], [ 377329.12, 6465081.08 ], [ 377413.64, 6465053.34 ], [ 377354.7, 6465184.29 ], [ 377374.9, 6465324.18 ], [ 377333.09, 6465571.59 ], [ 377199.52, 6465612.12 ], [ 377146.41, 6465743.56 ], [ 377050.83, 6465807.38 ], [ 376993.28, 6465805.93 ], [ 376990.18, 6465773.66 ], [ 376577.99, 6466213.83 ], [ 376518.49, 6466198.31 ], [ 376426.01, 6466264.06 ], [ 376348.68, 6466417.54 ], [ 376313.66, 6466383.01 ], [ 376258.51, 6466534.91 ], [ 376212.15, 6466509.62 ], [ 376098.73, 6466668.29 ], [ 375911.58, 6466729.33 ], [ 375922.27, 6467006.72 ], [ 375850.33, 6467176.28 ], [ 375878.27, 6467147.24 ], [ 375910.0, 6467227.35 ], [ 375850.31, 6467330.59 ], [ 375774.87, 6467346.6 ], [ 375752.86, 6467232.09 ], [ 375791.44, 6467197.34 ], [ 375757.94, 6467171.55 ], [ 375716.32, 6467208.08 ], [ 375742.03, 6467246.12 ], [ 375676.77, 6467303.53 ], [ 375689.0, 6467465.26 ], [ 375785.3, 6467427.4 ], [ 375757.17, 6467456.57 ], [ 375793.23, 6467565.95 ], [ 375714.93, 6467747.2 ], [ 375834.09, 6467876.35 ], [ 375810.12, 6467969.96 ], [ 375742.59, 6467958.99 ], [ 375707.99, 6468030.91 ], [ 375567.5, 6468068.04 ], [ 375515.74, 6468176.01 ], [ 375435.41, 6468181.53 ], [ 375354.12, 6468303.71 ], [ 375234.65, 6468372.25 ], [ 375266.47, 6468363.19 ], [ 375366.18, 6468463.96 ], [ 375265.41, 6468616.33 ], [ 375290.28, 6468633.59 ], [ 375337.91, 6468588.21 ], [ 375305.3, 6468715.88 ], [ 375325.65, 6468691.17 ], [ 375366.57, 6468718.89 ], [ 375328.08, 6468767.39 ], [ 375285.14, 6468737.67 ], [ 375248.07, 6468815.81 ], [ 375247.8, 6468878.87 ], [ 375329.85, 6468851.24 ], [ 375382.9, 6468771.66 ], [ 375397.71, 6468805.8 ], [ 375339.7, 6468871.04 ], [ 375380.19, 6468866.91 ], [ 375381.83, 6468924.17 ], [ 375482.58, 6468862.06 ], [ 375510.1, 6468920.41 ], [ 375474.4, 6468917.81 ], [ 375501.31, 6468969.41 ], [ 375525.39, 6468847.18 ], [ 375567.79, 6468852.93 ], [ 375553.86, 6468900.52 ], [ 375636.22, 6468808.17 ], [ 375708.86, 6468818.97 ], [ 375942.69, 6468437.49 ], [ 376026.72, 6468371.56 ], [ 376070.64, 6468485.23 ], [ 376053.37, 6468570.13 ], [ 376159.5, 6468596.06 ], [ 376112.69, 6468690.89 ], [ 376136.59, 6468796.24 ], [ 375789.77, 6469032.78 ], [ 375768.18, 6469139.14 ], [ 375729.54, 6469145.32 ], [ 375743.1, 6469200.32 ], [ 375557.05, 6469358.43 ], [ 375584.88, 6469393.36 ], [ 375519.27, 6469417.52 ], [ 375537.55, 6469465.75 ], [ 375448.83, 6469593.62 ], [ 375353.98, 6469641.01 ], [ 375351.62, 6469570.48 ], [ 375263.69, 6469580.08 ], [ 375221.95, 6469528.46 ], [ 375216.5, 6469598.62 ], [ 375173.64, 6469562.98 ], [ 375184.04, 6469599.81 ], [ 375081.18, 6469675.17 ], [ 375118.15, 6469759.99 ], [ 375057.52, 6469809.06 ], [ 375098.39, 6469858.89 ], [ 374903.29, 6469951.44 ], [ 374998.38, 6469848.57 ], [ 374968.17, 6469849.94 ], [ 374881.86, 6469977.24 ], [ 374923.84, 6469957.4 ], [ 374927.18, 6469971.53 ], [ 374812.75, 6470046.68 ], [ 374884.5, 6470037.26 ], [ 374909.65, 6470076.83 ], [ 374890.32, 6470035.3 ], [ 374943.01, 6469999.97 ], [ 374929.46, 6470072.23 ], [ 375020.43, 6470019.87 ], [ 375069.0, 6470084.33 ], [ 375142.22, 6470026.82 ], [ 375134.24, 6469910.35 ], [ 375204.76, 6469840.7 ], [ 375284.44, 6469885.47 ], [ 375270.83, 6469838.05 ], [ 375316.74, 6469892.43 ], [ 375285.85, 6469793.47 ], [ 375328.05, 6469813.12 ], [ 375322.21, 6469763.14 ], [ 375385.22, 6469689.0 ], [ 375444.07, 6469683.6 ], [ 375458.1, 6469767.15 ], [ 375578.68, 6469779.91 ], [ 375636.69, 6469595.76 ], [ 375594.59, 6469553.77 ], [ 375626.44, 6469555.21 ], [ 375625.03, 6469498.69 ], [ 375764.7, 6469462.12 ], [ 375864.79, 6469374.57 ], [ 375899.79, 6469390.92 ], [ 376038.79, 6469081.97 ], [ 376094.33, 6469051.58 ], [ 376124.77, 6468925.44 ], [ 376190.51, 6468947.14 ], [ 376211.21, 6468885.43 ], [ 376298.37, 6468834.45 ], [ 376423.25, 6468877.52 ], [ 376773.02, 6468702.44 ], [ 376710.92, 6468638.96 ], [ 376720.5, 6468602.71 ], [ 376770.4, 6468576.74 ], [ 376864.79, 6468617.77 ], [ 376926.06, 6468529.0 ], [ 376795.66, 6468523.84 ], [ 376855.22, 6468348.33 ], [ 377062.32, 6468142.22 ], [ 377129.3, 6468169.65 ], [ 377199.24, 6468143.0 ], [ 377080.0, 6468052.67 ], [ 377266.05, 6468109.69 ], [ 377369.74, 6468070.96 ], [ 377458.59, 6468126.42 ], [ 377526.14, 6468103.09 ], [ 377578.68, 6467981.96 ], [ 377722.04, 6467869.67 ], [ 377775.9, 6467765.26 ], [ 377986.11, 6467558.25 ], [ 378077.63, 6467388.23 ], [ 378213.74, 6467303.25 ], [ 378237.75, 6467200.2 ], [ 378133.16, 6467156.55 ], [ 378088.2, 6467039.61 ], [ 378171.27, 6466967.14 ], [ 378222.97, 6466983.34 ], [ 378281.76, 6466896.36 ], [ 378301.49, 6466917.42 ], [ 378317.85, 6466844.57 ], [ 378437.03, 6466807.01 ], [ 378589.21, 6466509.54 ], [ 378542.69, 6466491.02 ], [ 378355.83, 6466677.7 ], [ 378170.72, 6466764.11 ], [ 378077.72, 6466871.25 ], [ 378076.97, 6466812.72 ], [ 378002.17, 6466777.96 ], [ 377954.06, 6466696.83 ], [ 377997.6, 6466664.67 ], [ 378018.45, 6466718.38 ], [ 378067.08, 6466729.11 ], [ 378177.55, 6466643.35 ], [ 378522.49, 6465989.22 ], [ 378440.63, 6465865.19 ], [ 378427.58, 6465605.52 ], [ 378245.02, 6465578.08 ], [ 378267.49, 6465493.96 ], [ 378358.63, 6465454.25 ], [ 378354.38, 6465377.73 ], [ 378185.19, 6465361.13 ], [ 378195.66, 6465271.4 ], [ 378511.81, 6465129.42 ], [ 378582.49, 6465025.78 ], [ 378685.36, 6465064.12 ], [ 378708.74, 6465010.76 ], [ 378681.11, 6465217.45 ], [ 378627.73, 6465301.66 ], [ 378690.66, 6465357.93 ], [ 378880.44, 6465174.01 ], [ 378864.26, 6465102.77 ], [ 379062.43, 6465108.25 ], [ 379082.47, 6465175.34 ], [ 379201.74, 6465175.42 ], [ 379259.16, 6465131.73 ], [ 379346.17, 6465220.32 ], [ 379443.47, 6465133.46 ], [ 379520.45, 6464914.21 ], [ 379573.89, 6464888.76 ], [ 379626.9, 6464952.12 ], [ 379553.08, 6465081.69 ], [ 379589.18, 6465174.83 ], [ 379657.29, 6465140.27 ], [ 379637.52, 6465232.31 ], [ 379504.46, 6465389.79 ], [ 379352.79, 6465486.37 ], [ 379282.51, 6465667.9 ], [ 379398.13, 6465669.32 ], [ 379545.16, 6465553.91 ], [ 379662.72, 6465578.1 ], [ 379738.08, 6465491.29 ], [ 379777.18, 6465361.35 ], [ 379743.09, 6465295.83 ], [ 379852.63, 6465286.17 ], [ 379945.58, 6465403.64 ], [ 379976.31, 6465558.4 ], [ 379836.6, 6465831.69 ], [ 379729.18, 6465825.07 ], [ 379700.56, 6465990.57 ], [ 379776.43, 6466005.11 ], [ 379813.37, 6466113.64 ], [ 379850.3, 6466111.31 ], [ 379855.01, 6466037.18 ], [ 379988.97, 6465819.47 ], [ 380119.45, 6465643.37 ], [ 380199.22, 6465609.9 ], [ 380252.45, 6465692.43 ], [ 380158.95, 6465756.16 ], [ 380205.25, 6465737.67 ], [ 380195.85, 6466057.92 ], [ 380429.54, 6466173.92 ], [ 380450.07, 6466208.21 ], [ 380411.76, 6466301.97 ], [ 380444.46, 6466282.29 ], [ 380453.78, 6466355.0 ], [ 380299.17, 6466635.18 ], [ 380348.72, 6466568.16 ], [ 380298.24, 6466807.08 ], [ 380336.16, 6466961.04 ], [ 380261.19, 6467213.03 ], [ 380108.52, 6467452.5 ], [ 380079.01, 6467688.46 ], [ 379932.12, 6467837.05 ], [ 379870.99, 6467939.23 ], [ 379879.29, 6468060.35 ], [ 379743.4, 6468211.48 ], [ 379670.17, 6468156.87 ], [ 379715.28, 6468024.61 ], [ 379787.55, 6467959.73 ], [ 379722.36, 6467808.44 ], [ 379604.89, 6467858.05 ], [ 379521.46, 6467946.79 ], [ 379478.82, 6468052.9 ], [ 379504.87, 6468194.13 ], [ 379467.17, 6468263.34 ], [ 379505.35, 6468405.11 ], [ 379378.9, 6468492.02 ], [ 379351.2, 6468571.32 ], [ 379361.6, 6468735.94 ], [ 379413.67, 6468662.84 ], [ 379441.29, 6468682.52 ], [ 379380.41, 6468765.07 ], [ 379339.93, 6468758.17 ], [ 379312.55, 6468878.9 ], [ 379254.84, 6468894.22 ], [ 379173.32, 6469002.96 ], [ 379241.71, 6469046.86 ], [ 379198.37, 6469087.74 ], [ 379203.53, 6469215.61 ], [ 378918.17, 6469659.11 ], [ 379029.49, 6469948.14 ], [ 379053.63, 6469920.52 ], [ 379115.07, 6469983.86 ], [ 379330.46, 6469915.81 ], [ 379290.51, 6469985.45 ], [ 379165.82, 6470029.15 ], [ 379241.94, 6470303.97 ], [ 379532.8, 6470133.0 ], [ 379576.78, 6469941.28 ], [ 379636.76, 6469891.97 ], [ 379633.09, 6469938.0 ], [ 379681.63, 6469953.42 ], [ 379788.04, 6469851.81 ], [ 379856.45, 6469635.32 ], [ 379950.0, 6469590.02 ], [ 379959.03, 6469544.05 ], [ 380173.96, 6469530.26 ], [ 380178.67, 6469417.98 ], [ 380283.4, 6469372.3 ], [ 380438.87, 6469152.02 ], [ 380524.3, 6469109.5 ], [ 380518.46, 6469007.4 ], [ 380623.12, 6468999.89 ], [ 380644.18, 6468957.22 ], [ 380839.86, 6469039.98 ], [ 380729.0, 6469058.64 ], [ 380794.53, 6469132.08 ], [ 380668.7, 6469386.2 ], [ 380744.37, 6469514.13 ], [ 380849.12, 6469446.9 ], [ 380884.63, 6469267.92 ], [ 381056.87, 6469259.42 ], [ 381168.23, 6469189.26 ], [ 381372.65, 6468867.04 ], [ 381423.98, 6468869.93 ], [ 381558.72, 6468762.56 ], [ 381722.76, 6468578.0 ], [ 381799.09, 6468415.53 ], [ 381787.98, 6468346.55 ], [ 381611.51, 6468468.35 ], [ 381480.64, 6468210.67 ], [ 381580.58, 6468130.07 ], [ 381778.57, 6468081.0 ], [ 381816.92, 6468007.09 ], [ 381936.1, 6467942.64 ], [ 381819.4, 6468312.11 ], [ 381997.14, 6468124.24 ], [ 382094.67, 6468099.69 ], [ 382147.9, 6468175.89 ], [ 382105.66, 6468334.78 ], [ 382255.7, 6468437.22 ], [ 382315.82, 6468561.62 ], [ 382618.29, 6468624.26 ], [ 382699.17, 6468727.84 ], [ 382862.7, 6468764.98 ], [ 382844.14, 6468907.51 ], [ 382715.39, 6469029.69 ], [ 382658.13, 6469143.52 ], [ 382704.85, 6469120.9 ], [ 382656.17, 6469307.72 ], [ 382675.46, 6469365.04 ], [ 382603.23, 6469565.62 ], [ 382705.75, 6469491.56 ], [ 382859.62, 6469505.45 ], [ 382899.98, 6469548.13 ], [ 382906.94, 6469740.07 ], [ 382851.58, 6469794.5 ], [ 382747.67, 6469780.61 ], [ 382753.87, 6469819.61 ], [ 382683.54, 6469822.23 ], [ 382665.84, 6469945.08 ], [ 382526.47, 6470142.47 ], [ 382325.57, 6470244.09 ], [ 382333.93, 6470298.67 ], [ 382151.78, 6470603.24 ], [ 382112.88, 6470554.7 ], [ 382072.26, 6470570.42 ], [ 382081.35, 6470540.67 ], [ 382065.69, 6470572.67 ], [ 382146.3, 6470622.97 ], [ 382085.51, 6470728.45 ], [ 381984.39, 6470778.07 ], [ 381877.09, 6471002.78 ], [ 381883.15, 6471187.4 ], [ 381837.93, 6471252.83 ], [ 381794.4, 6471236.8 ], [ 381812.05, 6471280.17 ], [ 381736.8, 6471367.73 ], [ 381798.99, 6471551.07 ], [ 381854.44, 6471562.97 ], [ 381858.4, 6471632.29 ], [ 381919.14, 6471649.8 ], [ 381987.08, 6471491.61 ], [ 382201.7, 6471384.02 ], [ 382301.83, 6471404.03 ], [ 382290.88, 6471470.24 ], [ 382464.29, 6471457.86 ], [ 382444.28, 6471520.44 ], [ 382578.87, 6471465.83 ], [ 382600.51, 6471578.19 ], [ 382642.66, 6471577.43 ], [ 382684.17, 6471661.68 ], [ 382733.23, 6471672.39 ], [ 382836.98, 6471618.26 ], [ 382919.19, 6471433.92 ], [ 383037.51, 6471452.91 ], [ 383048.35, 6471495.69 ], [ 383101.13, 6471468.21 ], [ 383085.2, 6471527.8 ], [ 383112.9, 6471534.02 ], [ 383452.05, 6471211.96 ], [ 383607.41, 6471354.43 ], [ 383687.84, 6471328.38 ], [ 383765.56, 6471172.93 ], [ 383888.18, 6471078.13 ], [ 383981.42, 6471070.66 ], [ 384085.2, 6470923.3 ], [ 384208.3, 6470970.89 ], [ 384222.4, 6471068.27 ], [ 384299.82, 6471176.57 ], [ 384259.2, 6471221.75 ], [ 384090.05, 6471249.59 ], [ 383951.97, 6471365.09 ], [ 383891.04, 6471354.02 ], [ 383925.85, 6471536.25 ], [ 384030.76, 6471627.08 ], [ 383923.97, 6471557.25 ], [ 383937.39, 6471624.65 ], [ 383880.57, 6471621.88 ], [ 383821.21, 6471699.82 ], [ 383834.21, 6471769.55 ], [ 383777.51, 6471810.82 ], [ 383641.36, 6472066.99 ], [ 383629.86, 6472173.48 ], [ 383457.04, 6472215.08 ], [ 383436.38, 6472174.49 ], [ 383519.03, 6472028.67 ], [ 383299.78, 6472009.61 ], [ 383191.42, 6472145.08 ], [ 383055.39, 6472153.7 ], [ 382906.22, 6472241.72 ], [ 382858.47, 6472300.81 ], [ 382871.33, 6472389.48 ], [ 382705.29, 6472549.73 ], [ 382693.67, 6472632.62 ], [ 382748.61, 6472615.59 ], [ 382850.47, 6472826.03 ], [ 382790.02, 6472902.84 ], [ 382805.65, 6473040.9 ], [ 382680.83, 6473193.61 ], [ 382807.39, 6473173.42 ], [ 382821.27, 6473266.96 ], [ 382619.38, 6473526.93 ], [ 382478.22, 6473566.18 ], [ 382452.47, 6473664.88 ], [ 382180.93, 6473925.56 ], [ 382366.17, 6473836.07 ], [ 382420.54, 6473846.75 ], [ 382421.82, 6473928.77 ], [ 382550.48, 6473771.06 ], [ 382699.19, 6473671.3 ], [ 382750.88, 6473746.99 ], [ 382708.99, 6473875.6 ], [ 382733.83, 6473908.57 ], [ 382620.47, 6473995.16 ], [ 382430.33, 6474026.87 ], [ 382268.56, 6474141.48 ], [ 382152.48, 6474146.01 ], [ 382024.14, 6474303.45 ], [ 381947.71, 6474341.69 ], [ 381911.86, 6474421.64 ], [ 381956.27, 6474481.76 ], [ 382121.26, 6474366.91 ], [ 382342.31, 6474354.23 ], [ 382513.55, 6474244.33 ], [ 382575.35, 6474304.97 ], [ 382478.46, 6474518.1 ], [ 382546.7, 6474543.24 ], [ 382557.56, 6474590.13 ], [ 382659.27, 6474580.99 ], [ 382663.24, 6474612.99 ], [ 382545.95, 6474602.71 ], [ 382350.15, 6474863.77 ], [ 382316.72, 6474863.26 ], [ 382340.57, 6474813.27 ], [ 382285.6, 6474854.13 ], [ 382246.61, 6474814.41 ], [ 382249.94, 6474884.81 ], [ 382155.09, 6474878.81 ], [ 382120.66, 6474936.79 ], [ 381861.69, 6475103.07 ], [ 381839.36, 6474830.74 ], [ 381727.71, 6474853.13 ], [ 381693.27, 6474726.75 ], [ 381544.05, 6474903.23 ], [ 381482.56, 6474913.86 ], [ 381401.87, 6474620.8 ], [ 381353.06, 6474587.65 ], [ 381462.12, 6474933.73 ], [ 381393.06, 6475098.3 ], [ 381266.86, 6475160.02 ], [ 381106.53, 6475385.06 ], [ 381058.37, 6475379.08 ], [ 380927.86, 6475481.09 ], [ 380869.34, 6475472.83 ], [ 380813.64, 6475566.92 ], [ 380652.4, 6475601.73 ], [ 380611.53, 6475645.84 ], [ 380578.64, 6475607.3 ], [ 380654.45, 6475517.31 ], [ 380578.25, 6475506.44 ], [ 380576.19, 6475547.47 ], [ 380443.79, 6475540.57 ], [ 380330.76, 6475643.03 ], [ 380380.53, 6475650.74 ], [ 380379.89, 6475685.43 ], [ 380274.8, 6475834.87 ], [ 380302.26, 6476076.61 ], [ 380331.62, 6476125.27 ], [ 380438.39, 6476100.66 ], [ 380490.44, 6476146.54 ], [ 380322.58, 6476353.95 ], [ 380358.3, 6476388.96 ], [ 380321.56, 6476460.81 ], [ 380056.19, 6476707.58 ], [ 380223.41, 6476619.87 ], [ 380227.77, 6476675.3 ], [ 380116.24, 6476748.94 ], [ 380073.9, 6476897.04 ], [ 380338.41, 6476785.82 ], [ 380297.46, 6476832.2 ], [ 380349.1, 6476870.72 ], [ 380318.33, 6476912.14 ], [ 380341.32, 6476944.15 ], [ 380183.79, 6476983.14 ], [ 379896.6, 6477182.23 ], [ 379712.36, 6477207.64 ], [ 379629.88, 6477354.25 ], [ 379741.33, 6477358.93 ], [ 379789.67, 6477417.27 ], [ 379850.07, 6477402.11 ], [ 379913.83, 6477438.99 ], [ 379806.9, 6477582.09 ], [ 379981.36, 6477511.15 ], [ 379992.39, 6477592.01 ], [ 379942.6, 6477676.41 ], [ 380044.94, 6477816.38 ], [ 379999.3, 6477880.11 ], [ 380033.96, 6477924.74 ], [ 380087.43, 6477885.33 ], [ 380153.81, 6477900.54 ], [ 380143.17, 6478001.51 ], [ 380068.64, 6478093.24 ], [ 379963.73, 6478133.26 ], [ 379969.64, 6478189.78 ], [ 379845.94, 6478300.97 ], [ 379840.54, 6478348.43 ], [ 379802.34, 6478316.04 ], [ 379756.48, 6478342.72 ], [ 379748.47, 6478366.69 ], [ 379828.16, 6478357.4 ], [ 379823.4, 6478430.03 ], [ 379856.18, 6478445.35 ], [ 379779.01, 6478611.5 ], [ 379531.65, 6478759.95 ], [ 379547.54, 6478875.15 ], [ 379580.64, 6478857.51 ], [ 379642.36, 6478909.9 ], [ 379613.38, 6478922.36 ], [ 379579.33, 6478873.86 ], [ 379518.85, 6478908.71 ], [ 379585.05, 6478922.76 ], [ 379611.32, 6478982.05 ], [ 379517.74, 6479045.71 ], [ 379510.43, 6479191.13 ], [ 379417.25, 6479184.06 ], [ 379354.46, 6479265.74 ], [ 379267.78, 6479295.5 ], [ 379258.02, 6479341.38 ], [ 379151.18, 6479383.37 ], [ 379090.52, 6479513.62 ], [ 378746.77, 6479723.21 ], [ 378688.99, 6479721.94 ], [ 378756.01, 6479765.83 ], [ 378649.11, 6479849.86 ], [ 378478.71, 6480282.04 ], [ 378195.09, 6480488.46 ], [ 378019.83, 6480708.17 ], [ 377953.15, 6480973.39 ], [ 378115.29, 6481376.83 ], [ 378130.95, 6481707.67 ], [ 377873.14, 6482509.46 ], [ 377662.96, 6482877.76 ], [ 377381.89, 6483188.17 ], [ 377104.47, 6483412.67 ], [ 376868.66, 6483531.63 ], [ 376710.14, 6483555.86 ], [ 376504.08, 6483463.39 ], [ 376094.37, 6483443.11 ], [ 376019.15, 6483223.67 ], [ 375534.61, 6482752.45 ], [ 375715.44, 6482857.98 ], [ 375696.47, 6482747.79 ], [ 375801.61, 6482799.19 ], [ 375774.58, 6482705.48 ], [ 375706.89, 6482677.8 ], [ 375791.22, 6482640.56 ], [ 375882.9, 6482657.39 ], [ 376091.32, 6482792.34 ], [ 376331.16, 6483147.21 ], [ 376674.53, 6483507.41 ], [ 376659.87, 6483443.43 ], [ 376364.7, 6483137.68 ], [ 376246.83, 6482916.96 ], [ 375925.56, 6482627.17 ], [ 375815.16, 6482595.76 ], [ 375505.99, 6482712.17 ], [ 375167.11, 6482968.29 ], [ 374599.37, 6483811.25 ], [ 374053.43, 6484028.05 ], [ 374039.39, 6484187.42 ], [ 374099.89, 6484192.7 ], [ 374142.54, 6484245.41 ], [ 374111.53, 6484381.83 ], [ 373885.15, 6484366.48 ], [ 373671.37, 6484465.12 ], [ 373683.64, 6484522.8 ], [ 373889.66, 6484388.24 ], [ 374096.01, 6484534.62 ], [ 374186.6, 6484704.1 ], [ 374281.85, 6485154.66 ], [ 374289.47, 6485388.91 ], [ 374207.63, 6485731.1 ], [ 374157.99, 6486243.59 ], [ 374102.96, 6486439.2 ], [ 373974.58, 6486623.39 ], [ 374100.49, 6486500.06 ], [ 374283.76, 6486094.89 ], [ 374767.63, 6485732.8 ], [ 374960.81, 6485409.09 ], [ 375210.51, 6485212.2 ], [ 375369.05, 6484942.86 ], [ 375755.34, 6484624.83 ], [ 375986.8, 6484196.83 ], [ 376260.17, 6484114.28 ], [ 377178.48, 6484006.86 ], [ 377697.07, 6484126.88 ], [ 378169.33, 6484407.94 ], [ 378706.53, 6484793.64 ], [ 378888.14, 6485075.9 ], [ 378932.57, 6485442.57 ], [ 378854.25, 6485635.72 ], [ 378741.4, 6485777.16 ], [ 378732.75, 6485859.71 ], [ 378907.88, 6486004.6 ], [ 378906.07, 6486030.21 ], [ 378858.61, 6486012.73 ], [ 378862.31, 6486063.09 ], [ 378742.81, 6486086.02 ], [ 378660.73, 6486031.35 ], [ 378464.33, 6485993.76 ], [ 378453.85, 6486038.61 ], [ 378512.76, 6486115.83 ], [ 378536.21, 6486022.42 ], [ 378696.68, 6486109.99 ], [ 378615.17, 6486146.17 ], [ 378519.73, 6486123.13 ], [ 378515.5, 6486235.36 ], [ 378585.46, 6486327.34 ], [ 378465.93, 6486361.51 ], [ 378341.11, 6486513.32 ], [ 378199.76, 6486570.17 ], [ 378220.22, 6487136.45 ], [ 378278.66, 6487259.93 ], [ 378471.05, 6487409.76 ], [ 378547.77, 6487545.56 ], [ 378593.44, 6487731.78 ], [ 378540.89, 6487888.12 ], [ 378644.26, 6488188.16 ], [ 378997.32, 6488107.72 ], [ 379351.94, 6487909.04 ], [ 380382.0, 6487443.71 ], [ 380871.71, 6487368.64 ], [ 380944.77, 6487295.58 ], [ 380961.72, 6487155.63 ], [ 381042.06, 6487074.57 ], [ 381436.39, 6486915.65 ], [ 381713.46, 6486881.43 ], [ 381887.17, 6487043.85 ], [ 382690.34, 6487231.88 ], [ 382774.44, 6487184.6 ], [ 383050.57, 6487210.72 ], [ 383236.99, 6487182.78 ], [ 383705.43, 6486872.69 ], [ 383931.29, 6486775.0 ], [ 384054.52, 6486645.88 ], [ 384097.46, 6486521.45 ], [ 384415.08, 6486279.39 ], [ 384551.31, 6486120.78 ], [ 384889.34, 6485259.77 ], [ 384999.1, 6484811.41 ], [ 385686.15, 6483189.08 ], [ 385747.39, 6482860.46 ], [ 385896.82, 6482612.5 ], [ 386115.43, 6482398.5 ], [ 386127.63, 6482259.91 ], [ 386058.19, 6482055.86 ], [ 386320.07, 6481756.36 ], [ 386258.64, 6481801.94 ], [ 386214.28, 6481791.79 ], [ 386221.09, 6481760.15 ], [ 386135.77, 6481755.34 ], [ 386139.73, 6481711.67 ], [ 386198.64, 6481718.95 ], [ 386132.65, 6481706.46 ], [ 386129.88, 6481674.53 ], [ 386171.74, 6481625.65 ], [ 386150.86, 6481580.91 ], [ 386231.99, 6481342.9 ], [ 386180.45, 6481002.26 ], [ 386346.44, 6480638.81 ], [ 386423.11, 6480190.36 ], [ 386615.61, 6479811.29 ], [ 386651.91, 6479578.95 ], [ 386789.12, 6479423.56 ], [ 386917.75, 6479353.69 ], [ 386973.83, 6479375.31 ], [ 387031.16, 6479275.13 ], [ 387005.58, 6479262.49 ], [ 386965.59, 6479364.76 ], [ 386803.01, 6479277.84 ], [ 386827.96, 6479240.08 ], [ 386907.04, 6479273.47 ], [ 386832.44, 6479221.17 ], [ 386856.85, 6479191.26 ], [ 386927.22, 6479227.74 ], [ 386875.09, 6479193.86 ], [ 386885.15, 6479132.02 ], [ 387175.82, 6478685.94 ], [ 387527.72, 6477905.84 ], [ 387660.54, 6477011.12 ], [ 387814.38, 6476868.09 ], [ 387998.15, 6476777.12 ], [ 388540.23, 6476663.35 ], [ 388972.18, 6476679.25 ], [ 389311.96, 6476752.75 ], [ 389487.42, 6476838.29 ], [ 389823.49, 6477126.97 ], [ 390034.67, 6477534.12 ], [ 389976.38, 6477644.55 ], [ 389985.79, 6477791.94 ], [ 389894.33, 6477810.82 ], [ 390012.91, 6477806.71 ], [ 390014.25, 6477950.41 ], [ 389950.62, 6478066.1 ], [ 389990.18, 6478148.52 ], [ 389952.61, 6478163.53 ], [ 389960.94, 6478291.19 ], [ 389889.68, 6478385.45 ], [ 389901.97, 6478422.34 ], [ 389852.91, 6478412.78 ], [ 389839.6, 6478463.57 ], [ 389771.91, 6478493.67 ], [ 389714.58, 6478718.05 ], [ 389834.28, 6478886.08 ], [ 389798.35, 6479032.88 ], [ 389922.21, 6479204.97 ], [ 390081.0, 6479570.03 ], [ 390118.7, 6479917.94 ], [ 389961.57, 6480060.98 ], [ 389882.41, 6480421.03 ], [ 389915.1, 6480868.66 ], [ 389838.92, 6480967.68 ], [ 389853.01, 6480871.09 ], [ 389820.31, 6480871.56 ], [ 389781.49, 6481267.01 ], [ 389875.66, 6481865.5 ], [ 389939.17, 6481972.71 ], [ 390088.17, 6482070.29 ], [ 390134.1, 6482188.08 ], [ 390141.46, 6482374.88 ], [ 390098.25, 6482496.0 ], [ 389969.34, 6482551.85 ], [ 389948.16, 6482598.63 ], [ 389981.51, 6482841.96 ], [ 389952.48, 6483025.31 ], [ 390038.94, 6483291.32 ], [ 390200.5, 6483600.04 ], [ 390247.63, 6483956.24 ], [ 390400.79, 6484204.4 ], [ 390667.04, 6484471.61 ], [ 391262.12, 6485465.68 ], [ 391492.05, 6485752.09 ], [ 391868.7, 6485899.24 ], [ 391887.5, 6485790.84 ], [ 392224.88, 6485600.65 ], [ 392351.43, 6485502.82 ], [ 392423.32, 6485379.83 ], [ 392555.14, 6485348.13 ], [ 392735.39, 6485197.25 ], [ 392778.05, 6485318.6 ], [ 392823.45, 6485328.76 ], [ 392779.71, 6485382.98 ], [ 392930.2, 6485393.5 ], [ 392885.52, 6485452.59 ], [ 392929.18, 6485497.59 ], [ 392815.78, 6485939.3 ], [ 392641.47, 6486206.78 ], [ 392690.79, 6486302.54 ], [ 392813.13, 6486358.64 ], [ 393001.31, 6486624.82 ], [ 393294.36, 6486737.96 ], [ 393312.46, 6486841.99 ], [ 393524.86, 6487078.74 ], [ 393657.05, 6487150.81 ], [ 394323.27, 6487189.44 ], [ 394588.77, 6487177.7 ], [ 394762.84, 6487112.8 ], [ 394913.45, 6487121.23 ], [ 395026.96, 6487183.03 ], [ 395110.66, 6487328.86 ], [ 395149.23, 6487334.85 ], [ 395234.3, 6487541.38 ], [ 395297.8, 6487567.31 ], [ 395257.89, 6487700.75 ], [ 395290.78, 6487738.23 ], [ 395295.28, 6487984.43 ], [ 395215.42, 6488301.26 ], [ 395273.32, 6488380.77 ], [ 395313.8, 6488675.78 ], [ 395275.47, 6488857.02 ], [ 395055.06, 6489210.81 ], [ 394975.84, 6489562.43 ], [ 395180.95, 6490008.4 ], [ 395171.4, 6490499.52 ], [ 395325.73, 6490841.03 ], [ 395426.49, 6490969.61 ], [ 395642.15, 6491031.46 ], [ 395912.73, 6491016.57 ], [ 396337.65, 6490867.34 ], [ 396245.29, 6490827.59 ], [ 396258.29, 6490795.78 ], [ 396293.54, 6490821.91 ], [ 396299.31, 6490773.55 ], [ 396442.77, 6490669.35 ], [ 396489.13, 6490581.5 ], [ 396624.28, 6490499.8 ], [ 396640.29, 6490380.25 ], [ 396780.15, 6490151.89 ], [ 397069.47, 6490022.35 ], [ 397255.57, 6489838.48 ], [ 397358.47, 6489903.8 ], [ 397465.87, 6489735.47 ], [ 397364.23, 6489864.9 ], [ 397235.13, 6489785.8 ], [ 397294.07, 6489405.27 ], [ 397267.64, 6489185.26 ], [ 397307.9, 6489048.15 ], [ 397296.08, 6488794.99 ], [ 397252.08, 6488680.46 ], [ 397271.17, 6488603.52 ], [ 397218.86, 6488471.58 ], [ 397276.75, 6488182.34 ], [ 397116.84, 6487661.23 ], [ 397155.89, 6487486.26 ], [ 397295.89, 6487239.93 ], [ 397410.09, 6486895.49 ], [ 397327.73, 6486434.95 ], [ 397356.94, 6486074.64 ], [ 397286.24, 6485641.18 ], [ 397335.35, 6485556.13 ], [ 397364.09, 6485231.38 ], [ 397410.16, 6485082.86 ], [ 397475.25, 6485020.36 ], [ 397495.54, 6484805.21 ], [ 397630.5, 6484681.25 ], [ 397625.78, 6484626.1 ], [ 397719.05, 6484573.81 ], [ 397717.76, 6484514.3 ], [ 397830.5, 6484416.71 ], [ 397969.77, 6484405.25 ], [ 398010.6, 6484346.69 ], [ 398036.85, 6484395.32 ], [ 398059.26, 6484299.21 ], [ 398160.84, 6484254.23 ], [ 398139.01, 6484177.48 ], [ 398100.26, 6484180.84 ], [ 398157.64, 6484115.05 ], [ 398237.41, 6484214.54 ], [ 398356.45, 6484137.61 ], [ 398480.16, 6484113.04 ], [ 398394.59, 6484284.52 ], [ 398482.41, 6484320.53 ], [ 398550.93, 6484238.85 ], [ 398595.21, 6484289.29 ], [ 398659.52, 6484288.54 ], [ 398672.86, 6484212.86 ], [ 398738.62, 6484277.69 ], [ 398750.14, 6484170.45 ], [ 398865.65, 6484192.37 ], [ 398902.4, 6484252.27 ], [ 398984.86, 6484253.95 ], [ 398991.33, 6484224.72 ], [ 399047.67, 6484296.25 ], [ 399083.44, 6484240.68 ], [ 399152.84, 6484244.19 ], [ 399168.76, 6484307.33 ], [ 399336.55, 6484202.41 ], [ 399560.33, 6484204.32 ], [ 399976.06, 6484125.9 ], [ 400120.5, 6484194.21 ], [ 400117.99, 6484311.86 ], [ 400354.39, 6484318.29 ], [ 400388.53, 6484374.54 ], [ 400515.95, 6484376.01 ], [ 400485.45, 6484525.57 ], [ 400508.78, 6484596.35 ], [ 400597.7, 6484686.31 ], [ 400757.33, 6484690.47 ], [ 400725.37, 6484808.25 ], [ 400763.6, 6484799.84 ], [ 400820.99, 6484858.55 ], [ 400870.29, 6484844.91 ], [ 400811.8, 6484946.76 ], [ 400846.61, 6485008.07 ], [ 400796.18, 6485111.61 ], [ 400928.41, 6485177.39 ], [ 401007.87, 6485293.33 ], [ 400983.06, 6485469.88 ], [ 401014.21, 6485882.71 ], [ 401085.5, 6485928.63 ], [ 401166.95, 6486073.54 ], [ 401153.96, 6486129.42 ], [ 401109.43, 6486144.51 ], [ 401132.07, 6486212.88 ], [ 401178.78, 6486254.92 ], [ 401236.83, 6486217.18 ], [ 401324.61, 6486228.72 ], [ 401305.51, 6486256.56 ], [ 401352.33, 6486294.12 ], [ 401296.76, 6486339.02 ], [ 401324.28, 6486454.4 ], [ 401285.79, 6486518.63 ], [ 401335.76, 6486551.74 ], [ 401226.52, 6486775.31 ], [ 401288.03, 6486831.32 ], [ 401208.14, 6486841.66 ], [ 401159.16, 6486904.93 ], [ 401018.39, 6486899.91 ], [ 401001.61, 6486936.66 ], [ 401110.76, 6486981.15 ], [ 401371.88, 6486919.88 ], [ 401348.52, 6486955.63 ], [ 401395.78, 6486999.1 ], [ 401351.2, 6487088.85 ], [ 401161.9, 6487190.61 ], [ 401203.49, 6487294.58 ], [ 401301.01, 6487290.82 ], [ 401256.61, 6487346.84 ], [ 401319.86, 6487388.09 ], [ 401378.89, 6487288.47 ], [ 401409.86, 6487298.15 ], [ 401356.11, 6487380.68 ], [ 401431.2, 6487391.06 ], [ 401383.07, 6487469.61 ], [ 401422.93, 6487499.62 ], [ 401401.16, 6487531.97 ], [ 401501.18, 6487606.26 ], [ 401597.56, 6487588.39 ], [ 401676.46, 6487649.22 ], [ 401783.32, 6487650.39 ], [ 401784.72, 6487737.02 ], [ 401751.61, 6487759.64 ], [ 401806.83, 6487771.04 ], [ 401835.26, 6487888.98 ], [ 401710.92, 6487976.27 ], [ 401694.65, 6488064.46 ], [ 401529.57, 6488161.93 ], [ 401532.72, 6488191.36 ], [ 401559.42, 6488156.56 ], [ 401600.77, 6488185.85 ], [ 401603.39, 6488261.59 ], [ 401552.39, 6488312.48 ], [ 401613.36, 6488356.25 ], [ 401539.14, 6488438.68 ], [ 401554.36, 6488495.92 ], [ 401440.05, 6488557.91 ], [ 401490.63, 6488596.76 ], [ 401385.46, 6488671.88 ], [ 401371.99, 6488781.99 ], [ 401256.52, 6488862.27 ], [ 401169.58, 6488837.86 ], [ 401133.53, 6488878.51 ], [ 401165.74, 6488938.33 ], [ 401116.53, 6488936.12 ], [ 401144.71, 6489007.57 ], [ 401085.77, 6489056.84 ], [ 401114.87, 6489237.96 ], [ 401072.9, 6489258.29 ], [ 401123.23, 6489313.51 ], [ 401067.35, 6489354.25 ], [ 401076.25, 6489389.99 ], [ 401181.47, 6489380.93 ], [ 401143.85, 6489461.42 ], [ 401160.7, 6489529.35 ], [ 401089.1, 6489547.13 ], [ 401202.69, 6489564.1 ], [ 401155.61, 6489629.9 ], [ 401168.74, 6489727.95 ], [ 401256.21, 6489725.96 ], [ 401235.65, 6489762.96 ], [ 401282.89, 6489838.85 ], [ 401194.0, 6489838.91 ], [ 401190.97, 6489931.08 ], [ 401141.99, 6489887.18 ], [ 401104.29, 6489906.1 ], [ 401212.5, 6490016.77 ], [ 401099.89, 6490110.41 ], [ 401044.86, 6490088.39 ], [ 400993.37, 6490148.98 ], [ 400925.9, 6490112.52 ], [ 400905.43, 6490206.33 ], [ 400762.86, 6490195.4 ], [ 400669.67, 6490302.81 ], [ 400634.57, 6490238.84 ], [ 400465.98, 6490150.69 ], [ 400441.63, 6490173.15 ], [ 400263.17, 6490124.66 ], [ 400221.02, 6490028.49 ], [ 400286.35, 6490015.65 ], [ 400359.81, 6490056.31 ], [ 400319.06, 6489979.97 ], [ 400233.21, 6489929.57 ], [ 400217.44, 6489806.14 ], [ 400233.95, 6489712.32 ], [ 400334.77, 6489587.58 ], [ 400252.52, 6489567.38 ], [ 400293.92, 6489521.53 ], [ 400179.58, 6489422.53 ], [ 400151.37, 6489299.04 ], [ 400200.78, 6489259.64 ], [ 400193.64, 6489208.45 ], [ 400236.42, 6489292.29 ], [ 400240.03, 6489238.92 ], [ 400276.35, 6489245.79 ], [ 400291.4, 6489311.17 ], [ 400380.42, 6489294.43 ], [ 400284.28, 6489208.51 ], [ 400318.71, 6489137.18 ], [ 400425.39, 6489153.16 ], [ 400421.58, 6489097.71 ], [ 400177.96, 6488877.1 ], [ 400043.75, 6488917.46 ], [ 399955.37, 6489015.04 ], [ 400015.42, 6489481.83 ], [ 399986.9, 6489595.05 ], [ 400057.74, 6489909.17 ], [ 400032.47, 6490235.37 ], [ 400127.35, 6490601.69 ], [ 400121.63, 6490720.94 ], [ 400292.52, 6490978.96 ], [ 400321.88, 6491235.3 ], [ 400092.87, 6491955.65 ], [ 400059.4, 6492371.52 ], [ 400202.36, 6493211.04 ], [ 400363.21, 6493523.87 ], [ 400570.55, 6493591.04 ], [ 400814.6, 6493555.85 ], [ 401051.78, 6493423.67 ], [ 401121.33, 6493334.27 ], [ 401300.71, 6493313.26 ], [ 401344.92, 6493190.02 ], [ 401612.97, 6493034.31 ], [ 401701.72, 6492916.34 ], [ 401878.05, 6492911.49 ], [ 402147.3, 6492978.2 ], [ 402380.59, 6493385.11 ], [ 402685.74, 6493525.95 ], [ 402973.03, 6493719.26 ], [ 403060.31, 6493697.68 ], [ 403327.35, 6493771.91 ], [ 403839.25, 6493546.12 ], [ 404061.03, 6493665.42 ], [ 404161.41, 6493659.53 ], [ 404260.0, 6493770.84 ], [ 404312.23, 6493764.06 ], [ 404360.23, 6493832.01 ], [ 404313.57, 6493907.54 ], [ 404516.38, 6494113.97 ], [ 404664.67, 6494172.29 ], [ 404782.12, 6494183.22 ], [ 404911.56, 6494073.92 ], [ 405245.55, 6493938.1 ], [ 405293.1, 6493876.32 ], [ 405595.48, 6493787.85 ], [ 405851.7, 6493779.2 ], [ 405893.1, 6493706.08 ], [ 406163.37, 6493647.4 ], [ 406422.8, 6493739.97 ], [ 406553.82, 6493939.31 ], [ 406589.96, 6493916.62 ], [ 406671.54, 6493956.95 ], [ 406719.57, 6493907.88 ], [ 406833.91, 6493889.97 ], [ 406921.1, 6493986.76 ], [ 406864.56, 6493829.69 ], [ 406907.2, 6493853.74 ], [ 406955.79, 6493818.42 ], [ 406963.9, 6493958.21 ], [ 406980.66, 6493808.61 ], [ 407036.86, 6493850.61 ], [ 407109.39, 6493813.32 ], [ 407228.19, 6493912.59 ], [ 407441.21, 6493892.68 ], [ 407902.03, 6494113.52 ], [ 408187.22, 6494177.85 ], [ 408696.41, 6494114.25 ], [ 408822.61, 6494073.55 ], [ 408826.22, 6494038.1 ], [ 409060.27, 6494038.28 ], [ 409176.42, 6493983.21 ], [ 409631.5, 6494077.69 ], [ 409904.68, 6494049.9 ], [ 410188.58, 6494140.28 ], [ 410553.27, 6494352.06 ], [ 410621.93, 6494363.62 ], [ 410589.07, 6494330.64 ], [ 410627.58, 6494300.14 ], [ 410833.16, 6494430.75 ], [ 411051.12, 6494394.14 ], [ 411187.25, 6494436.68 ], [ 411382.11, 6494616.33 ], [ 411424.01, 6494716.94 ], [ 411607.09, 6494806.02 ], [ 411934.97, 6494870.58 ], [ 412055.72, 6495003.53 ], [ 412132.92, 6495246.24 ], [ 412269.54, 6495329.66 ], [ 412340.35, 6495324.82 ], [ 412503.58, 6495492.97 ], [ 412587.43, 6495445.66 ], [ 412643.6, 6495474.17 ], [ 412893.58, 6495808.04 ], [ 413003.61, 6496437.54 ], [ 413201.4, 6496481.49 ], [ 413298.82, 6496544.89 ], [ 413778.43, 6497048.31 ], [ 413833.75, 6497172.75 ], [ 413918.32, 6497648.6 ], [ 413973.9, 6497747.68 ], [ 414047.43, 6497756.53 ], [ 414089.72, 6497806.34 ], [ 414162.71, 6497994.77 ], [ 414233.87, 6498047.12 ], [ 414403.37, 6498574.77 ], [ 414452.81, 6499040.72 ], [ 414394.19, 6499197.83 ], [ 414410.66, 6499283.11 ], [ 414330.57, 6499433.02 ], [ 414378.27, 6499610.81 ], [ 414434.24, 6499644.83 ], [ 414453.85, 6499808.72 ], [ 414407.35, 6499872.41 ], [ 414470.09, 6499887.8 ], [ 414419.73, 6499960.27 ], [ 414485.07, 6500056.53 ], [ 414474.92, 6499979.49 ], [ 414716.42, 6500216.26 ], [ 414792.77, 6500432.01 ], [ 414811.12, 6500265.99 ], [ 414862.8, 6500270.51 ], [ 414853.09, 6500362.84 ], [ 414992.15, 6500644.42 ], [ 414981.08, 6500754.3 ], [ 415010.85, 6500756.49 ], [ 415066.61, 6500666.01 ], [ 414978.5, 6500511.89 ], [ 414989.05, 6500320.52 ], [ 414796.97, 6499970.67 ], [ 414838.8, 6499958.98 ], [ 414932.31, 6500155.16 ], [ 415054.36, 6500287.38 ], [ 415065.36, 6500449.4 ], [ 415153.61, 6500613.49 ], [ 415004.09, 6500833.68 ], [ 415013.6, 6500984.12 ], [ 415165.33, 6501149.46 ], [ 415246.62, 6501130.41 ], [ 415355.4, 6501167.04 ], [ 415499.87, 6501145.0 ], [ 415538.33, 6501099.82 ], [ 415501.42, 6501125.11 ], [ 415417.06, 6501090.2 ], [ 415406.73, 6501036.73 ], [ 415362.18, 6501034.0 ], [ 415473.63, 6500977.36 ], [ 415222.87, 6500833.3 ], [ 415344.05, 6500838.42 ], [ 415290.11, 6500793.73 ], [ 415313.01, 6500764.82 ], [ 415273.91, 6500699.19 ], [ 415373.61, 6500754.54 ], [ 415354.99, 6500705.02 ], [ 415478.61, 6500621.98 ], [ 415430.54, 6500591.47 ], [ 415545.02, 6500540.95 ], [ 415282.13, 6500226.7 ], [ 415254.55, 6500121.82 ], [ 415310.97, 6500039.05 ], [ 415351.34, 6500193.47 ], [ 415486.6, 6500365.53 ], [ 415519.92, 6500348.57 ], [ 415584.8, 6500432.99 ], [ 415669.91, 6500412.62 ], [ 415672.97, 6500487.39 ], [ 415726.21, 6500457.1 ], [ 415736.65, 6500557.06 ], [ 415833.78, 6500557.12 ], [ 415856.61, 6500625.8 ], [ 415993.37, 6500673.38 ], [ 416011.27, 6500718.15 ], [ 416071.33, 6500689.98 ], [ 416120.18, 6500719.81 ], [ 416106.67, 6500746.29 ], [ 416160.75, 6500708.86 ], [ 416211.52, 6500734.94 ], [ 416196.12, 6500766.53 ], [ 416263.59, 6500744.63 ], [ 416274.8, 6500784.59 ], [ 416314.0, 6500741.18 ], [ 416356.82, 6500767.0 ], [ 416465.62, 6500730.5 ], [ 416510.99, 6500771.76 ], [ 416583.35, 6500765.7 ], [ 416592.95, 6500700.87 ], [ 416732.44, 6500662.7 ], [ 416793.45, 6500557.87 ], [ 416955.95, 6500536.85 ], [ 417025.35, 6500466.27 ], [ 417041.34, 6500494.01 ], [ 417107.64, 6500365.91 ], [ 417154.62, 6500351.57 ], [ 417366.99, 6500021.79 ], [ 418055.17, 6498569.48 ], [ 418175.15, 6498394.7 ], [ 418250.99, 6498419.85 ], [ 418307.33, 6498403.97 ], [ 418232.93, 6498405.07 ], [ 418189.03, 6498356.77 ], [ 418234.37, 6498313.87 ], [ 418284.53, 6498382.62 ], [ 418248.86, 6498305.51 ], [ 418310.07, 6498071.42 ], [ 418809.32, 6496999.33 ], [ 419086.92, 6496305.19 ], [ 419396.65, 6495769.59 ], [ 419557.64, 6495336.59 ], [ 419916.72, 6494767.53 ], [ 420368.09, 6494270.87 ], [ 420477.0, 6494284.21 ], [ 420612.16, 6494234.45 ], [ 420681.4, 6494136.87 ], [ 420819.21, 6494108.62 ], [ 420861.29, 6494058.58 ], [ 421046.89, 6494084.79 ], [ 421051.2, 6494042.88 ], [ 421154.69, 6494006.19 ], [ 421179.12, 6494054.7 ], [ 421259.25, 6494017.87 ], [ 421462.54, 6494037.28 ], [ 421543.57, 6494018.38 ], [ 421542.94, 6493947.23 ], [ 421563.44, 6493978.23 ], [ 421643.7, 6493968.31 ], [ 421615.15, 6493934.92 ], [ 421805.48, 6493989.88 ], [ 421811.14, 6493960.27 ], [ 421988.69, 6494002.16 ], [ 422092.45, 6493970.38 ], [ 422219.57, 6494022.41 ], [ 422619.3, 6493987.8 ], [ 422669.65, 6494023.87 ], [ 422649.28, 6494058.35 ], [ 422693.66, 6494118.2 ], [ 422711.64, 6494046.21 ], [ 422767.79, 6494043.02 ], [ 422774.0, 6494093.83 ], [ 422865.76, 6494146.01 ], [ 422886.78, 6494125.45 ], [ 423079.56, 6494390.82 ], [ 423441.26, 6494668.85 ], [ 423446.98, 6494714.16 ], [ 423387.54, 6494763.99 ], [ 423529.84, 6494762.93 ], [ 423556.23, 6494837.4 ], [ 423404.34, 6495002.37 ], [ 423459.34, 6495016.52 ], [ 423494.47, 6495094.55 ], [ 423479.98, 6495198.28 ], [ 423726.66, 6495275.71 ], [ 423774.97, 6495259.72 ], [ 423816.09, 6495323.49 ], [ 423904.51, 6495583.89 ], [ 423769.6, 6495734.75 ], [ 423583.47, 6495836.8 ], [ 423497.44, 6495972.09 ], [ 423602.37, 6496028.8 ], [ 423704.46, 6496159.38 ], [ 423880.96, 6496242.9 ], [ 424005.28, 6496373.17 ], [ 424109.93, 6496098.18 ], [ 424191.62, 6496064.61 ], [ 424211.23, 6495979.89 ], [ 424389.76, 6495987.73 ], [ 424511.38, 6496079.43 ], [ 424581.7, 6496077.1 ], [ 424688.73, 6495851.04 ], [ 424818.66, 6495780.87 ], [ 424895.61, 6495790.54 ], [ 424895.9, 6495682.94 ], [ 424996.73, 6495474.44 ], [ 425148.3, 6495450.32 ], [ 425236.5, 6495326.66 ], [ 425293.34, 6495412.17 ], [ 425404.18, 6495369.56 ], [ 425547.43, 6495379.0 ], [ 425408.22, 6495330.02 ], [ 425477.51, 6495219.12 ], [ 425523.48, 6495248.7 ], [ 425497.81, 6495316.28 ], [ 425536.05, 6495248.45 ], [ 425519.06, 6495232.75 ], [ 425450.67, 6495195.12 ], [ 425429.39, 6495235.62 ], [ 425282.52, 6495202.33 ], [ 425251.41, 6494968.19 ], [ 425308.48, 6494939.1 ], [ 425195.05, 6494809.09 ], [ 425255.87, 6494789.14 ], [ 425208.67, 6494750.12 ], [ 425294.54, 6494744.04 ], [ 425252.08, 6494675.19 ], [ 425285.45, 6494624.3 ], [ 425306.24, 6494681.06 ], [ 425371.4, 6494710.01 ], [ 425436.85, 6494631.31 ], [ 425535.63, 6494649.41 ], [ 425572.63, 6494617.88 ], [ 425463.65, 6494299.26 ], [ 425524.32, 6494175.57 ], [ 425531.7, 6494102.7 ], [ 425473.68, 6494086.77 ], [ 425510.99, 6494039.04 ], [ 425638.37, 6494040.37 ], [ 425642.05, 6493979.22 ], [ 425759.05, 6494017.43 ], [ 425849.96, 6494134.26 ], [ 425803.3, 6494019.18 ], [ 425911.22, 6494033.2 ], [ 426010.02, 6493974.57 ], [ 426018.71, 6493898.25 ], [ 426075.02, 6493933.02 ], [ 426093.33, 6493880.76 ], [ 426127.92, 6493897.78 ], [ 426133.03, 6493818.65 ], [ 426008.24, 6493830.32 ], [ 425966.36, 6493792.97 ], [ 426028.34, 6493713.77 ], [ 426208.28, 6493739.99 ], [ 426386.84, 6493693.09 ], [ 426415.81, 6493644.8 ], [ 426485.96, 6493675.33 ], [ 426578.29, 6493617.55 ], [ 426656.27, 6493634.49 ], [ 426659.06, 6493506.83 ], [ 426895.0, 6493442.23 ], [ 426990.38, 6493310.49 ], [ 427085.46, 6493291.79 ], [ 427124.4, 6493372.35 ], [ 427324.51, 6493310.41 ], [ 427401.38, 6493396.74 ], [ 427387.33, 6493476.86 ], [ 427439.81, 6493522.83 ], [ 427477.01, 6493500.82 ], [ 427616.62, 6493751.22 ], [ 427865.3, 6494050.4 ], [ 427831.09, 6494189.41 ], [ 427874.48, 6494188.68 ], [ 427839.54, 6494260.32 ], [ 427883.2, 6494305.65 ], [ 427859.82, 6494328.88 ], [ 427938.45, 6494283.91 ], [ 428028.52, 6494384.98 ], [ 427973.67, 6494528.84 ], [ 428054.84, 6494517.82 ], [ 428057.69, 6494660.62 ], [ 428133.78, 6494712.75 ], [ 428134.57, 6494987.03 ], [ 428227.49, 6495218.0 ], [ 428202.92, 6495264.18 ], [ 428241.34, 6495251.42 ], [ 428320.79, 6495380.43 ], [ 428585.34, 6496075.03 ], [ 428679.23, 6496231.09 ], [ 428753.34, 6496642.72 ], [ 428686.38, 6496816.15 ], [ 428637.01, 6497172.51 ], [ 428672.97, 6497527.58 ], [ 428810.52, 6497693.86 ], [ 428911.13, 6497750.09 ], [ 428862.59, 6497807.25 ], [ 429010.8, 6497926.15 ], [ 429219.26, 6498216.17 ], [ 429288.7, 6498252.8 ], [ 429285.63, 6498298.11 ], [ 429423.72, 6498351.8 ], [ 429460.8, 6498528.91 ], [ 429586.36, 6498632.47 ], [ 429573.5, 6498663.65 ], [ 429738.13, 6498668.06 ], [ 429865.47, 6498851.39 ], [ 429936.27, 6498787.89 ], [ 430054.13, 6498834.97 ], [ 430106.9, 6498920.13 ], [ 430111.66, 6499042.98 ], [ 430116.34, 6498936.7 ], [ 430155.86, 6498929.02 ], [ 430192.71, 6498984.77 ], [ 430244.66, 6498968.24 ], [ 430255.96, 6499012.86 ], [ 430314.52, 6498972.76 ], [ 430325.64, 6499005.53 ], [ 430408.77, 6498980.42 ], [ 430433.22, 6499032.56 ], [ 430521.51, 6498975.63 ], [ 430556.46, 6498998.95 ], [ 430622.44, 6498906.27 ], [ 430664.86, 6498919.17 ], [ 430693.26, 6498847.25 ], [ 430747.57, 6498851.24 ], [ 430850.38, 6498752.2 ], [ 430912.15, 6498771.27 ], [ 430933.41, 6498732.16 ], [ 430990.19, 6498797.39 ], [ 430993.42, 6498727.48 ], [ 431049.94, 6498732.53 ], [ 431117.41, 6498620.77 ], [ 431292.94, 6498575.83 ], [ 431350.85, 6498611.14 ], [ 431368.93, 6498555.26 ], [ 431621.64, 6498483.94 ], [ 431735.68, 6498348.62 ], [ 431748.66, 6498381.44 ], [ 431916.29, 6498330.36 ], [ 431934.67, 6498274.03 ], [ 432003.18, 6498267.0 ], [ 432028.97, 6498197.04 ], [ 432223.23, 6498074.11 ], [ 432348.42, 6498068.74 ], [ 432356.26, 6498096.15 ], [ 432408.38, 6498038.96 ], [ 432520.0, 6498063.06 ], [ 432620.12, 6497998.47 ], [ 432643.88, 6498071.79 ], [ 432676.52, 6498052.56 ], [ 432705.45, 6498085.27 ], [ 432715.56, 6498057.63 ], [ 432746.15, 6498092.7 ], [ 432756.71, 6498040.49 ], [ 432791.78, 6498050.31 ], [ 432826.57, 6497853.71 ], [ 432903.41, 6497837.72 ], [ 432967.7, 6497926.42 ], [ 433062.09, 6497898.12 ], [ 433002.09, 6498090.3 ], [ 433086.39, 6498103.93 ], [ 433101.94, 6498186.64 ], [ 433175.72, 6498210.08 ], [ 433211.6, 6498129.06 ], [ 433302.35, 6498263.55 ], [ 433366.64, 6498266.24 ], [ 433400.44, 6498220.91 ], [ 433466.7, 6498292.97 ], [ 433467.35, 6498215.2 ], [ 433426.72, 6498191.29 ], [ 433462.52, 6498168.96 ], [ 433507.42, 6498239.85 ], [ 433593.49, 6498263.64 ], [ 433592.87, 6498350.59 ], [ 433725.41, 6498325.13 ], [ 433816.62, 6498391.15 ], [ 433939.66, 6498403.12 ], [ 433975.71, 6498468.63 ], [ 433958.75, 6498589.8 ], [ 434020.3, 6498556.1 ], [ 434085.15, 6498613.93 ], [ 434205.54, 6498607.15 ], [ 434316.15, 6498698.04 ], [ 434351.02, 6498618.6 ], [ 434466.56, 6498662.1 ], [ 434484.22, 6498723.83 ], [ 434540.71, 6498746.1 ], [ 434549.04, 6498944.14 ], [ 434640.07, 6499062.3 ], [ 434624.61, 6498992.49 ], [ 434734.28, 6498936.55 ], [ 434840.17, 6498941.95 ], [ 434844.35, 6498880.58 ], [ 434919.1, 6498821.32 ], [ 434967.68, 6498852.7 ], [ 434945.63, 6498798.98 ], [ 435008.83, 6498752.23 ], [ 435097.57, 6498578.91 ], [ 435197.58, 6498541.07 ], [ 435352.9, 6498553.44 ], [ 435353.36, 6498494.26 ], [ 435408.01, 6498448.42 ], [ 435496.72, 6498450.9 ], [ 435743.24, 6498150.73 ], [ 435785.47, 6498187.86 ], [ 435791.43, 6498141.76 ], [ 435827.49, 6498155.07 ], [ 435833.47, 6497995.03 ], [ 435908.15, 6497933.43 ], [ 435937.67, 6497812.93 ], [ 436005.68, 6497783.21 ], [ 436096.75, 6497766.65 ], [ 436142.18, 6497811.41 ], [ 436161.05, 6497753.31 ], [ 436253.42, 6497804.25 ], [ 436345.47, 6497764.04 ], [ 436363.65, 6497699.55 ], [ 436455.65, 6497690.98 ], [ 436500.98, 6497704.69 ], [ 436510.72, 6497757.0 ], [ 436642.79, 6497731.28 ], [ 436723.61, 6497819.09 ], [ 436849.69, 6497852.41 ], [ 436881.22, 6497794.0 ], [ 436992.17, 6497784.62 ], [ 437041.43, 6497686.21 ], [ 437113.53, 6497735.68 ], [ 437157.59, 6497684.95 ], [ 437192.91, 6497736.37 ], [ 437247.36, 6497703.5 ], [ 437276.64, 6497768.89 ], [ 437336.67, 6497716.34 ], [ 437440.19, 6497729.81 ], [ 437651.26, 6497836.52 ], [ 437759.14, 6497820.83 ], [ 437795.74, 6497864.37 ], [ 437882.13, 6497851.16 ], [ 437885.77, 6497880.78 ], [ 437938.55, 6497840.43 ], [ 438212.14, 6497897.31 ], [ 438346.31, 6497870.22 ], [ 438501.35, 6497966.63 ], [ 438601.31, 6497969.9 ], [ 438754.33, 6497950.75 ], [ 438865.65, 6497890.8 ], [ 438937.58, 6497819.87 ], [ 438909.54, 6497736.33 ], [ 438992.01, 6497688.01 ], [ 439386.04, 6497603.79 ], [ 439440.97, 6497504.05 ], [ 439355.7, 6497200.09 ], [ 439414.76, 6497039.94 ], [ 439503.41, 6496961.57 ], [ 439525.25, 6496982.75 ], [ 439556.37, 6496937.78 ], [ 439668.37, 6496925.96 ], [ 439712.28, 6496970.63 ], [ 439735.72, 6496940.64 ], [ 439768.21, 6496962.32 ], [ 439971.22, 6496878.1 ], [ 439989.7, 6496941.45 ], [ 440099.0, 6496942.55 ], [ 440149.97, 6496919.54 ], [ 440159.66, 6496862.68 ], [ 440247.19, 6496884.8 ], [ 440261.97, 6496831.07 ], [ 440308.47, 6496824.52 ], [ 440284.49, 6496696.57 ], [ 440328.58, 6496524.65 ], [ 440394.57, 6496533.14 ], [ 440387.64, 6496425.62 ], [ 440462.9, 6496372.35 ], [ 440574.53, 6496368.09 ], [ 440656.81, 6496539.47 ], [ 440692.59, 6496536.37 ], [ 440610.41, 6496373.07 ], [ 440830.38, 6496186.3 ], [ 441030.51, 6496173.87 ], [ 441036.68, 6496207.77 ], [ 441037.79, 6496164.38 ], [ 441271.31, 6496034.36 ], [ 441363.16, 6496006.21 ], [ 441390.17, 6496036.63 ], [ 441427.94, 6495991.98 ], [ 441517.89, 6496012.39 ], [ 441516.93, 6495970.19 ], [ 441666.3, 6495892.13 ], [ 441832.43, 6495878.63 ], [ 441892.7, 6495916.42 ], [ 441879.15, 6495848.02 ], [ 441989.49, 6495707.04 ], [ 442037.92, 6495719.58 ], [ 442119.34, 6495661.63 ], [ 442177.69, 6495540.08 ], [ 442430.33, 6495441.83 ], [ 442441.03, 6495315.25 ], [ 442611.2, 6495294.11 ], [ 442584.73, 6495243.26 ], [ 442629.84, 6495220.2 ], [ 442692.75, 6495257.48 ], [ 442810.03, 6495116.25 ], [ 442853.94, 6495113.2 ], [ 442974.81, 6494955.63 ], [ 442937.74, 6494923.97 ], [ 442995.54, 6494779.02 ], [ 443120.19, 6494651.47 ], [ 443243.54, 6494616.31 ], [ 443241.53, 6494544.72 ], [ 443402.32, 6494333.04 ], [ 443453.6, 6494054.7 ], [ 443513.03, 6493905.15 ], [ 443567.22, 6493882.28 ], [ 443672.86, 6493459.39 ], [ 443700.31, 6493407.97 ], [ 443748.79, 6493415.03 ], [ 443752.25, 6493346.16 ], [ 443815.3, 6493297.04 ], [ 443834.08, 6493334.61 ], [ 443916.39, 6493310.29 ], [ 444040.62, 6493395.28 ], [ 444083.16, 6493371.09 ], [ 444128.14, 6493425.93 ], [ 444214.35, 6493426.92 ], [ 444198.39, 6493470.84 ], [ 444252.77, 6493505.27 ], [ 444331.26, 6493407.99 ], [ 444367.91, 6493451.42 ], [ 444428.27, 6493439.51 ], [ 444425.04, 6493382.72 ], [ 444505.21, 6493364.14 ], [ 444505.18, 6493327.03 ], [ 444656.08, 6493360.06 ], [ 444693.67, 6493318.49 ], [ 444681.31, 6493259.52 ], [ 444714.28, 6493289.47 ], [ 444741.24, 6493206.99 ], [ 444852.52, 6493120.23 ], [ 444841.34, 6493029.57 ], [ 444890.94, 6492976.39 ], [ 444994.29, 6493114.12 ], [ 445328.45, 6492947.49 ], [ 445359.37, 6492729.25 ], [ 445445.47, 6492783.31 ], [ 445519.04, 6492701.18 ], [ 445438.5, 6492690.74 ], [ 445427.55, 6492616.99 ], [ 445488.39, 6492565.28 ], [ 445424.99, 6492544.73 ], [ 445407.42, 6492458.91 ], [ 445476.09, 6492417.86 ], [ 445461.38, 6492317.36 ], [ 445377.47, 6492267.95 ], [ 445359.95, 6492206.45 ], [ 445449.13, 6492226.65 ], [ 445485.13, 6492178.79 ], [ 445560.18, 6492202.6 ], [ 445547.98, 6492120.81 ], [ 445687.0, 6492187.36 ], [ 445688.37, 6492249.75 ], [ 445750.07, 6492199.95 ], [ 445778.4, 6492243.15 ], [ 445823.72, 6492230.47 ], [ 445795.24, 6492095.39 ], [ 445677.26, 6491907.15 ], [ 445806.23, 6491876.83 ], [ 446044.2, 6491982.36 ], [ 445914.06, 6491760.15 ], [ 445974.56, 6491692.56 ], [ 446098.12, 6491653.06 ], [ 446102.98, 6491594.0 ], [ 446164.52, 6491568.4 ], [ 446259.48, 6491643.3 ], [ 446372.13, 6491649.66 ], [ 446425.36, 6491684.41 ], [ 446447.32, 6491763.99 ], [ 446483.02, 6491677.16 ], [ 446668.98, 6491675.03 ], [ 446782.71, 6491596.51 ], [ 446816.64, 6491674.52 ], [ 446687.99, 6491746.53 ], [ 446738.63, 6491829.71 ], [ 447069.83, 6491872.96 ], [ 447170.69, 6491807.41 ], [ 447147.64, 6491769.64 ], [ 447218.22, 6491768.26 ], [ 447258.49, 6491731.78 ], [ 447159.09, 6491758.09 ], [ 447026.18, 6491689.23 ], [ 447031.96, 6491644.71 ], [ 446863.43, 6491684.06 ], [ 446816.55, 6491578.19 ], [ 446943.55, 6491499.69 ], [ 447080.78, 6491314.43 ], [ 447185.75, 6491249.19 ], [ 447202.58, 6491279.7 ], [ 447207.51, 6491232.88 ], [ 447218.0, 6491292.86 ], [ 447270.08, 6491304.66 ], [ 447281.63, 6491201.22 ], [ 447337.36, 6491161.9 ], [ 447352.3, 6491185.25 ], [ 447381.41, 6491103.37 ], [ 447721.09, 6491052.74 ], [ 447773.91, 6491091.77 ], [ 447733.84, 6491157.45 ], [ 447759.64, 6491187.06 ], [ 447907.02, 6491187.25 ], [ 447960.28, 6491149.65 ], [ 447943.38, 6491227.97 ], [ 448033.0, 6491306.46 ], [ 448161.06, 6491273.41 ], [ 448188.24, 6491319.99 ], [ 448284.67, 6491271.28 ], [ 448320.45, 6491204.64 ], [ 448554.76, 6491174.71 ], [ 448666.76, 6491037.67 ], [ 448769.53, 6491078.21 ], [ 449049.49, 6491004.21 ], [ 449113.55, 6490953.04 ], [ 449170.26, 6490988.0 ], [ 449282.49, 6490962.99 ], [ 449492.16, 6490788.03 ], [ 449486.72, 6490723.85 ], [ 449553.39, 6490767.84 ], [ 449512.59, 6490679.65 ], [ 449561.43, 6490653.53 ], [ 449574.55, 6490574.94 ], [ 449675.49, 6490541.45 ], [ 449823.63, 6490346.56 ], [ 449886.12, 6490430.08 ], [ 449887.8, 6490518.89 ], [ 449988.69, 6490564.11 ], [ 450930.22, 6491785.04 ], [ 450943.35, 6491881.97 ], [ 451049.92, 6491941.0 ], [ 451326.91, 6492302.41 ], [ 451420.71, 6492464.73 ], [ 451398.55, 6492633.09 ], [ 451137.17, 6492849.91 ], [ 451156.08, 6492969.95 ], [ 451119.04, 6493073.53 ], [ 450958.87, 6493139.6 ], [ 450737.79, 6493388.88 ], [ 450585.3, 6493433.51 ], [ 450568.4, 6493518.65 ], [ 450361.79, 6493553.24 ], [ 450149.86, 6493731.73 ], [ 450062.53, 6493695.34 ], [ 450019.35, 6493554.26 ], [ 449960.61, 6493597.8 ], [ 449882.23, 6493552.24 ], [ 449942.22, 6493472.82 ], [ 449938.03, 6493402.32 ], [ 449778.39, 6493277.98 ], [ 449799.4, 6493179.53 ], [ 449749.3, 6493144.79 ], [ 449697.1, 6493190.67 ], [ 449640.38, 6493182.92 ], [ 449646.17, 6493130.93 ], [ 449599.84, 6493119.18 ], [ 449552.55, 6493005.29 ], [ 449424.35, 6493005.0 ], [ 449292.72, 6493086.94 ], [ 449226.63, 6493054.35 ], [ 449244.71, 6493155.19 ], [ 449077.83, 6493099.68 ], [ 449030.22, 6493128.37 ], [ 449025.9, 6493195.35 ], [ 448956.49, 6493238.15 ], [ 448884.69, 6493222.18 ], [ 448933.69, 6493281.62 ], [ 448920.25, 6493318.29 ], [ 448808.62, 6493320.58 ], [ 448742.01, 6493397.79 ], [ 448741.88, 6493472.52 ], [ 448653.49, 6493482.5 ], [ 448644.95, 6493551.19 ], [ 448589.01, 6493578.02 ], [ 448598.38, 6493617.17 ], [ 448476.05, 6493662.77 ], [ 448435.94, 6493725.75 ], [ 448179.29, 6493808.88 ], [ 448067.29, 6493802.65 ], [ 448051.39, 6493860.43 ], [ 448108.74, 6493876.5 ], [ 448102.15, 6493976.05 ], [ 448024.56, 6493938.66 ], [ 447895.78, 6494058.61 ], [ 447741.47, 6494066.66 ], [ 447557.83, 6493928.46 ], [ 447554.89, 6494156.88 ], [ 447405.84, 6494194.13 ], [ 447322.47, 6494268.66 ], [ 446901.02, 6494324.8 ], [ 446717.74, 6494477.84 ], [ 446603.13, 6494721.32 ], [ 446234.69, 6495111.89 ], [ 446254.54, 6495403.62 ], [ 446179.26, 6495452.62 ], [ 446238.58, 6495474.61 ], [ 446261.27, 6495440.91 ], [ 446256.74, 6495492.28 ], [ 446149.6, 6495478.7 ], [ 446228.43, 6495563.86 ], [ 445925.01, 6495896.58 ], [ 445942.47, 6496002.99 ], [ 445895.62, 6496043.14 ], [ 445927.41, 6496182.54 ], [ 445963.66, 6496192.47 ], [ 445934.13, 6496247.52 ], [ 446163.74, 6496625.63 ], [ 446135.29, 6496676.65 ], [ 446180.43, 6496659.54 ], [ 446239.79, 6496784.91 ], [ 446307.67, 6496831.26 ], [ 446410.57, 6497125.07 ], [ 446378.3, 6497423.67 ], [ 446260.9, 6497658.67 ], [ 446164.29, 6497812.19 ], [ 446081.58, 6497817.29 ], [ 446025.34, 6497869.02 ], [ 446009.61, 6497952.89 ], [ 445953.12, 6497906.0 ], [ 445878.92, 6497919.24 ], [ 445763.44, 6498006.53 ], [ 445759.54, 6498187.94 ], [ 445987.9, 6498224.12 ], [ 446075.72, 6498176.05 ], [ 446134.12, 6498196.69 ], [ 446253.18, 6498106.28 ], [ 446479.62, 6498072.51 ], [ 446605.22, 6498198.04 ], [ 446592.91, 6498296.87 ], [ 446659.65, 6498296.34 ], [ 446739.98, 6498452.79 ], [ 446846.83, 6498461.38 ], [ 446926.91, 6498547.78 ], [ 447102.98, 6498572.12 ], [ 447268.91, 6498667.71 ], [ 447432.27, 6498934.28 ], [ 447550.53, 6498887.83 ], [ 447678.83, 6498970.47 ], [ 447703.16, 6498910.85 ], [ 447808.36, 6498885.39 ], [ 447868.05, 6498953.71 ], [ 447864.91, 6498889.83 ], [ 447973.92, 6498737.48 ], [ 448184.31, 6498717.2 ], [ 448254.64, 6498617.82 ], [ 448368.56, 6498645.59 ], [ 448430.76, 6498606.78 ], [ 448490.11, 6498621.06 ], [ 448491.1, 6498559.64 ], [ 448593.48, 6498468.18 ], [ 448821.16, 6498428.09 ], [ 448960.93, 6498239.24 ], [ 449156.01, 6498183.26 ], [ 449294.44, 6498261.28 ], [ 449352.07, 6498232.9 ], [ 449663.18, 6498339.74 ], [ 449705.89, 6498308.06 ], [ 449813.83, 6498336.74 ], [ 449913.35, 6498481.93 ], [ 450285.1, 6498754.32 ], [ 450448.33, 6499006.68 ], [ 450408.65, 6499068.43 ], [ 450477.03, 6499158.77 ], [ 450437.77, 6499214.91 ], [ 450489.69, 6499277.49 ], [ 450481.03, 6499472.66 ], [ 450515.13, 6499500.04 ], [ 450348.38, 6499797.99 ], [ 450149.65, 6499997.36 ], [ 450053.21, 6500247.33 ], [ 449925.99, 6500362.59 ], [ 450055.03, 6500498.73 ], [ 450104.57, 6500715.75 ], [ 450031.98, 6500780.37 ], [ 450034.93, 6500856.87 ], [ 449975.78, 6500877.45 ], [ 449983.41, 6500931.34 ], [ 449917.44, 6500963.14 ], [ 449955.94, 6500956.38 ], [ 449934.58, 6500995.03 ], [ 449993.73, 6500972.65 ], [ 450078.07, 6501057.73 ], [ 450156.82, 6501270.19 ], [ 450079.04, 6501319.25 ], [ 450058.43, 6501502.49 ], [ 449936.85, 6501704.56 ], [ 449864.41, 6501718.88 ], [ 449788.55, 6501825.91 ], [ 449797.01, 6501861.27 ], [ 449814.04, 6501829.97 ], [ 449927.7, 6501916.4 ], [ 450037.43, 6501868.49 ], [ 450054.1, 6501932.01 ], [ 450156.69, 6501934.53 ], [ 450098.07, 6501979.84 ], [ 450113.01, 6502186.53 ], [ 450070.54, 6502182.04 ], [ 449956.14, 6502335.93 ], [ 449840.94, 6502345.2 ], [ 449880.62, 6502552.48 ], [ 449802.58, 6502731.0 ], [ 449844.45, 6502785.96 ], [ 449814.36, 6502831.29 ], [ 449908.51, 6502861.31 ], [ 449877.73, 6502921.85 ], [ 449911.51, 6502909.29 ], [ 450005.13, 6502997.35 ], [ 450086.35, 6503146.37 ], [ 450016.89, 6503312.66 ], [ 450086.65, 6503520.71 ], [ 450064.93, 6503660.17 ], [ 450113.06, 6503855.03 ], [ 450179.89, 6504003.64 ], [ 450331.97, 6504182.6 ], [ 450473.85, 6504258.13 ], [ 450502.88, 6504339.97 ], [ 450474.53, 6504369.39 ], [ 450544.65, 6504467.33 ], [ 450734.32, 6504586.18 ], [ 450918.61, 6504842.68 ], [ 451038.57, 6504629.42 ], [ 451018.94, 6504576.84 ], [ 451171.76, 6504518.37 ], [ 451224.89, 6504392.34 ], [ 451337.35, 6504440.17 ], [ 451323.18, 6504364.76 ], [ 451396.15, 6504340.18 ], [ 451470.03, 6504422.74 ], [ 451511.01, 6504372.48 ], [ 451534.63, 6504410.42 ], [ 451734.64, 6504418.69 ], [ 451969.83, 6504573.95 ], [ 451882.61, 6504794.14 ], [ 451756.3, 6504865.45 ], [ 451898.94, 6504815.69 ], [ 451966.28, 6504648.83 ], [ 452121.86, 6504690.28 ], [ 452172.05, 6504741.72 ], [ 452159.71, 6504693.14 ], [ 452198.45, 6504716.79 ], [ 452225.52, 6504655.13 ], [ 452406.11, 6504661.38 ], [ 452449.15, 6504711.94 ], [ 452511.96, 6504709.2 ], [ 452519.88, 6504749.32 ], [ 452554.75, 6504731.28 ], [ 452701.75, 6504793.0 ], [ 452788.68, 6505011.53 ], [ 452840.12, 6504976.25 ], [ 452965.14, 6504997.94 ], [ 453098.77, 6505247.04 ] ] ], [ [ [ 453578.12, 6505259.6 ], [ 453615.63, 6505288.43 ], [ 453630.57, 6505176.91 ], [ 453618.9, 6505152.14 ], [ 453529.98, 6505348.0 ], [ 453578.12, 6505259.6 ] ] ] ] } }
]
}
