{
"type": "FeatureCollection",
"name": "rivers",
"crs": { "type": "name", "properties": { "name": "urn:ogc:def:crs:OGC:1.3:CRS84" } },
"xy_coordinate_resolution": 1e-07,
"features": [
{ "type": "Feature", "properties": { "source_fid": "w17437362", "name": "Sauga jõgi" }, "geometry": { "type": "LineString", "coordinates": [ [ 24.6203979, 58.5074118 ], [ 24.6204342, 58.507786 ], [ 24.6209359, 58.508582 ], [ 24.6207454, 58.5086185 ], [ 24.620085, 58.508519 ], [ 24.6195517, 58.5085887 ], [ 24.6192723, 58.5087777 ], [ 24.6184532, 58.5097727 ], [ 24.6181103, 58.5099618 ], [ 24.6177421, 58.5100347 ], [ 24.6173738, 58.5099518 ], [ 24.6165674, 58.5093283 ], [ 24.6165293, 58.5090795 ], [ 24.6160849, 58.5089369 ], [ 24.6155134, 58.509116 ], [ 24.6154753, 58.5092951 ], [ 24.6148404, 58.5096964 ], [ 24.61418, 58.5097993 ], [ 24.612199, 58.509859 ], [ 24.6120466, 58.509922 ], [ 24.6119577, 58.5100314 ], [ 24.6125863, 58.5105555 ], [ 24.6127133, 58.5108639 ], [ 24.6121609, 58.5116997 ], [ 24.6120847, 58.5126846 ], [ 24.6118434, 58.5129964 ], [ 24.6104465, 58.5134772 ], [ 24.6098243, 58.5136099 ], [ 24.6084528, 58.5131589 ], [ 24.6077607, 58.513066 ], [ 24.6050305, 58.5131721 ], [ 24.604732, 58.5133545 ], [ 24.6049416, 58.513716 ], [ 24.6054749, 58.5140377 ], [ 24.6054622, 58.5144622 ], [ 24.6053416, 58.5145351 ], [ 24.6047257, 58.5145119 ], [ 24.6039193, 58.5142002 ], [ 24.6035193, 58.5141372 ], [ 24.6022875, 58.5143992 ], [ 24.6015891, 58.5144257 ], [ 24.60037, 58.5141803 ], [ 24.599881, 58.5139747 ], [ 24.5993604, 58.5135867 ], [ 24.5976524, 58.513527 ], [ 24.5960206, 58.5129698 ], [ 24.5924001, 58.5123855 ], [ 24.5913893, 58.5123881 ], [ 24.5906731, 58.5124704 ], [ 24.589901, 58.5121441 ], [ 24.5892965, 58.5121892 ], [ 24.5888952, 58.5123484 ], [ 24.5877218, 58.512611 ], [ 24.5869723, 58.5132387 ], [ 24.586248, 58.5136895 ], [ 24.585504, 58.513705 ], [ 24.5845712, 58.5136039 ], [ 24.5828644, 58.5137074 ], [ 24.5776553, 58.5133658 ] ] } },
{ "type": "Feature", "properties": { "source_fid": "w19822201", "name": "Audru jõgi" }, "geometry": { "type": "LineString", "coordinates": [ [ 24.3643802, 58.4131219 ], [ 24.3637852, 58.4130716 ], [ 24.363181, 58.4128649 ], [ 24.3617621, 58.4125721 ], [ 24.3614891, 58.4124437 ], [ 24.361312, 58.4121951 ], [ 24.3614156, 58.4116645 ], [ 24.3626403, 58.4102587 ], [ 24.3626269, 58.4099788 ], [ 24.3623721, 58.4095219 ], [ 24.3620652, 58.4092788 ], [ 24.3598626, 58.4085102 ], [ 24.3583782, 58.4078313 ], [ 24.3575732, 58.4070168 ], [ 24.3573215, 58.4065197 ], [ 24.3574619, 58.406024 ], [ 24.357948, 58.4055319 ], [ 24.358279, 58.4053649 ], [ 24.3599903, 58.4053528 ], [ 24.3611486, 58.4049576 ], [ 24.3628636, 58.4036097 ], [ 24.3639981, 58.4025082 ], [ 24.3650431, 58.4018696 ], [ 24.3653384, 58.4012638 ], [ 24.3653295, 58.4009814 ], [ 24.3650678, 58.4003283 ], [ 24.3646091, 58.3997371 ] ] } },
{ "type": "Feature", "properties": { "source_fid": "w23599552", "name": "Navesti jõgi" }, "geometry": { "type": "LineString", "coordinates": [ [ 25.4716566, 58.5994469 ], [ 25.4703752, 58.5998139 ], [ 25.4690489, 58.6014528 ], [ 25.4681733, 58.6018309 ], [ 25.4674891, 58.6017594 ], [ 25.46459, 58.6011117 ], [ 25.4633824, 58.6009915 ], [ 25.45978, 58.6011755 ], [ 25.4559839, 58.6011698 ], [ 25.450892, 58.6018277 ], [ 25.4499918, 58.6017153 ], [ 25.4470567, 58.6008213 ], [ 25.4446279, 58.599981 ], [ 25.4434103, 58.599824 ], [ 25.4419386, 58.6001749 ], [ 25.4403173, 58.6003374 ], [ 25.4390327, 58.60011 ], [ 25.4379601, 58.5996031 ], [ 25.4361517, 58.5990638 ], [ 25.4319487, 58.5986089 ], [ 25.4298908, 58.5987064 ], [ 25.4291051, 58.5989143 ], [ 25.4286543, 58.5992513 ], [ 25.4279452, 58.6000515 ], [ 25.4266322, 58.6008551 ], [ 25.4260245, 58.6010261 ], [ 25.4250268, 58.6009417 ], [ 25.4198634, 58.5991742 ], [ 25.4186911, 58.5990898 ], [ 25.4174703, 58.5988166 ], [ 25.4152364, 58.5985699 ], [ 25.4086158, 58.5971434 ], [ 25.4073634, 58.5971682 ], [ 25.4067717, 58.5969223 ], [ 25.40638, 58.5968558 ], [ 25.4042291, 58.5971924 ], [ 25.4034008, 58.5970216 ], [ 25.401935, 58.5961804 ], [ 25.4014146, 58.5954554 ], [ 25.4014677, 58.5949573 ], [ 25.4026573, 58.5939112 ], [ 25.4028591, 58.5930644 ], [ 25.4020412, 58.5924721 ], [ 25.3995133, 58.5918633 ], [ 25.3976971, 58.591116 ], [ 25.3970704, 58.5900865 ], [ 25.3953285, 58.5892119 ], [ 25.3944151, 58.5890015 ], [ 25.3923439, 58.5882708 ], [ 25.3912745, 58.58833 ], [ 25.3895239, 58.5887896 ], [ 25.3877248, 58.5889288 ], [ 25.3833886, 58.5881486 ], [ 25.3817677, 58.5876171 ], [ 25.3794353, 58.5870525 ], [ 25.3779098, 58.5863011 ], [ 25.3771242, 58.5851139 ], [ 25.3761509, 58.5846203 ], [ 25.3747706, 58.5846953 ], [ 25.3728193, 58.5853227 ], [ 25.3721316, 58.5853612 ], [ 25.3706355, 58.5851115 ], [ 25.3691017, 58.5850085 ], [ 25.3669037, 58.5855649 ], [ 25.3663774, 58.5855529 ], [ 25.3658561, 58.5854171 ], [ 25.3654884, 58.5849508 ], [ 25.3648559, 58.584584 ], [ 25.3630646, 58.5824925 ], [ 25.3609459, 58.5811876 ], [ 25.3597923, 58.580893 ], [ 25.3585995, 58.5807335 ], [ 25.3564337, 58.5800421 ], [ 25.3542649, 58.5798701 ], [ 25.3533105, 58.5799112 ], [ 25.3522668, 58.5804349 ], [ 25.3514254, 58.5815123 ], [ 25.3506885, 58.5816866 ], [ 25.3499017, 58.5815948 ], [ 25.3480799, 58.5811446 ], [ 25.3476279, 58.5811564 ], [ 25.3471712, 58.5808759 ], [ 25.3448207, 58.5808813 ], [ 25.3444181, 58.5808167 ], [ 25.3430409, 58.5801698 ], [ 25.3415317, 58.5796808 ], [ 25.3410036, 58.5794296 ], [ 25.3405336, 58.5787247 ], [ 25.3393972, 58.5783078 ], [ 25.3370041, 58.577869 ], [ 25.3363307, 58.5779818 ], [ 25.3348671, 58.5784172 ], [ 25.3334199, 58.5791805 ], [ 25.331908, 58.5795389 ], [ 25.3298125, 58.5797143 ], [ 25.3288254, 58.5799997 ], [ 25.3280312, 58.5804862 ], [ 25.3272639, 58.5811903 ], [ 25.3259761, 58.5816792 ], [ 25.325155, 58.5819014 ], [ 25.3242127, 58.5819335 ], [ 25.322557, 58.5816809 ], [ 25.3215758, 58.5818451 ], [ 25.3207062, 58.5818867 ], [ 25.3197682, 58.5818322 ], [ 25.3191714, 58.5816888 ], [ 25.3174018, 58.5809472 ], [ 25.3169021, 58.5809656 ], [ 25.3157616, 58.5815203 ], [ 25.3140615, 58.5821214 ], [ 25.3131044, 58.5827277 ], [ 25.3120594, 58.5831476 ], [ 25.3104571, 58.5844018 ], [ 25.3099299, 58.5845295 ], [ 25.3085719, 58.584646 ], [ 25.3080486, 58.5847931 ], [ 25.3077018, 58.5850106 ], [ 25.3073005, 58.5855129 ], [ 25.3068788, 58.5857154 ], [ 25.3064555, 58.5857399 ], [ 25.3060498, 58.5855928 ], [ 25.3055913, 58.5849861 ], [ 25.3044978, 58.5845479 ], [ 25.3035043, 58.5843733 ], [ 25.3008824, 58.5844315 ], [ 25.2983074, 58.5841894 ], [ 25.2968706, 58.584306 ], [ 25.295572, 58.5842808 ], [ 25.2948876, 58.5841596 ], [ 25.294484, 58.5839218 ], [ 25.2944138, 58.5836291 ], [ 25.2953263, 58.5820306 ], [ 25.2950587, 58.5817013 ], [ 25.2942164, 58.5815001 ], [ 25.2931723, 58.5814703 ], [ 25.2928652, 58.5815915 ], [ 25.2924588, 58.5819339 ], [ 25.2912902, 58.582424 ], [ 25.2893336, 58.5827144 ], [ 25.2881888, 58.5834342 ], [ 25.2876333, 58.583512 ], [ 25.2871726, 58.5834416 ], [ 25.2867722, 58.5831013 ], [ 25.286, 58.5819513 ], [ 25.2860523, 58.5817515 ], [ 25.2864087, 58.5815022 ], [ 25.2863358, 58.5813665 ], [ 25.2860813, 58.5812643 ], [ 25.2851814, 58.5811765 ], [ 25.2846357, 58.5811977 ], [ 25.2843396, 58.5813551 ], [ 25.2842816, 58.5816426 ], [ 25.2840435, 58.5818726 ], [ 25.2835152, 58.5818302 ], [ 25.2832133, 58.581694 ], [ 25.2827837, 58.5811674 ], [ 25.2825747, 58.5805803 ], [ 25.2837881, 58.5797208 ], [ 25.2838345, 58.5793273 ], [ 25.2836661, 58.5792304 ], [ 25.2833701, 58.5792335 ], [ 25.2826153, 58.5795392 ], [ 25.2821567, 58.5795876 ], [ 25.2818257, 58.5794938 ], [ 25.2816458, 58.5793031 ], [ 25.2818025, 58.5791396 ], [ 25.2825282, 58.5789913 ], [ 25.282894, 58.5789883 ], [ 25.2832075, 58.5787855 ], [ 25.2831669, 58.5785858 ], [ 25.282689, 58.5783601 ], [ 25.2824237, 58.5783255 ], [ 25.2821402, 58.5784113 ], [ 25.2814251, 58.5788037 ], [ 25.2803511, 58.5792426 ], [ 25.2781565, 58.5798963 ], [ 25.2756601, 58.5812037 ], [ 25.2753118, 58.5811977 ], [ 25.2750157, 58.5810948 ], [ 25.2748647, 58.580777 ], [ 25.2742375, 58.5803395 ], [ 25.2727187, 58.5802039 ], [ 25.2712194, 58.5803753 ], [ 25.2705416, 58.580129 ], [ 25.2698432, 58.5796097 ], [ 25.2691962, 58.5784854 ], [ 25.2684568, 58.578041 ], [ 25.2666494, 58.5777412 ], [ 25.2660948, 58.5774521 ], [ 25.2654683, 58.576922 ], [ 25.2649965, 58.5766813 ], [ 25.2643263, 58.5765553 ] ] } },
{ "type": "Feature", "properties": { "source_fid": "w23599621", "name": "Navesti jõgi" }, "geometry": { "type": "LineString", "coordinates": [ [ 25.1964225, 58.5714396 ], [ 25.1957478, 58.5712201 ], [ 25.1950594, 58.5708611 ], [ 25.1945479, 58.5703688 ], [ 25.1923645, 58.5692261 ], [ 25.1910702, 58.5688835 ], [ 25.1899804, 58.5684753 ], [ 25.1874311, 58.5682906 ], [ 25.1866364, 58.5681039 ], [ 25.186247, 58.56779 ], [ 25.1846969, 58.5659846 ], [ 25.1844648, 58.5654594 ], [ 25.1825568, 58.5638385 ], [ 25.1816087, 58.5634076 ], [ 25.1795747, 58.5631613 ], [ 25.1784102, 58.5628843 ], [ 25.1775054, 58.5623714 ], [ 25.1764392, 58.5615075 ], [ 25.1753283, 58.5599937 ], [ 25.1749277, 58.5590564 ], [ 25.1751002, 58.5588271 ], [ 25.174733, 58.5584063 ], [ 25.1744214, 58.5565169 ], [ 25.1736926, 58.5557971 ], [ 25.1713113, 58.5546304 ], [ 25.1707105, 58.5539802 ], [ 25.1702169, 58.5529862 ], [ 25.1698703, 58.5514375 ], [ 25.1692138, 58.5502967 ], [ 25.168446, 58.5484766 ], [ 25.1680343, 58.548105 ], [ 25.1649987, 58.5474432 ], [ 25.1646127, 58.5468305 ], [ 25.1648519, 58.5458405 ], [ 25.1645399, 58.545067 ], [ 25.163436, 58.5444422 ], [ 25.1624807, 58.5436873 ], [ 25.1622708, 58.5431667 ], [ 25.1619666, 58.5408129 ], [ 25.1614888, 58.539895 ], [ 25.16039, 58.5392183 ], [ 25.1595913, 58.5389557 ], [ 25.158693, 58.5390266 ], [ 25.1561859, 58.5399343 ], [ 25.1518326, 58.5401143 ], [ 25.1505709, 58.5397456 ], [ 25.1495243, 58.5387233 ], [ 25.1472277, 58.5378357 ], [ 25.1425237, 58.5351817 ], [ 25.1377729, 58.533726 ], [ 25.135363, 58.5328114 ], [ 25.1297786, 58.5298145 ], [ 25.1274196, 58.5287353 ], [ 25.1262882, 58.5277887 ], [ 25.1250755, 58.5262482 ], [ 25.1233281, 58.5248579 ], [ 25.1217799, 58.5233852 ], [ 25.1204032, 58.5230914 ], [ 25.1188937, 58.5228789 ], [ 25.1152642, 58.521826 ], [ 25.1129679, 58.5212433 ], [ 25.1103146, 58.5208133 ], [ 25.1077516, 58.5197771 ], [ 25.1041733, 58.518778 ], [ 25.1031116, 58.5187347 ], [ 25.1009506, 58.5180781 ], [ 25.0994899, 58.5174528 ], [ 25.0984188, 58.5171703 ], [ 25.0979775, 58.517197 ] ] } },
{ "type": "Feature", "properties": { "source_fid": "w24223434", "name": "Audru jõgi" }, "geometry": { "type": "LineString", "coordinates": [ [ 24.3639981, 58.4025082 ], [ 24.3640952, 58.4019245 ], [ 24.3644275, 58.4014307 ], [ 24.3643758, 58.4001625 ], [ 24.3647481, 58.4000027 ] ] } },
{ "type": "Feature", "properties": { "source_fid": "w24224115", "name": "Vändra jõgi" }, "geometry": { "type": "LineString", "coordinates": [ [ 25.032467, 58.6676018 ], [ 25.0322906, 58.666705 ], [ 25.0320475, 58.6663501 ], [ 25.0309188, 58.6659328 ], [ 25.0302363, 58.6654567 ], [ 25.030203, 58.6651883 ], [ 25.0311486, 58.6645044 ] ] } },
{ "type": "Feature", "properties": { "source_fid": "w35835808", "name": "Reiu jõgi" }, "geometry": { "type": "LineString", "coordinates": [ [ 24.8176851, 58.1628643 ], [ 24.8191406, 58.1631907 ], [ 24.8193521, 58.1633105 ], [ 24.8195642, 58.1636357 ], [ 24.8194595, 58.163883 ], [ 24.8182682, 58.1645806 ], [ 24.817483, 58.1653167 ], [ 24.8174912, 58.1670924 ], [ 24.8177122, 58.1674457 ], [ 24.8193266, 58.1682291 ], [ 24.8198925, 58.1686277 ], [ 24.8199304, 58.169205 ], [ 24.8205978, 58.1695662 ], [ 24.8205955, 58.1696419 ], [ 24.8204482, 58.1698224 ], [ 24.8199509, 58.1699121 ], [ 24.8192414, 58.1696787 ], [ 24.8172571, 58.169897 ], [ 24.8170355, 58.1700477 ], [ 24.8170551, 58.1701903 ], [ 24.8173698, 58.1705235 ], [ 24.8180364, 58.170675 ], [ 24.820188, 58.1706796 ], [ 24.8206451, 58.170554 ], [ 24.8210569, 58.170545 ], [ 24.8213391, 58.1706426 ], [ 24.8213101, 58.1709428 ], [ 24.8202546, 58.1714822 ], [ 24.8190854, 58.1714264 ], [ 24.8180014, 58.1717736 ], [ 24.8170714, 58.1718578 ], [ 24.8169104, 58.1719878 ], [ 24.816927, 58.1721906 ], [ 24.8174277, 58.1723945 ], [ 24.818385, 58.1726208 ], [ 24.8188789, 58.1728796 ], [ 24.8188552, 58.1730637 ], [ 24.8177122, 58.1734536 ], [ 24.8167669, 58.1733984 ], [ 24.8157062, 58.1735447 ], [ 24.8152781, 58.1737123 ], [ 24.8153598, 58.1739632 ], [ 24.8158662, 58.1742368 ], [ 24.8162077, 58.1743044 ], [ 24.817076, 58.1743157 ], [ 24.8174843, 58.1744991 ], [ 24.8173061, 58.1747517 ], [ 24.8164194, 58.1751568 ], [ 24.8163521, 58.1755377 ], [ 24.816618, 58.1759629 ], [ 24.8165632, 58.1761915 ], [ 24.8163072, 58.1763664 ], [ 24.8158104, 58.1763337 ], [ 24.8154988, 58.1761793 ], [ 24.8143213, 58.1748977 ], [ 24.8129807, 58.1743547 ], [ 24.8122831, 58.1742852 ], [ 24.8117811, 58.174375 ], [ 24.8114372, 58.1745526 ], [ 24.8113338, 58.1747541 ], [ 24.8114172, 58.1754298 ], [ 24.8116565, 58.1757453 ], [ 24.8120219, 58.1759797 ], [ 24.8129842, 58.176075 ], [ 24.8134753, 58.1762092 ], [ 24.8135826, 58.1763543 ], [ 24.8133882, 58.1765986 ], [ 24.8128704, 58.176697 ], [ 24.8117934, 58.1766595 ], [ 24.8112919, 58.1765951 ], [ 24.8105307, 58.1763717 ], [ 24.8099986, 58.1763709 ], [ 24.8095112, 58.1765748 ], [ 24.8092155, 58.1769381 ], [ 24.8096039, 58.1778274 ], [ 24.809435, 58.1779659 ], [ 24.808733, 58.1778837 ], [ 24.8082019, 58.1773989 ], [ 24.8077125, 58.1771674 ], [ 24.8069596, 58.1771321 ], [ 24.8054808, 58.1771922 ], [ 24.8053462, 58.1772564 ], [ 24.8052671, 58.1776479 ], [ 24.80564, 58.1780365 ], [ 24.8062293, 58.1782653 ], [ 24.8071192, 58.178342 ], [ 24.8074457, 58.1784499 ], [ 24.80774, 58.1787248 ], [ 24.807582, 58.1789879 ], [ 24.8073799, 58.1790716 ], [ 24.8062679, 58.1792562 ], [ 24.8053327, 58.1793023 ], [ 24.8051459, 58.1793563 ], [ 24.8050673, 58.1795914 ], [ 24.8054272, 58.1799357 ], [ 24.8058465, 58.180081 ], [ 24.8063419, 58.1800461 ], [ 24.806973, 58.1798287 ], [ 24.8073256, 58.1798518 ], [ 24.80739, 58.1800437 ], [ 24.8067223, 58.1805911 ], [ 24.8058648, 58.1808819 ], [ 24.8057273, 58.1813477 ], [ 24.8050912, 58.181878 ], [ 24.8050998, 58.1824337 ], [ 24.8048848, 58.182657 ], [ 24.8047406, 58.1831757 ], [ 24.8033588, 58.1840318 ], [ 24.8026952, 58.1842347 ], [ 24.8023574, 58.1841607 ], [ 24.8014627, 58.1835218 ], [ 24.8009355, 58.1833877 ], [ 24.800449, 58.1834584 ], [ 24.8000142, 58.1836979 ], [ 24.7996144, 58.1842414 ], [ 24.7999795, 58.1846428 ], [ 24.800938, 58.1849136 ], [ 24.8010185, 58.1851096 ], [ 24.8004345, 58.1852993 ], [ 24.7993769, 58.1854222 ], [ 24.7987307, 58.1853354 ], [ 24.7975973, 58.1849325 ], [ 24.7971113, 58.1843206 ], [ 24.7965373, 58.1842375 ], [ 24.7960018, 58.1844459 ], [ 24.7956763, 58.1849213 ], [ 24.795651, 58.1852195 ], [ 24.7953204, 58.1852849 ], [ 24.7945429, 58.1850552 ], [ 24.7937677, 58.1852799 ], [ 24.7933668, 58.1856057 ], [ 24.7926591, 58.1859842 ], [ 24.7926644, 58.1864005 ], [ 24.7923377, 58.1866456 ], [ 24.7898865, 58.1869039 ], [ 24.7896965, 58.186996 ], [ 24.7892228, 58.1876456 ], [ 24.7889444, 58.1877234 ], [ 24.7882722, 58.1877276 ], [ 24.7882201, 58.1879054 ], [ 24.7883689, 58.1881201 ], [ 24.7888699, 58.1883346 ], [ 24.790244, 58.1885776 ], [ 24.7903507, 58.188877 ], [ 24.7902416, 58.1890087 ], [ 24.7898242, 58.189136 ], [ 24.7887287, 58.1890012 ], [ 24.7881164, 58.1891783 ], [ 24.7879928, 58.1893799 ], [ 24.7881643, 58.1902517 ], [ 24.7877121, 58.1906159 ], [ 24.7870893, 58.1906831 ], [ 24.7865389, 58.1905872 ], [ 24.7851775, 58.189653 ], [ 24.7845588, 58.1897245 ], [ 24.7839456, 58.1900432 ], [ 24.7830681, 58.1903571 ], [ 24.7821947, 58.1904957 ], [ 24.7800988, 58.1901852 ], [ 24.7791559, 58.1902586 ], [ 24.7788623, 58.1905563 ], [ 24.7795695, 58.1915918 ], [ 24.779708, 58.1922503 ], [ 24.7796109, 58.1925637 ], [ 24.7791517, 58.1927968 ], [ 24.77862, 58.1928234 ], [ 24.7779465, 58.1925887 ], [ 24.7764253, 58.1911144 ], [ 24.7762143, 58.1909825 ], [ 24.775721, 58.1909348 ], [ 24.7753829, 58.1910299 ], [ 24.7751943, 58.1911874 ], [ 24.7750454, 58.1915159 ], [ 24.7755195, 58.192147 ], [ 24.7753959, 58.1925345 ], [ 24.7749458, 58.1926345 ], [ 24.7745972, 58.1926176 ], [ 24.7736231, 58.1923615 ], [ 24.7727736, 58.1919461 ], [ 24.7721823, 58.191994 ], [ 24.771812, 58.1922647 ], [ 24.7717741, 58.192546 ], [ 24.7725693, 58.1932238 ], [ 24.7725687, 58.1933781 ], [ 24.7723308, 58.193481 ], [ 24.7713103, 58.1934872 ], [ 24.7701704, 58.1940732 ], [ 24.7695379, 58.1938847 ], [ 24.7691202, 58.1934476 ], [ 24.7689591, 58.1934021 ], [ 24.7685959, 58.1934487 ], [ 24.7680959, 58.1938321 ], [ 24.7675948, 58.1937929 ], [ 24.7667057, 58.1933988 ], [ 24.7628751, 58.1934686 ] ] } },
{ "type": "Feature", "properties": { "source_fid": "w41873099", "name": null }, "geometry": { "type": "LineString", "coordinates": [ [ 25.2340917, 58.7339935 ], [ 25.233813, 58.7339346 ], [ 25.2333002, 58.7335289 ], [ 25.2332231, 58.7332399 ], [ 25.233461, 58.7330419 ], [ 25.234024, 58.733028 ], [ 25.2353646, 58.7336403 ], [ 25.2357935, 58.7336681 ], [ 25.2362081, 58.733975 ] ] } },
{ "type": "Feature", "properties": { "source_fid": "w45450095", "name": "Pärnu jõgi" }, "geometry": { "type": "LineString", "coordinates": [ [ 24.9998189, 58.5731258 ], [ 24.9993079, 58.5719617 ], [ 24.9975316, 58.5702249 ], [ 24.9965753, 58.5699252 ], [ 24.9945033, 58.5694835 ], [ 24.9934146, 58.568958 ], [ 24.9923908, 58.5683075 ], [ 24.9908232, 58.5675914 ], [ 24.9897239, 58.5673399 ], [ 24.9877897, 58.5671393 ], [ 24.9819536, 58.5666998 ], [ 24.9812271, 58.5664527 ], [ 24.9805226, 58.5658756 ], [ 24.9799306, 58.5648344 ], [ 24.9789578, 58.5637051 ], [ 24.9777775, 58.5628706 ], [ 24.9758483, 58.5621214 ], [ 24.9741591, 58.5610441 ], [ 24.9709928, 58.5573731 ], [ 24.9696387, 58.5550932 ], [ 24.9684281, 58.5542939 ], [ 24.9674689, 58.5538523 ], [ 24.9664011, 58.5534829 ], [ 24.9654229, 58.5532748 ], [ 24.9634372, 58.5530297 ], [ 24.9604112, 58.5527923 ], [ 24.9561768, 58.5529755 ], [ 24.9552053, 58.5529523 ], [ 24.9542343, 58.5527477 ], [ 24.9511499, 58.5516605 ], [ 24.950613, 58.5515737 ], [ 24.9497883, 58.551571 ], [ 24.9489048, 58.5517395 ], [ 24.9480768, 58.5517733 ], [ 24.947461, 58.5516669 ], [ 24.9469546, 58.5515533 ], [ 24.9464853, 58.5513324 ], [ 24.9447397, 58.5502856 ], [ 24.942263, 58.5494241 ], [ 24.9414152, 58.5492089 ] ] } },
{ "type": "Feature", "properties": { "source_fid": "w45466017", "name": "Navesti jõgi" }, "geometry": { "type": "LineString", "coordinates": [ [ 25.0979775, 58.517197 ], [ 25.0958504, 58.51789 ], [ 25.0942379, 58.5182433 ], [ 25.0922758, 58.5184825 ], [ 25.091469, 58.5184906 ], [ 25.0896146, 58.518227 ], [ 25.085545, 58.5171529 ], [ 25.0840522, 58.5171982 ], [ 25.0818883, 58.5174929 ], [ 25.0808567, 58.5174779 ], [ 25.0795059, 58.5172395 ] ] } },
{ "type": "Feature", "properties": { "source_fid": "w45480830", "name": "Reiu jõgi" }, "geometry": { "type": "LineString", "coordinates": [ [ 24.6374861, 58.2839346 ], [ 24.6354611, 58.2839505 ], [ 24.6346772, 58.2841372 ], [ 24.6340655, 58.284164 ], [ 24.6332297, 58.283975 ], [ 24.6321653, 58.2834676 ], [ 24.6309399, 58.2834157 ], [ 24.6299372, 58.2836659 ], [ 24.6292854, 58.2842932 ], [ 24.6278367, 58.2853391 ], [ 24.6261895, 58.2859817 ], [ 24.6248693, 58.2866198 ], [ 24.6234191, 58.2877919 ], [ 24.6227562, 58.2890866 ], [ 24.6225367, 58.2892808 ], [ 24.6203312, 58.2904104 ], [ 24.6198231, 58.2905878 ], [ 24.6189495, 58.2906982 ], [ 24.6183545, 58.2909055 ], [ 24.6177352, 58.2915176 ], [ 24.6174014, 58.2925039 ], [ 24.617044, 58.2929216 ], [ 24.6158641, 58.2937209 ], [ 24.6147818, 58.2947722 ], [ 24.6140139, 58.2950806 ], [ 24.61288, 58.2952866 ], [ 24.611206, 58.295262 ], [ 24.6104785, 58.2953762 ] ] } },
{ "type": "Feature", "properties": { "source_fid": "w45480833", "name": "Reiu jõgi" }, "geometry": { "type": "LineString", "coordinates": [ [ 24.6104785, 58.2953762 ], [ 24.6095082, 58.295678 ], [ 24.6091617, 58.2960252 ], [ 24.6089689, 58.296637 ], [ 24.6093902, 58.2974983 ], [ 24.6096354, 58.2976442 ], [ 24.6099555, 58.2977006 ], [ 24.61039, 58.2980255 ], [ 24.6110356, 58.2983063 ], [ 24.6131707, 58.2988621 ], [ 24.6139125, 58.2991603 ], [ 24.6143408, 58.2996026 ], [ 24.6146121, 58.300102 ], [ 24.6147228, 58.3012739 ], [ 24.6149441, 58.3019832 ], [ 24.6163157, 58.3034299 ], [ 24.6165343, 58.3039802 ], [ 24.6164429, 58.3043824 ], [ 24.6160736, 58.304942 ], [ 24.6156977, 58.3052539 ], [ 24.6155723, 58.3055675 ], [ 24.6152888, 58.3057875 ], [ 24.614771, 58.306704 ], [ 24.6146996, 58.307398 ], [ 24.6152091, 58.3086111 ], [ 24.6152708, 58.3090641 ], [ 24.6144491, 58.3106893 ], [ 24.613015, 58.311515 ], [ 24.6120011, 58.3119043 ], [ 24.6116318, 58.3118974 ], [ 24.6102732, 58.3121849 ], [ 24.6088203, 58.3130627 ], [ 24.6087095, 58.3133545 ], [ 24.609057, 58.3140171 ], [ 24.6106144, 58.3150782 ], [ 24.6109632, 58.3154926 ], [ 24.6116703, 58.3160434 ], [ 24.6123341, 58.3164982 ], [ 24.6131025, 58.3167268 ], [ 24.6145039, 58.3178854 ], [ 24.6148304, 58.3182664 ], [ 24.6152942, 58.3193574 ], [ 24.6155518, 58.3208172 ], [ 24.6155304, 58.3220165 ], [ 24.6146478, 58.3242083 ], [ 24.6136168, 58.3256725 ], [ 24.6128709, 58.3276139 ], [ 24.6128294, 58.328155 ], [ 24.6131078, 58.3295386 ], [ 24.6126879, 58.3312001 ], [ 24.6126521, 58.333889 ], [ 24.6115484, 58.3352435 ], [ 24.6112908, 58.3358793 ], [ 24.6113793, 58.3364139 ], [ 24.6125727, 58.3377812 ], [ 24.6134587, 58.339321 ], [ 24.6141975, 58.3400456 ], [ 24.6151004, 58.3406134 ], [ 24.6161612, 58.3418015 ], [ 24.6169113, 58.3428456 ], [ 24.6172889, 58.3437487 ], [ 24.617889, 58.3444502 ], [ 24.6186857, 58.3457184 ], [ 24.6186946, 58.3469805 ], [ 24.6185322, 58.3475741 ], [ 24.6180943, 58.3482608 ], [ 24.6176292, 58.3504342 ], [ 24.6177759, 58.351863 ], [ 24.6174594, 58.3525199 ], [ 24.6170283, 58.3530066 ] ] } },
{ "type": "Feature", "properties": { "source_fid": "w45480834", "name": "Reiu jõgi" }, "geometry": { "type": "LineString", "coordinates": [ [ 24.6412433, 58.2703273 ], [ 24.6412054, 58.2705786 ], [ 24.6414371, 58.2709087 ], [ 24.6430701, 58.2721444 ], [ 24.643172, 58.2727873 ], [ 24.6429773, 58.2730944 ], [ 24.6424687, 58.2733556 ], [ 24.6413338, 58.2736035 ], [ 24.640181, 58.2734978 ], [ 24.6398294, 58.2737061 ], [ 24.639893, 58.2741011 ], [ 24.6414394, 58.2746045 ], [ 24.6418093, 58.2749356 ], [ 24.6417993, 58.2753175 ], [ 24.6414639, 58.2756477 ], [ 24.6404258, 58.275956 ], [ 24.6397353, 58.2763012 ], [ 24.6399197, 58.2766704 ], [ 24.6409902, 58.2772118 ], [ 24.6412358, 58.2775301 ], [ 24.6412797, 58.2779282 ], [ 24.6410807, 58.278161 ], [ 24.6404323, 58.278341 ], [ 24.6389382, 58.2784006 ], [ 24.6387335, 58.278467 ], [ 24.6384656, 58.2787804 ], [ 24.6385261, 58.2793181 ], [ 24.6386063, 58.279389 ], [ 24.6407491, 58.2797824 ], [ 24.6410391, 58.2802193 ], [ 24.6408006, 58.280601 ], [ 24.6403591, 58.2808335 ], [ 24.6390863, 58.2812798 ], [ 24.6385757, 58.2815988 ], [ 24.6383943, 58.2818643 ], [ 24.638569, 58.2823107 ], [ 24.639523, 58.2828037 ], [ 24.6395529, 58.2832152 ], [ 24.6387257, 58.2836761 ], [ 24.6374861, 58.2839346 ] ] } },
{ "type": "Feature", "properties": { "source_fid": "w45480842", "name": "Reiu jõgi" }, "geometry": { "type": "LineString", "coordinates": [ [ 24.6170283, 58.3530066 ], [ 24.6165541, 58.3534058 ], [ 24.6155969, 58.3539191 ], [ 24.615087, 58.3540762 ], [ 24.61291, 58.3544583 ], [ 24.6119591, 58.3547671 ], [ 24.6114236, 58.3551537 ], [ 24.6110692, 58.355661 ], [ 24.6085676, 58.3580386 ], [ 24.6075952, 58.3588113 ], [ 24.6069896, 58.3591633 ], [ 24.6044385, 58.3599998 ] ] } },
{ "type": "Feature", "properties": { "source_fid": "w45481907", "name": "Paadrema jõgi" }, "geometry": { "type": "LineString", "coordinates": [ [ 23.9343076, 58.5123925 ], [ 23.9342377, 58.512611 ], [ 23.9322916, 58.5130364 ], [ 23.9319248, 58.5133185 ], [ 23.931588, 58.5141505 ], [ 23.9311872, 58.5143419 ], [ 23.9303493, 58.5144411 ], [ 23.9301219, 58.514542 ], [ 23.9302712, 58.5151603 ], [ 23.9301629, 58.5153222 ], [ 23.928904, 58.5157152 ], [ 23.9281591, 58.5161279 ], [ 23.9278201, 58.5166641 ], [ 23.9280127, 58.5169065 ], [ 23.9290449, 58.5176619 ], [ 23.9279421, 58.5181145 ], [ 23.9270521, 58.5186044 ], [ 23.926818, 58.5191228 ], [ 23.9259709, 58.5194656 ], [ 23.9257176, 58.5196764 ], [ 23.9253615, 58.5202825 ], [ 23.9257379, 58.5208889 ], [ 23.9256179, 58.5212098 ], [ 23.9243925, 58.5217308 ], [ 23.923235, 58.5223586 ], [ 23.9212255, 58.5229399 ], [ 23.9189337, 58.5239964 ], [ 23.9170884, 58.5246372 ], [ 23.9168178, 58.5249862 ], [ 23.9167516, 58.5253948 ], [ 23.9155766, 58.5260761 ], [ 23.9154453, 58.5263806 ], [ 23.9150047, 58.5264784 ], [ 23.9132522, 58.5263331 ], [ 23.9127887, 58.5264903 ], [ 23.9122846, 58.5270264 ], [ 23.912164, 58.5275404 ], [ 23.9118964, 58.5277795 ], [ 23.9113758, 58.5280228 ], [ 23.9097278, 58.5281108 ], [ 23.9090457, 58.5282411 ], [ 23.9081245, 58.5285481 ], [ 23.907062, 58.5284938 ], [ 23.9067266, 58.5285693 ], [ 23.9065842, 58.5288079 ] ] } },
{ "type": "Feature", "properties": { "source_fid": "w45481909", "name": "Paadrema jõgi" }, "geometry": { "type": "LineString", "coordinates": [ [ 23.9518261, 58.498475 ], [ 23.9508341, 58.4987984 ], [ 23.9492587, 58.49966 ], [ 23.948688, 58.499831 ], [ 23.9479783, 58.4996613 ], [ 23.9477172, 58.4997295 ], [ 23.9476203, 58.4999226 ], [ 23.9478097, 58.5004651 ], [ 23.9472957, 58.5005481 ], [ 23.9469212, 58.5005153 ], [ 23.9467024, 58.5006029 ], [ 23.9464405, 58.501099 ], [ 23.9454292, 58.5015548 ], [ 23.9448202, 58.5025159 ], [ 23.9438289, 58.5028097 ], [ 23.9432975, 58.5031186 ], [ 23.9429959, 58.5035791 ], [ 23.9431282, 58.5042033 ], [ 23.942841, 58.5045122 ], [ 23.9423437, 58.5047542 ], [ 23.9415781, 58.5048494 ], [ 23.9402866, 58.5057385 ], [ 23.939508, 58.5060932 ], [ 23.9393853, 58.5065166 ], [ 23.938018, 58.5074284 ], [ 23.9375, 58.5081429 ], [ 23.9372456, 58.5082485 ], [ 23.9366345, 58.5093713 ], [ 23.9352625, 58.5096589 ], [ 23.9348874, 58.5098579 ], [ 23.9348559, 58.5100124 ], [ 23.9351562, 58.5103498 ], [ 23.9351745, 58.5105689 ], [ 23.9348716, 58.5107004 ], [ 23.9338578, 58.5107831 ], [ 23.9335109, 58.5109374 ], [ 23.9334878, 58.511187 ], [ 23.9342019, 58.5120359 ], [ 23.9343076, 58.5123925 ] ] } },
{ "type": "Feature", "properties": { "source_fid": "w45481913", "name": "Paadrema jõgi" }, "geometry": { "type": "LineString", "coordinates": [ [ 23.9749523, 58.4347228 ], [ 23.9745951, 58.435075 ], [ 23.9745948, 58.4354747 ], [ 23.9759732, 58.4377796 ], [ 23.9758707, 58.4383666 ], [ 23.9749971, 58.4396532 ], [ 23.9736233, 58.4424763 ], [ 23.9735491, 58.4433025 ], [ 23.973822, 58.4460352 ], [ 23.9737106, 58.4470754 ], [ 23.9710347, 58.4507748 ], [ 23.9706086, 58.4517851 ], [ 23.9701347, 58.4524894 ], [ 23.9687111, 58.4530002 ], [ 23.968387, 58.453914 ], [ 23.9647235, 58.4574942 ], [ 23.9647375, 58.4577491 ] ] } },
{ "type": "Feature", "properties": { "source_fid": "w45481917", "name": "Paadrema jõgi" }, "geometry": { "type": "LineString", "coordinates": [ [ 23.9647113, 58.4578433 ], [ 23.9647342, 58.4610976 ], [ 23.9642288, 58.4617409 ], [ 23.9638355, 58.4635997 ], [ 23.9641292, 58.4647515 ], [ 23.9640242, 58.4649445 ], [ 23.963658, 58.4652536 ], [ 23.9624523, 58.4656931 ], [ 23.9597, 58.466927 ], [ 23.9575995, 58.4707229 ], [ 23.9557204, 58.4719186 ], [ 23.9549918, 58.473899 ], [ 23.9539199, 58.4757413 ], [ 23.9538116, 58.4760934 ], [ 23.9539839, 58.4766923 ], [ 23.9556313, 58.4800993 ] ] } },
{ "type": "Feature", "properties": { "source_fid": "w45481919", "name": "Paadrema jõgi" }, "geometry": { "type": "LineString", "coordinates": [ [ 23.9556313, 58.4800993 ], [ 23.9569608, 58.4827337 ], [ 23.9627401, 58.4857654 ], [ 23.9631739, 58.4861236 ], [ 23.9628983, 58.4864712 ], [ 23.9627212, 58.4874207 ], [ 23.9620071, 58.489119 ], [ 23.9594793, 58.4910172 ], [ 23.9591969, 58.4923085 ], [ 23.9525609, 58.496865 ], [ 23.9523632, 58.4982365 ], [ 23.9521731, 58.4983911 ], [ 23.9518261, 58.498475 ] ] } },
{ "type": "Feature", "properties": { "source_fid": "w45483972", "name": "Sauga jõgi" }, "geometry": { "type": "LineString", "coordinates": [ [ 24.4985444, 58.4463034 ], [ 24.4976854, 58.446532 ], [ 24.4966352, 58.446433 ], [ 24.4961235, 58.4461728 ], [ 24.4953288, 58.44555 ], [ 24.4946488, 58.4453113 ], [ 24.492635, 58.4449035 ], [ 24.49187, 58.4448815 ], [ 24.4889443, 58.445064 ], [ 24.488217, 58.4450195 ], [ 24.4863742, 58.4447364 ], [ 24.4846699, 58.4441308 ], [ 24.4835666, 58.4438482 ], [ 24.4821297, 58.4438435 ], [ 24.4813913, 58.4439171 ], [ 24.4793627, 58.4438944 ], [ 24.4767676, 58.4433661 ], [ 24.4719596, 58.4430549 ], [ 24.4702329, 58.4427358 ], [ 24.4694799, 58.4423669 ], [ 24.4685604, 58.4420529 ], [ 24.4665718, 58.440211 ], [ 24.4656523, 58.4398489 ], [ 24.4631584, 58.4391381 ], [ 24.4619109, 58.4386323 ], [ 24.4602711, 58.4382428 ], [ 24.4582914, 58.4375686 ], [ 24.4573809, 58.4370942 ], [ 24.4567019, 58.4365857 ], [ 24.4545544, 58.4356999 ], [ 24.4521597, 58.4343727 ], [ 24.4511213, 58.4340976 ], [ 24.44914, 58.4333208 ], [ 24.4473836, 58.4325608 ], [ 24.4462466, 58.4318927 ], [ 24.4446213, 58.4312921 ], [ 24.4412835, 58.4293738 ], [ 24.4408373, 58.4289871 ], [ 24.440787, 58.4286505 ] ] } },
{ "type": "Feature", "properties": { "source_fid": "w45483974", "name": "Sauga jõgi" }, "geometry": { "type": "LineString", "coordinates": [ [ 24.4443545, 58.4182328 ], [ 24.4432749, 58.4167597 ], [ 24.4428346, 58.4159678 ], [ 24.4427259, 58.4154347 ], [ 24.4430527, 58.4146267 ], [ 24.4428096, 58.4142114 ], [ 24.4433357, 58.4128054 ], [ 24.444177, 58.4121605 ], [ 24.4455013, 58.4116491 ], [ 24.4466388, 58.4109066 ], [ 24.4477161, 58.4103397 ], [ 24.4507555, 58.4097688 ], [ 24.4540127, 58.408307 ], [ 24.4552674, 58.4074629 ], [ 24.4560698, 58.4066813 ], [ 24.4573458, 58.4059516 ], [ 24.4582902, 58.4052022 ], [ 24.459234, 58.4035565 ] ] } },
{ "type": "Feature", "properties": { "source_fid": "w45483975", "name": "Sauga jõgi" }, "geometry": { "type": "LineString", "coordinates": [ [ 24.440787, 58.4286505 ], [ 24.4415041, 58.4277548 ], [ 24.441702, 58.4272948 ], [ 24.4417059, 58.4266768 ], [ 24.4409353, 58.4244103 ], [ 24.4409382, 58.42396 ], [ 24.4411324, 58.4236429 ], [ 24.4425465, 58.422785 ], [ 24.442797, 58.4217603 ], [ 24.4433151, 58.421072 ], [ 24.4444588, 58.4198941 ], [ 24.4446487, 58.4187968 ], [ 24.4443545, 58.4182328 ] ] } },
{ "type": "Feature", "properties": { "source_fid": "w45486763", "name": "Sauga jõgi" }, "geometry": { "type": "LineString", "coordinates": [ [ 24.459234, 58.4035565 ], [ 24.4587313, 58.4013531 ], [ 24.4588335, 58.4007639 ], [ 24.4592908, 58.4000567 ], [ 24.4603832, 58.3992957 ], [ 24.4619636, 58.3984805 ], [ 24.4627345, 58.3977143 ], [ 24.4638418, 58.3953092 ] ] } },
{ "type": "Feature", "properties": { "source_fid": "w45486829", "name": "Ura jõgi" }, "geometry": { "type": "LineString", "coordinates": [ [ 24.5909239, 58.2794402 ], [ 24.5912676, 58.2796439 ], [ 24.592072, 58.2799024 ], [ 24.5928816, 58.2806109 ], [ 24.5933548, 58.2815438 ], [ 24.5933632, 58.2823247 ], [ 24.5932946, 58.2825479 ], [ 24.5927035, 58.2829597 ], [ 24.5927075, 58.2831938 ], [ 24.5939458, 58.284374 ], [ 24.5941676, 58.2850187 ], [ 24.5952141, 58.285635 ], [ 24.5965875, 58.2876687 ], [ 24.5966379, 58.2878799 ], [ 24.5964323, 58.2882435 ] ] } },
{ "type": "Feature", "properties": { "source_fid": "w45487262", "name": "Audru jõgi" }, "geometry": { "type": "LineString", "coordinates": [ [ 24.3232302, 58.4476975 ], [ 24.3211405, 58.4469835 ], [ 24.3198774, 58.4463783 ], [ 24.3191775, 58.4458865 ], [ 24.3172923, 58.4452454 ], [ 24.3170192, 58.4452139 ], [ 24.3166826, 58.4447956 ], [ 24.3161063, 58.4443797 ], [ 24.3160689, 58.4440679 ], [ 24.3163454, 58.4436535 ], [ 24.3161751, 58.4433962 ], [ 24.3158084, 58.4414866 ], [ 24.3158023, 58.4401207 ], [ 24.3152112, 58.4391283 ], [ 24.3155356, 58.4385225 ], [ 24.3155402, 58.4382784 ], [ 24.3154294, 58.4379462 ], [ 24.3150224, 58.4376819 ], [ 24.3149827, 58.4374901 ], [ 24.3157598, 58.4370262 ], [ 24.3158909, 58.4366242 ], [ 24.3184657, 58.434234 ], [ 24.319051, 58.4332096 ], [ 24.3198963, 58.4311268 ], [ 24.3198871, 58.4301197 ], [ 24.3187986, 58.4260427 ], [ 24.318171, 58.4247744 ], [ 24.3181469, 58.4244529 ], [ 24.3185586, 58.4232697 ] ] } },
{ "type": "Feature", "properties": { "source_fid": "w45487583", "name": "Pärnu jõgi" }, "geometry": { "type": "LineString", "coordinates": [ [ 24.591522, 58.3677704 ], [ 24.5847711, 58.3645282 ], [ 24.5797501, 58.3634857 ] ] } },
{ "type": "Feature", "properties": { "source_fid": "w45487901", "name": "Pärnu jõgi" }, "geometry": { "type": "LineString", "coordinates": [ [ 24.7440944, 58.4423899 ], [ 24.7434774, 58.442034 ], [ 24.7411493, 58.4417981 ], [ 24.7382953, 58.4407973 ], [ 24.7360894, 58.4395507 ], [ 24.7350338, 58.4392656 ], [ 24.734197, 58.4388164 ], [ 24.7334781, 58.4382773 ], [ 24.7322194, 58.4378 ], [ 24.7311385, 58.4370877 ], [ 24.7294141, 58.4353767 ], [ 24.728124, 58.433794 ], [ 24.7278187, 58.4329926 ], [ 24.7268209, 58.4322568 ], [ 24.72666, 58.4318973 ], [ 24.7257695, 58.4311784 ], [ 24.7255227, 58.4306897 ], [ 24.725512, 58.4302179 ], [ 24.7252652, 58.4298697 ], [ 24.7244147, 58.4293245 ], [ 24.724142, 58.4284516 ] ] } },
{ "type": "Feature", "properties": { "source_fid": "w45487950", "name": "Pärnu jõgi" }, "geometry": { "type": "LineString", "coordinates": [ [ 24.7083784, 58.4206812 ], [ 24.7064988, 58.4202392 ], [ 24.7034453, 58.4202902 ], [ 24.6975289, 58.4208873 ], [ 24.694902, 58.4206906 ], [ 24.6899835, 58.4187364 ], [ 24.6876376, 58.4187044 ], [ 24.6810211, 58.4192763 ], [ 24.6796204, 58.4191961 ], [ 24.676695, 58.4183846 ] ] } },
{ "type": "Feature", "properties": { "source_fid": "w45487966", "name": "Pärnu jõgi" }, "geometry": { "type": "LineString", "coordinates": [ [ 24.7452621, 58.4453272 ], [ 24.7446469, 58.4444989 ], [ 24.7445882, 58.444174 ], [ 24.7450653, 58.4435781 ], [ 24.7450431, 58.4432514 ], [ 24.7445573, 58.4427183 ], [ 24.7440944, 58.4423899 ] ] } },
{ "type": "Feature", "properties": { "source_fid": "w45487973", "name": "Pärnu jõgi" }, "geometry": { "type": "LineString", "coordinates": [ [ 24.7120899, 58.4231323 ], [ 24.709852, 58.4213991 ], [ 24.7083784, 58.4206812 ] ] } },
{ "type": "Feature", "properties": { "source_fid": "w45488960", "name": "Pärnu jõgi" }, "geometry": { "type": "LineString", "coordinates": [ [ 24.6578243, 58.4114937 ], [ 24.6499256, 58.4102141 ], [ 24.6485918, 58.4097962 ], [ 24.6478836, 58.4090107 ], [ 24.6479778, 58.4078169 ], [ 24.6479039, 58.4061084 ], [ 24.6467483, 58.4054752 ], [ 24.6458117, 58.4050892 ] ] } },
{ "type": "Feature", "properties": { "source_fid": "w45488962", "name": "Pärnu jõgi" }, "geometry": { "type": "LineString", "coordinates": [ [ 24.6458117, 58.4050892 ], [ 24.64076, 58.4032793 ], [ 24.63972, 58.4026009 ], [ 24.6384899, 58.4011181 ], [ 24.6375051, 58.3986235 ], [ 24.6375228, 58.3972254 ], [ 24.6359155, 58.3947797 ], [ 24.6328851, 58.3927811 ], [ 24.627087, 58.3900893 ] ] } },
{ "type": "Feature", "properties": { "source_fid": "w45488965", "name": "Pärnu jõgi" }, "geometry": { "type": "LineString", "coordinates": [ [ 24.676695, 58.4183846 ], [ 24.6707191, 58.4174465 ], [ 24.6687893, 58.4173912 ], [ 24.6673012, 58.417032 ], [ 24.6655565, 58.4162743 ], [ 24.6624531, 58.4137482 ], [ 24.6606135, 58.4124555 ], [ 24.6578243, 58.4114937 ] ] } },
{ "type": "Feature", "properties": { "source_fid": "w45489781", "name": "Audru jõgi" }, "geometry": { "type": "LineString", "coordinates": [ [ 24.3185586, 58.4232697 ], [ 24.3190853, 58.422839 ], [ 24.322413, 58.4221988 ], [ 24.3236912, 58.4218774 ], [ 24.3264223, 58.4219535 ], [ 24.3277785, 58.421922 ], [ 24.3332607, 58.4210944 ], [ 24.3341949, 58.4211108 ], [ 24.335627, 58.4214185 ], [ 24.3366099, 58.4213407 ], [ 24.3403399, 58.421611 ], [ 24.3446009, 58.4216389 ], [ 24.3465323, 58.4218618 ], [ 24.3486896, 58.421816 ], [ 24.3498745, 58.4215841 ], [ 24.3503728, 58.4214272 ], [ 24.350995, 58.4210253 ], [ 24.3514918, 58.420182 ], [ 24.3522377, 58.4196282 ], [ 24.3530426, 58.419448 ], [ 24.3541296, 58.4196927 ], [ 24.3545888, 58.4196756 ], [ 24.3557998, 58.419431 ], [ 24.3565831, 58.4191638 ], [ 24.3577146, 58.4185797 ], [ 24.3586766, 58.4178632 ], [ 24.3590099, 58.4170348 ], [ 24.3595218, 58.4165472 ], [ 24.3599766, 58.41628 ], [ 24.3609839, 58.4159223 ], [ 24.3629731, 58.4155452 ], [ 24.3649897, 58.4147096 ], [ 24.3654672, 58.4143478 ], [ 24.3654466, 58.4137085 ], [ 24.3649582, 58.4132358 ], [ 24.3643802, 58.4131219 ] ] } },
{ "type": "Feature", "properties": { "source_fid": "w45490067", "name": "Reiu jõgi" }, "geometry": { "type": "LineString", "coordinates": [ [ 24.6044385, 58.3599998 ], [ 24.6022139, 58.3610723 ], [ 24.5999211, 58.3618641 ], [ 24.5970248, 58.3623356 ], [ 24.5950884, 58.363009 ], [ 24.5942301, 58.3637851 ], [ 24.5940255, 58.3660336 ], [ 24.593589, 58.366729 ], [ 24.591522, 58.3677704 ] ] } },
{ "type": "Feature", "properties": { "source_fid": "w45493799", "name": "Pärnu jõgi" }, "geometry": { "type": "LineString", "coordinates": [ [ 24.7902294, 58.4752658 ], [ 24.7887624, 58.4751346 ], [ 24.7876222, 58.4748948 ], [ 24.7851715, 58.4738278 ], [ 24.7845696, 58.4733633 ], [ 24.7839305, 58.4723104 ], [ 24.7840571, 58.4720558 ], [ 24.7838975, 58.4707011 ], [ 24.7829918, 58.469487 ], [ 24.7825749, 58.4687297 ], [ 24.7813739, 58.4675762 ], [ 24.7813966, 58.4662993 ], [ 24.7816184, 58.4655479 ], [ 24.7819807, 58.464992 ], [ 24.7819165, 58.4644031 ], [ 24.781602, 58.464048 ], [ 24.7810563, 58.4637194 ], [ 24.7775521, 58.4624759 ] ] } },
{ "type": "Feature", "properties": { "source_fid": "w45494362", "name": "Pärnu jõgi" }, "geometry": { "type": "LineString", "coordinates": [ [ 24.9080358, 58.5031564 ], [ 24.9071681, 58.5012836 ], [ 24.906741, 58.5010072 ], [ 24.9052852, 58.500458 ], [ 24.9045428, 58.5000112 ], [ 24.9033137, 58.4986876 ], [ 24.9015007, 58.4958446 ], [ 24.9005164, 58.4947603 ], [ 24.8997178, 58.4941638 ], [ 24.8989134, 58.4937325 ], [ 24.8985151, 58.4936766 ], [ 24.8963781, 58.493649 ], [ 24.8939428, 58.4938844 ], [ 24.8933275, 58.4940913 ], [ 24.8918458, 58.4948023 ], [ 24.8899234, 58.4953005 ], [ 24.8889981, 58.495779 ], [ 24.8880925, 58.4960907 ], [ 24.887412, 58.4966843 ], [ 24.8865724, 58.4971247 ], [ 24.8852959, 58.4974699 ], [ 24.88367, 58.4974621 ], [ 24.8822142, 58.4977045 ], [ 24.8800748, 58.4981967 ], [ 24.8788025, 58.4985753 ], [ 24.877177, 58.4986309 ], [ 24.8756999, 58.4982787 ], [ 24.8747523, 58.4982557 ], [ 24.8742016, 58.4983183 ], [ 24.8726362, 58.498704 ], [ 24.8704, 58.4994726 ], [ 24.8695359, 58.4994382 ], [ 24.8677229, 58.4990553 ], [ 24.8653382, 58.4990748 ], [ 24.8642465, 58.4992547 ], [ 24.8634389, 58.4997546 ] ] } },
{ "type": "Feature", "properties": { "source_fid": "w45494364", "name": "Pärnu jõgi" }, "geometry": { "type": "LineString", "coordinates": [ [ 24.9068301, 58.5047103 ], [ 24.9067734, 58.5044396 ], [ 24.9069275, 58.5042353 ], [ 24.9079331, 58.5034825 ], [ 24.9080358, 58.5031564 ] ] } },
{ "type": "Feature", "properties": { "source_fid": "w45494370", "name": "Pärnu jõgi" }, "geometry": { "type": "LineString", "coordinates": [ [ 24.8634389, 58.4997546 ], [ 24.8605824, 58.5013022 ], [ 24.8592678, 58.5028897 ], [ 24.8586858, 58.5033528 ], [ 24.857095, 58.5040349 ], [ 24.8554408, 58.5045596 ], [ 24.8537577, 58.505589 ], [ 24.8524189, 58.5076345 ], [ 24.8517953, 58.5081247 ], [ 24.8510066, 58.5084247 ], [ 24.8501947, 58.5085622 ], [ 24.8492539, 58.5085989 ], [ 24.8485042, 58.5085023 ], [ 24.8479242, 58.5082012 ], [ 24.8462937, 58.5055305 ], [ 24.845826, 58.505244 ], [ 24.8452502, 58.5052246 ], [ 24.8435734, 58.5056104 ], [ 24.8421693, 58.5063949 ], [ 24.8413755, 58.5065986 ], [ 24.840284, 58.5066907 ], [ 24.8393303, 58.5066226 ], [ 24.8387183, 58.5064411 ], [ 24.8382437, 58.506073 ], [ 24.8381434, 58.5056865 ], [ 24.8382757, 58.5052932 ], [ 24.8391831, 58.5042743 ], [ 24.8398999, 58.5027843 ], [ 24.8398951, 58.5025855 ], [ 24.8397889, 58.5024179 ], [ 24.8376358, 58.5009479 ], [ 24.8373211, 58.5006134 ], [ 24.8368608, 58.4996831 ], [ 24.8368874, 58.4989638 ], [ 24.8372671, 58.4983493 ], [ 24.8377353, 58.4979376 ], [ 24.8409365, 58.4968822 ], [ 24.8421489, 58.495927 ], [ 24.842397, 58.4955681 ], [ 24.8423822, 58.4952356 ], [ 24.8413013, 58.4944898 ], [ 24.8393453, 58.4936085 ], [ 24.8370597, 58.4923609 ], [ 24.8343769, 58.4918381 ], [ 24.8338423, 58.4916069 ], [ 24.8335743, 58.4912087 ], [ 24.8334484, 58.4907182 ], [ 24.8334103, 58.4894346 ], [ 24.8332788, 58.4890097 ], [ 24.8330194, 58.4887463 ] ] } },
{ "type": "Feature", "properties": { "source_fid": "w45495404", "name": "Sauga jõgi" }, "geometry": { "type": "LineString", "coordinates": [ [ 24.5334817, 58.4873747 ], [ 24.533514, 58.4863165 ], [ 24.5330623, 58.4855323 ], [ 24.5329699, 58.484491 ], [ 24.5323815, 58.4838739 ], [ 24.5315812, 58.4832947 ], [ 24.5313509, 58.4828914 ], [ 24.5317933, 58.4826831 ], [ 24.5328375, 58.4824974 ], [ 24.5333366, 58.482106 ], [ 24.5333988, 58.481911 ], [ 24.5330819, 58.4817831 ], [ 24.5317427, 58.4816671 ], [ 24.5309412, 58.4813309 ], [ 24.5308205, 58.4812222 ], [ 24.5308545, 58.4810167 ], [ 24.5311527, 58.480852 ], [ 24.5325296, 58.4805327 ], [ 24.5332417, 58.4795966 ], [ 24.5340618, 58.4794252 ], [ 24.5343378, 58.4792889 ], [ 24.5350042, 58.4781507 ], [ 24.5350263, 58.4775503 ], [ 24.5351726, 58.4772822 ], [ 24.5356894, 58.4769367 ], [ 24.5364609, 58.4767418 ], [ 24.5369745, 58.4763741 ], [ 24.5373129, 58.4758734 ], [ 24.5373296, 58.475487 ], [ 24.5376057, 58.4749895 ], [ 24.5382835, 58.4742378 ], [ 24.538488, 58.4720332 ], [ 24.5388061, 58.4713185 ], [ 24.5384643, 58.4702961 ], [ 24.538254, 58.4700934 ], [ 24.5375798, 58.4697678 ], [ 24.5358518, 58.4684302 ], [ 24.5355854, 58.4680658 ], [ 24.5355854, 58.4676973 ] ] } },
{ "type": "Feature", "properties": { "source_fid": "w45496057", "name": "Kurina jõgi" }, "geometry": { "type": "LineString", "coordinates": [ [ 24.7709416, 58.4317623 ], [ 24.7705657, 58.4316116 ], [ 24.7705452, 58.431082 ], [ 24.77032, 58.4309687 ], [ 24.7688361, 58.4309207 ], [ 24.7677122, 58.4310935 ], [ 24.7662564, 58.4311171 ], [ 24.765747, 58.4307287 ], [ 24.7653731, 58.4306334 ], [ 24.764931, 58.4307336 ], [ 24.7639862, 58.4312272 ], [ 24.7632716, 58.4313778 ], [ 24.7628826, 58.4312328 ] ] } },
{ "type": "Feature", "properties": { "source_fid": "w45496060", "name": "Pärnu jõgi" }, "geometry": { "type": "LineString", "coordinates": [ [ 24.7706843, 58.4635946 ], [ 24.7703401, 58.4635742 ], [ 24.7695959, 58.4633309 ], [ 24.7677724, 58.4625525 ], [ 24.7666538, 58.4622934 ], [ 24.7658034, 58.4618576 ], [ 24.7656257, 58.4616447 ], [ 24.7656979, 58.4612563 ], [ 24.7660974, 58.4608832 ], [ 24.7663978, 58.4600275 ], [ 24.7662593, 58.4590824 ], [ 24.7658728, 58.4584196 ], [ 24.7654493, 58.4581024 ], [ 24.764271, 58.4575227 ], [ 24.7636807, 58.4570587 ], [ 24.7631993, 58.4563516 ], [ 24.763034, 58.4555459 ], [ 24.7631155, 58.4551579 ], [ 24.7641327, 58.4540846 ], [ 24.7641341, 58.4533509 ], [ 24.7621737, 58.4510342 ], [ 24.7619814, 58.4501455 ], [ 24.7623333, 58.4494235 ], [ 24.762113, 58.4489931 ], [ 24.7614405, 58.4484624 ], [ 24.7599307, 58.447504 ], [ 24.7588592, 58.4471481 ], [ 24.7578708, 58.4469541 ], [ 24.755642, 58.4470506 ], [ 24.7530842, 58.4472645 ], [ 24.7511265, 58.4473109 ], [ 24.7495486, 58.4471803 ], [ 24.7481385, 58.4469484 ], [ 24.7467455, 58.4465586 ], [ 24.746384, 58.4463524 ], [ 24.7460953, 58.4458857 ], [ 24.7452621, 58.4453272 ] ] } },
{ "type": "Feature", "properties": { "source_fid": "w45496062", "name": "Pärnu jõgi" }, "geometry": { "type": "LineString", "coordinates": [ [ 24.7775521, 58.4624759 ], [ 24.7762492, 58.4621924 ], [ 24.7745265, 58.462121 ], [ 24.7717115, 58.4634263 ], [ 24.7706843, 58.4635946 ] ] } },
{ "type": "Feature", "properties": { "source_fid": "w45497207", "name": "Pärnu jõgi" }, "geometry": { "type": "LineString", "coordinates": [ [ 25.307906, 58.7561514 ], [ 25.3076831, 58.756496 ], [ 25.307106, 58.7569129 ], [ 25.3066944, 58.7570625 ], [ 25.3042301, 58.7572158 ], [ 25.3025107, 58.7580579 ], [ 25.3021454, 58.7581215 ], [ 25.3012936, 58.7585353 ], [ 25.3010694, 58.7585576 ], [ 25.3003349, 58.7590301 ], [ 25.2996968, 58.7592849 ], [ 25.2992538, 58.7593293 ], [ 25.2990969, 58.759094 ], [ 25.2992953, 58.758185 ], [ 25.3000703, 58.7563532 ], [ 25.2998841, 58.7560668 ], [ 25.2995858, 58.7558671 ], [ 25.2978464, 58.7551456 ], [ 25.2960548, 58.7546414 ], [ 25.295883, 58.7544462 ], [ 25.2949937, 58.7541469 ], [ 25.2936081, 58.7531848 ], [ 25.2919288, 58.7525966 ], [ 25.2901736, 58.7509904 ], [ 25.2896454, 58.750659 ], [ 25.2876869, 58.7500763 ], [ 25.2867993, 58.7496629 ], [ 25.2852222, 58.7491564 ], [ 25.2850072, 58.7486877 ], [ 25.2853131, 58.7479084 ], [ 25.2852689, 58.7474155 ], [ 25.2843776, 58.746642 ], [ 25.284712, 58.7457397 ], [ 25.284443, 58.7452887 ], [ 25.2839478, 58.7448084 ], [ 25.2836084, 58.7433336 ], [ 25.2834948, 58.743232 ], [ 25.2822168, 58.7427938 ], [ 25.281907, 58.7419806 ], [ 25.2812893, 58.7417442 ], [ 25.2803692, 58.7416392 ], [ 25.2797481, 58.7413115 ], [ 25.27901, 58.7406339 ], [ 25.2787244, 58.7403256 ], [ 25.2785169, 58.7385526 ], [ 25.2783592, 58.7381433 ], [ 25.2771689, 58.7374016 ], [ 25.2769779, 58.7366786 ], [ 25.2761714, 58.7359276 ], [ 25.2756507, 58.7357872 ], [ 25.2753436, 58.7357902 ], [ 25.2741338, 58.7364585 ], [ 25.2734239, 58.7365454 ], [ 25.2728864, 58.7363995 ], [ 25.2727715, 58.7362551 ], [ 25.2727603, 58.7356445 ], [ 25.271908, 58.7348366 ], [ 25.2718041, 58.7343924 ], [ 25.2718916, 58.7337865 ], [ 25.2726189, 58.7329746 ], [ 25.2726925, 58.7325858 ], [ 25.2725177, 58.7323021 ], [ 25.2721706, 58.7321115 ], [ 25.2717852, 58.7320696 ], [ 25.269487, 58.7322179 ], [ 25.2690787, 58.7321534 ], [ 25.2686582, 58.7319035 ], [ 25.2681906, 58.7311118 ], [ 25.2686099, 58.7299719 ], [ 25.2685327, 58.7296587 ], [ 25.2672861, 58.728558 ], [ 25.2659287, 58.7277267 ], [ 25.2658574, 58.7275733 ], [ 25.2662493, 58.7265878 ], [ 25.2661281, 58.7262693 ], [ 25.2644737, 58.7257148 ], [ 25.2636704, 58.7253344 ], [ 25.262527, 58.7240443 ], [ 25.2612427, 58.723412 ], [ 25.2593166, 58.7220039 ], [ 25.258873, 58.721563 ], [ 25.258754, 58.7209992 ], [ 25.258886, 58.7207068 ], [ 25.2605412, 58.7201662 ] ] } },
{ "type": "Feature", "properties": { "source_fid": "w45497633", "name": "Pärnu jõgi" }, "geometry": { "type": "LineString", "coordinates": [ [ 25.0907395, 58.6117146 ], [ 25.0911349, 58.6113995 ], [ 25.0924969, 58.6109492 ], [ 25.0928339, 58.6106979 ], [ 25.092947, 58.6104029 ], [ 25.0928722, 58.6090586 ], [ 25.0924713, 58.6087465 ], [ 25.0919287, 58.6084881 ], [ 25.0908847, 58.6083323 ], [ 25.0903982, 58.6083733 ], [ 25.0897934, 58.6085492 ], [ 25.088078, 58.6094428 ], [ 25.0868025, 58.6097467 ], [ 25.0860926, 58.6097642 ], [ 25.0854833, 58.609628 ], [ 25.0847737, 58.6089446 ], [ 25.0846086, 58.6081015 ], [ 25.0840137, 58.6067067 ], [ 25.0834615, 58.6065421 ], [ 25.0829398, 58.6065411 ], [ 25.0822284, 58.6067129 ], [ 25.0811302, 58.6071641 ], [ 25.0800551, 58.6072061 ], [ 25.0797295, 58.607012 ], [ 25.0796038, 58.6067149 ], [ 25.0796321, 58.6059099 ], [ 25.0794198, 58.6054982 ], [ 25.0773686, 58.6036219 ], [ 25.0758185, 58.6028344 ], [ 25.0754562, 58.6025327 ], [ 25.0741857, 58.6008636 ], [ 25.0731307, 58.5990367 ], [ 25.0722677, 58.5985372 ], [ 25.0706108, 58.5981211 ], [ 25.0703208, 58.5979191 ], [ 25.0701734, 58.5975377 ], [ 25.0704008, 58.597125 ] ] } },
{ "type": "Feature", "properties": { "source_fid": "w45497634", "name": "Pärnu jõgi" }, "geometry": { "type": "LineString", "coordinates": [ [ 25.0704008, 58.597125 ], [ 25.0712161, 58.5965615 ], [ 25.0717205, 58.595962 ], [ 25.0715503, 58.595283 ], [ 25.0712494, 58.5949879 ], [ 25.0707156, 58.594847 ], [ 25.0689861, 58.5946736 ], [ 25.0686973, 58.594552 ], [ 25.0679928, 58.5939351 ] ] } },
{ "type": "Feature", "properties": { "source_fid": "w45498090", "name": "Navesti jõgi" }, "geometry": { "type": "LineString", "coordinates": [ [ 24.9770131, 58.4927064 ], [ 24.9762831, 58.4924391 ], [ 24.9753145, 58.4922983 ], [ 24.9726915, 58.4923315 ], [ 24.9709535, 58.4926162 ], [ 24.9686616, 58.4932472 ], [ 24.9669619, 58.4935977 ], [ 24.9663043, 58.4936083 ], [ 24.9642566, 58.4933979 ], [ 24.9627157, 58.493463 ], [ 24.9617674, 58.4936305 ], [ 24.9597151, 58.4943231 ], [ 24.9586334, 58.4946077 ], [ 24.9562387, 58.4948772 ], [ 24.9548652, 58.495132 ], [ 24.9534319, 58.4960128 ], [ 24.9522277, 58.4962734 ], [ 24.9509722, 58.4963855 ], [ 24.9506983, 58.4965957 ], [ 24.9506457, 58.4967768 ], [ 24.951031, 58.498008 ], [ 24.9509498, 58.4981893 ], [ 24.9501238, 58.4990763 ], [ 24.9492966, 58.499762 ], [ 24.9489541, 58.5004907 ], [ 24.9485038, 58.5009926 ], [ 24.948109, 58.5023191 ], [ 24.9473194, 58.5032201 ], [ 24.9466968, 58.5036267 ], [ 24.9461806, 58.5037988 ], [ 24.9456154, 58.5038136 ], [ 24.9447737, 58.5035386 ], [ 24.9439, 58.5034384 ], [ 24.943334, 58.5034213 ], [ 24.942079, 58.5036896 ], [ 24.9415998, 58.5037189 ], [ 24.9411299, 58.5036418 ], [ 24.9403331, 58.5032964 ], [ 24.9394583, 58.5024955 ], [ 24.9390965, 58.502308 ], [ 24.9377131, 58.5021248 ], [ 24.935876, 58.5020741 ], [ 24.9349675, 58.502158 ], [ 24.9335525, 58.50298 ], [ 24.9326359, 58.5029931 ], [ 24.9321135, 58.5027842 ], [ 24.9317107, 58.5024487 ], [ 24.9316629, 58.5020512 ], [ 24.9320477, 58.5010106 ], [ 24.9321638, 58.5000418 ], [ 24.9320052, 58.4995964 ], [ 24.9314423, 58.4992556 ], [ 24.9310781, 58.4992099 ], [ 24.9305689, 58.4992716 ], [ 24.928882, 58.4990634 ], [ 24.9283487, 58.4988875 ], [ 24.9274713, 58.498335 ] ] } },
{ "type": "Feature", "properties": { "source_fid": "w45498091", "name": "Pärnu jõgi" }, "geometry": { "type": "LineString", "coordinates": [ [ 24.9455094, 58.5409733 ], [ 24.9445527, 58.5403786 ], [ 24.943801, 58.5400725 ], [ 24.9419773, 58.5395318 ], [ 24.9407217, 58.5392668 ], [ 24.9397267, 58.538866 ], [ 24.9387541, 58.5381 ], [ 24.9358597, 58.5350095 ], [ 24.9355274, 58.5345108 ], [ 24.9353003, 58.5336696 ], [ 24.9354728, 58.5328008 ], [ 24.9359756, 58.5316331 ], [ 24.9359944, 58.531328 ], [ 24.935652, 58.5305017 ], [ 24.9358059, 58.5292411 ], [ 24.9356181, 58.52887 ], [ 24.9350337, 58.5286414 ], [ 24.9327847, 58.5281936 ], [ 24.9307233, 58.5282234 ], [ 24.9300287, 58.5279525 ], [ 24.9294857, 58.5273552 ], [ 24.9282212, 58.5268094 ], [ 24.9264596, 58.5267728 ], [ 24.9251658, 58.5265521 ], [ 24.9247328, 58.5262005 ], [ 24.9244224, 58.5254931 ], [ 24.924092, 58.5251062 ], [ 24.9239593, 58.5246607 ], [ 24.9236774, 58.5243227 ], [ 24.9219203, 58.5232351 ], [ 24.9210537, 58.522857 ], [ 24.9198769, 58.5224958 ], [ 24.919428, 58.5222527 ], [ 24.9184597, 58.5204744 ], [ 24.9167146, 58.5191638 ], [ 24.9165681, 58.5189628 ], [ 24.9159201, 58.5171626 ], [ 24.9141081, 58.5155396 ], [ 24.9124538, 58.5130251 ], [ 24.9110291, 58.5118082 ], [ 24.9104465, 58.5110462 ], [ 24.9089935, 58.5086935 ], [ 24.9080244, 58.5060794 ], [ 24.9074504, 58.5052167 ], [ 24.9068301, 58.5047103 ] ] } },
{ "type": "Feature", "properties": { "source_fid": "w45498092", "name": "Navesti jõgi" }, "geometry": { "type": "LineString", "coordinates": [ [ 24.9914383, 58.4986805 ], [ 24.9868318, 58.4965322 ], [ 24.9828571, 58.4951005 ], [ 24.9801631, 58.494449 ], [ 24.9787654, 58.4935781 ], [ 24.9770131, 58.4927064 ] ] } },
{ "type": "Feature", "properties": { "source_fid": "w45499978", "name": "Vaskjõgi" }, "geometry": { "type": "LineString", "coordinates": [ [ 24.6413011, 58.2874155 ], [ 24.6411556, 58.2872207 ], [ 24.6412698, 58.286853 ], [ 24.6413558, 58.2867158 ], [ 24.6417967, 58.2864929 ], [ 24.6418023, 58.2863976 ], [ 24.6414562, 58.2862307 ], [ 24.6409342, 58.2861674 ], [ 24.6394772, 58.2863435 ], [ 24.6393453, 58.2862018 ], [ 24.6395704, 58.2859682 ], [ 24.6395742, 58.2855265 ], [ 24.6401311, 58.2851634 ], [ 24.639194, 58.2847373 ], [ 24.6392133, 58.2843943 ], [ 24.6390562, 58.2843413 ], [ 24.6380946, 58.2847948 ], [ 24.6372944, 58.2844606 ], [ 24.6372109, 58.2843005 ], [ 24.6374861, 58.2839346 ] ] } },
{ "type": "Feature", "properties": { "source_fid": "w45500059", "name": "Halliste jõgi" }, "geometry": { "type": "LineString", "coordinates": [ [ 25.2550188, 58.1721197 ], [ 25.2447098, 58.1758164 ] ] } },
{ "type": "Feature", "properties": { "source_fid": "w45500261", "name": "Pärnu jõgi" }, "geometry": { "type": "LineString", "coordinates": [ [ 25.1676478, 58.6326795 ], [ 25.1674921, 58.6320917 ], [ 25.1679181, 58.631264 ], [ 25.1677215, 58.6307134 ], [ 25.1674094, 58.630419 ], [ 25.1632956, 58.6290831 ], [ 25.1623491, 58.6288122 ], [ 25.1615656, 58.6287301 ], [ 25.1610339, 58.6287666 ], [ 25.160419, 58.6289237 ], [ 25.1595731, 58.6296706 ], [ 25.1592894, 58.6298119 ], [ 25.1588909, 58.6298852 ], [ 25.1584223, 58.6298565 ], [ 25.1580651, 58.6296875 ], [ 25.1577132, 58.6291928 ], [ 25.1570788, 58.6287863 ], [ 25.1567583, 58.6279495 ], [ 25.1558336, 58.6272835 ], [ 25.1555507, 58.6272433 ], [ 25.1537253, 58.627347 ], [ 25.1511463, 58.6275519 ], [ 25.1505791, 58.6276571 ], [ 25.1502097, 58.6277617 ], [ 25.1487804, 58.6287416 ], [ 25.1480717, 58.6288795 ], [ 25.1475407, 58.6288767 ], [ 25.1466515, 58.6287973 ], [ 25.1454555, 58.6284103 ], [ 25.1449786, 58.6281422 ], [ 25.1445136, 58.627585 ], [ 25.1427531, 58.6265752 ], [ 25.1405141, 58.6258547 ], [ 25.1381768, 58.6252574 ], [ 25.137487, 58.6252555 ], [ 25.136662, 58.6254736 ], [ 25.1354454, 58.6260378 ], [ 25.134364, 58.6263789 ], [ 25.1331578, 58.6266125 ], [ 25.1312017, 58.6267707 ], [ 25.1306684, 58.6266777 ], [ 25.1290323, 58.6258828 ], [ 25.128102, 58.6252171 ], [ 25.1266104, 58.6246131 ], [ 25.125809, 58.6239255 ], [ 25.1255119, 58.6233689 ], [ 25.1254934, 58.6228099 ], [ 25.1246015, 58.6219598 ], [ 25.1234906, 58.6213513 ], [ 25.1217528, 58.6206847 ], [ 25.1198683, 58.6203163 ], [ 25.1194942, 58.620133 ], [ 25.1195177, 58.6197464 ], [ 25.1199754, 58.6187362 ], [ 25.1204304, 58.6180858 ], [ 25.1203809, 58.6173417 ], [ 25.1202236, 58.6169656 ], [ 25.1198414, 58.6166126 ], [ 25.1194487, 58.6164146 ], [ 25.1182093, 58.6161757 ], [ 25.1147696, 58.6159929 ] ] } },
{ "type": "Feature", "properties": { "source_fid": "w45501850", "name": "Audru jõgi" }, "geometry": { "type": "LineString", "coordinates": [ [ 24.3730967, 58.3948018 ], [ 24.377588, 58.3957876 ], [ 24.3791845, 58.3963179 ], [ 24.3801675, 58.3964922 ], [ 24.3820885, 58.3964596 ], [ 24.385649, 58.3962345 ], [ 24.3882007, 58.3962904 ], [ 24.3905697, 58.3966076 ], [ 24.3945216, 58.3969421 ], [ 24.3958332, 58.3969424 ], [ 24.397223, 58.3968227 ], [ 24.3982545, 58.396537 ], [ 24.3990363, 58.3960654 ], [ 24.3998208, 58.3948432 ], [ 24.4000553, 58.3937812 ], [ 24.4010155, 58.3927341 ], [ 24.4021163, 58.3922737 ], [ 24.4038775, 58.3919808 ], [ 24.406182, 58.3921347 ], [ 24.4093911, 58.3926774 ], [ 24.4112452, 58.3928619 ], [ 24.4126002, 58.3929175 ], [ 24.4155194, 58.3927108 ], [ 24.4184278, 58.3923057 ], [ 24.4246093, 58.3913082 ], [ 24.4276155, 58.3905586 ], [ 24.432779, 58.3894195 ], [ 24.436146, 58.3885292 ], [ 24.442817, 58.3872547 ], [ 24.4452903, 58.3864689 ], [ 24.4471214, 58.385747 ] ] } },
{ "type": "Feature", "properties": { "source_fid": "w45501878", "name": "Kurina jõgi" }, "geometry": { "type": "LineString", "coordinates": [ [ 24.7171299, 58.4206557 ], [ 24.7161664, 58.4206403 ], [ 24.7147657, 58.4204992 ], [ 24.713893, 58.4205065 ], [ 24.7137299, 58.4205313 ], [ 24.7130108, 58.4210097 ], [ 24.7124811, 58.4210079 ], [ 24.7115318, 58.4202397 ], [ 24.7108307, 58.4200776 ], [ 24.7104568, 58.4202088 ], [ 24.7099678, 58.4206068 ], [ 24.7088545, 58.4205446 ], [ 24.7083784, 58.4206812 ] ] } },
{ "type": "Feature", "properties": { "source_fid": "w45507789", "name": "Sauga jõgi" }, "geometry": { "type": "LineString", "coordinates": [ [ 24.6446592, 58.5084898 ], [ 24.6446091, 58.5083988 ], [ 24.6442793, 58.5083064 ], [ 24.6439221, 58.5083287 ], [ 24.6432086, 58.5085927 ], [ 24.6429528, 58.5088812 ], [ 24.6424552, 58.5088825 ], [ 24.6418277, 58.507872 ], [ 24.6403002, 58.506758 ], [ 24.6382315, 58.5064546 ] ] } },
{ "type": "Feature", "properties": { "source_fid": "w45509701", "name": "Pärnu jõgi" }, "geometry": { "type": "LineString", "coordinates": [ [ 25.2697664, 58.7072492 ], [ 25.2706795, 58.7070477 ], [ 25.272318, 58.7070545 ], [ 25.272987, 58.7068995 ], [ 25.2734466, 58.7065932 ], [ 25.2737254, 58.7060882 ], [ 25.273665, 58.705477 ], [ 25.2745977, 58.7045847 ], [ 25.2747329, 58.7041155 ], [ 25.2746578, 58.7037525 ], [ 25.2740577, 58.7029877 ], [ 25.2717175, 58.7022167 ], [ 25.27159, 58.7017812 ], [ 25.271697, 58.7015764 ], [ 25.273513, 58.7003671 ], [ 25.2734955, 58.6997875 ], [ 25.2726426, 58.698717 ], [ 25.2728886, 58.6981587 ], [ 25.2745186, 58.6973876 ], [ 25.2765621, 58.6944768 ], [ 25.2763455, 58.694043 ], [ 25.2752761, 58.6933059 ], [ 25.2751612, 58.6929074 ], [ 25.2753965, 58.6921698 ], [ 25.276263, 58.6917586 ], [ 25.2784908, 58.6917097 ], [ 25.2793347, 58.6916018 ], [ 25.2807934, 58.6909816 ], [ 25.2817048, 58.6903306 ], [ 25.2837717, 58.6903315 ], [ 25.2848519, 58.6899073 ], [ 25.2851135, 58.689424 ], [ 25.2850557, 58.6884209 ], [ 25.2847996, 58.6878215 ], [ 25.2837853, 58.6869446 ], [ 25.2832677, 58.6861396 ], [ 25.2832397, 58.6858441 ], [ 25.283732, 58.6846066 ], [ 25.2846311, 58.6835781 ], [ 25.2851424, 58.6834086 ], [ 25.2859398, 58.683307 ], [ 25.2865997, 58.6833372 ], [ 25.2872116, 58.6832542 ], [ 25.2879025, 58.6829501 ] ] } },
{ "type": "Feature", "properties": { "source_fid": "w45516060", "name": "Pärnu jõgi" }, "geometry": { "type": "LineString", "coordinates": [ [ 25.2212997, 58.6476345 ], [ 25.2203536, 58.646534 ], [ 25.2196936, 58.6459742 ], [ 25.2193288, 58.6457714 ], [ 25.218725, 58.6456689 ], [ 25.2181963, 58.6456589 ], [ 25.2177844, 58.6457472 ], [ 25.217424, 58.645939 ], [ 25.2168448, 58.6466638 ], [ 25.2164257, 58.6468283 ], [ 25.2157293, 58.6468898 ], [ 25.2151051, 58.646814 ], [ 25.2147231, 58.6466467 ], [ 25.2139593, 58.6459681 ], [ 25.2138317, 58.6456274 ], [ 25.2139906, 58.6452625 ], [ 25.2139619, 58.6448575 ], [ 25.2138173, 58.6446194 ], [ 25.213298, 58.6439433 ], [ 25.2123085, 58.6431822 ], [ 25.2117974, 58.6426579 ], [ 25.2108934, 58.6421133 ], [ 25.2095194, 58.6416715 ], [ 25.2076732, 58.6416861 ], [ 25.2069676, 58.6415771 ], [ 25.2057641, 58.6411579 ], [ 25.2054611, 58.6408731 ], [ 25.2048681, 58.6397495 ], [ 25.2030008, 58.6386803 ], [ 25.2024054, 58.6384934 ], [ 25.2016674, 58.6384186 ], [ 25.2009189, 58.6384523 ], [ 25.2000644, 58.6387219 ], [ 25.1996521, 58.6390838 ], [ 25.198897, 58.6391727 ], [ 25.1983956, 58.6391232 ], [ 25.1979391, 58.6389242 ], [ 25.1975266, 58.6383591 ], [ 25.1971781, 58.6381736 ], [ 25.1949596, 58.6377677 ], [ 25.1944203, 58.63773 ], [ 25.1918916, 58.6377828 ], [ 25.1894051, 58.6380148 ], [ 25.1836038, 58.6381735 ], [ 25.1819429, 58.637753 ], [ 25.1814125, 58.6375497 ], [ 25.1809162, 58.6372306 ], [ 25.1803136, 58.6363454 ], [ 25.1792174, 58.6352669 ], [ 25.1791006, 58.6350332 ], [ 25.1792939, 58.6341387 ], [ 25.1791396, 58.6338708 ], [ 25.1784541, 58.6334348 ], [ 25.1778887, 58.6333293 ], [ 25.1768814, 58.6333599 ], [ 25.1756686, 58.6337468 ], [ 25.1746525, 58.6345278 ], [ 25.1742397, 58.6345264 ], [ 25.1737618, 58.6344166 ], [ 25.1734885, 58.6342042 ], [ 25.1726096, 58.6327965 ], [ 25.171946, 58.632509 ], [ 25.1714088, 58.6325603 ], [ 25.1699074, 58.6332794 ], [ 25.1694787, 58.6333073 ], [ 25.1684058, 58.6331089 ], [ 25.1676478, 58.6326795 ] ] } },
{ "type": "Feature", "properties": { "source_fid": "w45516087", "name": "Navesti jõgi" }, "geometry": { "type": "LineString", "coordinates": [ [ 25.0477322, 58.5098088 ], [ 25.0437622, 58.5094393 ], [ 25.0418977, 58.5093394 ], [ 25.0333396, 58.5092875 ], [ 25.0277163, 58.5085848 ], [ 25.0258843, 58.5086033 ], [ 25.0232543, 58.5087487 ], [ 25.0225114, 58.5086741 ], [ 25.0216705, 58.5083515 ], [ 25.020701, 58.5073553 ], [ 25.0193823, 58.5064893 ], [ 25.0167497, 58.5055163 ], [ 25.0160486, 58.5050688 ], [ 25.0142017, 58.5043191 ], [ 25.0136847, 58.504188 ], [ 25.0123045, 58.5039496 ], [ 25.0103399, 58.5038509 ], [ 25.00944, 58.5038995 ], [ 25.0085134, 58.5040437 ], [ 25.0066632, 58.5044688 ], [ 25.003696, 58.5042675 ], [ 25.0021281, 58.5039442 ], [ 24.9997983, 58.5030511 ], [ 24.9986905, 58.5023299 ], [ 24.9971534, 58.5009829 ], [ 24.9953097, 58.4999228 ], [ 24.9914383, 58.4986805 ] ] } },
{ "type": "Feature", "properties": { "source_fid": "w45516866", "name": "Navesti jõgi" }, "geometry": { "type": "LineString", "coordinates": [ [ 24.9274713, 58.498335 ], [ 24.9264588, 58.4976057 ], [ 24.9261539, 58.4971988 ], [ 24.9260796, 58.4968748 ], [ 24.9269164, 58.4951637 ], [ 24.9271256, 58.494256 ], [ 24.9269459, 58.4939161 ], [ 24.925838, 58.4929417 ], [ 24.9241556, 58.4917354 ], [ 24.9213667, 58.4892619 ], [ 24.9209748, 58.4887832 ], [ 24.9207847, 58.4875166 ], [ 24.9204898, 58.4869822 ], [ 24.9201116, 58.48642 ], [ 24.9190319, 58.4854863 ], [ 24.9174712, 58.4848656 ], [ 24.9164682, 58.4847257 ], [ 24.9160893, 58.4847564 ] ] } },
{ "type": "Feature", "properties": { "source_fid": "w46248795", "name": "Audru jõgi" }, "geometry": { "type": "LineString", "coordinates": [ [ 24.3646091, 58.3997371 ], [ 24.3644197, 58.3991685 ], [ 24.3644446, 58.3984813 ], [ 24.3649807, 58.3974672 ], [ 24.3655184, 58.3970964 ], [ 24.3673363, 58.3964947 ], [ 24.369876, 58.3950593 ], [ 24.3712842, 58.3947284 ], [ 24.3723544, 58.3947007 ], [ 24.3730967, 58.3948018 ] ] } },
{ "type": "Feature", "properties": { "source_fid": "w141693091", "name": "Pärnu jõgi" }, "geometry": { "type": "LineString", "coordinates": [ [ 25.0834615, 58.6065421 ], [ 25.0822442, 58.6058416 ], [ 25.0810496, 58.6056201 ], [ 25.0801787, 58.6056874 ], [ 25.0797691, 58.6056415 ], [ 25.0794198, 58.6054982 ] ] } },
{ "type": "Feature", "properties": { "source_fid": "w141693120", "name": "Pärnu jõgi" }, "geometry": { "type": "LineString", "coordinates": [ [ 25.0964101, 58.6166651 ], [ 25.0948678, 58.6165378 ], [ 25.0933969, 58.6161155 ], [ 25.0929268, 58.6158466 ], [ 25.0909117, 58.6133122 ], [ 25.0906392, 58.6127037 ], [ 25.0905819, 58.6121468 ], [ 25.0907395, 58.6117146 ] ] } },
{ "type": "Feature", "properties": { "source_fid": "w159975742", "name": "Raudna jõgi" }, "geometry": { "type": "LineString", "coordinates": [ [ 24.9924493, 58.4562768 ], [ 24.9922485, 58.4563943 ], [ 24.9919448, 58.4569852 ] ] } },
{ "type": "Feature", "properties": { "source_fid": "w159975752", "name": "Raudna jõgi" }, "geometry": { "type": "LineString", "coordinates": [ [ 24.9930633, 58.4564296 ], [ 24.9926781, 58.456544 ] ] } },
{ "type": "Feature", "properties": { "source_fid": "w159975753", "name": "Raudna jõgi" }, "geometry": { "type": "LineString", "coordinates": [ [ 24.9924493, 58.4562768 ], [ 24.9926781, 58.456544 ] ] } },
{ "type": "Feature", "properties": { "source_fid": "w159975754", "name": "Raudna jõgi" }, "geometry": { "type": "LineString", "coordinates": [ [ 24.9930578, 58.4559347 ], [ 24.9924493, 58.4562768 ] ] } },
{ "type": "Feature", "properties": { "source_fid": "w159975755", "name": "Raudna jõgi" }, "geometry": { "type": "LineString", "coordinates": [ [ 24.9926781, 58.456544 ], [ 24.992501, 58.456801 ] ] } },
{ "type": "Feature", "properties": { "source_fid": "w159990894", "name": "Raudna jõgi" }, "geometry": { "type": "LineString", "coordinates": [ [ 25.2114611, 58.4163382 ], [ 25.2110669, 58.4163241 ], [ 25.2107786, 58.4161782 ], [ 25.2106337, 58.4155881 ], [ 25.2095294, 58.4151854 ], [ 25.2094485, 58.4150553 ], [ 25.2095995, 58.4147537 ], [ 25.2093375, 58.4146299 ], [ 25.2090871, 58.4146768 ], [ 25.208817, 58.4148949 ], [ 25.2082736, 58.4159775 ], [ 25.2076867, 58.4163739 ], [ 25.2073068, 58.4163641 ], [ 25.2066581, 58.4160299 ], [ 25.2049428, 58.4160639 ], [ 25.2045627, 58.4162146 ], [ 25.2042399, 58.4164659 ], [ 25.2037124, 58.4165288 ], [ 25.2033809, 58.4166895 ], [ 25.2033456, 58.4169008 ], [ 25.2036793, 58.4172157 ], [ 25.2036264, 58.4173247 ], [ 25.2034324, 58.4173667 ], [ 25.2031052, 58.4173252 ], [ 25.2021399, 58.4168438 ], [ 25.2014629, 58.4170077 ], [ 25.2010991, 58.4168893 ], [ 25.2005325, 58.4158899 ], [ 25.200691, 58.4155555 ], [ 25.2005539, 58.4153547 ], [ 25.1989543, 58.4148763 ], [ 25.1985542, 58.414938 ], [ 25.1980485, 58.4153916 ], [ 25.1972667, 58.4155564 ], [ 25.1971654, 58.4159081 ], [ 25.1969666, 58.4160571 ], [ 25.195785, 58.4162926 ], [ 25.1955578, 58.4162769 ], [ 25.1954031, 58.4161401 ], [ 25.195781, 58.4153415 ], [ 25.1956719, 58.4152162 ], [ 25.1953308, 58.4151792 ], [ 25.1931473, 58.4153527 ], [ 25.1925955, 58.415285 ], [ 25.1919245, 58.4152913 ], [ 25.1913501, 58.4153865 ], [ 25.1906128, 58.4153674 ], [ 25.1903157, 58.4154594 ], [ 25.1902828, 58.4161597 ], [ 25.1900438, 58.4162971 ], [ 25.1897989, 58.4161746 ], [ 25.1898781, 58.4158365 ], [ 25.1897026, 58.4155869 ], [ 25.1893858, 58.4154324 ], [ 25.1890882, 58.4154262 ], [ 25.1884205, 58.4156167 ], [ 25.1877855, 58.4161874 ], [ 25.1870091, 58.4163432 ], [ 25.1866758, 58.4162036 ], [ 25.1864552, 58.4157925 ], [ 25.186702, 58.415386 ], [ 25.187224, 58.4149902 ], [ 25.1872427, 58.4148727 ], [ 25.1865802, 58.4144612 ], [ 25.1856864, 58.4143268 ], [ 25.1850419, 58.4144487 ], [ 25.1844118, 58.4147473 ], [ 25.1834342, 58.4154073 ], [ 25.1828763, 58.4154928 ], [ 25.1824342, 58.4152323 ], [ 25.1815941, 58.4150959 ], [ 25.1809297, 58.4148776 ], [ 25.1802685, 58.4144171 ], [ 25.1800228, 58.4140998 ], [ 25.1793097, 58.4140351 ], [ 25.178868, 58.4141239 ], [ 25.1786543, 58.4142522 ], [ 25.1782198, 58.4146426 ], [ 25.1780447, 58.4150796 ], [ 25.1777256, 58.4152758 ], [ 25.1769639, 58.4153675 ], [ 25.1756973, 58.4151815 ], [ 25.175064, 58.4153003 ], [ 25.1752311, 58.4154697 ], [ 25.1759498, 58.4156191 ], [ 25.1762584, 58.4157827 ], [ 25.176279, 58.4161466 ], [ 25.1756932, 58.4164166 ], [ 25.1748735, 58.4165504 ], [ 25.1743275, 58.4164871 ], [ 25.173632, 58.4160134 ], [ 25.1732364, 58.4153616 ], [ 25.1730072, 58.4152835 ], [ 25.1722625, 58.415375 ], [ 25.171949, 58.415742 ], [ 25.1710786, 58.4163103 ], [ 25.1712118, 58.4166554 ], [ 25.1720318, 58.4169525 ], [ 25.1719153, 58.4173667 ], [ 25.1713434, 58.4176291 ], [ 25.1703108, 58.4178392 ], [ 25.1699666, 58.4183907 ], [ 25.1689785, 58.418489 ], [ 25.1692171, 58.4187662 ], [ 25.1697182, 58.418928 ], [ 25.1710881, 58.4196601 ], [ 25.1711745, 58.4198748 ], [ 25.1709119, 58.4199857 ], [ 25.1706738, 58.4199789 ], [ 25.1694532, 58.419733 ], [ 25.1688931, 58.4199269 ], [ 25.1688061, 58.4201209 ], [ 25.1691064, 58.4208047 ], [ 25.1700384, 58.4212317 ], [ 25.1715849, 58.4217347 ], [ 25.1716347, 58.4219542 ], [ 25.1714131, 58.4221049 ], [ 25.1708706, 58.4222347 ], [ 25.169233, 58.4223983 ], [ 25.1681716, 58.4225967 ], [ 25.1676398, 58.422875 ], [ 25.1670525, 58.4237023 ], [ 25.1666932, 58.4238898 ], [ 25.1664698, 58.4239008 ], [ 25.1642217, 58.4231707 ], [ 25.1637633, 58.4230991 ], [ 25.1632491, 58.4231439 ], [ 25.1629084, 58.4233759 ], [ 25.162826, 58.4239696 ], [ 25.1640327, 58.424565 ], [ 25.1639353, 58.4247903 ], [ 25.1636557, 58.4248152 ], [ 25.1603956, 58.4238921 ], [ 25.1591627, 58.42319 ], [ 25.1581883, 58.4229343 ], [ 25.1580966, 58.4224729 ], [ 25.1577559, 58.4225339 ], [ 25.1569451, 58.4230347 ], [ 25.1564403, 58.423017 ], [ 25.1561731, 58.4228172 ], [ 25.155785, 58.4222144 ], [ 25.1554621, 58.4221281 ], [ 25.1547876, 58.4222056 ], [ 25.1538356, 58.4228072 ], [ 25.1518847, 58.4235292 ], [ 25.1516319, 58.4236801 ], [ 25.1514255, 58.4241263 ], [ 25.1512223, 58.4242366 ], [ 25.1510321, 58.424225 ], [ 25.1507463, 58.4239749 ], [ 25.150607, 58.4235273 ], [ 25.1506633, 58.4232578 ], [ 25.1504895, 58.4230528 ], [ 25.1499962, 58.4229547 ], [ 25.1495238, 58.4230615 ], [ 25.1490034, 58.4233485 ], [ 25.1485923, 58.4237743 ], [ 25.148567, 58.4241253 ], [ 25.1487909, 58.4249095 ], [ 25.1484472, 58.4252306 ], [ 25.1477792, 58.4251608 ], [ 25.1460501, 58.4245254 ], [ 25.1452967, 58.4240967 ], [ 25.1448593, 58.4239742 ], [ 25.1443043, 58.4241546 ], [ 25.1440652, 58.4246457 ], [ 25.1433337, 58.4254117 ], [ 25.1429937, 58.4255856 ], [ 25.1423288, 58.4255232 ], [ 25.1418779, 58.4252493 ], [ 25.1410546, 58.4250233 ], [ 25.1405654, 58.4246992 ], [ 25.1400261, 58.4246684 ], [ 25.1398712, 58.4248719 ], [ 25.1398884, 58.4251407 ], [ 25.1401328, 58.4258623 ], [ 25.1406342, 58.4264731 ], [ 25.1405306, 58.4265989 ], [ 25.1401673, 58.4265798 ], [ 25.139079, 58.4262165 ], [ 25.1383035, 58.4262427 ], [ 25.1376244, 58.4263558 ], [ 25.1371264, 58.4266381 ], [ 25.1373431, 58.4276468 ], [ 25.1371041, 58.4277024 ], [ 25.1368415, 58.4276423 ], [ 25.1359581, 58.4273084 ], [ 25.1356136, 58.4273441 ], [ 25.1354224, 58.4275658 ], [ 25.1354366, 58.4280055 ], [ 25.135739, 58.4285096 ], [ 25.1357633, 58.4289984 ], [ 25.1362171, 58.4293629 ], [ 25.1370404, 58.4295889 ], [ 25.1374224, 58.4298367 ], [ 25.1375099, 58.4304378 ], [ 25.1371707, 58.4309892 ], [ 25.1368529, 58.4312388 ], [ 25.1350928, 58.4314877 ], [ 25.1344957, 58.4319508 ], [ 25.1344985, 58.432566 ], [ 25.1350628, 58.4333695 ], [ 25.1350953, 58.4338492 ], [ 25.1349518, 58.4340571 ], [ 25.1339961, 58.4346496 ], [ 25.1338386, 58.4349512 ], [ 25.134163, 58.4363097 ], [ 25.1337142, 58.4369824 ], [ 25.1335245, 58.4375132 ], [ 25.1332469, 58.4399812 ], [ 25.1319313, 58.4411105 ], [ 25.13181, 58.4413939 ], [ 25.1320331, 58.4417204 ], [ 25.1326019, 58.4418684 ], [ 25.1332964, 58.4417805 ], [ 25.1345452, 58.4414826 ], [ 25.1348236, 58.4415024 ], [ 25.1349623, 58.4416721 ], [ 25.1348805, 58.4419463 ], [ 25.1347282, 58.4421453 ], [ 25.1343435, 58.4423464 ], [ 25.1321464, 58.4425992 ], [ 25.130751, 58.4430113 ], [ 25.130159, 58.4431146 ], [ 25.1296431, 58.4431147 ], [ 25.1286089, 58.4428593 ], [ 25.1273515, 58.4427173 ], [ 25.1256843, 58.443056 ], [ 25.1247642, 58.4430908 ], [ 25.1240714, 58.4429661 ], [ 25.1230651, 58.4426079 ], [ 25.1224986, 58.4421774 ], [ 25.1220045, 58.4419707 ], [ 25.1216384, 58.4419561 ], [ 25.1207129, 58.442089 ], [ 25.1195208, 58.4418572 ], [ 25.1142172, 58.4416658 ], [ 25.1134118, 58.4415643 ], [ 25.1129289, 58.4414392 ], [ 25.1126079, 58.4411492 ], [ 25.1124553, 58.4408057 ], [ 25.1125171, 58.4402479 ], [ 25.1123151, 58.4397785 ], [ 25.1116834, 58.4395195 ], [ 25.1106594, 58.4395819 ], [ 25.1085194, 58.4406556 ], [ 25.1080992, 58.4409922 ], [ 25.108103, 58.4414722 ], [ 25.1089506, 58.442196 ], [ 25.1088662, 58.4425742 ], [ 25.108593, 58.4427208 ], [ 25.1060415, 58.4432452 ], [ 25.1053259, 58.4432959 ], [ 25.1050083, 58.4432006 ], [ 25.1043096, 58.4425245 ], [ 25.1039503, 58.4423656 ], [ 25.1031577, 58.4423055 ], [ 25.1019796, 58.4425223 ], [ 25.1015172, 58.4425069 ], [ 25.1008278, 58.4423063 ], [ 25.0993558, 58.4416413 ], [ 25.0986841, 58.4415534 ], [ 25.0977859, 58.4416548 ], [ 25.0968603, 58.4421487 ], [ 25.0962171, 58.442337 ], [ 25.0956542, 58.4423745 ], [ 25.0944616, 58.4422138 ], [ 25.0932148, 58.4424979 ], [ 25.0920105, 58.4426018 ], [ 25.0905648, 58.4428713 ], [ 25.088942, 58.4426384 ], [ 25.0884587, 58.4426826 ], [ 25.0879873, 58.4428382 ], [ 25.0874074, 58.4433336 ], [ 25.0866275, 58.4437801 ], [ 25.0857847, 58.4440251 ], [ 25.084845, 58.4439795 ], [ 25.0822124, 58.443449 ], [ 25.0817855, 58.4434838 ], [ 25.0810386, 58.4437145 ], [ 25.079436, 58.4438633 ], [ 25.0788232, 58.4442147 ], [ 25.0780698, 58.4448809 ], [ 25.0763119, 58.4457027 ], [ 25.0760595, 58.4459753 ], [ 25.0755232, 58.4476265 ], [ 25.0759284, 58.4486381 ], [ 25.0758854, 58.4490873 ], [ 25.0755462, 58.4493056 ], [ 25.0744177, 58.4496703 ], [ 25.07376, 58.4501336 ], [ 25.0722573, 58.4517125 ], [ 25.0722234, 58.4520859 ], [ 25.0720115, 58.4523893 ], [ 25.0714273, 58.4528519 ], [ 25.071051, 58.4530617 ], [ 25.0701248, 58.4533741 ], [ 25.0687828, 58.4536231 ], [ 25.0644486, 58.4537499 ], [ 25.0620221, 58.4536749 ], [ 25.0609865, 58.4538366 ], [ 25.0601907, 58.4536812 ], [ 25.0587306, 58.4535907 ], [ 25.0572872, 58.453301 ], [ 25.0541193, 58.4534579 ], [ 25.0503795, 58.4541217 ], [ 25.0492457, 58.4544179 ], [ 25.0487306, 58.4544488 ], [ 25.0484999, 58.4544151 ], [ 25.0481335, 58.4542026 ], [ 25.0477538, 58.4535458 ], [ 25.0474209, 58.4533152 ], [ 25.0468596, 58.4531266 ], [ 25.0454519, 58.4528914 ], [ 25.0439868, 58.4523416 ], [ 25.0437009, 58.4520705 ], [ 25.0432987, 58.4512252 ], [ 25.0427927, 58.4509871 ], [ 25.0422016, 58.4509384 ], [ 25.041622, 58.4509922 ], [ 25.040549, 58.4514274 ], [ 25.0399537, 58.4515259 ], [ 25.0394669, 58.4514585 ], [ 25.0382564, 58.4510775 ], [ 25.0370893, 58.4510156 ], [ 25.0360706, 58.451177 ], [ 25.0349285, 58.4517688 ], [ 25.0343754, 58.4519531 ], [ 25.0336705, 58.4518919 ], [ 25.0327897, 58.4512481 ], [ 25.0321365, 58.4513068 ], [ 25.0318732, 58.4515111 ], [ 25.0318663, 58.4526287 ], [ 25.0316743, 58.4527521 ], [ 25.0314363, 58.4527585 ], [ 25.0311721, 58.4526432 ], [ 25.030919, 58.452134 ], [ 25.030695, 58.4519426 ], [ 25.0302514, 58.4518972 ], [ 25.0299251, 58.4519845 ], [ 25.0296699, 58.4521753 ], [ 25.0281168, 58.4528744 ], [ 25.0273385, 58.4534067 ], [ 25.0271748, 58.4539193 ], [ 25.0273163, 58.4545869 ], [ 25.0268789, 58.4548549 ], [ 25.0264109, 58.4548498 ], [ 25.0257145, 58.4546904 ], [ 25.024482, 58.4541385 ], [ 25.0242211, 58.4539429 ], [ 25.024208, 58.4534942 ], [ 25.0251305, 58.4527512 ], [ 25.0250028, 58.452455 ], [ 25.0246773, 58.4522778 ], [ 25.0240339, 58.4521893 ], [ 25.0232523, 58.4523159 ], [ 25.0219019, 58.4532615 ], [ 25.0215863, 58.4533309 ], [ 25.0211829, 58.4533029 ], [ 25.0207956, 58.4529508 ], [ 25.0205479, 58.4521354 ], [ 25.0203198, 58.4517969 ], [ 25.0198795, 58.4515716 ], [ 25.0193525, 58.4514851 ], [ 25.0189444, 58.4515879 ], [ 25.0187011, 58.4518009 ], [ 25.0184218, 58.4529251 ], [ 25.0180763, 58.4533321 ], [ 25.0175011, 58.4534437 ], [ 25.0163201, 58.4533907 ], [ 25.0159475, 58.4534471 ], [ 25.0132861, 58.4544654 ] ] } },
{ "type": "Feature", "properties": { "source_fid": "w160246844", "name": "Tõramaa jõgi" }, "geometry": { "type": "LineString", "coordinates": [ [ 25.0423768, 58.3894317 ], [ 25.0435237, 58.3899335 ], [ 25.0438456, 58.3901969 ], [ 25.0440319, 58.3906576 ], [ 25.0434792, 58.3910113 ], [ 25.0430409, 58.391599 ], [ 25.0421779, 58.3921812 ], [ 25.0420762, 58.3926665 ], [ 25.0415462, 58.3927377 ], [ 25.0407446, 58.3925243 ], [ 25.0402246, 58.3925523 ], [ 25.0397621, 58.3927032 ], [ 25.0389248, 58.3935853 ], [ 25.0390523, 58.3937819 ], [ 25.039627, 58.3938813 ], [ 25.041126, 58.3947043 ], [ 25.0411168, 58.3948693 ], [ 25.0404055, 58.3952258 ], [ 25.039644, 58.3957983 ], [ 25.0399397, 58.3960336 ], [ 25.0409744, 58.3963745 ], [ 25.0410057, 58.396667 ], [ 25.0407057, 58.396763 ], [ 25.0386526, 58.3968303 ], [ 25.0378125, 58.3970437 ], [ 25.036993, 58.3969017 ], [ 25.0367298, 58.3969975 ], [ 25.0368939, 58.3971894 ], [ 25.0375528, 58.397453 ], [ 25.0388291, 58.3975377 ], [ 25.0402555, 58.397813 ], [ 25.041006, 58.3980179 ], [ 25.0413247, 58.398262 ], [ 25.0413051, 58.3983662 ], [ 25.0405478, 58.3986993 ], [ 25.0401427, 58.3986892 ], [ 25.0392759, 58.3984808 ], [ 25.037222, 58.3985242 ], [ 25.0370618, 58.3985627 ], [ 25.0368682, 58.3988154 ], [ 25.037648, 58.3996264 ], [ 25.0387651, 58.4000706 ], [ 25.0387537, 58.4002595 ], [ 25.0383047, 58.4005856 ], [ 25.0375375, 58.4008742 ], [ 25.0369016, 58.4010057 ], [ 25.0366319, 58.4011743 ], [ 25.0367703, 58.4016443 ], [ 25.0384958, 58.4034166 ], [ 25.0385725, 58.4037132 ], [ 25.0383855, 58.4040922 ], [ 25.038402, 58.4043656 ], [ 25.03858, 58.4044488 ], [ 25.038973, 58.4044278 ], [ 25.0398263, 58.4040805 ], [ 25.0402068, 58.4042156 ], [ 25.0405461, 58.4044878 ], [ 25.04033, 58.4046456 ], [ 25.0402938, 58.4050501 ], [ 25.0391439, 58.4055172 ], [ 25.0383697, 58.4056677 ], [ 25.037429, 58.405549 ], [ 25.0366841, 58.4055417 ], [ 25.0359184, 58.4057901 ], [ 25.0356582, 58.4060895 ], [ 25.0358388, 58.406357 ], [ 25.0373183, 58.4065025 ], [ 25.0383303, 58.4072121 ], [ 25.0383196, 58.4075228 ], [ 25.0381149, 58.407685 ], [ 25.0381687, 58.4078777 ], [ 25.0379272, 58.4080417 ], [ 25.0379545, 58.4083922 ], [ 25.0382145, 58.4086635 ], [ 25.0378909, 58.4088281 ], [ 25.0378605, 58.4089488 ], [ 25.0381401, 58.4091174 ], [ 25.0376665, 58.4095745 ], [ 25.0382916, 58.4097403 ], [ 25.0387081, 58.4101323 ], [ 25.0391122, 58.4100071 ], [ 25.0392967, 58.4098317 ], [ 25.0396143, 58.409847 ], [ 25.0397307, 58.409953 ], [ 25.039599, 58.4108607 ], [ 25.0392353, 58.4112991 ], [ 25.0396408, 58.4115112 ], [ 25.0396652, 58.4116641 ], [ 25.0394379, 58.4117343 ], [ 25.038884, 58.4116794 ], [ 25.0385804, 58.4117547 ], [ 25.0388652, 58.411904 ], [ 25.0396358, 58.4119155 ], [ 25.0397791, 58.4119738 ], [ 25.039577, 58.4122266 ], [ 25.0391154, 58.4124191 ], [ 25.0390578, 58.4126752 ], [ 25.0394411, 58.4131878 ], [ 25.0394114, 58.4138122 ], [ 25.0400296, 58.4142203 ], [ 25.0399991, 58.4143379 ], [ 25.0395321, 58.4144443 ], [ 25.0387713, 58.4143836 ], [ 25.0385177, 58.4144302 ], [ 25.0381331, 58.41512 ], [ 25.0379231, 58.4152034 ], [ 25.0372332, 58.4152402 ], [ 25.0368999, 58.4153678 ], [ 25.0371965, 58.416205 ], [ 25.0361406, 58.4171885 ], [ 25.0363125, 58.4173491 ], [ 25.0375711, 58.4174815 ], [ 25.038374, 58.4177187 ], [ 25.0393087, 58.4173337 ], [ 25.0395801, 58.4173181 ], [ 25.03985, 58.4175358 ], [ 25.0397852, 58.4183166 ], [ 25.0393955, 58.4184505 ], [ 25.036437, 58.4183081 ], [ 25.0358326, 58.4184616 ], [ 25.03571, 58.4186291 ], [ 25.0360755, 58.4189218 ], [ 25.0360806, 58.4190927 ], [ 25.0364119, 58.4192832 ], [ 25.0370544, 58.4192646 ], [ 25.0375076, 58.4193635 ], [ 25.0381224, 58.4193674 ], [ 25.0385814, 58.4195614 ], [ 25.0388327, 58.419919 ], [ 25.0393049, 58.4201797 ], [ 25.0398868, 58.4203146 ], [ 25.0408116, 58.4203606 ], [ 25.0411654, 58.4204469 ], [ 25.0411925, 58.4205997 ], [ 25.0410289, 58.4207185 ], [ 25.0399201, 58.4210589 ], [ 25.0396122, 58.4210882 ], [ 25.038672, 58.4215773 ], [ 25.0381597, 58.4215904 ], [ 25.0377615, 58.4214405 ], [ 25.0373835, 58.4214927 ], [ 25.0372792, 58.4216065 ], [ 25.0373949, 58.421879 ], [ 25.0382725, 58.4224381 ], [ 25.0404871, 58.4232776 ], [ 25.0406015, 58.4235055 ], [ 25.0403039, 58.4236922 ], [ 25.0398877, 58.4237981 ], [ 25.0380764, 58.4238574 ], [ 25.0376521, 58.4239738 ], [ 25.0358425, 58.425439 ], [ 25.0355725, 58.4260832 ], [ 25.0352276, 58.4261082 ], [ 25.0335497, 58.4255066 ], [ 25.0331464, 58.4254697 ], [ 25.0328348, 58.4256654 ], [ 25.0327354, 58.4262354 ], [ 25.0320529, 58.4265337 ], [ 25.030955, 58.4289976 ], [ 25.0310213, 58.4291323 ], [ 25.031403, 58.429107 ], [ 25.0317079, 58.4293601 ], [ 25.0314761, 58.4295686 ], [ 25.0316348, 58.4297649 ], [ 25.0310771, 58.4300696 ], [ 25.0329807, 58.4313115 ], [ 25.0336144, 58.4324704 ] ] } },
{ "type": "Feature", "properties": { "source_fid": "w160248298", "name": "Tõramaa jõgi" }, "geometry": { "type": "LineString", "coordinates": [ [ 25.0268355, 58.4336833 ], [ 25.0266942, 58.4337338 ] ] } },
{ "type": "Feature", "properties": { "source_fid": "w160248301", "name": "Tõramaa jõgi" }, "geometry": { "type": "LineString", "coordinates": [ [ 25.0177802, 58.4345105 ], [ 25.0175965, 58.4346999 ], [ 25.0172268, 58.4346523 ], [ 25.016943, 58.4347363 ], [ 25.0166367, 58.4351192 ], [ 25.0167994, 58.4353572 ], [ 25.0162061, 58.4355179 ], [ 25.0162157, 58.4357512 ], [ 25.0157505, 58.4358321 ], [ 25.0156545, 58.4359444 ], [ 25.0151721, 58.4361191 ], [ 25.0148567, 58.4360904 ], [ 25.014304, 58.4363816 ], [ 25.0139373, 58.437031 ], [ 25.0143724, 58.4371806 ], [ 25.0146285, 58.4374119 ], [ 25.0137831, 58.4382672 ], [ 25.0133545, 58.4384415 ], [ 25.0122051, 58.4383837 ], [ 25.0119145, 58.4384306 ], [ 25.010836, 58.4390677 ], [ 25.0106578, 58.4392757 ], [ 25.0107307, 58.4395441 ], [ 25.0109869, 58.4397799 ], [ 25.013653, 58.4409313 ], [ 25.0140081, 58.4411574 ], [ 25.0139972, 58.4413685 ], [ 25.0132147, 58.4423437 ], [ 25.0132342, 58.4429231 ], [ 25.0142274, 58.4436509 ], [ 25.0149892, 58.4440178 ], [ 25.0161576, 58.4443325 ], [ 25.0164347, 58.4446038 ], [ 25.0163863, 58.4447929 ], [ 25.0161062, 58.4450062 ], [ 25.0155527, 58.4452751 ], [ 25.0151031, 58.4453143 ], [ 25.0143746, 58.4455088 ], [ 25.0141517, 58.4456458 ], [ 25.0141198, 58.445817 ], [ 25.01546, 58.4463845 ], [ 25.0160173, 58.4464439 ], [ 25.0160518, 58.4465596 ], [ 25.015928, 58.4466869 ], [ 25.0146965, 58.4468438 ], [ 25.0144077, 58.4472459 ], [ 25.0140476, 58.4471462 ], [ 25.0134743, 58.4468267 ], [ 25.0130649, 58.446885 ], [ 25.0128761, 58.4470202 ], [ 25.0128133, 58.4473031 ], [ 25.0131541, 58.447718 ], [ 25.014484, 58.4482201 ], [ 25.0149273, 58.4485525 ], [ 25.0147942, 58.4487557 ], [ 25.0143587, 58.4488899 ], [ 25.0132806, 58.449056 ], [ 25.0119169, 58.4488557 ], [ 25.0114154, 58.4485714 ], [ 25.0112995, 58.4483851 ], [ 25.0113872, 58.4477869 ], [ 25.0116057, 58.4475965 ], [ 25.0115384, 58.4474261 ], [ 25.0112295, 58.4473305 ], [ 25.0109606, 58.447346 ], [ 25.0103249, 58.4476155 ], [ 25.0100689, 58.4482774 ], [ 25.0101204, 58.4485905 ], [ 25.0103524, 58.4488681 ], [ 25.0110454, 58.449307 ], [ 25.0119502, 58.4495198 ], [ 25.0125518, 58.4498375 ], [ 25.0124879, 58.4502779 ], [ 25.0120986, 58.4507357 ], [ 25.0120329, 58.4510142 ], [ 25.0122846, 58.4513896 ], [ 25.0121097, 58.4515159 ], [ 25.0118038, 58.4515272 ], [ 25.0110853, 58.4512862 ], [ 25.0104783, 58.4511795 ], [ 25.0097923, 58.4511805 ], [ 25.0096434, 58.451033 ], [ 25.009659, 58.4502913 ], [ 25.0092245, 58.4501655 ], [ 25.0086451, 58.450228 ], [ 25.0082577, 58.4504599 ], [ 25.0077718, 58.4511147 ], [ 25.0081688, 58.4520091 ], [ 25.0080092, 58.4527698 ] ] } },
{ "type": "Feature", "properties": { "source_fid": "w160248307", "name": "Tõramaa jõgi" }, "geometry": { "type": "LineString", "coordinates": [ [ 25.0336144, 58.4324704 ], [ 25.0333708, 58.4325777 ], [ 25.0327117, 58.432571 ], [ 25.0325489, 58.4325277 ], [ 25.0324961, 58.4323706 ], [ 25.0323142, 58.4323498 ], [ 25.0318687, 58.4326179 ], [ 25.0316082, 58.4326245 ], [ 25.0312414, 58.4324848 ], [ 25.0305655, 58.4326284 ], [ 25.0300956, 58.4324524 ], [ 25.0297249, 58.4326619 ], [ 25.0292108, 58.4326215 ], [ 25.0287926, 58.4328537 ], [ 25.028449, 58.4329248 ], [ 25.0284235, 58.4332163 ], [ 25.0278784, 58.4334719 ], [ 25.0272321, 58.4333656 ], [ 25.0268355, 58.4336833 ] ] } },
{ "type": "Feature", "properties": { "source_fid": "w160328060", "name": "Halliste jõgi" }, "geometry": { "type": "LineString", "coordinates": [ [ 25.0944009, 58.3240207 ], [ 25.0938498, 58.3239444 ], [ 25.0933854, 58.3241817 ], [ 25.0931568, 58.3246459 ], [ 25.0932341, 58.3248607 ], [ 25.0934679, 58.3250207 ], [ 25.0943554, 58.3252197 ], [ 25.0947706, 58.3252161 ], [ 25.0964415, 58.3249862 ], [ 25.096874, 58.3250851 ], [ 25.0969535, 58.3253712 ], [ 25.0967029, 58.3255799 ], [ 25.0959138, 58.3270952 ], [ 25.0949462, 58.3278718 ], [ 25.0950845, 58.3281397 ], [ 25.09501, 58.3284687 ], [ 25.0946309, 58.3287276 ], [ 25.0939914, 58.3289664 ], [ 25.0940469, 58.3292989 ], [ 25.0945421, 58.3295993 ], [ 25.0953528, 58.3298658 ], [ 25.0969916, 58.3308667 ], [ 25.0995451, 58.3317513 ], [ 25.100193, 58.3317784 ], [ 25.1016076, 58.3316532 ], [ 25.1024851, 58.3317943 ], [ 25.1035377, 58.3322964 ], [ 25.1038377, 58.3323116 ], [ 25.1042792, 58.3321518 ], [ 25.1045239, 58.3317543 ], [ 25.1046802, 58.3316935 ], [ 25.1050373, 58.3316369 ], [ 25.1054127, 58.3317154 ], [ 25.1056063, 58.3319426 ], [ 25.1052894, 58.3323808 ], [ 25.1053253, 58.3326227 ], [ 25.104896, 58.3330797 ], [ 25.1044729, 58.3332855 ], [ 25.104151, 58.3338352 ], [ 25.104401, 58.3340575 ], [ 25.1052831, 58.334252 ], [ 25.1056642, 58.3345102 ], [ 25.1056874, 58.3348013 ], [ 25.1049285, 58.3352924 ], [ 25.1049795, 58.3355669 ], [ 25.1059708, 58.3356385 ], [ 25.1066129, 58.3360194 ], [ 25.1072912, 58.3361116 ], [ 25.1074913, 58.3363655 ], [ 25.1075417, 58.3370709 ], [ 25.1070407, 58.3371333 ], [ 25.1063489, 58.3369728 ], [ 25.1059759, 58.3369716 ], [ 25.1053917, 58.3371788 ], [ 25.1039935, 58.3380127 ], [ 25.1036081, 58.3385184 ], [ 25.1026187, 58.3389624 ], [ 25.1022846, 58.3394869 ], [ 25.1017858, 58.3395314 ], [ 25.1009939, 58.3394223 ], [ 25.100405, 58.3394809 ], [ 25.0987367, 58.3400882 ], [ 25.0979479, 58.3405305 ], [ 25.0979744, 58.3409285 ], [ 25.0982718, 58.3412232 ], [ 25.0987144, 58.3414572 ], [ 25.1009482, 58.3422152 ], [ 25.1015196, 58.3425015 ], [ 25.1017191, 58.3428238 ], [ 25.1015741, 58.3432516 ], [ 25.0993698, 58.3442574 ], [ 25.098926, 58.3443474 ], [ 25.097695, 58.3443937 ], [ 25.0970849, 58.3445877 ], [ 25.0968093, 58.3450879 ], [ 25.0965528, 58.3452016 ], [ 25.096036, 58.3452164 ], [ 25.0935024, 58.3447299 ], [ 25.0919517, 58.3447655 ], [ 25.0909725, 58.3446357 ], [ 25.0905227, 58.3444418 ], [ 25.0900519, 58.3440238 ], [ 25.0896162, 58.343919 ], [ 25.0890329, 58.3439775 ], [ 25.0865502, 58.3448607 ], [ 25.0855928, 58.3448881 ], [ 25.0849668, 58.3450272 ], [ 25.084528, 58.3457413 ], [ 25.0843331, 58.3462988 ], [ 25.0843722, 58.3466492 ], [ 25.0846523, 58.3469337 ], [ 25.0858944, 58.3476142 ], [ 25.0860705, 58.3478237 ], [ 25.0860087, 58.3481125 ], [ 25.0848155, 58.3486562 ], [ 25.0844403, 58.3486817 ], [ 25.0835768, 58.3485464 ], [ 25.0824196, 58.3487895 ], [ 25.0813324, 58.3489191 ], [ 25.0809189, 58.3490802 ], [ 25.0806629, 58.3495802 ], [ 25.0813743, 58.3502845 ], [ 25.0816097, 58.3509558 ], [ 25.0816092, 58.3514001 ], [ 25.0814695, 58.3515455 ], [ 25.0810753, 58.3517822 ], [ 25.0804197, 58.3518858 ], [ 25.0791306, 58.3519784 ], [ 25.0784518, 58.3517865 ], [ 25.0780938, 58.3518208 ], [ 25.0779409, 58.3519974 ], [ 25.0780039, 58.3522079 ], [ 25.0787798, 58.3527126 ], [ 25.0787212, 58.3530133 ], [ 25.0784646, 58.3531284 ], [ 25.0775766, 58.3532117 ], [ 25.077249, 58.3532234 ], [ 25.0766427, 58.3530903 ], [ 25.0759841, 58.3531895 ], [ 25.0754569, 58.3534228 ], [ 25.0750382, 58.353786 ], [ 25.0748748, 58.3540831 ], [ 25.0748784, 58.3546627 ], [ 25.075237, 58.3551129 ], [ 25.0783213, 58.3554688 ], [ 25.0787582, 58.3556093 ], [ 25.0789645, 58.3557904 ], [ 25.0790464, 58.3561582 ], [ 25.0788282, 58.3565108 ], [ 25.0785868, 58.3566615 ], [ 25.0775688, 58.3571189 ], [ 25.0763568, 58.3573401 ], [ 25.0760101, 58.3572836 ], [ 25.0756583, 58.3570577 ], [ 25.0752676, 58.3569496 ], [ 25.0743507, 58.356831 ], [ 25.0733021, 58.3568442 ], [ 25.0724918, 58.357071 ], [ 25.0720303, 58.3574212 ], [ 25.0716017, 58.357554 ], [ 25.070536, 58.3577517 ], [ 25.0688577, 58.3577926 ], [ 25.0672508, 58.3582325 ], [ 25.0668577, 58.3585108 ], [ 25.0668875, 58.3590307 ], [ 25.0672573, 58.3593828 ], [ 25.0680442, 58.3597804 ], [ 25.0680808, 58.360058 ], [ 25.0674482, 58.3604586 ], [ 25.0669011, 58.3605984 ], [ 25.0667188, 58.3607426 ], [ 25.066424, 58.3613737 ], [ 25.0661436, 58.3616406 ], [ 25.0652393, 58.3620346 ], [ 25.0642649, 58.3620784 ], [ 25.0636675, 58.3622409 ], [ 25.0626231, 58.3628693 ], [ 25.0618669, 58.3629246 ], [ 25.0610607, 58.3628243 ], [ 25.0602034, 58.3625298 ], [ 25.0592831, 58.3623947 ], [ 25.0574852, 58.3624186 ], [ 25.0567695, 58.362316 ], [ 25.0559593, 58.3623628 ], [ 25.055082, 58.3621546 ], [ 25.0542675, 58.3622475 ], [ 25.0539938, 58.3623613 ], [ 25.0536296, 58.3627596 ], [ 25.0530486, 58.3630973 ], [ 25.0525902, 58.3639407 ], [ 25.0517958, 58.3641405 ], [ 25.0512995, 58.3644715 ], [ 25.0514377, 58.3646502 ], [ 25.051857, 58.3647686 ], [ 25.0518256, 58.3649472 ], [ 25.0514297, 58.3650456 ], [ 25.0508712, 58.3650011 ], [ 25.050641, 58.3650565 ], [ 25.0505788, 58.3653439 ], [ 25.0509001, 58.3655879 ], [ 25.0507374, 58.3658226 ], [ 25.0504853, 58.3659064 ], [ 25.0499289, 58.3658382 ], [ 25.0497674, 58.3657325 ], [ 25.0497851, 58.3654723 ], [ 25.0493534, 58.3652202 ], [ 25.0485335, 58.365325 ], [ 25.0477808, 58.3656909 ], [ 25.0479796, 58.366196 ], [ 25.0487385, 58.3663205 ], [ 25.0495437, 58.3665785 ], [ 25.0497078, 58.3667703 ], [ 25.0495967, 58.3669332 ], [ 25.0487688, 58.3670559 ], [ 25.0479845, 58.3670267 ], [ 25.0464434, 58.3666574 ], [ 25.045991, 58.3666611 ], [ 25.0455318, 58.366818 ], [ 25.0455684, 58.3673839 ] ] } },
{ "type": "Feature", "properties": { "source_fid": "w160328251", "name": "Halliste jõgi" }, "geometry": { "type": "LineString", "coordinates": [ [ 24.9836879, 58.4496956 ], [ 24.9839601, 58.449698 ], [ 24.9841272, 58.4497948 ], [ 24.984111, 58.4502303 ] ] } },
{ "type": "Feature", "properties": { "source_fid": "w160328260", "name": "Halliste jõgi" }, "geometry": { "type": "LineString", "coordinates": [ [ 25.1528245, 58.2422743 ], [ 25.1511636, 58.2417275 ], [ 25.1509337, 58.2417877 ], [ 25.1506402, 58.2417545 ], [ 25.1502794, 58.2420134 ] ] } },
{ "type": "Feature", "properties": { "source_fid": "w160328261", "name": "Halliste jõgi" }, "geometry": { "type": "LineString", "coordinates": [ [ 25.0939402, 58.3266836 ], [ 25.094046, 58.3271751 ], [ 25.0946261, 58.3277527 ], [ 25.0949462, 58.3278718 ] ] } },
{ "type": "Feature", "properties": { "source_fid": "w160328276", "name": "Halliste jõgi" }, "geometry": { "type": "LineString", "coordinates": [ [ 25.0967029, 58.3255799 ], [ 25.0960131, 58.3255636 ], [ 25.0947862, 58.3261644 ], [ 25.0944384, 58.3261964 ], [ 25.094026, 58.3265445 ] ] } },
{ "type": "Feature", "properties": { "source_fid": "w160328287", "name": "Halliste jõgi" }, "geometry": { "type": "LineString", "coordinates": [ [ 25.1322247, 58.2478244 ], [ 25.1322739, 58.24796 ], [ 25.1329728, 58.2482978 ], [ 25.1335676, 58.2487369 ], [ 25.1335495, 58.2490961 ] ] } },
{ "type": "Feature", "properties": { "source_fid": "w160328292", "name": "Halliste jõgi" }, "geometry": { "type": "LineString", "coordinates": [ [ 25.1044111, 58.309378 ], [ 25.1042934, 58.3094994 ], [ 25.1043181, 58.3100164 ], [ 25.1038815, 58.3099191 ] ] } },
{ "type": "Feature", "properties": { "source_fid": "w160328303", "name": "Halliste jõgi" }, "geometry": { "type": "LineString", "coordinates": [ [ 25.0126933, 58.489495 ], [ 25.0132421, 58.4893332 ], [ 25.0138261, 58.4893107 ], [ 25.0148203, 58.4900295 ], [ 25.0157739, 58.4903192 ] ] } },
{ "type": "Feature", "properties": { "source_fid": "w160328309", "name": "Halliste jõgi" }, "geometry": { "type": "LineString", "coordinates": [ [ 25.0026562, 58.4153789 ], [ 25.0037707, 58.416032 ], [ 25.0045356, 58.416237 ], [ 25.0047266, 58.4163796 ], [ 25.0046753, 58.4167664 ], [ 25.0042652, 58.4169852 ], [ 25.0037032, 58.4171426 ], [ 25.0036514, 58.4173125 ], [ 25.0038966, 58.4174681 ], [ 25.0044426, 58.4174459 ], [ 25.0050458, 58.4176389 ], [ 25.0051177, 58.4178761 ], [ 25.0049313, 58.4179949 ], [ 25.0037218, 58.4182913 ], [ 25.0029705, 58.418364 ], [ 25.0021879, 58.4187343 ], [ 25.001777, 58.4185265 ], [ 25.0016131, 58.4182409 ], [ 25.0021754, 58.4179943 ], [ 25.0022209, 58.4179033 ], [ 25.0020916, 58.4178374 ], [ 25.0014498, 58.4177785 ], [ 25.0005924, 58.4179071 ], [ 24.9987774, 58.4186257 ], [ 24.9979785, 58.4184209 ], [ 24.9978544, 58.4180415 ], [ 24.9973403, 58.4180901 ], [ 24.9971025, 58.4183921 ], [ 24.9972822, 58.418737 ], [ 24.9977074, 58.4189491 ], [ 24.9984823, 58.4191051 ], [ 24.9985983, 58.4193999 ], [ 24.9982438, 58.419587 ], [ 24.9978602, 58.4196435 ], [ 24.9974569, 58.4196065 ], [ 24.9967089, 58.4192973 ], [ 24.9964628, 58.4193081 ], [ 24.9962985, 58.4194089 ], [ 24.9963436, 58.4196018 ], [ 24.9965814, 58.4197976 ], [ 24.9970189, 58.4199413 ], [ 24.9975948, 58.419974 ], [ 24.998041, 58.4203242 ], [ 24.997941, 58.4204959 ], [ 24.9971425, 58.4206061 ], [ 24.9967211, 58.4206272 ], [ 24.9959437, 58.4204847 ], [ 24.9956399, 58.4205584 ], [ 24.9956119, 58.4208692 ], [ 24.9964339, 58.4216891 ] ] } },
{ "type": "Feature", "properties": { "source_fid": "w160328348", "name": "Halliste jõgi" }, "geometry": { "type": "LineString", "coordinates": [ [ 25.1037434, 58.3092486 ], [ 25.1041089, 58.3092667 ], [ 25.1044111, 58.309378 ] ] } },
{ "type": "Feature", "properties": { "source_fid": "w160328361", "name": "Halliste jõgi" }, "geometry": { "type": "LineString", "coordinates": [ [ 25.102194, 58.3055304 ], [ 25.1028202, 58.3054579 ], [ 25.1047082, 58.3058815 ], [ 25.106052, 58.3057851 ], [ 25.106368, 58.3058671 ], [ 25.1065281, 58.3060188 ], [ 25.1063551, 58.306267 ], [ 25.1049882, 58.306796 ], [ 25.1042367, 58.3072335 ], [ 25.1034919, 58.3072533 ], [ 25.1032952, 58.3071956 ], [ 25.1030906, 58.3070636 ], [ 25.1029011, 58.3066922 ], [ 25.1023985, 58.3063812 ] ] } },
{ "type": "Feature", "properties": { "source_fid": "w160328365", "name": "Halliste jõgi" }, "geometry": { "type": "LineString", "coordinates": [ [ 25.1557452, 58.2412639 ], [ 25.1546245, 58.2418426 ], [ 25.1538507, 58.2419365 ], [ 25.1533875, 58.2420804 ] ] } },
{ "type": "Feature", "properties": { "source_fid": "w160328368", "name": "Halliste jõgi" }, "geometry": { "type": "LineString", "coordinates": [ [ 24.9860945, 58.4458473 ], [ 24.9862106, 58.4463488 ], [ 24.986027, 58.4465746 ] ] } },
{ "type": "Feature", "properties": { "source_fid": "w160800036", "name": "Pale jõgi" }, "geometry": { "type": "LineString", "coordinates": [ [ 25.2003218, 58.2434141 ], [ 25.1999783, 58.2433289 ], [ 25.1994664, 58.2430393 ], [ 25.1984051, 58.2429067 ], [ 25.1981221, 58.2427841 ], [ 25.1979515, 58.2426527 ], [ 25.1978579, 58.2421883 ], [ 25.1977101, 58.242059 ], [ 25.196094, 58.2411998 ], [ 25.1949625, 58.241124 ], [ 25.1942245, 58.2413483 ], [ 25.1937038, 58.2413711 ], [ 25.1929092, 58.2411156 ], [ 25.1923805, 58.2410743 ], [ 25.1916432, 58.2408568 ], [ 25.1905943, 58.2407582 ], [ 25.1901247, 58.2406243 ], [ 25.189648, 58.2407804 ], [ 25.1887812, 58.2408152 ], [ 25.1879383, 58.2411471 ], [ 25.1862085, 58.240596 ], [ 25.1852884, 58.2401166 ], [ 25.1843257, 58.2399012 ], [ 25.183767, 58.2399643 ], [ 25.183353, 58.2404765 ], [ 25.1831482, 58.2405051 ], [ 25.1826121, 58.2402352 ], [ 25.1823611, 58.2399774 ], [ 25.1825913, 58.2394881 ], [ 25.1830888, 58.2390545 ], [ 25.1829634, 58.2388995 ], [ 25.182441, 58.2387829 ], [ 25.1817935, 58.2388763 ], [ 25.1797135, 58.2389245 ], [ 25.17875, 58.2386374 ], [ 25.1783762, 58.2386658 ], [ 25.1776456, 58.2390731 ], [ 25.1775642, 58.239209 ], [ 25.17788, 58.2394676 ], [ 25.1783926, 58.239537 ], [ 25.1785696, 58.240036 ], [ 25.1776601, 58.240103 ], [ 25.1771031, 58.2399801 ], [ 25.1763962, 58.2401529 ], [ 25.175757, 58.2396938 ], [ 25.1753464, 58.2396682 ], [ 25.1751787, 58.2397639 ], [ 25.1752742, 58.2402631 ], [ 25.1751745, 58.2404839 ], [ 25.1737089, 58.2412235 ], [ 25.1733195, 58.2413185 ], [ 25.1730143, 58.2412945 ], [ 25.172319, 58.240977 ], [ 25.1717227, 58.2409832 ], [ 25.1714768, 58.2411646 ], [ 25.171391, 58.241467 ], [ 25.171048, 58.2417481 ], [ 25.1706822, 58.2418496 ], [ 25.1702035, 58.2417895 ] ] } },
{ "type": "Feature", "properties": { "source_fid": "w160800037", "name": "Pale jõgi" }, "geometry": { "type": "LineString", "coordinates": [ [ 25.1702035, 58.2417895 ], [ 25.1699899, 58.2417557 ] ] } },
{ "type": "Feature", "properties": { "source_fid": "w160800053", "name": "Pale jõgi" }, "geometry": { "type": "LineString", "coordinates": [ [ 25.1699899, 58.2417557 ], [ 25.1693275, 58.2416242 ], [ 25.1681131, 58.2411073 ], [ 25.1677336, 58.2410699 ], [ 25.163723, 58.2415776 ], [ 25.1634213, 58.2415714 ], [ 25.1632909, 58.2413794 ], [ 25.1630776, 58.2413189 ], [ 25.1624902, 58.2413689 ], [ 25.1611303, 58.2416681 ], [ 25.160664, 58.2418879 ], [ 25.1601049, 58.241942 ], [ 25.159289, 58.2419004 ], [ 25.1582476, 58.2417274 ], [ 25.1570951, 58.2418042 ], [ 25.1553016, 58.2422534 ], [ 25.1553339, 58.2427419 ], [ 25.1551452, 58.2429422 ], [ 25.1545757, 58.242734 ], [ 25.1543436, 58.2424632 ], [ 25.15407, 58.2423531 ], [ 25.1533211, 58.2423768 ], [ 25.1529144, 58.2422645 ] ] } },
{ "type": "Feature", "properties": { "source_fid": "w160800054", "name": "Pale jõgi" }, "geometry": { "type": "LineString", "coordinates": [ [ 25.2561384, 58.2524988 ], [ 25.2519712, 58.2512278 ], [ 25.2499582, 58.2509058 ], [ 25.2457593, 58.2499822 ], [ 25.2451993, 58.2500236 ], [ 25.2440718, 58.2499454 ], [ 25.2402177, 58.2490527 ], [ 25.2315427, 58.2473282 ], [ 25.2294458, 58.2459604 ], [ 25.2234355, 58.2438232 ], [ 25.2190049, 58.2425237 ], [ 25.21869, 58.2424628 ], [ 25.2182378, 58.2425087 ], [ 25.2148637, 58.2429643 ] ] } },
{ "type": "Feature", "properties": { "source_fid": "w160928628", "name": "Alva jõgi" }, "geometry": { "type": "LineString", "coordinates": [ [ 25.0121771, 58.1511343 ], [ 25.0121645, 58.1512409 ] ] } },
{ "type": "Feature", "properties": { "source_fid": "w160928629", "name": "Alva jõgi" }, "geometry": { "type": "LineString", "coordinates": [ [ 25.039107, 58.1457446 ], [ 25.0390182, 58.1456873 ] ] } },
{ "type": "Feature", "properties": { "source_fid": "w160928631", "name": "Alva jõgi" }, "geometry": { "type": "LineString", "coordinates": [ [ 25.0425594, 58.1573409 ], [ 25.0425491, 58.157227 ] ] } },
{ "type": "Feature", "properties": { "source_fid": "w160928633", "name": "Alva jõgi" }, "geometry": { "type": "LineString", "coordinates": [ [ 25.0499257, 58.1679863 ], [ 25.0497775, 58.1679163 ] ] } },
{ "type": "Feature", "properties": { "source_fid": "w160928636", "name": "Alva jõgi" }, "geometry": { "type": "LineString", "coordinates": [ [ 25.0046082, 58.1589307 ], [ 25.0042028, 58.159222 ] ] } },
{ "type": "Feature", "properties": { "source_fid": "w160928638", "name": "Alva jõgi" }, "geometry": { "type": "LineString", "coordinates": [ [ 25.0505714, 58.2152765 ], [ 25.0506202, 58.2154026 ] ] } },
{ "type": "Feature", "properties": { "source_fid": "w160928642", "name": "Alva jõgi" }, "geometry": { "type": "LineString", "coordinates": [ [ 25.0417285, 58.1494089 ], [ 25.0417313, 58.1492235 ] ] } },
{ "type": "Feature", "properties": { "source_fid": "w160928644", "name": "Alva jõgi" }, "geometry": { "type": "LineString", "coordinates": [ [ 25.0396832, 58.1459838 ], [ 25.0394606, 58.1459447 ] ] } },
{ "type": "Feature", "properties": { "source_fid": "w160928649", "name": "Alva jõgi" }, "geometry": { "type": "LineString", "coordinates": [ [ 25.0410329, 58.1474482 ], [ 25.041004, 58.1473638 ] ] } },
{ "type": "Feature", "properties": { "source_fid": "w160928653", "name": "Alva jõgi" }, "geometry": { "type": "LineString", "coordinates": [ [ 25.0122619, 58.151444 ], [ 25.0123696, 58.1517164 ] ] } },
{ "type": "Feature", "properties": { "source_fid": "w160928655", "name": "Alva jõgi" }, "geometry": { "type": "LineString", "coordinates": [ [ 25.0522687, 58.1637167 ], [ 25.0526812, 58.1646332 ], [ 25.0529478, 58.1647083 ], [ 25.0534813, 58.1646801 ], [ 25.0540845, 58.1656723 ], [ 25.056037, 58.1673978 ], [ 25.0527311, 58.1692488 ], [ 25.0499257, 58.1679863 ] ] } },
{ "type": "Feature", "properties": { "source_fid": "w160928663", "name": "Alva jõgi" }, "geometry": { "type": "LineString", "coordinates": [ [ 25.0497775, 58.1679163 ], [ 25.0476373, 58.1664806 ], [ 25.0474454, 58.1651253 ], [ 25.0464641, 58.1627496 ], [ 25.0424143, 58.1627339 ], [ 25.0417085, 58.1610113 ], [ 25.0427659, 58.1579575 ], [ 25.0425594, 58.1573409 ] ] } },
{ "type": "Feature", "properties": { "source_fid": "w160928669", "name": "Alva jõgi" }, "geometry": { "type": "LineString", "coordinates": [ [ 25.0390182, 58.1456873 ], [ 25.0379001, 58.1451303 ], [ 25.0369286, 58.1439121 ], [ 25.0366398, 58.1437436 ], [ 25.0360061, 58.1436997 ], [ 25.0341924, 58.1429923 ], [ 25.0324168, 58.1433025 ], [ 25.0316746, 58.1431962 ], [ 25.0315031, 58.1433929 ], [ 25.0311352, 58.1434972 ], [ 25.0300253, 58.1440858 ], [ 25.0280714, 58.1457126 ], [ 25.0264737, 58.1458094 ], [ 25.0255088, 58.1459529 ], [ 25.0248635, 58.1461528 ], [ 25.024509, 58.1461546 ], [ 25.0238922, 58.146286 ], [ 25.0227996, 58.1466073 ], [ 25.021383, 58.1467616 ], [ 25.0207732, 58.1469375 ], [ 25.0172846, 58.1476014 ], [ 25.0134231, 58.1487994 ], [ 25.011622, 58.1502378 ], [ 25.0124359, 58.1504941 ], [ 25.0121349, 58.1510029 ], [ 25.0121771, 58.1511343 ] ] } },
{ "type": "Feature", "properties": { "source_fid": "w160928695", "name": "Alva jõgi" }, "geometry": { "type": "LineString", "coordinates": [ [ 25.0414352, 58.1490053 ], [ 25.0412881, 58.1484255 ], [ 25.0411287, 58.1482604 ], [ 25.0412659, 58.1478595 ], [ 25.0410329, 58.1474482 ] ] } },
{ "type": "Feature", "properties": { "source_fid": "w160928700", "name": "Alva jõgi" }, "geometry": { "type": "LineString", "coordinates": [ [ 25.0425491, 58.157227 ], [ 25.0427687, 58.156238 ], [ 25.0421181, 58.1543812 ], [ 25.0419036, 58.1527259 ], [ 25.0413663, 58.1510731 ], [ 25.0418562, 58.1505455 ], [ 25.0417285, 58.1494089 ] ] } },
{ "type": "Feature", "properties": { "source_fid": "w160928705", "name": "Alva jõgi" }, "geometry": { "type": "LineString", "coordinates": [ [ 25.0123696, 58.1517164 ], [ 25.0119257, 58.153453 ], [ 25.0085536, 58.1568653 ], [ 25.007901, 58.1570503 ], [ 25.0068802, 58.157638 ], [ 25.0065392, 58.1581073 ], [ 25.005982, 58.1584833 ], [ 25.0059196, 58.1586636 ], [ 25.004981, 58.1587073 ], [ 25.0046082, 58.1589307 ] ] } },
{ "type": "Feature", "properties": { "source_fid": "w160928715", "name": "Alva jõgi" }, "geometry": { "type": "LineString", "coordinates": [ [ 25.0394606, 58.1459447 ], [ 25.039107, 58.1457446 ] ] } },
{ "type": "Feature", "properties": { "source_fid": "w160928722", "name": "Alva jõgi" }, "geometry": { "type": "LineString", "coordinates": [ [ 25.0121645, 58.1512409 ], [ 25.0122619, 58.151444 ] ] } },
{ "type": "Feature", "properties": { "source_fid": "w160928727", "name": "Alva jõgi" }, "geometry": { "type": "LineString", "coordinates": [ [ 25.0506202, 58.2154026 ], [ 25.0509444, 58.216079 ], [ 25.0520818, 58.2176762 ], [ 25.0524546, 58.2192261 ], [ 25.0539351, 58.2210974 ], [ 25.0544566, 58.2213155 ], [ 25.0554905, 58.2220524 ], [ 25.0559656, 58.2221219 ], [ 25.0569061, 58.2224637 ], [ 25.0573851, 58.2227683 ], [ 25.0576005, 58.2228111 ], [ 25.0575566, 58.2229461 ], [ 25.0578825, 58.2229788 ], [ 25.0579643, 58.223134 ], [ 25.0582087, 58.2231382 ], [ 25.0581824, 58.223241 ], [ 25.0584191, 58.2233677 ], [ 25.0589559, 58.2234321 ], [ 25.0588899, 58.2235213 ], [ 25.0591961, 58.2239213 ], [ 25.0604003, 58.2237297 ], [ 25.0612311, 58.2237424 ], [ 25.0625896, 58.2241629 ], [ 25.0626882, 58.224299 ], [ 25.0629379, 58.2242944 ], [ 25.0631918, 58.224215 ], [ 25.0638499, 58.2237435 ], [ 25.0645356, 58.2240328 ], [ 25.0656686, 58.2242206 ], [ 25.0661248, 58.2243868 ], [ 25.0664689, 58.2249024 ], [ 25.0668333, 58.2247521 ], [ 25.0672506, 58.2238475 ], [ 25.0674537, 58.2237438 ], [ 25.0678855, 58.223805 ], [ 25.0681353, 58.2242999 ], [ 25.0686704, 58.2247115 ], [ 25.0688545, 58.2253704 ], [ 25.0686402, 58.2255133 ], [ 25.0688752, 58.2256239 ], [ 25.0691171, 58.2255847 ], [ 25.0693884, 58.2256387 ], [ 25.0697324, 58.225786 ], [ 25.0702246, 58.2266929 ], [ 25.0702226, 58.226999 ], [ 25.0707055, 58.2270395 ], [ 25.0707158, 58.2272253 ], [ 25.0702951, 58.2273103 ], [ 25.0704538, 58.2274726 ], [ 25.0712838, 58.2275719 ], [ 25.0714424, 58.2276946 ], [ 25.0713936, 58.2279226 ], [ 25.0717967, 58.2279057 ], [ 25.0721238, 58.2283861 ], [ 25.0727344, 58.2284492 ], [ 25.0733655, 58.2288475 ], [ 25.0736824, 58.2289282 ], [ 25.0737012, 58.2287889 ], [ 25.0739926, 58.2286941 ], [ 25.073896, 58.2284702 ], [ 25.0743418, 58.2283592 ], [ 25.0746899, 58.2283658 ], [ 25.0752393, 58.2287825 ], [ 25.0753672, 58.2290783 ], [ 25.0756734, 58.22897 ], [ 25.0761387, 58.2285334 ], [ 25.0765635, 58.2285565 ], [ 25.0769508, 58.2288772 ], [ 25.0763172, 58.2294428 ], [ 25.0763598, 58.2295465 ], [ 25.0781236, 58.2305689 ], [ 25.0782102, 58.2307287 ], [ 25.0780596, 58.2308697 ], [ 25.0777523, 58.230957 ], [ 25.0772643, 58.2310295 ], [ 25.0768628, 58.2309591 ], [ 25.0768435, 58.2311807 ], [ 25.077124, 58.2316043 ], [ 25.0774906, 58.2317097 ], [ 25.0777787, 58.2316404 ], [ 25.0784854, 58.2318989 ], [ 25.0786355, 58.2323866 ], [ 25.0780455, 58.2323515 ], [ 25.0779771, 58.2326939 ], [ 25.0782699, 58.2327806 ], [ 25.0785221, 58.2325496 ], [ 25.078968, 58.2324789 ], [ 25.0788991, 58.2329016 ], [ 25.079188, 58.2330418 ], [ 25.079191, 58.2331413 ], [ 25.0788803, 58.2336686 ], [ 25.0795115, 58.2335785 ], [ 25.0799016, 58.2338041 ], [ 25.0795049, 58.2341939 ], [ 25.0795751, 58.2343686 ], [ 25.0799798, 58.2344276 ], [ 25.0804601, 58.2342838 ], [ 25.080609, 58.2343643 ], [ 25.0805415, 58.2346428 ], [ 25.0806386, 58.2346865 ], [ 25.0814441, 58.2343973 ], [ 25.0816803, 58.2343819 ], [ 25.0817792, 58.2344836 ], [ 25.0812246, 58.2349595 ], [ 25.0814538, 58.2350839 ], [ 25.0819927, 58.235106 ], [ 25.0822415, 58.2350415 ], [ 25.0829674, 58.2346355 ], [ 25.0831719, 58.2347824 ], [ 25.0833225, 58.2356739 ], [ 25.0844528, 58.235528 ], [ 25.084557, 58.2358776 ], [ 25.0852027, 58.2359496 ], [ 25.0864425, 58.2357374 ], [ 25.0865979, 58.2358167 ], [ 25.0863973, 58.2359647 ], [ 25.0864431, 58.2361843 ], [ 25.0866864, 58.2362366 ], [ 25.0877912, 58.2357298 ], [ 25.0880379, 58.2356876 ], [ 25.0884001, 58.2358344 ], [ 25.0882067, 58.2360151 ], [ 25.0883472, 58.2361248 ], [ 25.0890523, 58.2360519 ], [ 25.0893431, 58.2359111 ], [ 25.0893065, 58.2357004 ], [ 25.0894283, 58.2355569 ], [ 25.0898072, 58.2355076 ], [ 25.0897369, 58.235904 ], [ 25.0906336, 58.236132 ], [ 25.0910958, 58.2364859 ], [ 25.0911154, 58.2367907 ], [ 25.0908098, 58.2373031 ], [ 25.0908263, 58.2374738 ], [ 25.0925343, 58.2378485 ], [ 25.0927528, 58.2379599 ], [ 25.0924556, 58.2383079 ], [ 25.0914779, 58.238649 ], [ 25.0909303, 58.238721 ], [ 25.0907621, 58.2388071 ], [ 25.090976, 58.239039 ], [ 25.0927103, 58.2390102 ], [ 25.0927922, 58.2393173 ], [ 25.0925108, 58.2398509 ], [ 25.0926748, 58.23997 ], [ 25.0934053, 58.2401715 ], [ 25.0930491, 58.2404383 ], [ 25.0927501, 58.2408697 ], [ 25.0929637, 58.2410772 ], [ 25.0936822, 58.2414394 ], [ 25.0939568, 58.2413148 ], [ 25.0943872, 58.2412677 ], [ 25.0954373, 58.2413176 ], [ 25.0957432, 58.2411236 ], [ 25.0959584, 58.2411288 ], [ 25.0964149, 58.241515 ], [ 25.0966876, 58.2413933 ], [ 25.097079, 58.2410017 ], [ 25.0974729, 58.2408596 ], [ 25.0977653, 58.241017 ], [ 25.0977841, 58.2416702 ], [ 25.0978867, 58.2417493 ], [ 25.0986536, 58.2416434 ], [ 25.0994187, 58.2413813 ], [ 25.1006341, 58.2413128 ], [ 25.1009073, 58.2412168 ], [ 25.1021651, 58.2416701 ], [ 25.101913, 58.2420305 ], [ 25.1019948, 58.2421987 ], [ 25.1024332, 58.2422484 ], [ 25.1032811, 58.2419857 ], [ 25.1036878, 58.2421019 ], [ 25.1040888, 58.2423782 ], [ 25.1043523, 58.2427712 ], [ 25.1039078, 58.2428908 ], [ 25.1037708, 58.2429854 ], [ 25.1038412, 58.2431195 ], [ 25.1044642, 58.2431165 ], [ 25.1054204, 58.2427769 ], [ 25.1056018, 58.2428925 ], [ 25.1056539, 58.2433625 ], [ 25.1059799, 58.2437276 ], [ 25.1057826, 58.2440874 ], [ 25.1052745, 58.2445068 ], [ 25.1052518, 58.2446895 ], [ 25.1054453, 58.2449301 ], [ 25.1059858, 58.2450874 ], [ 25.1075268, 58.2446709 ], [ 25.108949, 58.2447793 ], [ 25.1093105, 58.2452802 ], [ 25.1095812, 58.2453072 ], [ 25.1101462, 58.245573 ], [ 25.1101532, 58.2456752 ], [ 25.1093256, 58.2458708 ], [ 25.109255, 58.2460514 ], [ 25.1099779, 58.2464681 ], [ 25.1107591, 58.2466802 ], [ 25.1109351, 58.2470686 ], [ 25.1105511, 58.247221 ], [ 25.1107745, 58.247482 ], [ 25.1107276, 58.2476548 ], [ 25.1111092, 58.2479843 ], [ 25.1111215, 58.248221 ], [ 25.1116106, 58.2483828 ], [ 25.112247, 58.2478465 ], [ 25.1133331, 58.2481933 ], [ 25.113432, 58.2482905 ], [ 25.1131674, 58.2485243 ], [ 25.112273, 58.248537 ], [ 25.1112967, 58.2488512 ], [ 25.1111372, 58.2491796 ], [ 25.1112029, 58.2493766 ], [ 25.1116113, 58.2495647 ], [ 25.1119659, 58.2495862 ], [ 25.1133067, 58.2493245 ], [ 25.1135577, 58.2494048 ], [ 25.1137564, 58.2496288 ], [ 25.1141341, 58.2498196 ], [ 25.1143363, 58.2501185 ], [ 25.1150644, 58.2505352 ] ] } },
{ "type": "Feature", "properties": { "source_fid": "w160928813", "name": "Alva jõgi" }, "geometry": { "type": "LineString", "coordinates": [ [ 25.0042028, 58.159222 ], [ 25.0037581, 58.1595527 ], [ 25.0037632, 58.1598528 ], [ 25.0035446, 58.1599383 ], [ 25.0035514, 58.1601923 ], [ 25.0033698, 58.1604781 ], [ 25.0035256, 58.1605927 ], [ 25.0037983, 58.1606382 ], [ 25.0041274, 58.1610345 ], [ 25.0047195, 58.161383 ], [ 25.0037746, 58.1621522 ], [ 25.0055391, 58.1629913 ], [ 25.0056874, 58.1629678 ], [ 25.0061035, 58.1631607 ], [ 25.0061205, 58.1632646 ], [ 25.0096938, 58.1649156 ], [ 25.0089388, 58.1651638 ], [ 25.0090141, 58.1652901 ] ] } },
{ "type": "Feature", "properties": { "source_fid": "w160928875", "name": "Alva jõgi" }, "geometry": { "type": "LineString", "coordinates": [ [ 25.041004, 58.1473638 ], [ 25.0406865, 58.1466961 ], [ 25.0396832, 58.1459838 ] ] } },
{ "type": "Feature", "properties": { "source_fid": "w171519734", "name": "Käru jõgi" }, "geometry": { "type": "LineString", "coordinates": [ [ 25.1163178, 58.7602791 ], [ 25.1160511, 58.759478 ], [ 25.1161694, 58.7585984 ], [ 25.1160395, 58.7579669 ], [ 25.1149217, 58.7574121 ], [ 25.1143261, 58.7573156 ], [ 25.1133286, 58.7562914 ], [ 25.1137435, 58.7555116 ], [ 25.1138157, 58.7550464 ], [ 25.1137831, 58.7547506 ], [ 25.113499, 58.7543759 ], [ 25.1127588, 58.7539723 ], [ 25.1120335, 58.7532487 ], [ 25.1110931, 58.752908 ], [ 25.1104137, 58.7524233 ], [ 25.105618, 58.7506203 ], [ 25.1054677, 58.7504784 ], [ 25.1054962, 58.749854 ], [ 25.1062816, 58.7489085 ], [ 25.1061507, 58.7484316 ], [ 25.1057072, 58.7480729 ], [ 25.1044351, 58.7476215 ], [ 25.1031749, 58.7469864 ], [ 25.1025175, 58.7464137 ], [ 25.1020629, 58.7457779 ], [ 25.1018537, 58.7452434 ], [ 25.1015717, 58.7440734 ], [ 25.1016319, 58.7436914 ], [ 25.1010096, 58.7385236 ], [ 25.1012714, 58.7376523 ], [ 25.1015366, 58.7351988 ], [ 25.1013684, 58.7349658 ], [ 25.101219, 58.7338855 ], [ 25.1013357, 58.7317223 ], [ 25.1014708, 58.731278 ], [ 25.1017431, 58.7309351 ], [ 25.1024996, 58.7303174 ], [ 25.1025196, 58.7298649 ], [ 25.1030936, 58.7290442 ], [ 25.1029126, 58.7283545 ], [ 25.1036314, 58.7270489 ], [ 25.1031387, 58.7264809 ], [ 25.1036448, 58.7258518 ], [ 25.1035199, 58.7256228 ], [ 25.1026423, 58.7253021 ], [ 25.1021805, 58.7248752 ], [ 25.0989626, 58.7228849 ], [ 25.0979961, 58.7224699 ], [ 25.0977287, 58.721957 ], [ 25.0978976, 58.7215129 ], [ 25.097836, 58.7211466 ], [ 25.0973433, 58.7209415 ], [ 25.096979, 58.7206401 ], [ 25.0973031, 58.7201167 ], [ 25.0970297, 58.7195875 ], [ 25.0957631, 58.7181151 ], [ 25.0941993, 58.717137 ], [ 25.0941288, 58.7164755 ], [ 25.0938875, 58.7161777 ], [ 25.0920479, 58.7154752 ], [ 25.090714, 58.714566 ], [ 25.090587, 58.7142757 ], [ 25.0909267, 58.7137125 ], [ 25.0909498, 58.7129827 ], [ 25.0904792, 58.7124477 ], [ 25.0894881, 58.7119932 ], [ 25.0892117, 58.7117137 ], [ 25.0892385, 58.7114546 ], [ 25.0896771, 58.7108431 ], [ 25.0897426, 58.7100692 ], [ 25.0900256, 58.7098428 ], [ 25.0909166, 58.7094221 ], [ 25.0911887, 58.7089269 ], [ 25.0919154, 58.7081814 ], [ 25.0919373, 58.7071509 ], [ 25.0925125, 58.7065546 ], [ 25.093384, 58.7061415 ], [ 25.093482, 58.7059894 ], [ 25.0933335, 58.705812 ], [ 25.0925287, 58.7057061 ], [ 25.0922121, 58.705563 ], [ 25.092141, 58.7054065 ], [ 25.0928319, 58.7047948 ], [ 25.0935627, 58.7044976 ], [ 25.0938013, 58.7042652 ], [ 25.0935826, 58.7037487 ], [ 25.0938013, 58.703475 ], [ 25.0947757, 58.7031032 ], [ 25.0969544, 58.7014611 ], [ 25.0977384, 58.7007842 ], [ 25.0981461, 58.7002315 ], [ 25.0981958, 58.6999319 ], [ 25.0985935, 58.6996891 ], [ 25.0996771, 58.699467 ], [ 25.1008523, 58.6986888 ], [ 25.1015717, 58.6980105 ], [ 25.1028943, 58.6972164 ], [ 25.1028741, 58.6970029 ], [ 25.1023991, 58.6967438 ], [ 25.1015984, 58.6965223 ], [ 25.1008923, 58.6959824 ], [ 25.1007852, 58.6956969 ], [ 25.1009638, 58.6954168 ], [ 25.1014452, 58.6952889 ], [ 25.1019611, 58.6953363 ], [ 25.1028438, 58.6957705 ], [ 25.1034166, 58.6958247 ], [ 25.1039158, 58.6956735 ], [ 25.1041559, 58.6954292 ], [ 25.1041089, 58.6949448 ], [ 25.1034806, 58.6939918 ], [ 25.1034195, 58.6934434 ], [ 25.1044866, 58.6933281 ], [ 25.1049505, 58.6931179 ], [ 25.1055478, 58.6926384 ], [ 25.1060066, 58.6925524 ], [ 25.1065517, 58.6927308 ] ] } },
{ "type": "Feature", "properties": { "source_fid": "w174340094", "name": "Audru jõgi" }, "geometry": { "type": "LineString", "coordinates": [ [ 24.3573215, 58.4065197 ], [ 24.3570585, 58.4061912 ], [ 24.3571316, 58.4055749 ], [ 24.3574765, 58.4054431 ], [ 24.358279, 58.4053649 ] ] } },
{ "type": "Feature", "properties": { "source_fid": "w181709925", "name": "Halliste jõgi" }, "geometry": { "type": "LineString", "coordinates": [ [ 25.2447098, 58.1758164 ], [ 25.2389545, 58.1779207 ], [ 25.2372389, 58.1789035 ], [ 25.2298587, 58.1853734 ], [ 25.2295581, 58.1857446 ], [ 25.2287708, 58.1862995 ], [ 25.2267198, 58.1880983 ], [ 25.2261859, 58.1886905 ], [ 25.2253358, 58.1893133 ], [ 25.2130593, 58.2000821 ], [ 25.2108297, 58.202138 ], [ 25.2101802, 58.2025752 ], [ 25.2085195, 58.204153 ], [ 25.205812, 58.206411 ], [ 25.2046641, 58.2075128 ], [ 25.2045364, 58.2078142 ], [ 25.2044919, 58.2082457 ], [ 25.2049148, 58.2090056 ], [ 25.2048154, 58.2093112 ], [ 25.2042188, 58.2096542 ], [ 25.2036362, 58.2101576 ], [ 25.2031654, 58.210391 ], [ 25.2023121, 58.2111362 ], [ 25.2005907, 58.2120234 ], [ 25.2005078, 58.2124017 ], [ 25.1998043, 58.2129998 ], [ 25.1991681, 58.2142542 ], [ 25.1992799, 58.2144776 ], [ 25.1998759, 58.2148629 ], [ 25.199621, 58.2151521 ], [ 25.1988805, 58.2156585 ], [ 25.1980563, 58.2156023 ], [ 25.1977936, 58.2156642 ], [ 25.1976046, 58.2158221 ], [ 25.1974484, 58.2161163 ], [ 25.1974773, 58.2164698 ], [ 25.1979237, 58.2165964 ], [ 25.1986214, 58.2165719 ], [ 25.1989228, 58.2166583 ], [ 25.1989121, 58.2170894 ], [ 25.19865, 58.2174158 ], [ 25.1982924, 58.2175857 ], [ 25.1973544, 58.2177506 ], [ 25.197007, 58.2179693 ], [ 25.196715, 58.2184135 ], [ 25.1962371, 58.2186915 ], [ 25.1949545, 58.2189101 ], [ 25.1931568, 58.2196404 ], [ 25.1922922, 58.2201479 ], [ 25.1918845, 58.2201695 ], [ 25.1911975, 58.2200095 ], [ 25.1909062, 58.2200568 ], [ 25.1906499, 58.2204768 ], [ 25.1897251, 58.220701 ], [ 25.1894695, 58.2210586 ], [ 25.1894813, 58.2214077 ], [ 25.1893112, 58.221711 ], [ 25.1876724, 58.2217759 ], [ 25.1854801, 58.2234708 ], [ 25.1850373, 58.2236236 ], [ 25.1845771, 58.2235907 ], [ 25.1835418, 58.2238842 ], [ 25.1823539, 58.2246711 ], [ 25.1817539, 58.2253454 ], [ 25.1802363, 58.2258767 ], [ 25.1799049, 58.2261622 ], [ 25.1791047, 58.2276781 ], [ 25.1780554, 58.2278944 ], [ 25.1775501, 58.2277787 ], [ 25.1772297, 58.227804 ], [ 25.1770298, 58.2279767 ], [ 25.177012, 58.2285417 ], [ 25.1766669, 58.2287559 ], [ 25.1762331, 58.2288416 ], [ 25.1751072, 58.2286187 ], [ 25.1745824, 58.2285953 ], [ 25.1732059, 58.2288875 ], [ 25.1720007, 58.2292478 ], [ 25.1713558, 58.22934 ], [ 25.1695683, 58.2290458 ], [ 25.1685211, 58.2289886 ], [ 25.1681874, 58.2290362 ], [ 25.1644091, 58.2297991 ], [ 25.1628222, 58.2302075 ], [ 25.159988, 58.231244 ], [ 25.1594289, 58.2315508 ], [ 25.1583633, 58.2323095 ], [ 25.1580679, 58.2327521 ], [ 25.1578634, 58.2333916 ], [ 25.158087, 58.234198 ], [ 25.1580058, 58.2343947 ], [ 25.1578089, 58.2344829 ], [ 25.1576787, 58.2347219 ], [ 25.1564972, 58.2354743 ], [ 25.156343, 58.2359989 ], [ 25.1560595, 58.2361168 ], [ 25.1553115, 58.2371332 ], [ 25.1552693, 58.2380848 ], [ 25.1558436, 58.2386681 ], [ 25.1566342, 58.2392316 ], [ 25.1569487, 58.2397023 ], [ 25.1562701, 58.2408549 ], [ 25.1557452, 58.2412639 ], [ 25.1539559, 58.2417067 ], [ 25.153411, 58.2419151 ], [ 25.1533249, 58.2421479 ], [ 25.1529144, 58.2422645 ], [ 25.1521735, 58.2422757 ], [ 25.1509562, 58.2420251 ], [ 25.1502794, 58.2420134 ], [ 25.1500238, 58.2422996 ], [ 25.1502659, 58.2428978 ], [ 25.1502882, 58.2433242 ], [ 25.1499531, 58.2435932 ], [ 25.1489021, 58.2436027 ], [ 25.1469256, 58.2430588 ], [ 25.1461029, 58.2429815 ], [ 25.1452635, 58.2430827 ], [ 25.1429085, 58.2436478 ], [ 25.1425605, 58.2438664 ], [ 25.1425104, 58.2440601 ], [ 25.1426656, 58.2444367 ], [ 25.1423503, 58.2447454 ], [ 25.1418124, 58.2448778 ], [ 25.1409872, 58.2455094 ], [ 25.1381705, 58.246361 ], [ 25.1377665, 58.2465935 ], [ 25.1377225, 58.2468049 ], [ 25.1367962, 58.2471015 ], [ 25.1359951, 58.2471711 ], [ 25.1343748, 58.2470102 ], [ 25.1329265, 58.2471182 ], [ 25.1323427, 58.2474593 ], [ 25.1322247, 58.2478244 ], [ 25.132369, 58.2479301 ], [ 25.1332466, 58.2480817 ], [ 25.1335539, 58.2483105 ], [ 25.1339534, 58.2488152 ], [ 25.133719, 58.249064 ], [ 25.1327408, 58.2492391 ], [ 25.1309777, 58.2492905 ], [ 25.1288817, 58.2495959 ], [ 25.1274297, 58.2496757 ], [ 25.1264904, 58.2498371 ], [ 25.1257385, 58.2498616 ], [ 25.124423, 58.2497157 ], [ 25.1237304, 58.2499195 ], [ 25.1233721, 58.250798 ], [ 25.1232006, 58.2509882 ], [ 25.1227821, 58.2511272 ], [ 25.1210829, 58.2509713 ], [ 25.1181371, 58.2504413 ], [ 25.1173276, 58.2504291 ], [ 25.1167751, 58.2505202 ], [ 25.1164441, 58.2507816 ], [ 25.1158905, 58.2522341 ], [ 25.1152565, 58.2529619 ], [ 25.1148162, 58.2531233 ], [ 25.1141573, 58.2532376 ], [ 25.1128857, 58.2531447 ], [ 25.1118367, 58.2534957 ], [ 25.1112446, 58.2535856 ], [ 25.1109287, 58.2537592 ], [ 25.1099857, 58.2538968 ], [ 25.1090694, 58.2538958 ], [ 25.1087536, 58.2539848 ], [ 25.1086801, 58.25425 ], [ 25.1094103, 58.254517 ], [ 25.1098191, 58.2547884 ], [ 25.1098599, 58.255008 ], [ 25.1096273, 58.2553236 ], [ 25.1087914, 58.2556415 ], [ 25.1060708, 58.2560055 ], [ 25.1051412, 58.2566646 ], [ 25.1037475, 58.2579028 ], [ 25.1032934, 58.2583511 ], [ 25.1031248, 58.25873 ], [ 25.1034039, 58.2595405 ], [ 25.1023059, 58.2605919 ], [ 25.1019846, 58.2614105 ], [ 25.1023196, 58.2619338 ], [ 25.1023371, 58.2644839 ], [ 25.1030083, 58.2652093 ], [ 25.104756, 58.2660828 ], [ 25.1052367, 58.2664829 ], [ 25.1052221, 58.2670091 ], [ 25.1045612, 58.2675217 ], [ 25.1039478, 58.2677469 ], [ 25.1037164, 58.2680135 ], [ 25.1037991, 58.2683144 ], [ 25.1042144, 58.2685174 ], [ 25.1056568, 58.2688229 ], [ 25.1061006, 58.2690346 ], [ 25.1061176, 58.2695784 ], [ 25.1063578, 58.2699538 ], [ 25.1076887, 58.27066 ], [ 25.1079212, 58.2709671 ], [ 25.1080483, 58.2716036 ], [ 25.1074813, 58.272952 ], [ 25.1074125, 58.2739082 ], [ 25.1067093, 58.2752341 ], [ 25.1069229, 58.2764672 ], [ 25.1068895, 58.2787354 ], [ 25.1065376, 58.2788499 ], [ 25.1062164, 58.2788616 ], [ 25.1057876, 58.2787717 ], [ 25.1054991, 58.2786613 ], [ 25.1047882, 58.2780299 ], [ 25.1039929, 58.277588 ], [ 25.1035243, 58.2773988 ], [ 25.1026291, 58.2771911 ], [ 25.1019932, 58.2772427 ], [ 25.1006093, 58.277919 ], [ 25.1001246, 58.2783006 ], [ 25.0997497, 58.2788552 ], [ 25.0997654, 58.2791791 ], [ 25.1001075, 58.279836 ], [ 25.1006155, 58.2802938 ], [ 25.1018968, 58.281118 ], [ 25.1024655, 58.2816198 ], [ 25.1027431, 58.2820172 ], [ 25.1026076, 58.2835536 ], [ 25.1022943, 58.2843648 ], [ 25.1023401, 58.2847463 ], [ 25.1027376, 58.2853671 ], [ 25.102581, 58.2860461 ], [ 25.1026728, 58.286454 ], [ 25.1032099, 58.287298 ], [ 25.1041714, 58.2881739 ], [ 25.104664, 58.2890361 ], [ 25.1046612, 58.2893096 ], [ 25.1045231, 58.2896749 ], [ 25.1045642, 58.2902675 ], [ 25.1042109, 58.2904326 ], [ 25.1035073, 58.2903123 ], [ 25.1023887, 58.2896488 ], [ 25.1006464, 58.2893443 ], [ 25.0999481, 58.2893964 ], [ 25.0995244, 58.2896557 ], [ 25.0987922, 58.2898864 ], [ 25.098753, 58.2899893 ], [ 25.0992509, 58.2908426 ], [ 25.1011254, 58.2929412 ], [ 25.1007041, 58.2935512 ], [ 25.1008152, 58.2945787 ], [ 25.1006364, 58.2950023 ], [ 25.1001826, 58.2952039 ], [ 25.0986662, 58.2954547 ], [ 25.0979951, 58.2956582 ], [ 25.0977051, 58.2958628 ], [ 25.0977094, 58.2960025 ], [ 25.0987327, 58.2966847 ], [ 25.1000829, 58.2971665 ], [ 25.1007154, 58.2977183 ], [ 25.1006405, 58.2979389 ], [ 25.0996687, 58.298732 ], [ 25.0993607, 58.2992652 ], [ 25.0994498, 58.2994086 ], [ 25.1016846, 58.3001918 ], [ 25.1034388, 58.3004055 ], [ 25.1041272, 58.3006656 ], [ 25.1042099, 58.3007808 ], [ 25.1041511, 58.3011588 ], [ 25.1027843, 58.301777 ], [ 25.1014205, 58.3030372 ], [ 25.101338, 58.3038315 ], [ 25.101578, 58.3051001 ], [ 25.1027621, 58.3059474 ], [ 25.1028489, 58.3061948 ], [ 25.1027365, 58.3063028 ], [ 25.1023985, 58.3063812 ], [ 25.1015321, 58.3062508 ], [ 25.1011604, 58.3062852 ], [ 25.100051, 58.3066544 ], [ 25.0993257, 58.3075717 ], [ 25.0992746, 58.3078367 ], [ 25.0995885, 58.3081223 ], [ 25.1002931, 58.3084432 ], [ 25.1013743, 58.3086137 ], [ 25.1017567, 58.3087456 ], [ 25.1020391, 58.3091058 ], [ 25.1019369, 58.309722 ], [ 25.1021196, 58.3098779 ], [ 25.1025833, 58.3098962 ], [ 25.1030391, 58.3092993 ], [ 25.1032446, 58.3091905 ], [ 25.1037434, 58.3092486 ], [ 25.1040084, 58.3095064 ], [ 25.103956, 58.3098174 ], [ 25.1035429, 58.3105121 ], [ 25.1022405, 58.3111253 ], [ 25.101734, 58.311094 ], [ 25.0997602, 58.3102802 ], [ 25.0991031, 58.3102175 ], [ 25.098845, 58.3102703 ], [ 25.0985394, 58.3105241 ], [ 25.0983592, 58.3109031 ], [ 25.0982748, 58.3116395 ], [ 25.098371, 58.3121009 ] ] } },
{ "type": "Feature", "properties": { "source_fid": "w181710252", "name": "Halliste jõgi" }, "geometry": { "type": "LineString", "coordinates": [ [ 25.0455684, 58.3673839 ], [ 25.0455262, 58.3674868 ], [ 25.045137, 58.3675256 ], [ 25.0442204, 58.3673266 ], [ 25.0439494, 58.3675353 ], [ 25.0439201, 58.3676931 ], [ 25.0441309, 58.3682205 ], [ 25.043683, 58.3684723 ], [ 25.0432743, 58.3685202 ], [ 25.0418639, 58.369416 ], [ 25.0418271, 58.369987 ], [ 25.0414926, 58.3703479 ], [ 25.0405079, 58.3705268 ], [ 25.0399931, 58.3705266 ], [ 25.0394676, 58.370837 ], [ 25.0395643, 58.3716209 ], [ 25.0402458, 58.3719973 ], [ 25.0403264, 58.3721408 ], [ 25.0402291, 58.3724863 ], [ 25.0395973, 58.3729314 ], [ 25.0393539, 58.3735992 ], [ 25.0395399, 58.3738622 ], [ 25.0401443, 58.3740192 ], [ 25.0401948, 58.3742923 ], [ 25.0396687, 58.3748702 ], [ 25.0395584, 58.3754463 ], [ 25.0388315, 58.3760273 ], [ 25.0389817, 58.3766146 ], [ 25.0388408, 58.3768223 ], [ 25.0382738, 58.3767853 ], [ 25.037627, 58.3765305 ], [ 25.0370199, 58.3765711 ], [ 25.0367958, 58.377417 ], [ 25.0364107, 58.3781751 ], [ 25.0356605, 58.378737 ], [ 25.0339339, 58.3795773 ], [ 25.0332866, 58.3796004 ], [ 25.0318449, 58.3791588 ], [ 25.0314416, 58.3791085 ], [ 25.0305434, 58.3791604 ], [ 25.0300322, 58.3793844 ], [ 25.0297781, 58.3796926 ], [ 25.0296103, 58.3807269 ], [ 25.0297556, 58.3820186 ], [ 25.0296285, 58.3823199 ], [ 25.0288834, 58.3829634 ], [ 25.028199, 58.3838487 ], [ 25.0276341, 58.3841772 ], [ 25.0271172, 58.3842082 ], [ 25.0262142, 58.3840044 ], [ 25.0249617, 58.3839431 ], [ 25.0245731, 58.3834246 ], [ 25.0240581, 58.3833262 ], [ 25.0234801, 58.3833977 ], [ 25.0227245, 58.3836861 ], [ 25.0223145, 58.3839911 ], [ 25.0221287, 58.3843151 ], [ 25.0215923, 58.3844546 ], [ 25.021067, 58.38449 ], [ 25.0203011, 58.3849137 ], [ 25.0198797, 58.3849215 ], [ 25.0192448, 58.3846933 ], [ 25.0188407, 58.3847099 ], [ 25.0183222, 58.384983 ], [ 25.0183048, 58.3855538 ], [ 25.0169507, 58.3859956 ], [ 25.0168979, 58.3862249 ], [ 25.0170428, 58.3865373 ], [ 25.0165337, 58.3874316 ], [ 25.0165618, 58.388109 ], [ 25.0162189, 58.388192 ], [ 25.0154855, 58.3881755 ], [ 25.0146586, 58.3880602 ], [ 25.0142976, 58.3882028 ], [ 25.0142299, 58.3884055 ], [ 25.0144934, 58.3892029 ], [ 25.0150232, 58.3899076 ], [ 25.0150607, 58.3902268 ], [ 25.0147316, 58.3903988 ], [ 25.0136093, 58.3906381 ], [ 25.0134918, 58.3907861 ], [ 25.0135352, 58.3909166 ], [ 25.0139998, 58.3911284 ], [ 25.0140961, 58.3913253 ], [ 25.0137522, 58.3920636 ], [ 25.0140152, 58.3923499 ], [ 25.0145417, 58.3926459 ], [ 25.0146267, 58.3928473 ], [ 25.0134854, 58.3934137 ], [ 25.0133707, 58.3941502 ], [ 25.0129684, 58.3948266 ], [ 25.0135184, 58.3952488 ], [ 25.0145345, 58.3955424 ], [ 25.014712, 58.3957104 ], [ 25.0147056, 58.3958814 ], [ 25.0142873, 58.3961953 ], [ 25.0133996, 58.3964312 ], [ 25.0129214, 58.3964395 ], [ 25.0127835, 58.3965654 ], [ 25.0128059, 58.3966559 ], [ 25.0131664, 58.3967868 ], [ 25.0143981, 58.3967993 ], [ 25.0145548, 58.3970328 ], [ 25.0143584, 58.3971904 ], [ 25.0140942, 58.3972564 ], [ 25.0129287, 58.3973816 ], [ 25.0126359, 58.3976351 ], [ 25.0126914, 58.3977922 ], [ 25.012962, 58.3979476 ], [ 25.0141275, 58.3982162 ], [ 25.0142645, 58.3983548 ], [ 25.0141779, 58.3984937 ], [ 25.0138718, 58.3985779 ], [ 25.0127639, 58.3983444 ], [ 25.0122789, 58.3984107 ], [ 25.0121468, 58.3987402 ], [ 25.0128426, 58.3993083 ], [ 25.0128686, 58.3994255 ], [ 25.0126009, 58.3996654 ], [ 25.0120388, 58.3999077 ], [ 25.0113162, 58.4000798 ], [ 25.0108087, 58.4004465 ], [ 25.0096895, 58.4004152 ], [ 25.0093387, 58.4006201 ], [ 25.009344, 58.4008043 ], [ 25.0097192, 58.4011521 ], [ 25.0106954, 58.4016288 ], [ 25.0102715, 58.4021479 ], [ 25.0101016, 58.4026396 ], [ 25.010352, 58.4028799 ], [ 25.0109796, 58.4031439 ], [ 25.0109831, 58.4032658 ], [ 25.0106282, 58.4036267 ], [ 25.0106495, 58.4039728 ], [ 25.0110038, 58.4042836 ], [ 25.0117565, 58.404664 ], [ 25.0118032, 58.4052031 ], [ 25.0114472, 58.4056235 ], [ 25.0103755, 58.4058698 ], [ 25.0101862, 58.4059828 ], [ 25.0102893, 58.4062212 ], [ 25.0112372, 58.4065942 ], [ 25.0113879, 58.4069125 ], [ 25.0111652, 58.4072412 ], [ 25.0101534, 58.407802 ], [ 25.0099728, 58.40871 ], [ 25.0096003, 58.4088526 ], [ 25.0086225, 58.4087251 ], [ 25.0082155, 58.4087506 ], [ 25.007576, 58.4091644 ], [ 25.0076487, 58.409626 ], [ 25.0079289, 58.409817 ], [ 25.0082122, 58.4102189 ], [ 25.0085821, 58.410378 ], [ 25.0086589, 58.4105884 ], [ 25.0085424, 58.4107736 ], [ 25.0077477, 58.4111069 ], [ 25.0077113, 58.4114177 ], [ 25.0079974, 58.4116176 ], [ 25.0080024, 58.4117929 ], [ 25.0077167, 58.4120018 ], [ 25.0070408, 58.4122315 ], [ 25.0069762, 58.4128428 ], [ 25.0062372, 58.4132469 ], [ 25.0060878, 58.4135676 ], [ 25.0047073, 58.4146817 ], [ 25.0044857, 58.4149846 ], [ 25.0038259, 58.4149898 ], [ 25.0029708, 58.4151941 ], [ 25.0004566, 58.4167178 ], [ 24.9876277, 58.4207023 ], [ 24.9862273, 58.4211708 ], [ 24.985859, 58.4213713 ], [ 24.9854357, 58.4214265 ] ] } },
{ "type": "Feature", "properties": { "source_fid": "w195133583", "name": "Reiu jõgi" }, "geometry": { "type": "LineString", "coordinates": [ [ 24.6968764, 58.2500355 ], [ 24.697064, 58.2502797 ], [ 24.6966002, 58.2509197 ], [ 24.6963915, 58.2520607 ], [ 24.6960133, 58.2523229 ], [ 24.6954531, 58.2524748 ], [ 24.695072, 58.2527626 ], [ 24.6952333, 58.2529639 ], [ 24.6967562, 58.2534701 ], [ 24.6969667, 58.2537482 ], [ 24.69681, 58.2544557 ], [ 24.6953916, 58.2554752 ], [ 24.6953348, 58.2556005 ], [ 24.6955629, 58.2562232 ], [ 24.6961507, 58.2570477 ], [ 24.6960524, 58.2574002 ], [ 24.6956928, 58.2575029 ], [ 24.692438, 58.2576045 ], [ 24.6911716, 58.2577273 ], [ 24.690986, 58.2580494 ], [ 24.6912488, 58.258376 ], [ 24.6927375, 58.2587887 ], [ 24.6926639, 58.259489 ], [ 24.6915797, 58.2601324 ], [ 24.6895464, 58.2608434 ], [ 24.6877355, 58.2616705 ], [ 24.687279, 58.2621217 ], [ 24.6869515, 58.2626808 ], [ 24.6849743, 58.2638643 ], [ 24.6843923, 58.2645303 ], [ 24.6840736, 58.2646219 ], [ 24.6832057, 58.264667 ], [ 24.6787166, 58.264538 ], [ 24.6766163, 58.2650559 ], [ 24.6761886, 58.264861 ], [ 24.6755597, 58.2643126 ], [ 24.6746333, 58.2637163 ], [ 24.674163, 58.2630895 ], [ 24.6737153, 58.262976 ], [ 24.6731663, 58.2630145 ], [ 24.6724324, 58.2632634 ], [ 24.6720267, 58.2634484 ], [ 24.6713287, 58.2639641 ], [ 24.6703369, 58.2644487 ], [ 24.6696651, 58.2645477 ], [ 24.6691058, 58.2644979 ], [ 24.6685596, 58.2643838 ], [ 24.667724, 58.2639141 ], [ 24.6670708, 58.2632557 ], [ 24.6668635, 58.2628871 ], [ 24.6663902, 58.2627173 ], [ 24.6660515, 58.2627012 ], [ 24.6652324, 58.2629409 ], [ 24.6641951, 58.2639949 ], [ 24.6638503, 58.2647359 ], [ 24.6635737, 58.2649026 ], [ 24.6625475, 58.2651146 ], [ 24.6613003, 58.264879 ], [ 24.660614, 58.2649111 ], [ 24.6604895, 58.2650381 ], [ 24.6605886, 58.2655647 ], [ 24.6616521, 58.2661362 ], [ 24.6618054, 58.2664563 ], [ 24.6616175, 58.2667633 ], [ 24.6611194, 58.2670313 ], [ 24.6592722, 58.2676224 ], [ 24.6572275, 58.2680105 ], [ 24.6563035, 58.2682805 ], [ 24.6555934, 58.2686108 ], [ 24.6552263, 58.2686534 ], [ 24.6547396, 58.2685029 ], [ 24.6542589, 58.2678625 ], [ 24.6539804, 58.267748 ], [ 24.6519963, 58.2677517 ], [ 24.6517632, 58.2677019 ], [ 24.6513302, 58.2673163 ], [ 24.6513961, 58.2666936 ], [ 24.6511964, 58.2664962 ], [ 24.650517, 58.2664599 ], [ 24.6489472, 58.2670197 ], [ 24.6472097, 58.2674573 ], [ 24.6454289, 58.2683061 ], [ 24.6445975, 58.2691768 ], [ 24.6424179, 58.2699129 ], [ 24.6416817, 58.270022 ], [ 24.6412433, 58.2703273 ] ] } },
{ "type": "Feature", "properties": { "source_fid": "w207590249", "name": "Sauga jõgi" }, "geometry": { "type": "LineString", "coordinates": [ [ 24.4710148, 58.3923714 ], [ 24.4748531, 58.3896995 ], [ 24.4762981, 58.3891716 ], [ 24.4783073, 58.388604 ], [ 24.4803215, 58.3884081 ], [ 24.4828523, 58.3886339 ], [ 24.4845865, 58.3885296 ], [ 24.4868652, 58.3875351 ] ] } },
{ "type": "Feature", "properties": { "source_fid": "w207590251", "name": "Sauga jõgi" }, "geometry": { "type": "LineString", "coordinates": [ [ 24.5526218, 58.5115165 ], [ 24.552562, 58.5112876 ], [ 24.5529943, 58.5102433 ], [ 24.5529452, 58.5100098 ], [ 24.5523606, 58.5094992 ], [ 24.5519111, 58.508754 ], [ 24.5520441, 58.5084637 ], [ 24.5528849, 58.5084165 ], [ 24.5532791, 58.5081659 ], [ 24.5533171, 58.5079972 ], [ 24.5528184, 58.5076399 ], [ 24.5527614, 58.5064662 ], [ 24.5525666, 58.5059476 ], [ 24.5530464, 58.5050394 ], [ 24.5530749, 58.5043868 ], [ 24.5526569, 58.5041808 ], [ 24.5514884, 58.5042801 ], [ 24.5508187, 58.5044364 ], [ 24.5503959, 58.5048309 ], [ 24.5499067, 58.5051089 ], [ 24.5492939, 58.5051064 ], [ 24.5487999, 58.5049625 ], [ 24.5480684, 58.5042155 ], [ 24.5479877, 58.5039376 ], [ 24.5481302, 58.5037961 ], [ 24.5484199, 58.5037093 ], [ 24.5494792, 58.5036671 ], [ 24.5500207, 58.5035207 ], [ 24.5504387, 58.5030467 ], [ 24.5504007, 58.5025429 ], [ 24.5498259, 58.502126 ], [ 24.5491182, 58.5020913 ], [ 24.5486147, 58.5022526 ], [ 24.5480969, 58.5028234 ], [ 24.5474414, 58.5029177 ], [ 24.547109, 58.5028407 ], [ 24.5468572, 58.5024685 ], [ 24.5469522, 58.5022327 ], [ 24.5481397, 58.5013145 ], [ 24.5482489, 58.5008281 ], [ 24.5481254, 58.5007238 ], [ 24.5478024, 58.5006767 ], [ 24.5460877, 58.5007635 ], [ 24.54481, 58.5010589 ], [ 24.5443445, 58.5009943 ], [ 24.5440357, 58.5008529 ], [ 24.5440072, 58.4999967 ], [ 24.544202, 58.4996194 ], [ 24.544962, 58.4988897 ], [ 24.5450427, 58.4985944 ], [ 24.5445962, 58.4967155 ], [ 24.5442542, 58.4961546 ], [ 24.5439977, 58.4960007 ], [ 24.5431142, 58.4959461 ], [ 24.5418793, 58.4963432 ], [ 24.5411098, 58.49679 ], [ 24.5405303, 58.496785 ], [ 24.5402643, 58.4966485 ], [ 24.5399318, 58.4962613 ], [ 24.5394425, 58.4960404 ], [ 24.539148, 58.4954447 ], [ 24.5382646, 58.4947124 ], [ 24.5378561, 58.4945114 ], [ 24.5363598, 58.4941986 ], [ 24.5358136, 58.4938734 ], [ 24.5349063, 58.4935284 ], [ 24.5348398, 58.4931312 ], [ 24.5352008, 58.4924982 ], [ 24.5350678, 58.4922922 ], [ 24.5340609, 58.4916691 ], [ 24.5332106, 58.4903112 ], [ 24.5322654, 58.4894845 ], [ 24.5322036, 58.4890153 ], [ 24.5326454, 58.4885783 ], [ 24.5329446, 58.4879825 ], [ 24.5334817, 58.4873747 ] ] } },
{ "type": "Feature", "properties": { "source_fid": "w207590253", "name": "Sauga jõgi" }, "geometry": { "type": "LineString", "coordinates": [ [ 24.5622934, 58.5130206 ], [ 24.5616399, 58.5131082 ], [ 24.5610592, 58.5131072 ], [ 24.5607046, 58.5130269 ], [ 24.5599793, 58.5124367 ], [ 24.5597033, 58.5123421 ], [ 24.5580526, 58.5121158 ], [ 24.5555273, 58.5115458 ], [ 24.5550187, 58.5112067 ], [ 24.5547431, 58.511136 ], [ 24.5544578, 58.5111732 ], [ 24.5538457, 58.5115292 ], [ 24.5533337, 58.5116931 ], [ 24.5528759, 58.5116771 ], [ 24.5526218, 58.5115165 ] ] } },
{ "type": "Feature", "properties": { "source_fid": "w207590256", "name": "Sauga jõgi" }, "geometry": { "type": "LineString", "coordinates": [ [ 24.5355854, 58.4676973 ], [ 24.5356575, 58.4674622 ], [ 24.536289, 58.4668883 ], [ 24.5365327, 58.4664245 ], [ 24.536778, 58.4662372 ], [ 24.5378836, 58.4658896 ], [ 24.5380278, 58.4657769 ], [ 24.5380931, 58.4650764 ], [ 24.5384097, 58.464441 ], [ 24.5384759, 58.4639217 ], [ 24.5380123, 58.4634422 ], [ 24.5362812, 58.4626317 ], [ 24.5353082, 58.4620005 ], [ 24.5350682, 58.4616537 ], [ 24.534968, 58.4605008 ], [ 24.5350651, 58.460257 ], [ 24.5352949, 58.4600944 ], [ 24.5357255, 58.4599776 ], [ 24.5373708, 58.4598837 ], [ 24.5379696, 58.4597179 ], [ 24.5382928, 58.4592313 ], [ 24.5379988, 58.4590218 ], [ 24.5376144, 58.4589001 ], [ 24.5351357, 58.4587307 ], [ 24.5346906, 58.4585667 ], [ 24.5322321, 58.4570636 ], [ 24.5300721, 58.4554809 ], [ 24.5285059, 58.4545663 ], [ 24.5278018, 58.4540476 ], [ 24.5260422, 58.4521963 ], [ 24.5257318, 58.4519768 ], [ 24.5244222, 58.4514671 ], [ 24.5242347, 58.4502962 ] ] } },
{ "type": "Feature", "properties": { "source_fid": "w215024180", "name": "Uruste oja" }, "geometry": { "type": "LineString", "coordinates": [ [ 24.3267342, 58.4136884 ], [ 24.3279919, 58.413789 ], [ 24.330025, 58.4135181 ], [ 24.330175, 58.4136442 ], [ 24.3302312, 58.4139676 ], [ 24.3304159, 58.4140136 ], [ 24.3307201, 58.4139422 ], [ 24.3310125, 58.4137555 ], [ 24.3314849, 58.4138714 ], [ 24.3316938, 58.4138504 ], [ 24.3318909, 58.4136974 ], [ 24.3330242, 58.4136201 ], [ 24.3333427, 58.4131989 ], [ 24.3338697, 58.413456 ], [ 24.3344779, 58.4133057 ], [ 24.335102, 58.4133468 ], [ 24.3356847, 58.4135052 ], [ 24.3360854, 58.4131564 ], [ 24.3365916, 58.4132481 ], [ 24.336739, 58.4129371 ], [ 24.3367204, 58.4124741 ], [ 24.3372647, 58.4119141 ], [ 24.3375902, 58.4118204 ], [ 24.3381147, 58.4119118 ], [ 24.3378386, 58.412198 ], [ 24.3379146, 58.4123156 ], [ 24.3382012, 58.4124183 ], [ 24.3384385, 58.4123428 ], [ 24.3385655, 58.4121212 ], [ 24.3394688, 58.412001 ], [ 24.3394842, 58.412183 ], [ 24.3390791, 58.4124874 ], [ 24.3390396, 58.4126267 ], [ 24.3394852, 58.4129931 ], [ 24.339906, 58.4129063 ], [ 24.3402499, 58.4126056 ], [ 24.3407468, 58.4126507 ], [ 24.3412877, 58.4130275 ], [ 24.3416391, 58.4135012 ], [ 24.3420599, 58.4134073 ], [ 24.3421647, 58.4129966 ], [ 24.3423275, 58.4129605 ], [ 24.3426004, 58.413049 ], [ 24.3429093, 58.4133408 ], [ 24.3437694, 58.4136668 ], [ 24.3440398, 58.4135055 ], [ 24.3439422, 58.4132631 ], [ 24.3440913, 58.4132091 ], [ 24.3442618, 58.4132586 ], [ 24.3445706, 58.4135362 ], [ 24.3443931, 58.4141683 ], [ 24.3446116, 58.4142569 ], [ 24.3449586, 58.4142703 ], [ 24.3452299, 58.4141982 ], [ 24.3455574, 58.413612 ], [ 24.3457682, 58.4136079 ], [ 24.3463279, 58.4138169 ], [ 24.3471348, 58.4135685 ], [ 24.3473864, 58.4135678 ], [ 24.3477775, 58.41392 ], [ 24.3480025, 58.4139801 ], [ 24.3485665, 58.4139322 ], [ 24.3491742, 58.4134951 ], [ 24.3502895, 58.4134849 ], [ 24.3504908, 58.4138948 ], [ 24.3517111, 58.4141912 ], [ 24.3520954, 58.4138547 ], [ 24.3526198, 58.4139353 ], [ 24.3529324, 58.4139095 ], [ 24.3533863, 58.4137369 ], [ 24.3544303, 58.4140226 ], [ 24.3547354, 58.4139901 ], [ 24.3549773, 58.4136968 ], [ 24.3551873, 58.4136177 ], [ 24.3560808, 58.4138758 ], [ 24.356271, 58.4138538 ], [ 24.356426, 58.4137142 ], [ 24.3570951, 58.4128746 ] ] } },
{ "type": "Feature", "properties": { "source_fid": "w225672385", "name": "Ura jõgi" }, "geometry": { "type": "LineString", "coordinates": [ [ 24.5926515, 58.2899289 ], [ 24.5922149, 58.2901223 ] ] } },
{ "type": "Feature", "properties": { "source_fid": "w225672405", "name": null }, "geometry": { "type": "LineString", "coordinates": [ [ 24.5967114, 58.2861464 ], [ 24.5969367, 58.2862198 ], [ 24.5978165, 58.287015 ], [ 24.598149, 58.287077 ], [ 24.5989752, 58.2866992 ], [ 24.5992219, 58.286733 ], [ 24.5997155, 58.2870883 ], [ 24.6001446, 58.287579 ], [ 24.6000252, 58.2880069 ], [ 24.6002197, 58.2882106 ], [ 24.6013798, 58.2888961 ] ] } },
{ "type": "Feature", "properties": { "source_fid": "w225672407", "name": "Ura jõgi" }, "geometry": { "type": "LineString", "coordinates": [ [ 24.5922149, 58.2901223 ], [ 24.591406, 58.2904663 ], [ 24.5910412, 58.2905143 ], [ 24.5878976, 58.2903789 ], [ 24.5853174, 58.2904466 ], [ 24.5837456, 58.2903902 ], [ 24.5817768, 58.2905171 ], [ 24.5810956, 58.2906468 ], [ 24.5790678, 58.2908244 ], [ 24.5763588, 58.2906327 ], [ 24.5742892, 58.2912808 ], [ 24.5742221, 58.2918488 ], [ 24.574591, 58.2923604 ] ] } },
{ "type": "Feature", "properties": { "source_fid": "w228056105", "name": "Vaskjõgi" }, "geometry": { "type": "LineString", "coordinates": [ [ 24.6679182, 58.2968795 ], [ 24.667428, 58.2966234 ], [ 24.6664914, 58.2953028 ], [ 24.6666092, 58.2951105 ], [ 24.6671772, 58.2947003 ], [ 24.6673594, 58.2943383 ], [ 24.6682072, 58.2941005 ], [ 24.6683594, 58.2939393 ], [ 24.6686423, 58.2932289 ], [ 24.6682105, 58.292931 ], [ 24.6681767, 58.292784 ], [ 24.6687467, 58.2921866 ], [ 24.6688239, 58.291941 ], [ 24.6687784, 58.2913201 ], [ 24.6684859, 58.2910734 ], [ 24.6656228, 58.2903803 ], [ 24.6653147, 58.2903663 ], [ 24.6645867, 58.2905262 ], [ 24.6641791, 58.2907557 ], [ 24.663859, 58.2914424 ], [ 24.6621671, 58.2933251 ], [ 24.6619573, 58.2934228 ], [ 24.6611499, 58.2932561 ], [ 24.6592945, 58.292438 ], [ 24.657883, 58.2924141 ], [ 24.6560527, 58.2920444 ], [ 24.6552066, 58.2923782 ], [ 24.6543692, 58.292437 ], [ 24.6525832, 58.2918217 ], [ 24.6520146, 58.2921187 ], [ 24.6516637, 58.2921474 ], [ 24.6512583, 58.2920635 ], [ 24.650201, 58.291492 ], [ 24.6499718, 58.2914637 ], [ 24.6488943, 58.2914913 ], [ 24.6487607, 58.2919022 ], [ 24.6480975, 58.2918981 ], [ 24.6473686, 58.2915466 ], [ 24.6471199, 58.2916846 ], [ 24.6467416, 58.2916723 ], [ 24.6465697, 58.2915718 ], [ 24.6464782, 58.2911588 ], [ 24.6459282, 58.2910831 ], [ 24.6455891, 58.2911455 ], [ 24.6453902, 58.2910781 ], [ 24.6451699, 58.290734 ], [ 24.6457007, 58.2904613 ], [ 24.6455433, 58.2902185 ], [ 24.6449412, 58.2899837 ], [ 24.6442785, 58.2899142 ], [ 24.6442448, 58.2894354 ], [ 24.6439351, 58.2890274 ], [ 24.6427125, 58.2885371 ], [ 24.6425914, 58.2882429 ], [ 24.6428465, 58.2880291 ], [ 24.6428713, 58.2875616 ], [ 24.6425656, 58.287549 ], [ 24.64173, 58.2877118 ], [ 24.6413011, 58.2874155 ] ] } },
{ "type": "Feature", "properties": { "source_fid": "w228056106", "name": "Vaskjõgi" }, "geometry": { "type": "LineString", "coordinates": [ [ 24.6671753, 58.2983149 ], [ 24.6675074, 58.2981038 ], [ 24.668532, 58.298009 ], [ 24.6688268, 58.2979218 ], [ 24.6688178, 58.2976422 ], [ 24.6685199, 58.2971775 ], [ 24.6679182, 58.2968795 ] ] } },
{ "type": "Feature", "properties": { "source_fid": "w237192902", "name": "Reiu jõgi" }, "geometry": { "type": "LineString", "coordinates": [ [ 24.7628751, 58.1934686 ], [ 24.7616581, 58.1934574 ], [ 24.760895, 58.1936155 ], [ 24.76034, 58.1933039 ], [ 24.7597566, 58.1933013 ], [ 24.7594524, 58.1935134 ], [ 24.7588079, 58.1945778 ], [ 24.7583475, 58.1946938 ], [ 24.7575709, 58.1944354 ], [ 24.7567382, 58.1940345 ], [ 24.7557674, 58.1939469 ], [ 24.7554542, 58.1940573 ], [ 24.7553191, 58.1943404 ], [ 24.7554532, 58.1946685 ], [ 24.7560456, 58.1948689 ], [ 24.7572506, 58.195063 ], [ 24.7574328, 58.195196 ], [ 24.7575008, 58.1955926 ], [ 24.7573287, 58.1959038 ], [ 24.7567562, 58.1960356 ], [ 24.7562658, 58.1960356 ], [ 24.7549868, 58.1959354 ], [ 24.7529392, 58.1956274 ], [ 24.7525288, 58.195658 ], [ 24.7522046, 58.195927 ], [ 24.7519203, 58.1964207 ], [ 24.7518042, 58.1971833 ], [ 24.7513259, 58.1980008 ], [ 24.7513379, 58.1986305 ], [ 24.7509351, 58.1996355 ], [ 24.7507554, 58.1997465 ], [ 24.7486557, 58.1998857 ], [ 24.7475168, 58.1994775 ], [ 24.7465781, 58.199428 ], [ 24.7459596, 58.199736 ], [ 24.7457574, 58.1999374 ], [ 24.7453771, 58.2000682 ], [ 24.7441962, 58.2002053 ], [ 24.7430015, 58.200514 ], [ 24.7416861, 58.2013487 ], [ 24.7413379, 58.2013782 ], [ 24.7407834, 58.2011883 ], [ 24.7403931, 58.2011715 ], [ 24.7397786, 58.20201 ], [ 24.7400108, 58.2022293 ], [ 24.7399708, 58.2023179 ], [ 24.7396165, 58.2024508 ], [ 24.7386517, 58.2023991 ], [ 24.7382914, 58.2024719 ], [ 24.737749, 58.2028168 ], [ 24.7372846, 58.2035645 ], [ 24.7370044, 58.2036806 ], [ 24.7356102, 58.2036942 ], [ 24.7353831, 58.2035909 ], [ 24.7342522, 58.2025784 ], [ 24.7335917, 58.2025513 ], [ 24.7331893, 58.2027503 ], [ 24.7331193, 58.2033061 ], [ 24.7323947, 58.2037523 ], [ 24.7311817, 58.2040033 ], [ 24.7297706, 58.2045854 ], [ 24.7287418, 58.2045401 ], [ 24.7285296, 58.2045949 ], [ 24.7284836, 58.2047531 ], [ 24.7286897, 58.20504 ], [ 24.7304231, 58.206025 ], [ 24.7312798, 58.2064151 ], [ 24.7316721, 58.2072946 ], [ 24.7314627, 58.2076044 ], [ 24.7303211, 58.2077418 ], [ 24.7298157, 58.2082499 ], [ 24.7293343, 58.208307 ], [ 24.7279912, 58.2082732 ], [ 24.7278411, 58.2083344 ], [ 24.727791, 58.2086887 ], [ 24.7279311, 58.2088258 ], [ 24.7284916, 58.209042 ], [ 24.7289219, 58.2093952 ], [ 24.7289018, 58.2097788 ], [ 24.7286106, 58.2100434 ], [ 24.7272866, 58.2106606 ], [ 24.7270785, 58.2108535 ], [ 24.7259395, 58.2113143 ], [ 24.7253367, 58.211768 ], [ 24.7244584, 58.2121262 ], [ 24.7235416, 58.2127894 ], [ 24.7231933, 58.2127852 ], [ 24.7230652, 58.2126292 ], [ 24.7233885, 58.21226 ], [ 24.7232494, 58.2118721 ], [ 24.7230169, 58.2117098 ], [ 24.7226229, 58.2116264 ], [ 24.7219904, 58.2117677 ], [ 24.7217762, 58.211928 ], [ 24.7215206, 58.2124293 ], [ 24.7217415, 58.2126356 ], [ 24.722731, 58.2128875 ], [ 24.7228251, 58.213052 ], [ 24.722743, 58.2132576 ], [ 24.7220945, 58.2137426 ], [ 24.7206093, 58.2139756 ], [ 24.7198186, 58.2139429 ], [ 24.7189499, 58.2142117 ], [ 24.719032, 58.2144574 ], [ 24.7193042, 58.2144985 ], [ 24.7198447, 58.2144353 ], [ 24.7204411, 58.2145966 ], [ 24.7198535, 58.2150319 ], [ 24.7199728, 58.2154063 ], [ 24.7197906, 58.2155054 ], [ 24.7191821, 58.2156066 ], [ 24.717805, 58.2153725 ], [ 24.7174968, 58.2151933 ], [ 24.7174648, 58.2147168 ], [ 24.7170215, 58.2143813 ], [ 24.7163098, 58.2144574 ], [ 24.7161557, 58.2146092 ], [ 24.7161679, 58.2149473 ], [ 24.7159736, 58.2153114 ], [ 24.7155353, 58.2154128 ], [ 24.715303, 58.2155602 ], [ 24.715003, 58.2155291 ], [ 24.7146925, 58.2151944 ], [ 24.7144123, 58.2152513 ], [ 24.7143783, 58.2154801 ], [ 24.7149227, 58.21591 ], [ 24.7149047, 58.2160631 ], [ 24.7140901, 58.2164047 ], [ 24.7138399, 58.2166187 ], [ 24.7138379, 58.2167547 ], [ 24.7141695, 58.2170155 ], [ 24.7158254, 58.2173841 ], [ 24.7159616, 58.2175549 ], [ 24.7152741, 58.2184754 ], [ 24.7147005, 58.218607 ], [ 24.7138879, 58.2185248 ], [ 24.7136477, 58.2186766 ], [ 24.7137118, 58.218802 ], [ 24.7145124, 58.21925 ], [ 24.7151829, 58.2194525 ], [ 24.715295, 58.2198193 ], [ 24.7151589, 58.2199743 ], [ 24.7139686, 58.2204112 ], [ 24.713065, 58.2206046 ], [ 24.7119062, 58.2214628 ], [ 24.7116212, 58.2215152 ], [ 24.710524, 58.2213949 ], [ 24.7102417, 58.2214719 ], [ 24.7099643, 58.2217671 ], [ 24.7101939, 58.2221278 ], [ 24.7112557, 58.222552 ], [ 24.7118833, 58.22243 ], [ 24.7125682, 58.2225207 ], [ 24.7127289, 58.2224784 ], [ 24.7128341, 58.222296 ], [ 24.7132301, 58.2222134 ], [ 24.713498, 58.2223263 ], [ 24.7134215, 58.222553 ], [ 24.7132456, 58.2227541 ], [ 24.7128941, 58.222918 ], [ 24.7120956, 58.2231202 ], [ 24.7112251, 58.2237529 ], [ 24.7102934, 58.22376 ], [ 24.7092909, 58.2240451 ], [ 24.7084625, 58.224176 ], [ 24.707879, 58.2245246 ], [ 24.7073908, 58.2245151 ], [ 24.7070716, 58.2241942 ], [ 24.7068248, 58.2240914 ], [ 24.7066376, 58.2240603 ], [ 24.7063564, 58.2241608 ], [ 24.7060953, 58.2246103 ], [ 24.7061399, 58.2249709 ], [ 24.7062961, 58.2251286 ], [ 24.7073509, 58.2255049 ], [ 24.708495, 58.2262061 ], [ 24.7086538, 58.2263814 ], [ 24.7085677, 58.2265778 ], [ 24.7076532, 58.2277736 ], [ 24.7071397, 58.2281427 ], [ 24.7065703, 58.2281816 ], [ 24.7064001, 58.228111 ], [ 24.7063363, 58.2278307 ], [ 24.7061322, 58.2277121 ], [ 24.7053521, 58.2276932 ], [ 24.7050436, 58.2278924 ], [ 24.7049203, 58.2285023 ], [ 24.7041941, 58.2290811 ], [ 24.7039588, 58.2290751 ], [ 24.7032605, 58.2288504 ], [ 24.7028013, 58.2290177 ], [ 24.7026693, 58.2294256 ], [ 24.702258, 58.2297611 ], [ 24.7019844, 58.2303352 ], [ 24.7021145, 58.2306938 ], [ 24.7022752, 58.2308016 ], [ 24.7020495, 58.2313335 ], [ 24.7021547, 58.2320708 ], [ 24.7022691, 58.2322669 ], [ 24.7024013, 58.2323521 ], [ 24.7027639, 58.2323905 ], [ 24.7028207, 58.2325201 ], [ 24.7021226, 58.2330857 ], [ 24.7020766, 58.2332139 ], [ 24.7024197, 58.233557 ], [ 24.7023494, 58.2336997 ], [ 24.7017368, 58.2337103 ], [ 24.7008915, 58.2341825 ], [ 24.7007125, 58.2341702 ], [ 24.7001854, 58.2336625 ], [ 24.6998282, 58.2336725 ], [ 24.6994472, 58.233927 ], [ 24.6994572, 58.2341544 ], [ 24.7005019, 58.2349886 ], [ 24.7010322, 58.2351553 ], [ 24.702404, 58.235312 ], [ 24.7033637, 58.2352593 ], [ 24.7038678, 58.2354046 ], [ 24.7041591, 58.2358943 ], [ 24.7047673, 58.2360421 ], [ 24.7048822, 58.2361651 ], [ 24.7048633, 58.2364665 ], [ 24.7038403, 58.237022 ], [ 24.703665, 58.2372365 ], [ 24.7017871, 58.2375642 ], [ 24.7011042, 58.2378233 ], [ 24.7006523, 58.2377281 ], [ 24.7004715, 58.2373687 ], [ 24.7000698, 58.2372894 ], [ 24.6985977, 58.2380929 ], [ 24.6980111, 58.2378444 ], [ 24.6973884, 58.2379079 ], [ 24.697057, 58.238262 ], [ 24.696575, 58.2384946 ], [ 24.6968685, 58.239792 ], [ 24.6963086, 58.2401121 ], [ 24.696219, 58.2403057 ], [ 24.6963966, 58.2405746 ], [ 24.6962017, 58.2408145 ], [ 24.6961812, 58.2410785 ], [ 24.6965449, 58.2413174 ], [ 24.6961833, 58.2415182 ], [ 24.6960712, 58.2418504 ], [ 24.6955507, 58.2419728 ], [ 24.6949381, 58.2419305 ], [ 24.694928, 58.2421525 ], [ 24.6953297, 58.2422212 ], [ 24.6957816, 58.2425172 ], [ 24.6963562, 58.2426463 ], [ 24.6966051, 58.2429929 ], [ 24.6972358, 58.243256 ], [ 24.6967056, 58.2439655 ], [ 24.697037, 58.2441716 ], [ 24.6985634, 58.2441082 ], [ 24.699166, 58.243717 ], [ 24.699648, 58.2437857 ], [ 24.7003708, 58.2445307 ], [ 24.6995933, 58.2453443 ], [ 24.6986136, 58.2459844 ], [ 24.698463, 58.2462698 ], [ 24.6992061, 58.2470203 ], [ 24.7002506, 58.2475118 ], [ 24.7005518, 58.2477813 ], [ 24.7004514, 58.2480773 ], [ 24.6998187, 58.2481988 ], [ 24.6994672, 58.2484261 ], [ 24.6988913, 58.2486325 ], [ 24.698371, 58.2486102 ], [ 24.6973712, 58.2482611 ], [ 24.6970474, 58.2483165 ], [ 24.6964846, 58.2489704 ], [ 24.6956546, 58.2491834 ], [ 24.6954597, 58.2493993 ], [ 24.6955698, 58.2496293 ], [ 24.6963372, 58.2497637 ], [ 24.6968764, 58.2500355 ] ] } },
{ "type": "Feature", "properties": { "source_fid": "w237192903", "name": "Reiu jõgi" }, "geometry": { "type": "LineString", "coordinates": [ [ 24.8325931, 58.112446 ], [ 24.832556, 58.1127821 ], [ 24.8320706, 58.1129205 ], [ 24.8308545, 58.1130206 ], [ 24.8307399, 58.1131715 ], [ 24.8308439, 58.1134086 ], [ 24.8310407, 58.113538 ], [ 24.8319767, 58.1137058 ], [ 24.8326231, 58.1139646 ], [ 24.8326052, 58.114155 ], [ 24.8323286, 58.1144584 ], [ 24.8326343, 58.1148012 ], [ 24.833104, 58.1149512 ], [ 24.8339804, 58.1150806 ], [ 24.8346363, 58.1153884 ], [ 24.8344896, 58.1156034 ], [ 24.8334849, 58.115983 ], [ 24.8334872, 58.1162014 ], [ 24.8336454, 58.1163638 ], [ 24.8338859, 58.116438 ], [ 24.8342458, 58.1162158 ], [ 24.8346312, 58.116127 ], [ 24.8351541, 58.1162767 ], [ 24.8357549, 58.1162653 ], [ 24.8360143, 58.11643 ], [ 24.8356578, 58.1166745 ], [ 24.8352918, 58.1172298 ], [ 24.8346997, 58.1176082 ], [ 24.8344012, 58.1176934 ], [ 24.8338999, 58.1175109 ], [ 24.8336802, 58.117609 ], [ 24.8335936, 58.1178666 ] ] } },
{ "type": "Feature", "properties": { "source_fid": "w237232055", "name": "Audru jõgi" }, "geometry": { "type": "LineString", "coordinates": [ [ 24.331694, 58.4614435 ], [ 24.3319032, 58.461494 ], [ 24.332216, 58.4614567 ], [ 24.3327225, 58.4610836 ], [ 24.3334893, 58.4597755 ], [ 24.3334675, 58.4589198 ], [ 24.3325501, 58.4582015 ], [ 24.3322744, 58.4577388 ] ] } },
{ "type": "Feature", "properties": { "source_fid": "w237232056", "name": "Audru jõgi" }, "geometry": { "type": "LineString", "coordinates": [ [ 24.3320991, 58.4702176 ], [ 24.3322554, 58.4698089 ], [ 24.3320861, 58.4696999 ], [ 24.3311482, 58.4695296 ], [ 24.3303665, 58.4691208 ], [ 24.3300539, 58.4690459 ], [ 24.3288945, 58.4689573 ], [ 24.3284125, 58.4691889 ], [ 24.3283474, 58.469441 ], [ 24.3277872, 58.469332 ], [ 24.3277221, 58.4690731 ], [ 24.3271619, 58.4689778 ], [ 24.3266278, 58.4690186 ], [ 24.3266539, 58.4692843 ], [ 24.3262621, 58.4692944 ], [ 24.3258169, 58.4691036 ], [ 24.3249961, 58.4690503 ], [ 24.3247708, 58.4688652 ], [ 24.3236658, 58.4685005 ], [ 24.3234995, 58.4687698 ], [ 24.3226626, 58.4687445 ], [ 24.3221262, 58.468133 ], [ 24.3215093, 58.4681638 ], [ 24.3211069, 58.4687642 ], [ 24.3205759, 58.4689521 ], [ 24.319975, 58.4684359 ], [ 24.3195942, 58.4674596 ], [ 24.3206617, 58.4666264 ], [ 24.3205276, 58.4664777 ], [ 24.3188056, 58.4658324 ], [ 24.3191596, 58.4655911 ], [ 24.3191918, 58.4654593 ], [ 24.3190148, 58.4653442 ], [ 24.3187466, 58.4653078 ], [ 24.316928, 58.4655013 ], [ 24.3165847, 58.4653779 ], [ 24.3166706, 58.4649823 ], [ 24.3169871, 58.4648953 ], [ 24.3185524, 58.4641051 ], [ 24.3194801, 58.4640034 ], [ 24.319776, 58.4638968 ], [ 24.3200209, 58.4637373 ], [ 24.3202449, 58.4633627 ], [ 24.3206724, 58.4631465 ], [ 24.3217309, 58.4628526 ], [ 24.3223125, 58.4622156 ], [ 24.3228248, 58.4622871 ], [ 24.3232649, 58.4627527 ], [ 24.3236586, 58.4629801 ], [ 24.3240769, 58.4631346 ], [ 24.3244751, 58.4631601 ], [ 24.3248405, 58.4630566 ], [ 24.3253163, 58.4625986 ], [ 24.3260264, 58.4622062 ], [ 24.3271998, 58.4620443 ], [ 24.328118, 58.4616216 ], [ 24.328673, 58.4615341 ], [ 24.3289132, 58.4615501 ], [ 24.3293444, 58.461731 ], [ 24.3299381, 58.4617361 ], [ 24.3303766, 58.4613477 ], [ 24.3310552, 58.4609719 ], [ 24.3313461, 58.4610076 ], [ 24.3314758, 58.461368 ], [ 24.331694, 58.4614435 ] ] } },
{ "type": "Feature", "properties": { "source_fid": "w237232057", "name": "Audru jõgi" }, "geometry": { "type": "LineString", "coordinates": [ [ 24.3322744, 58.4577388 ], [ 24.3324307, 58.4573909 ], [ 24.3331712, 58.4568991 ], [ 24.3336965, 58.4563483 ], [ 24.3339069, 58.4558976 ], [ 24.3334606, 58.455442 ], [ 24.3328644, 58.4551787 ], [ 24.3312849, 58.4550968 ], [ 24.3304235, 58.4548209 ], [ 24.3298627, 58.4542796 ], [ 24.3292031, 58.4539767 ], [ 24.3289844, 58.4535536 ], [ 24.3290812, 58.4531032 ], [ 24.3297342, 58.4527044 ], [ 24.3316489, 58.4518607 ], [ 24.3322088, 58.451436 ], [ 24.332401, 58.4510548 ], [ 24.3320175, 58.4505693 ], [ 24.3318936, 58.4501492 ], [ 24.3316387, 58.4499109 ], [ 24.3308357, 58.4496663 ], [ 24.3301943, 58.449671 ], [ 24.329337, 58.4495435 ], [ 24.3283014, 58.4488577 ], [ 24.3276253, 58.4488031 ], [ 24.3271716, 58.4489069 ], [ 24.3269501, 58.4488512 ], [ 24.3263593, 58.4484621 ], [ 24.3252989, 58.4481922 ], [ 24.3248205, 58.4479696 ], [ 24.3244155, 58.447868 ], [ 24.3237903, 58.4478563 ], [ 24.3232302, 58.4476975 ] ] } },
{ "type": "Feature", "properties": { "source_fid": "w237266840", "name": "Reiu jõgi" }, "geometry": { "type": "LineString", "coordinates": [ [ 24.8367211, 58.0968936 ], [ 24.8368565, 58.0972047 ], [ 24.8362057, 58.097504 ], [ 24.8358845, 58.0977678 ], [ 24.8356327, 58.0979011 ], [ 24.8350297, 58.0979618 ], [ 24.8346265, 58.0980844 ], [ 24.8346412, 58.0981727 ], [ 24.8355841, 58.0982465 ], [ 24.8355962, 58.098623 ], [ 24.8350597, 58.0987264 ], [ 24.8334892, 58.0987153 ], [ 24.8334203, 58.0991307 ], [ 24.833068, 58.099278 ], [ 24.8327773, 58.0992299 ], [ 24.8325531, 58.0989297 ], [ 24.832334, 58.0988495 ], [ 24.8321204, 58.0990042 ], [ 24.8321318, 58.0993558 ], [ 24.8319065, 58.099414 ], [ 24.8315005, 58.0990133 ], [ 24.8313706, 58.0989792 ], [ 24.8311937, 58.0990853 ], [ 24.831422, 58.0998305 ], [ 24.8319415, 58.1001021 ], [ 24.8316095, 58.1004443 ], [ 24.8318918, 58.1009357 ], [ 24.8320983, 58.101151 ], [ 24.8330749, 58.1013146 ], [ 24.8331967, 58.1014088 ], [ 24.8333561, 58.1021644 ], [ 24.8337589, 58.1022901 ], [ 24.8338212, 58.1026647 ], [ 24.8337684, 58.1028301 ], [ 24.8329117, 58.1030807 ], [ 24.8327088, 58.1034477 ], [ 24.8324387, 58.1034658 ], [ 24.8321251, 58.1032375 ], [ 24.8318022, 58.103293 ], [ 24.8314662, 58.1036002 ], [ 24.8314477, 58.1037503 ], [ 24.8320664, 58.1044912 ], [ 24.8329105, 58.1045829 ], [ 24.8333128, 58.1045293 ], [ 24.8335181, 58.10464 ], [ 24.8334692, 58.105642 ], [ 24.8330168, 58.106085 ], [ 24.833259, 58.1062084 ], [ 24.8336518, 58.1061775 ], [ 24.8337804, 58.1062899 ], [ 24.8333987, 58.1065275 ], [ 24.8331372, 58.1065208 ], [ 24.8326828, 58.1063438 ], [ 24.8323853, 58.1060384 ], [ 24.8319814, 58.1059718 ], [ 24.8319862, 58.1057717 ], [ 24.8324326, 58.1056071 ], [ 24.8322814, 58.1054731 ], [ 24.8318889, 58.1055018 ], [ 24.8314302, 58.1056937 ], [ 24.8312376, 58.1060717 ], [ 24.8314211, 58.1077254 ], [ 24.8316748, 58.1082054 ], [ 24.831617, 58.1082891 ], [ 24.8296695, 58.1090319 ], [ 24.8291638, 58.1090852 ], [ 24.8285671, 58.1092874 ], [ 24.8277804, 58.1093109 ], [ 24.827695, 58.1094265 ], [ 24.8284117, 58.1097785 ], [ 24.8286485, 58.1098069 ], [ 24.828733, 58.109918 ], [ 24.8277465, 58.1102878 ], [ 24.8276482, 58.1107968 ], [ 24.8274971, 58.1107978 ], [ 24.8271623, 58.1106199 ], [ 24.826928, 58.1107031 ], [ 24.8271822, 58.1110715 ], [ 24.8274661, 58.111228 ], [ 24.8281333, 58.1113436 ], [ 24.828598, 58.1113027 ], [ 24.829272, 58.1108878 ], [ 24.8298227, 58.1110042 ], [ 24.830581, 58.1109809 ], [ 24.8308879, 58.1110422 ], [ 24.8310661, 58.1111227 ], [ 24.8310315, 58.1112596 ], [ 24.8303057, 58.1113277 ], [ 24.830028, 58.1114379 ], [ 24.8298227, 58.1116809 ], [ 24.8298928, 58.1119854 ], [ 24.8300373, 58.1121028 ], [ 24.8305696, 58.1122443 ], [ 24.8312391, 58.1123233 ], [ 24.8322437, 58.1123233 ], [ 24.8325931, 58.112446 ] ] } },
{ "type": "Feature", "properties": { "source_fid": "w237435461", "name": "Reiu jõgi" }, "geometry": { "type": "LineString", "coordinates": [ [ 24.8335936, 58.1178666 ], [ 24.8334688, 58.1180861 ], [ 24.8331627, 58.1182265 ], [ 24.8317121, 58.1183879 ], [ 24.8315957, 58.1184596 ], [ 24.8316794, 58.1186278 ], [ 24.8327122, 58.1192776 ], [ 24.8327079, 58.1195021 ], [ 24.8312906, 58.1204127 ], [ 24.8309726, 58.1211355 ], [ 24.8301236, 58.1220676 ], [ 24.8302848, 58.1224142 ], [ 24.8313986, 58.1222989 ], [ 24.8317382, 58.1223591 ], [ 24.8320041, 58.1226831 ], [ 24.8319294, 58.1231697 ], [ 24.8312049, 58.1236994 ], [ 24.8310138, 58.1237124 ], [ 24.830208, 58.1234932 ], [ 24.8300234, 58.1235113 ], [ 24.8295492, 58.1239701 ], [ 24.8295547, 58.1242047 ], [ 24.8302755, 58.1248802 ], [ 24.8316893, 58.1257182 ], [ 24.8340267, 58.1260809 ], [ 24.8344348, 58.1262048 ], [ 24.8345547, 58.12642 ], [ 24.834451, 58.1266249 ], [ 24.8338901, 58.1270556 ], [ 24.833493, 58.1275359 ], [ 24.8340576, 58.1279406 ], [ 24.8343015, 58.1282698 ], [ 24.8347366, 58.1283243 ], [ 24.8358814, 58.1280265 ], [ 24.8361553, 58.1281428 ], [ 24.8356011, 58.1288604 ], [ 24.8346588, 58.1308464 ], [ 24.8351208, 58.1310898 ], [ 24.835783, 58.1310281 ], [ 24.8358393, 58.1312505 ], [ 24.8354954, 58.1314181 ], [ 24.8338846, 58.1315722 ], [ 24.8336653, 58.1317458 ], [ 24.8338233, 58.1324941 ], [ 24.8346615, 58.1324532 ], [ 24.8349373, 58.1325138 ], [ 24.8352309, 58.1327853 ], [ 24.8352544, 58.1329708 ], [ 24.8350522, 58.1330548 ], [ 24.83341, 58.1329678 ], [ 24.8332532, 58.1330836 ], [ 24.833297, 58.1331828 ], [ 24.8337823, 58.1334649 ], [ 24.8340996, 58.1335269 ], [ 24.8359193, 58.1332905 ], [ 24.8363026, 58.1333082 ], [ 24.8365084, 58.1335111 ], [ 24.8363741, 58.1339035 ], [ 24.8355221, 58.1344459 ], [ 24.8354392, 58.1345831 ], [ 24.8354682, 58.1348699 ], [ 24.8356281, 58.135019 ], [ 24.8367031, 58.1355419 ], [ 24.8378476, 58.1359023 ], [ 24.8386248, 58.1358398 ], [ 24.839183, 58.1355593 ], [ 24.8394713, 58.135608 ], [ 24.8393686, 58.1367969 ], [ 24.8394755, 58.1371303 ], [ 24.8398383, 58.1372241 ], [ 24.8414055, 58.1371007 ], [ 24.8417172, 58.1371914 ], [ 24.841793, 58.1372956 ], [ 24.841577, 58.1378742 ], [ 24.8409648, 58.1383002 ], [ 24.8404598, 58.1385382 ], [ 24.8394488, 58.1385668 ], [ 24.8390455, 58.1387872 ], [ 24.8390932, 58.1389135 ], [ 24.8398679, 58.1392831 ], [ 24.8403378, 58.1391821 ], [ 24.8412887, 58.1387707 ], [ 24.8418013, 58.13872 ], [ 24.8420677, 58.1387841 ], [ 24.8423196, 58.1389073 ], [ 24.8425915, 58.1393376 ], [ 24.8425501, 58.1400147 ], [ 24.8424359, 58.1401758 ], [ 24.8407945, 58.1410812 ], [ 24.8396081, 58.1415228 ], [ 24.8395158, 58.1418002 ], [ 24.8396142, 58.1419126 ], [ 24.8400473, 58.142006 ], [ 24.8411287, 58.1418469 ], [ 24.8422009, 58.1418398 ], [ 24.8429937, 58.1420252 ], [ 24.8431326, 58.1422319 ], [ 24.8426795, 58.1426383 ], [ 24.8414989, 58.1433246 ], [ 24.8393763, 58.1441353 ], [ 24.8389696, 58.1446174 ], [ 24.8391613, 58.1450296 ], [ 24.8396486, 58.1453876 ], [ 24.8398698, 58.14543 ], [ 24.8412998, 58.1452922 ], [ 24.8417758, 58.1454461 ], [ 24.8419681, 58.1457452 ], [ 24.8414765, 58.1464202 ], [ 24.8411998, 58.1465976 ], [ 24.8409807, 58.1466463 ], [ 24.8400371, 58.1465631 ], [ 24.8398433, 58.1466032 ], [ 24.8397966, 58.1467875 ], [ 24.8399959, 58.1472486 ], [ 24.8396924, 58.1473721 ], [ 24.8389452, 58.1472302 ], [ 24.8387739, 58.1470069 ], [ 24.8383949, 58.1469081 ], [ 24.8377897, 58.1469628 ], [ 24.8373082, 58.1472529 ], [ 24.8370881, 58.1472594 ], [ 24.8368166, 58.1471194 ], [ 24.8361743, 58.146278 ], [ 24.8358107, 58.1461539 ], [ 24.8354104, 58.1462375 ], [ 24.8348751, 58.1465482 ], [ 24.8346108, 58.1469837 ], [ 24.8344557, 58.1478523 ], [ 24.8349215, 58.1481142 ], [ 24.8367737, 58.1484125 ], [ 24.8371053, 58.1485302 ], [ 24.8373323, 58.1486806 ], [ 24.8374127, 58.1489754 ], [ 24.8361753, 58.150111 ], [ 24.835831, 58.1502652 ], [ 24.833264, 58.1506635 ], [ 24.832976, 58.1507684 ], [ 24.8327247, 58.1509422 ], [ 24.8324709, 58.1514215 ], [ 24.8324179, 58.1518843 ], [ 24.8325946, 58.1527456 ], [ 24.8322334, 58.1532712 ], [ 24.8313137, 58.1538072 ], [ 24.8299259, 58.1544002 ], [ 24.8288593, 58.154527 ], [ 24.8274374, 58.1544806 ], [ 24.8273395, 58.1546602 ], [ 24.82779, 58.1552226 ], [ 24.8274823, 58.1554457 ], [ 24.826935, 58.155662 ], [ 24.8260911, 58.1557586 ], [ 24.8257455, 58.1557237 ], [ 24.8253666, 58.155532 ], [ 24.8251081, 58.1551269 ], [ 24.8249948, 58.1545099 ], [ 24.8241342, 58.1537476 ], [ 24.8232712, 58.1537093 ], [ 24.8223438, 58.1539195 ], [ 24.8215387, 58.1540345 ], [ 24.8211583, 58.1540116 ], [ 24.8207172, 58.1541275 ], [ 24.8207485, 58.1543771 ], [ 24.8213853, 58.1547173 ], [ 24.8222149, 58.1548301 ], [ 24.8236405, 58.1547618 ], [ 24.8238025, 58.1548637 ], [ 24.8237891, 58.1549752 ], [ 24.8232158, 58.1555831 ], [ 24.8218232, 58.156112 ], [ 24.8210822, 58.15624 ], [ 24.8193692, 58.1563101 ], [ 24.8189617, 58.1563651 ], [ 24.8187063, 58.1565051 ], [ 24.8185823, 58.1568013 ], [ 24.8188562, 58.1573278 ], [ 24.8197396, 58.1576951 ], [ 24.819951, 58.1579992 ], [ 24.8186374, 58.1594643 ], [ 24.8185185, 58.1601266 ], [ 24.8188397, 58.161036 ], [ 24.8185845, 58.1611861 ], [ 24.817322, 58.161277 ], [ 24.8169697, 58.1615105 ], [ 24.8168364, 58.1622371 ], [ 24.8171723, 58.1625948 ], [ 24.8176851, 58.1628643 ] ] } },
{ "type": "Feature", "properties": { "source_fid": "w237681216", "name": "Halliste jõgi" }, "geometry": { "type": "LineString", "coordinates": [ [ 25.0440236, 58.5075031 ], [ 25.0445103, 58.5077483 ], [ 25.0455482, 58.5079699 ], [ 25.04712, 58.5085655 ], [ 25.0477525, 58.5091125 ], [ 25.0477322, 58.5098088 ] ] } },
{ "type": "Feature", "properties": { "source_fid": "w237681217", "name": "Navesti jõgi" }, "geometry": { "type": "LineString", "coordinates": [ [ 24.9160893, 58.4847564 ], [ 24.9152098, 58.4848737 ], [ 24.9118457, 58.4847206 ], [ 24.9083312, 58.4848479 ], [ 24.9072924, 58.4847923 ], [ 24.9060751, 58.4845175 ], [ 24.905322, 58.4844638 ], [ 24.9046345, 58.4846182 ], [ 24.9042188, 58.4848219 ], [ 24.9039046, 58.4851745 ], [ 24.9038183, 58.485616 ], [ 24.9041161, 58.4860902 ], [ 24.9051887, 58.4868738 ], [ 24.9054377, 58.4877853 ], [ 24.9051673, 58.4883777 ], [ 24.9048085, 58.4887463 ], [ 24.9042596, 58.4890336 ], [ 24.9036026, 58.489114 ], [ 24.9031968, 58.4895096 ], [ 24.9030821, 58.4897269 ], [ 24.9036344, 58.4904473 ], [ 24.9037099, 58.4907538 ], [ 24.9034842, 58.4913301 ], [ 24.9029476, 58.4921015 ], [ 24.9027903, 58.4927089 ], [ 24.9024529, 58.493038 ], [ 24.9018596, 58.4933571 ], [ 24.9009021, 58.4936065 ], [ 24.8985151, 58.4936766 ] ] } },
{ "type": "Feature", "properties": { "source_fid": "w237681218", "name": "Navesti jõgi" }, "geometry": { "type": "LineString", "coordinates": [ [ 25.0795059, 58.5172395 ], [ 25.0751864, 58.5161354 ], [ 25.0732371, 58.5161163 ], [ 25.0715274, 58.516389 ], [ 25.0706813, 58.5164368 ], [ 25.070182, 58.5163465 ], [ 25.069626, 58.5161268 ], [ 25.0689704, 58.5155969 ], [ 25.0684679, 58.5154042 ], [ 25.0670907, 58.5151441 ], [ 25.0640069, 58.5151737 ], [ 25.0597621, 58.5148742 ], [ 25.0579083, 58.5142754 ], [ 25.0571438, 58.5138723 ], [ 25.056269, 58.5130528 ], [ 25.0559401, 58.5121226 ], [ 25.0555933, 58.5118459 ], [ 25.054546, 58.5115436 ], [ 25.0535846, 58.5115948 ], [ 25.0526853, 58.5114565 ], [ 25.052196, 58.5111968 ], [ 25.0515691, 58.5106114 ], [ 25.0511274, 58.51043 ], [ 25.0477322, 58.5098088 ] ] } },
{ "type": "Feature", "properties": { "source_fid": "w237681219", "name": "Pärnu jõgi" }, "geometry": { "type": "LineString", "coordinates": [ [ 24.8296022, 58.4878506 ], [ 24.8282106, 58.4873982 ], [ 24.8222293, 58.4848055 ], [ 24.8203213, 58.4842567 ], [ 24.8183648, 58.4840821 ], [ 24.8156645, 58.4842876 ], [ 24.8126831, 58.4835595 ], [ 24.8113002, 58.4828908 ], [ 24.8075783, 58.4806363 ], [ 24.8051946, 58.4795716 ], [ 24.803502, 58.4790612 ], [ 24.8002633, 58.4783307 ], [ 24.7954623, 58.4778452 ] ] } },
{ "type": "Feature", "properties": { "source_fid": "w237681220", "name": "Pärnu jõgi" }, "geometry": { "type": "LineString", "coordinates": [ [ 24.9405554, 58.5431121 ], [ 24.9414956, 58.5426517 ], [ 24.9446743, 58.5421511 ], [ 24.9454606, 58.5418671 ], [ 24.9456697, 58.5416466 ], [ 24.9457429, 58.5412559 ], [ 24.9455094, 58.5409733 ] ] } },
{ "type": "Feature", "properties": { "source_fid": "w237691377", "name": "Navesti jõgi" }, "geometry": { "type": "LineString", "coordinates": [ [ 25.2463365, 58.5725621 ], [ 25.2445901, 58.5723625 ], [ 25.2437996, 58.5724205 ], [ 25.2432614, 58.572552 ], [ 25.2425159, 58.5723971 ], [ 25.24223, 58.5724819 ], [ 25.2421011, 58.5726602 ], [ 25.2427737, 58.5736218 ], [ 25.2427293, 58.5739205 ], [ 25.2422524, 58.5742882 ], [ 25.2417591, 58.5744636 ], [ 25.2404249, 58.5745045 ], [ 25.2398363, 58.5743554 ], [ 25.2388777, 58.573803 ], [ 25.2375884, 58.5732301 ], [ 25.2367139, 58.5733149 ], [ 25.2356199, 58.5735783 ], [ 25.2310185, 58.574408 ], [ 25.2299478, 58.5742619 ], [ 25.2291573, 58.573993 ], [ 25.2287593, 58.5736861 ], [ 25.2285239, 58.5733003 ], [ 25.2281707, 58.5732214 ], [ 25.2270608, 58.5735575 ], [ 25.2268029, 58.5734669 ], [ 25.226485, 58.5723771 ], [ 25.2258051, 58.5718417 ], [ 25.2222519, 58.5713884 ], [ 25.2218867, 58.5714296 ], [ 25.2200665, 58.5711127 ], [ 25.2190333, 58.5708362 ], [ 25.2166966, 58.5704635 ], [ 25.2137124, 58.5706647 ], [ 25.2132763, 58.5708105 ], [ 25.2130582, 58.5709942 ], [ 25.2131782, 58.5715479 ], [ 25.2129705, 58.5720792 ], [ 25.2123573, 58.5725897 ], [ 25.2112494, 58.5728992 ], [ 25.2104878, 58.573023 ], [ 25.2089448, 58.5730127 ], [ 25.2075897, 58.5727496 ], [ 25.2039992, 58.5723783 ], [ 25.2013582, 58.5723061 ], [ 25.1985748, 58.5720756 ], [ 25.1964225, 58.5714396 ] ] } },
{ "type": "Feature", "properties": { "source_fid": "w237691378", "name": "Navesti jõgi" }, "geometry": { "type": "LineString", "coordinates": [ [ 25.2643263, 58.5765553 ], [ 25.2633043, 58.5763385 ], [ 25.2633688, 58.5760898 ], [ 25.2637709, 58.5759282 ], [ 25.2635201, 58.5758018 ], [ 25.2631714, 58.57587 ], [ 25.2624157, 58.576253 ], [ 25.2620142, 58.5767199 ], [ 25.2614659, 58.5766427 ], [ 25.2605612, 58.5761408 ], [ 25.260337, 58.5753757 ], [ 25.2597803, 58.5752369 ], [ 25.258957, 58.5753565 ], [ 25.2582649, 58.5756861 ], [ 25.2572834, 58.5766463 ], [ 25.2568727, 58.5768101 ], [ 25.2562161, 58.5768238 ], [ 25.2556763, 58.5766087 ], [ 25.2556326, 58.5760352 ], [ 25.2568645, 58.5751564 ], [ 25.2571361, 58.5745659 ], [ 25.2557122, 58.5736862 ], [ 25.2549845, 58.57372 ], [ 25.2541893, 58.5739658 ], [ 25.2537089, 58.5755001 ], [ 25.2535545, 58.5756456 ], [ 25.2533206, 58.5756813 ], [ 25.2530442, 58.5756444 ], [ 25.2527879, 58.5753859 ], [ 25.252207, 58.5750827 ], [ 25.2512609, 58.575052 ], [ 25.2503329, 58.5751196 ], [ 25.2498754, 58.5750039 ], [ 25.2489462, 58.5736422 ], [ 25.2477914, 58.5730951 ], [ 25.2469867, 58.5728755 ], [ 25.2463365, 58.5725621 ] ] } },
{ "type": "Feature", "properties": { "source_fid": "w237691708", "name": "Pärnu jõgi" }, "geometry": { "type": "LineString", "coordinates": [ [ 24.9414152, 58.5492089 ], [ 24.9407496, 58.5490816 ], [ 24.9401041, 58.5488178 ], [ 24.9397671, 58.5485633 ], [ 24.9393815, 58.5481403 ], [ 24.9390979, 58.5474173 ], [ 24.9389345, 58.5459723 ], [ 24.9392573, 58.5443282 ], [ 24.9396089, 58.5437578 ], [ 24.9405554, 58.5431121 ] ] } },
{ "type": "Feature", "properties": { "source_fid": "w237691709", "name": "Pärnu jõgi" }, "geometry": { "type": "LineString", "coordinates": [ [ 25.0126259, 58.5865664 ], [ 25.0123179, 58.5852749 ], [ 25.0120701, 58.5848726 ], [ 25.0111393, 58.5823031 ], [ 25.008591, 58.5809461 ], [ 25.0079139, 58.5807704 ], [ 25.006662, 58.5807853 ], [ 25.0046087, 58.5811238 ], [ 25.003412, 58.5816117 ], [ 25.0025717, 58.5821828 ], [ 25.0020935, 58.5822989 ], [ 25.0015148, 58.5822129 ], [ 25.0012082, 58.5820444 ], [ 25.0010353, 58.5816683 ], [ 25.0011464, 58.5812504 ], [ 25.0019499, 58.5801935 ], [ 25.0020172, 58.5796624 ], [ 25.0000138, 58.5778947 ], [ 24.9994585, 58.5767473 ], [ 24.9994756, 58.575848 ], [ 25.0000317, 58.5742996 ], [ 24.9998189, 58.5731258 ] ] } },
{ "type": "Feature", "properties": { "source_fid": "w238768080", "name": "Pärnu jõgi" }, "geometry": { "type": "LineString", "coordinates": [ [ 24.724142, 58.4284516 ], [ 24.7223439, 58.425973 ], [ 24.7213203, 58.4252372 ], [ 24.7192454, 58.424766 ], [ 24.7150951, 58.4243331 ], [ 24.7138207, 58.4240712 ], [ 24.7125512, 58.4234898 ], [ 24.7120899, 58.4231323 ] ] } },
{ "type": "Feature", "properties": { "source_fid": "w238768081", "name": "Pärnu jõgi" }, "geometry": { "type": "LineString", "coordinates": [ [ 24.627087, 58.3900893 ], [ 24.6210984, 58.3883159 ], [ 24.6172255, 58.386362 ], [ 24.6152256, 58.3849134 ], [ 24.6134151, 58.3830847 ], [ 24.6094957, 58.3802053 ], [ 24.6073215, 58.3783158 ], [ 24.6011288, 58.37354 ], [ 24.596459, 58.3705591 ], [ 24.591522, 58.3677704 ] ] } },
{ "type": "Feature", "properties": { "source_fid": "w238768082", "name": "Pärnu jõgi" }, "geometry": { "type": "LineString", "coordinates": [ [ 24.7954623, 58.4778452 ], [ 24.7940636, 58.4762388 ], [ 24.7930826, 58.4756644 ], [ 24.7925365, 58.4754613 ], [ 24.7919025, 58.4753621 ], [ 24.7902294, 58.4752658 ] ] } },
{ "type": "Feature", "properties": { "source_fid": "w243727202", "name": "Vaskjõgi" }, "geometry": { "type": "LineString", "coordinates": [ [ 24.7028489, 58.3631018 ], [ 24.7027276, 58.3618274 ], [ 24.7018425, 58.3614222 ], [ 24.7013865, 58.3609579 ], [ 24.7007374, 58.3605021 ], [ 24.6994714, 58.3601531 ], [ 24.6990423, 58.3597732 ], [ 24.6986882, 58.3597788 ], [ 24.6972345, 58.3594777 ], [ 24.6965532, 58.3590415 ], [ 24.6958558, 58.3588502 ], [ 24.6948741, 58.3588136 ], [ 24.6946488, 58.3586476 ], [ 24.6944933, 58.3583042 ], [ 24.6936779, 58.3579525 ], [ 24.6932219, 58.3575331 ], [ 24.6928517, 58.3573699 ], [ 24.6902285, 58.3569731 ], [ 24.6891235, 58.3564243 ], [ 24.6885602, 58.3560162 ], [ 24.6885173, 58.3555715 ], [ 24.6888553, 58.3547216 ], [ 24.6887426, 58.3541756 ], [ 24.6897565, 58.3534944 ], [ 24.6900891, 58.3519492 ], [ 24.6878092, 58.3482702 ], [ 24.6879755, 58.3477128 ], [ 24.689161, 58.3460885 ], [ 24.6878452, 58.3427578 ], [ 24.6880163, 58.3423952 ], [ 24.690735, 58.3407429 ], [ 24.6911962, 58.339365 ], [ 24.691702, 58.3388132 ], [ 24.6915637, 58.3377534 ], [ 24.6912838, 58.337472 ], [ 24.6907218, 58.3371602 ], [ 24.6905673, 58.3369119 ], [ 24.6905598, 58.3359806 ], [ 24.6898873, 58.3353003 ], [ 24.6902551, 58.3346144 ], [ 24.6901897, 58.334002 ], [ 24.6908685, 58.3333706 ], [ 24.6909045, 58.3332074 ], [ 24.6904951, 58.3326775 ], [ 24.690804, 58.3318926 ], [ 24.6902734, 58.3313595 ], [ 24.6882952, 58.3305776 ], [ 24.6887667, 58.3300916 ], [ 24.6878786, 58.3294912 ], [ 24.6878363, 58.3293284 ], [ 24.6884446, 58.3288809 ], [ 24.6889602, 58.3281971 ], [ 24.6890185, 58.3280881 ], [ 24.6888791, 58.327914 ], [ 24.687476, 58.3275214 ], [ 24.6851284, 58.3275129 ], [ 24.6849358, 58.3274556 ], [ 24.6844331, 58.3267296 ], [ 24.6836032, 58.3265379 ], [ 24.6827428, 58.3260682 ], [ 24.6827307, 58.3259596 ], [ 24.6829797, 58.3258152 ], [ 24.6840384, 58.3253405 ], [ 24.684185, 58.324985 ], [ 24.6839007, 58.324653 ], [ 24.683663, 58.3245156 ], [ 24.6830478, 58.324384 ], [ 24.6829091, 58.3242124 ], [ 24.6824867, 58.3233639 ], [ 24.682683, 58.3225983 ] ] } },
{ "type": "Feature", "properties": { "source_fid": "w243727203", "name": "Vaskjõgi" }, "geometry": { "type": "LineString", "coordinates": [ [ 24.682698, 58.3224984 ], [ 24.6825984, 58.3217662 ], [ 24.6840775, 58.3205347 ], [ 24.6843346, 58.3202089 ], [ 24.6833701, 58.3195569 ], [ 24.6831845, 58.3193353 ], [ 24.6829906, 58.3186845 ], [ 24.6837559, 58.3181557 ], [ 24.6838291, 58.3177737 ], [ 24.6834916, 58.3169911 ], [ 24.6826047, 58.3164394 ], [ 24.682724, 58.3160969 ], [ 24.6832529, 58.315845 ], [ 24.6837126, 58.3151403 ], [ 24.683674, 58.3149683 ], [ 24.6833202, 58.3146601 ], [ 24.6829695, 58.3134665 ], [ 24.6831014, 58.3132897 ], [ 24.6837509, 58.3129976 ], [ 24.6838425, 58.3125812 ], [ 24.6835846, 58.3121328 ], [ 24.68334, 58.3120067 ], [ 24.6817808, 58.3120188 ], [ 24.6811058, 58.3120974 ], [ 24.6807339, 58.3120132 ], [ 24.6803377, 58.3117792 ], [ 24.6801311, 58.3114056 ], [ 24.6806019, 58.310706 ], [ 24.6805953, 58.3099977 ], [ 24.6815974, 58.3087894 ], [ 24.6816641, 58.3085567 ], [ 24.6814211, 58.307771 ], [ 24.680588, 58.3070334 ], [ 24.6801644, 58.3068483 ], [ 24.6796291, 58.30678 ], [ 24.6789292, 58.3063003 ], [ 24.6779696, 58.3060131 ], [ 24.6777379, 58.3058082 ], [ 24.6778149, 58.3053693 ], [ 24.6771824, 58.3050616 ], [ 24.6755505, 58.3046093 ], [ 24.675269, 58.3040337 ], [ 24.6750244, 58.3039038 ], [ 24.6740471, 58.3038003 ], [ 24.6740544, 58.3034368 ], [ 24.6737716, 58.3031684 ], [ 24.6725838, 58.3024777 ], [ 24.6719958, 58.3022559 ], [ 24.6705236, 58.3023311 ], [ 24.6697041, 58.3019157 ], [ 24.6683086, 58.3015258 ], [ 24.668549, 58.3010636 ], [ 24.6673407, 58.3004103 ], [ 24.6673992, 58.3001177 ], [ 24.6667406, 58.2999226 ], [ 24.6666033, 58.2998146 ], [ 24.6665684, 58.2994737 ], [ 24.6673089, 58.2987316 ], [ 24.6671753, 58.2983149 ] ] } },
{ "type": "Feature", "properties": { "source_fid": "w243727209", "name": "Vaskjõgi" }, "geometry": { "type": "LineString", "coordinates": [ [ 24.682683, 58.3225983 ], [ 24.682698, 58.3224984 ] ] } },
{ "type": "Feature", "properties": { "source_fid": "w251897037", "name": "Alva jõgi" }, "geometry": { "type": "LineString", "coordinates": [ [ 25.0360999, 58.179794 ], [ 25.036225, 58.1798598 ] ] } },
{ "type": "Feature", "properties": { "source_fid": "w251897039", "name": "Alva jõgi" }, "geometry": { "type": "LineString", "coordinates": [ [ 25.036225, 58.1798598 ], [ 25.0367839, 58.1802096 ], [ 25.0366717, 58.1804127 ], [ 25.0367932, 58.1806227 ], [ 25.0371687, 58.1807623 ], [ 25.0373238, 58.1807744 ], [ 25.0374888, 58.1806438 ], [ 25.037878, 58.1807744 ], [ 25.0378277, 58.1805949 ], [ 25.0379496, 58.1805271 ], [ 25.0382781, 58.1806017 ], [ 25.0384377, 58.1808649 ], [ 25.0388294, 58.180884 ], [ 25.0390623, 58.1807691 ], [ 25.0393988, 58.1807307 ], [ 25.0393839, 58.1811796 ], [ 25.0389888, 58.1813315 ], [ 25.0392439, 58.1814914 ], [ 25.0398458, 58.1814865 ], [ 25.0399374, 58.1816329 ], [ 25.0397487, 58.1819138 ], [ 25.0398036, 58.1822537 ], [ 25.0405231, 58.1822255 ], [ 25.0405987, 58.1820228 ], [ 25.0407666, 58.1819902 ], [ 25.0411512, 58.1822471 ], [ 25.0410815, 58.1824632 ], [ 25.0415506, 58.1826258 ], [ 25.0416928, 58.1825845 ], [ 25.0416495, 58.1824496 ], [ 25.0420492, 58.1825503 ], [ 25.0422175, 58.1829175 ], [ 25.0419549, 58.1831708 ], [ 25.0422411, 58.1832398 ], [ 25.0424664, 58.1831533 ], [ 25.0429057, 58.183545 ], [ 25.0428495, 58.1838367 ], [ 25.042586, 58.1839637 ], [ 25.043124, 58.1839831 ], [ 25.0434226, 58.1840921 ], [ 25.0438238, 58.1840531 ], [ 25.044112, 58.1845709 ], [ 25.0444452, 58.1846098 ], [ 25.0441819, 58.1847457 ], [ 25.0438618, 58.1847706 ], [ 25.0440465, 58.1849266 ], [ 25.0445357, 58.1849137 ], [ 25.0444287, 58.1852921 ], [ 25.0439622, 58.1854074 ], [ 25.0441422, 58.185501 ], [ 25.0441988, 58.1857026 ], [ 25.0445331, 58.1858753 ], [ 25.0444318, 58.1860633 ], [ 25.0448156, 58.1861018 ], [ 25.0449708, 58.186212 ], [ 25.0453792, 58.1862265 ], [ 25.0459629, 58.1859794 ], [ 25.0463457, 58.186272 ], [ 25.046283, 58.1864345 ], [ 25.0465034, 58.1863703 ], [ 25.0465665, 58.1866967 ], [ 25.0467314, 58.1866597 ], [ 25.0470887, 58.1867519 ], [ 25.0470798, 58.1869273 ], [ 25.046924, 58.1869865 ], [ 25.0474588, 58.186991 ], [ 25.0475903, 58.1870613 ], [ 25.0475778, 58.18721 ], [ 25.0479918, 58.1871263 ], [ 25.048238, 58.187267 ], [ 25.0482357, 58.18738 ], [ 25.0480966, 58.1874346 ], [ 25.0478159, 58.1873611 ], [ 25.0477545, 58.1874731 ], [ 25.0478923, 58.1876607 ], [ 25.0482343, 58.1876177 ], [ 25.0482963, 58.1878104 ], [ 25.0484748, 58.1878535 ], [ 25.0483548, 58.1879809 ], [ 25.0485078, 58.1883972 ], [ 25.048899, 58.1883033 ], [ 25.0491076, 58.1884101 ], [ 25.0488904, 58.1886764 ], [ 25.0492338, 58.18906 ], [ 25.0487362, 58.1891758 ], [ 25.0491148, 58.1893485 ], [ 25.0489207, 58.1895758 ], [ 25.0490853, 58.1897478 ], [ 25.0496764, 58.1898455 ], [ 25.0494139, 58.1901048 ], [ 25.0497033, 58.1901826 ], [ 25.049788, 58.1902889 ], [ 25.0501373, 58.1903009 ], [ 25.0502249, 58.1905008 ], [ 25.049994, 58.190687 ], [ 25.0502155, 58.1907535 ], [ 25.0505047, 58.1907333 ], [ 25.0506167, 58.1908082 ], [ 25.0504935, 58.1911138 ], [ 25.0506822, 58.1912119 ], [ 25.0502591, 58.1914665 ], [ 25.0502079, 58.1917315 ], [ 25.0503751, 58.1917702 ], [ 25.0508276, 58.191655 ], [ 25.0510391, 58.1917647 ], [ 25.0511361, 58.1919987 ], [ 25.0509305, 58.1921832 ], [ 25.0512486, 58.1922802 ], [ 25.0506265, 58.1924651 ], [ 25.0509866, 58.1927445 ], [ 25.0519494, 58.1928495 ], [ 25.0520204, 58.1929648 ], [ 25.05255, 58.193229 ], [ 25.0522075, 58.1935319 ], [ 25.052297, 58.1936317 ], [ 25.0529072, 58.1935416 ], [ 25.0533176, 58.1937135 ], [ 25.0538354, 58.1936761 ], [ 25.0540228, 58.1937394 ], [ 25.0542722, 58.1940147 ], [ 25.0542672, 58.1943108 ], [ 25.0546708, 58.1947352 ], [ 25.0556883, 58.1964819 ], [ 25.0561953, 58.1966813 ], [ 25.0568542, 58.1972569 ], [ 25.0570759, 58.1973279 ], [ 25.0571941, 58.1975156 ], [ 25.0576119, 58.1977455 ], [ 25.0576098, 58.1979565 ], [ 25.0579416, 58.1984159 ], [ 25.0579263, 58.1987534 ], [ 25.0581681, 58.1992136 ], [ 25.0581748, 58.1995316 ], [ 25.0585504, 58.1995731 ], [ 25.0586374, 58.1996585 ], [ 25.0585668, 58.2000277 ], [ 25.0583541, 58.2001647 ], [ 25.0582908, 58.2003619 ], [ 25.0583331, 58.2004194 ], [ 25.0585342, 58.2003667 ], [ 25.0585536, 58.200503 ], [ 25.0540025, 58.2083123 ], [ 25.0494472, 58.2136436 ], [ 25.0496522, 58.2137719 ], [ 25.0493517, 58.2139526 ], [ 25.0499132, 58.213945 ], [ 25.0497268, 58.2142112 ], [ 25.0499226, 58.214102 ], [ 25.0500805, 58.2141096 ], [ 25.0500891, 58.2142467 ], [ 25.0507439, 58.2146303 ], [ 25.0505845, 58.2147697 ], [ 25.0506814, 58.2149978 ], [ 25.0505714, 58.2152765 ] ] } },
{ "type": "Feature", "properties": { "source_fid": "w259972563", "name": "Alva jõgi" }, "geometry": { "type": "LineString", "coordinates": [ [ 25.0090141, 58.1652901 ], [ 25.0091411, 58.1654067 ] ] } },
{ "type": "Feature", "properties": { "source_fid": "w259972564", "name": "Alva jõgi" }, "geometry": { "type": "LineString", "coordinates": [ [ 25.0091411, 58.1654067 ], [ 25.0092599, 58.1654793 ], [ 25.0100556, 58.1652768 ], [ 25.0129701, 58.1690507 ], [ 25.0143803, 58.1711542 ], [ 25.0159801, 58.1729961 ], [ 25.0161129, 58.1733131 ], [ 25.0164556, 58.1731989 ], [ 25.0168328, 58.1734024 ], [ 25.0180911, 58.1738278 ], [ 25.0185913, 58.1742013 ], [ 25.0184428, 58.1744179 ], [ 25.0190768, 58.1743594 ], [ 25.0194205, 58.1741812 ], [ 25.0194008, 58.1744727 ], [ 25.0197032, 58.1746189 ], [ 25.0201125, 58.1746691 ], [ 25.0199963, 58.1748365 ], [ 25.0200679, 58.1749786 ], [ 25.0204842, 58.1749752 ], [ 25.0209328, 58.1748289 ], [ 25.0210455, 58.1749306 ], [ 25.0208518, 58.1751387 ], [ 25.0210365, 58.1752056 ], [ 25.0215478, 58.174986 ], [ 25.0216246, 58.1750166 ], [ 25.0218893, 58.1753191 ], [ 25.0218027, 58.1755353 ], [ 25.0221065, 58.1756324 ], [ 25.0221639, 58.1759634 ], [ 25.0225222, 58.1762934 ], [ 25.0231244, 58.1761042 ], [ 25.0234844, 58.1762945 ], [ 25.0237477, 58.1762567 ], [ 25.0239955, 58.1763617 ], [ 25.024183, 58.1767199 ], [ 25.0244804, 58.1767888 ], [ 25.0248101, 58.1767104 ], [ 25.024896, 58.1767632 ], [ 25.024737, 58.1771018 ], [ 25.0249133, 58.1771673 ], [ 25.0254635, 58.1770276 ], [ 25.0261067, 58.1769912 ], [ 25.026191, 58.1771837 ], [ 25.0259329, 58.1774013 ], [ 25.0263971, 58.1775016 ], [ 25.026389, 58.1774154 ], [ 25.0266259, 58.1773377 ], [ 25.0271255, 58.1773961 ], [ 25.0274885, 58.177304 ], [ 25.0279746, 58.1777667 ], [ 25.0285702, 58.1776445 ], [ 25.0286466, 58.1778504 ], [ 25.0289253, 58.1778571 ], [ 25.0290765, 58.1777355 ], [ 25.029446, 58.1778662 ], [ 25.0296478, 58.1780355 ], [ 25.0294202, 58.1782395 ], [ 25.0294889, 58.178279 ], [ 25.0297545, 58.178317 ], [ 25.0301322, 58.1782471 ], [ 25.0303436, 58.1783583 ], [ 25.0308185, 58.1784347 ], [ 25.030774, 58.1787412 ], [ 25.0313415, 58.1788124 ], [ 25.031526, 58.1786757 ], [ 25.0318449, 58.1787087 ], [ 25.0322309, 58.1786343 ], [ 25.0324204, 58.1786684 ], [ 25.0327682, 58.1789212 ], [ 25.0329717, 58.178759 ], [ 25.0333875, 58.1789355 ], [ 25.0336065, 58.1789188 ], [ 25.0336933, 58.179193 ], [ 25.0335565, 58.1793279 ], [ 25.0339599, 58.1792667 ], [ 25.0339337, 58.179142 ], [ 25.0344038, 58.1791516 ], [ 25.0344839, 58.1790023 ], [ 25.0347497, 58.1790492 ], [ 25.0347438, 58.1792335 ], [ 25.0350213, 58.1792937 ], [ 25.0349592, 58.1794785 ], [ 25.0356516, 58.1793926 ], [ 25.035576, 58.1792134 ], [ 25.0356792, 58.1791813 ], [ 25.0359352, 58.1792773 ], [ 25.0359432, 58.179359 ], [ 25.0357138, 58.1794054 ], [ 25.0360999, 58.179794 ] ] } },
{ "type": "Feature", "properties": { "source_fid": "w264951856", "name": "Vändra jõgi" }, "geometry": { "type": "LineString", "coordinates": [ [ 25.0311486, 58.6645044 ], [ 25.031305, 58.6643555 ] ] } },
{ "type": "Feature", "properties": { "source_fid": "w264951857", "name": "Vändra jõgi" }, "geometry": { "type": "LineString", "coordinates": [ [ 24.9896811, 58.6317476 ], [ 24.9895148, 58.6315018 ], [ 24.9896084, 58.6310619 ], [ 24.9894056, 58.6301334 ], [ 24.9892002, 58.6298546 ], [ 24.9884279, 58.6294905 ], [ 24.9872527, 58.6291128 ], [ 24.9867196, 58.6290208 ], [ 24.9865401, 58.6289288 ], [ 24.9863468, 58.6285583 ], [ 24.9864698, 58.6282221 ], [ 24.9873396, 58.6278196 ], [ 24.9878711, 58.6272067 ], [ 24.9878008, 58.6270146 ], [ 24.986953, 58.6267311 ], [ 24.9867422, 58.6265641 ], [ 24.9859866, 58.6241776 ], [ 24.985179, 58.6237981 ], [ 24.9848304, 58.6237368 ], [ 24.9847002, 58.6237959 ], [ 24.984465, 58.6243339 ], [ 24.984129, 58.6243584 ], [ 24.9839299, 58.6242088 ], [ 24.9836826, 58.6236906 ], [ 24.9826504, 58.622908 ], [ 24.982474, 58.6225493 ], [ 24.9829907, 58.6217882 ], [ 24.9833183, 58.6210249 ], [ 24.9836585, 58.620734 ], [ 24.984927, 58.6205831 ], [ 24.9853512, 58.6207078 ], [ 24.9856075, 58.6209396 ], [ 24.9860111, 58.6209845 ], [ 24.9861493, 58.6209221 ], [ 24.9861073, 58.620535 ], [ 24.9855613, 58.6200713 ], [ 24.9852588, 58.6195224 ], [ 24.9849396, 58.6192796 ], [ 24.9848892, 58.6189318 ], [ 24.984423, 58.6186169 ], [ 24.9848724, 58.61828 ], [ 24.984843, 58.6181532 ], [ 24.9846456, 58.6180657 ], [ 24.9839399, 58.6180679 ], [ 24.9836165, 58.6179322 ], [ 24.9841919, 58.6170901 ], [ 24.9840575, 58.6167905 ], [ 24.9841583, 58.6166264 ], [ 24.9847968, 58.6164208 ], [ 24.9862795, 58.6163617 ], [ 24.9866365, 58.6162152 ], [ 24.9866084, 58.6159582 ], [ 24.9855646, 58.6156136 ], [ 24.9854596, 58.6151401 ], [ 24.9848799, 58.6149071 ], [ 24.9838887, 58.614894 ], [ 24.9830213, 58.615291 ], [ 24.9819922, 58.6155316 ], [ 24.9816373, 58.6155152 ], [ 24.9815197, 58.6145396 ], [ 24.981715, 58.6143569 ], [ 24.9820678, 58.614264 ], [ 24.9821014, 58.6141426 ], [ 24.9818956, 58.6138921 ], [ 24.9811395, 58.6137565 ], [ 24.9809841, 58.6136405 ], [ 24.9816373, 58.6130302 ], [ 24.9814756, 58.6126561 ], [ 24.9810408, 58.6126648 ], [ 24.9800621, 58.6132467 ], [ 24.9795287, 58.6133343 ], [ 24.978996, 58.6132 ], [ 24.9784723, 58.6129594 ], [ 24.9780781, 58.6126856 ], [ 24.977729, 58.6121456 ], [ 24.9776653, 58.6114386 ], [ 24.9774826, 58.6111081 ], [ 24.9768316, 58.6104579 ], [ 24.9768419, 58.6103092 ], [ 24.9774169, 58.6097445 ], [ 24.9779549, 58.6095434 ], [ 24.9778337, 58.6093445 ], [ 24.9768871, 58.6092578 ], [ 24.9762155, 58.6089935 ], [ 24.9756147, 58.6085991 ], [ 24.9750314, 58.6085144 ], [ 24.9745344, 58.6085907 ], [ 24.9742654, 58.6087288 ], [ 24.9740846, 58.6091325 ], [ 24.974165, 58.6098395 ], [ 24.9739682, 58.6099608 ], [ 24.9737232, 58.6099482 ], [ 24.9732855, 58.6098457 ], [ 24.9687316, 58.6081577 ], [ 24.9682175, 58.6076097 ], [ 24.9680087, 58.6070072 ], [ 24.9682456, 58.6068001 ], [ 24.9694303, 58.6068357 ], [ 24.9695628, 58.6064633 ], [ 24.9682456, 58.6055199 ], [ 24.9661695, 58.6022123 ], [ 24.9662659, 58.6016558 ], [ 24.9659406, 58.6013148 ], [ 24.9649647, 58.6009738 ], [ 24.964792, 58.6005574 ], [ 24.9648283, 58.6001659 ] ] } },
{ "type": "Feature", "properties": { "source_fid": "w265862308", "name": null }, "geometry": { "type": "LineString", "coordinates": [ [ 24.3581106, 58.4124345 ], [ 24.3582686, 58.4123315 ], [ 24.3589022, 58.4124475 ], [ 24.3595583, 58.4123583 ], [ 24.3599152, 58.4124197 ], [ 24.3613826, 58.4122943 ] ] } },
{ "type": "Feature", "properties": { "source_fid": "w269143336", "name": "Pärnu jõgi" }, "geometry": { "type": "LineString", "coordinates": [ [ 25.1768814, 58.6333599 ], [ 25.1760128, 58.633296 ], [ 25.1755123, 58.6331515 ], [ 25.1743264, 58.6326831 ], [ 25.1736661, 58.6321117 ], [ 25.1731446, 58.6320351 ], [ 25.1726231, 58.6320635 ], [ 25.1719769, 58.6322466 ], [ 25.1714088, 58.6325603 ] ] } },
{ "type": "Feature", "properties": { "source_fid": "w269193400", "name": "Kurina jõgi" }, "geometry": { "type": "LineString", "coordinates": [ [ 24.7628826, 58.4312328 ], [ 24.7616778, 58.4306916 ], [ 24.7609481, 58.430604 ], [ 24.7598921, 58.4303382 ], [ 24.7588113, 58.4302987 ], [ 24.7583761, 58.430102 ], [ 24.7576174, 58.4299994 ], [ 24.7568515, 58.4297944 ], [ 24.7554313, 58.4297853 ], [ 24.7547712, 58.4295445 ], [ 24.7536078, 58.4296508 ], [ 24.7532741, 58.429524 ], [ 24.7528883, 58.4290972 ], [ 24.7523718, 58.4289088 ], [ 24.7506847, 58.4290394 ], [ 24.7503177, 58.4288967 ], [ 24.7499536, 58.4285199 ], [ 24.7496199, 58.4285344 ], [ 24.7489294, 58.4289886 ], [ 24.7481896, 58.4290835 ], [ 24.747972, 58.4289696 ], [ 24.7480996, 58.4284182 ], [ 24.7479386, 58.4281463 ], [ 24.746015, 58.4274794 ], [ 24.7454493, 58.4269599 ], [ 24.7451911, 58.4269386 ], [ 24.7450257, 58.427206 ], [ 24.7447791, 58.4273526 ], [ 24.7441727, 58.4274042 ], [ 24.7434793, 58.4273548 ], [ 24.7428802, 58.4266317 ], [ 24.740884, 58.426356 ], [ 24.7400905, 58.4261631 ], [ 24.7396698, 58.4256982 ], [ 24.7377593, 58.4250602 ], [ 24.7363319, 58.4241684 ], [ 24.7335785, 58.4235159 ], [ 24.7328837, 58.423007 ], [ 24.7323498, 58.4228353 ], [ 24.7317579, 58.4224897 ], [ 24.7315026, 58.4226036 ], [ 24.7309006, 58.4227016 ], [ 24.7304581, 58.4230267 ], [ 24.7301709, 58.4230222 ], [ 24.7293252, 58.4226158 ], [ 24.728758, 58.4221524 ], [ 24.7277976, 58.4219594 ], [ 24.7275365, 58.4217657 ], [ 24.7273987, 58.4217832 ], [ 24.7272681, 58.4219389 ], [ 24.7271942, 58.4222466 ], [ 24.7273943, 58.4224616 ], [ 24.727242, 58.4225269 ], [ 24.7260104, 58.4221501 ], [ 24.7252807, 58.4216168 ], [ 24.7249703, 58.4216054 ], [ 24.7245612, 58.421787 ], [ 24.7240984, 58.4218105 ], [ 24.7231947, 58.4215728 ], [ 24.7228349, 58.421708 ], [ 24.7219877, 58.4215507 ], [ 24.7217498, 58.421746 ], [ 24.7215859, 58.4216989 ], [ 24.7212624, 58.4213661 ], [ 24.7210317, 58.4213365 ], [ 24.7209244, 58.4214839 ], [ 24.7212435, 58.4217619 ], [ 24.721171, 58.421847 ], [ 24.720981, 58.4218531 ], [ 24.7202295, 58.4214763 ], [ 24.7203209, 58.42106 ], [ 24.7188006, 58.4210433 ], [ 24.718467, 58.421319 ], [ 24.7182653, 58.4213494 ], [ 24.7171299, 58.4206557 ] ] } },
{ "type": "Feature", "properties": { "source_fid": "w277571725", "name": "Lähkma jõgi" }, "geometry": { "type": "LineString", "coordinates": [ [ 24.847165, 58.2853893 ], [ 24.8461094, 58.2850711 ], [ 24.8456009, 58.2850297 ], [ 24.8453016, 58.2847533 ], [ 24.844596, 58.2845593 ], [ 24.8440287, 58.2845789 ], [ 24.8438209, 58.2844918 ], [ 24.8432746, 58.2833282 ], [ 24.8432092, 58.2826458 ], [ 24.842796, 58.2822591 ], [ 24.8422637, 58.2820173 ], [ 24.8422063, 58.2815608 ], [ 24.8416543, 58.2811864 ], [ 24.8417057, 58.2809188 ], [ 24.8422287, 58.2806549 ], [ 24.8423874, 58.2803787 ], [ 24.8432419, 58.2798312 ], [ 24.8437727, 58.2796853 ], [ 24.843947, 58.2793721 ], [ 24.8439073, 58.2786368 ], [ 24.8435781, 58.2779948 ], [ 24.8438536, 58.2775762 ], [ 24.8434544, 58.2772975 ], [ 24.8433919, 58.2771214 ], [ 24.8438886, 58.2765659 ], [ 24.8432209, 58.2762344 ], [ 24.8429758, 58.2755531 ], [ 24.8425672, 58.2753309 ], [ 24.8419018, 58.2753296 ], [ 24.8413368, 58.2749736 ], [ 24.8405487, 58.2748732 ], [ 24.8398683, 58.2745132 ], [ 24.8394084, 58.2744629 ], [ 24.8387103, 58.2745709 ], [ 24.838213, 58.2744985 ], [ 24.8380274, 58.2745714 ], [ 24.8380379, 58.2751602 ], [ 24.8372348, 58.2755948 ], [ 24.8364503, 58.2757741 ], [ 24.8364289, 58.2764077 ], [ 24.8362355, 58.2766555 ], [ 24.8359507, 58.2767451 ], [ 24.8355958, 58.2767034 ], [ 24.8347857, 58.2763019 ], [ 24.8335553, 58.2762774 ], [ 24.8325934, 58.2758735 ], [ 24.8315871, 58.2758281 ], [ 24.8311506, 58.2757065 ], [ 24.8304852, 58.2751786 ], [ 24.8306649, 58.2749392 ], [ 24.8313046, 58.2746274 ], [ 24.831314, 58.2744469 ], [ 24.8309303, 58.2741765 ], [ 24.8299459, 58.2738331 ], [ 24.8298385, 58.2737275 ], [ 24.8298525, 58.2734758 ], [ 24.8302354, 58.2732904 ], [ 24.830184, 58.2731284 ], [ 24.8294976, 58.2727858 ], [ 24.8286826, 58.2725882 ], [ 24.8275505, 58.2718589 ], [ 24.8280291, 58.2712658 ], [ 24.8285637, 58.2711136 ], [ 24.8287435, 58.2709134 ], [ 24.8264812, 58.2701571 ], [ 24.8264672, 58.2690852 ], [ 24.8253674, 58.2689292 ], [ 24.8249919, 58.268805 ], [ 24.8243333, 58.2680194 ], [ 24.8241722, 58.2676718 ], [ 24.82452, 58.2671524 ], [ 24.8246861, 58.2663363 ], [ 24.8236259, 58.2659146 ], [ 24.823388, 58.2656309 ], [ 24.823313, 58.2651582 ], [ 24.8230188, 58.265082 ], [ 24.8224702, 58.2651471 ], [ 24.8221713, 58.2650771 ], [ 24.8217021, 58.2647849 ], [ 24.8216857, 58.2643882 ], [ 24.8203456, 58.2637889 ], [ 24.8203573, 58.2635212 ], [ 24.8212258, 58.2631159 ], [ 24.8212748, 58.2630214 ], [ 24.8199254, 58.2626517 ], [ 24.8197573, 58.2624749 ], [ 24.8196522, 58.2619124 ], [ 24.8188121, 58.2614914 ], [ 24.8183775, 58.2611693 ], [ 24.8175627, 58.2610097 ], [ 24.8171634, 58.2602863 ], [ 24.816838, 58.26023 ], [ 24.8160591, 58.2603987 ], [ 24.8155221, 58.2609034 ], [ 24.8153144, 58.260948 ], [ 24.8149259, 58.2607471 ], [ 24.8149259, 58.2603137 ], [ 24.814457, 58.260087 ], [ 24.8135772, 58.2601621 ], [ 24.8128649, 58.2606285 ], [ 24.8124808, 58.2607495 ], [ 24.8114157, 58.2606308 ], [ 24.8111477, 58.260753 ], [ 24.8110249, 58.261022 ], [ 24.8115742, 58.2613767 ], [ 24.8115385, 58.2616493 ], [ 24.8110093, 58.2619829 ], [ 24.8090375, 58.2626089 ], [ 24.808089, 58.2625516 ], [ 24.8076067, 58.2624112 ], [ 24.8037224, 58.2620947 ], [ 24.8034013, 58.2619761 ], [ 24.8027033, 58.2620053 ], [ 24.8021134, 58.2618786 ], [ 24.8016316, 58.2618965 ], [ 24.8008441, 58.2616609 ], [ 24.8000226, 58.2617616 ], [ 24.7992227, 58.26144 ], [ 24.7992481, 58.2610427 ], [ 24.7988027, 58.2605383 ], [ 24.79787, 58.2602865 ], [ 24.7968756, 58.2596951 ], [ 24.7966687, 58.2593312 ], [ 24.7960479, 58.2591167 ], [ 24.7957545, 58.2588048 ], [ 24.7953314, 58.2585935 ], [ 24.7948002, 58.2579924 ], [ 24.7950319, 58.2574871 ], [ 24.794232, 58.2570143 ], [ 24.7938058, 58.2568697 ], [ 24.7934867, 58.2565301 ], [ 24.7927434, 58.2562831 ], [ 24.7923265, 58.2558021 ], [ 24.7914092, 58.255612 ], [ 24.7911436, 58.2552172 ], [ 24.7909491, 58.2551327 ], [ 24.7867895, 58.2555696 ], [ 24.7865237, 58.2557265 ], [ 24.78676, 58.2561508 ], [ 24.7861911, 58.256293 ], [ 24.7858443, 58.2563077 ], [ 24.7852416, 58.2561435 ], [ 24.7844691, 58.2560701 ], [ 24.7838388, 58.2560591 ], [ 24.7833632, 58.2561337 ], [ 24.7829349, 58.2562891 ], [ 24.7825067, 58.256718 ], [ 24.7815777, 58.2567841 ], [ 24.7812934, 58.2568688 ], [ 24.779104, 58.2582004 ], [ 24.7776831, 58.2587568 ], [ 24.7766049, 58.2588415 ], [ 24.7749215, 58.2587645 ], [ 24.7742499, 58.2588048 ], [ 24.7732306, 58.2589967 ], [ 24.7711922, 58.2591181 ], [ 24.770621, 58.2588873 ], [ 24.770045, 58.2582968 ], [ 24.7688251, 58.2580994 ], [ 24.7685207, 58.2579723 ], [ 24.7687424, 58.2574421 ], [ 24.7692179, 58.2569775 ], [ 24.7690142, 58.2564003 ], [ 24.7687943, 58.2561773 ], [ 24.7677736, 58.2556426 ], [ 24.7674398, 58.2549759 ], [ 24.7669972, 58.2547633 ], [ 24.7665144, 58.254656 ], [ 24.7662784, 58.2543428 ], [ 24.7659619, 58.254179 ], [ 24.7652604, 58.2539871 ], [ 24.7648216, 58.2530701 ], [ 24.7652162, 58.2524093 ], [ 24.7651143, 58.2522371 ], [ 24.7639848, 58.2519074 ], [ 24.7634071, 58.2515183 ], [ 24.7624374, 58.2512915 ], [ 24.7620119, 58.2510729 ], [ 24.7620206, 58.2507476 ], [ 24.7625809, 58.2503935 ], [ 24.7626445, 58.2502278 ], [ 24.7625809, 58.2500423 ], [ 24.7619974, 58.2495012 ], [ 24.7622711, 58.248528 ], [ 24.7618646, 58.2480723 ], [ 24.7609783, 58.2466168 ], [ 24.7605974, 58.2462611 ], [ 24.7588951, 58.2457845 ], [ 24.7585427, 58.245593 ], [ 24.7583015, 58.2453096 ], [ 24.7583176, 58.2451515 ], [ 24.7588497, 58.2445427 ], [ 24.7576256, 58.2437173 ], [ 24.7565151, 58.2431837 ], [ 24.7561057, 58.242722 ] ] } },
{ "type": "Feature", "properties": { "source_fid": "w281578400", "name": "Mõnuvere jõgi" }, "geometry": { "type": "LineString", "coordinates": [ [ 24.6487039, 58.5324183 ], [ 24.6467351, 58.5329027 ], [ 24.6463071, 58.5328666 ], [ 24.6457154, 58.5330095 ], [ 24.6454259, 58.5329117 ], [ 24.6451269, 58.5329085 ], [ 24.6443275, 58.5331992 ], [ 24.643824, 58.5329774 ], [ 24.644027, 58.5328181 ], [ 24.6435549, 58.5326678 ], [ 24.6433205, 58.5327828 ], [ 24.6425274, 58.5329002 ], [ 24.6409963, 58.5327762 ], [ 24.6407776, 58.5327006 ], [ 24.6408892, 58.532418 ], [ 24.6404081, 58.5323214 ], [ 24.6400283, 58.5323836 ], [ 24.6395874, 58.5326322 ], [ 24.6393155, 58.5326238 ], [ 24.6393766, 58.5324147 ], [ 24.6392302, 58.5321291 ], [ 24.6390194, 58.5320501 ], [ 24.6381891, 58.5323618 ], [ 24.6365076, 58.5324802 ], [ 24.6357738, 58.5317637 ], [ 24.6355099, 58.5316318 ], [ 24.6351688, 58.5316226 ], [ 24.6349483, 58.5317645 ], [ 24.6344656, 58.5316133 ], [ 24.6339555, 58.5316385 ], [ 24.6338928, 58.5314075 ], [ 24.633727, 58.5313218 ], [ 24.6335259, 58.5312731 ], [ 24.6333408, 58.5313445 ], [ 24.6331139, 58.5311774 ], [ 24.6324707, 58.5310873 ], [ 24.6325575, 58.5307109 ], [ 24.6329405, 58.5303362 ], [ 24.632971, 58.5301069 ], [ 24.6321085, 58.5298708 ], [ 24.6321152, 58.5296354 ], [ 24.631587, 58.5297742 ], [ 24.6311008, 58.5300956 ], [ 24.6304885, 58.5300939 ], [ 24.6299822, 58.5294247 ], [ 24.6290636, 58.5294747 ], [ 24.6291309, 58.5291208 ], [ 24.6292975, 58.5289618 ], [ 24.6291107, 58.5288916 ], [ 24.6286111, 58.528946 ], [ 24.6280324, 58.5291375 ], [ 24.628024, 58.5293228 ], [ 24.6274167, 58.5292508 ], [ 24.6274234, 58.5291269 ], [ 24.6273225, 58.5291217 ], [ 24.627018, 58.5292376 ], [ 24.6268077, 58.529444 ], [ 24.6265958, 58.5294545 ], [ 24.6263805, 58.5292393 ], [ 24.6265689, 58.5290426 ], [ 24.6264679, 58.5287449 ], [ 24.6259397, 58.5282759 ], [ 24.6254266, 58.527943 ], [ 24.6243332, 58.5276119 ], [ 24.6240707, 58.5273318 ], [ 24.623598, 58.5272826 ], [ 24.6229739, 58.527568 ], [ 24.6222068, 58.5282092 ], [ 24.6219259, 58.5282179 ], [ 24.6216331, 58.5279931 ], [ 24.6218221, 58.5276489 ], [ 24.6216488, 58.5273011 ], [ 24.6210348, 58.5271053 ], [ 24.6201684, 58.5272528 ], [ 24.6196738, 58.5271949 ], [ 24.6187637, 58.5268172 ], [ 24.6182387, 58.5261161 ] ] } },
{ "type": "Feature", "properties": { "source_fid": "w281578406", "name": "Sauga jõgi" }, "geometry": { "type": "LineString", "coordinates": [ [ 24.923406, 58.6624061 ], [ 24.9230722, 58.6620837 ], [ 24.9238553, 58.6557583 ], [ 24.9210415, 58.6495637 ], [ 24.9211288, 58.6489495 ] ] } },
{ "type": "Feature", "properties": { "source_fid": "w281578410", "name": "Sauga jõgi" }, "geometry": { "type": "LineString", "coordinates": [ [ 24.9035674, 58.7504997 ], [ 24.9007629, 58.7478778 ], [ 24.9003829, 58.7453625 ], [ 24.9020681, 58.7434521 ], [ 24.9065652, 58.7407396 ] ] } },
{ "type": "Feature", "properties": { "source_fid": "w281578411", "name": "Sauga jõgi" }, "geometry": { "type": "LineString", "coordinates": [ [ 24.6382315, 58.5064546 ], [ 24.637707, 58.5066556 ], [ 24.6376574, 58.5067692 ], [ 24.6377222, 58.5069336 ], [ 24.6375887, 58.5071538 ], [ 24.6377572, 58.5077505 ] ] } },
{ "type": "Feature", "properties": { "source_fid": "w281578412", "name": "Sauga jõgi" }, "geometry": { "type": "LineString", "coordinates": [ [ 24.9228958, 58.7133866 ], [ 24.9214993, 58.7062387 ], [ 24.9256927, 58.7042369 ], [ 24.925874, 58.703722 ], [ 24.923551, 58.7005668 ], [ 24.9236687, 58.7003977 ], [ 24.9233822, 58.700351 ], [ 24.9233001, 58.7002098 ] ] } },
{ "type": "Feature", "properties": { "source_fid": "w281578413", "name": "Sauga jõgi" }, "geometry": { "type": "LineString", "coordinates": [ [ 24.6340015, 58.5073092 ], [ 24.6330486, 58.5076954 ], [ 24.6322317, 58.5077452 ], [ 24.631804, 58.5079186 ], [ 24.6315336, 58.5080426 ], [ 24.6315619, 58.5084023 ], [ 24.6313664, 58.5084461 ], [ 24.6309017, 58.5079843 ], [ 24.6308515, 58.5077091 ], [ 24.6306536, 58.5076188 ], [ 24.6294837, 58.5077327 ], [ 24.6288007, 58.5079155 ], [ 24.627984, 58.5076622 ], [ 24.6277679, 58.5077838 ], [ 24.6275712, 58.5077697 ], [ 24.6272586, 58.507374 ], [ 24.6265001, 58.5073918 ], [ 24.6261723, 58.507491 ], [ 24.6259367, 58.5074114 ], [ 24.6258083, 58.5071216 ], [ 24.6256217, 58.5070257 ], [ 24.6247777, 58.5070428 ], [ 24.6237129, 58.5067566 ], [ 24.6229535, 58.506762 ], [ 24.621738, 58.5072068 ], [ 24.6215702, 58.5073399 ], [ 24.6219083, 58.5076278 ], [ 24.6215896, 58.5077295 ], [ 24.6212991, 58.5076793 ], [ 24.6207, 58.5072537 ], [ 24.6205706, 58.5072479 ], [ 24.6203979, 58.5074118 ] ] } },
{ "type": "Feature", "properties": { "source_fid": "w281578415", "name": "Sauga jõgi" }, "geometry": { "type": "LineString", "coordinates": [ [ 24.6646725, 58.5153248 ], [ 24.6645218, 58.5147371 ], [ 24.6637857, 58.5143882 ], [ 24.6631556, 58.5139002 ], [ 24.6630295, 58.5136108 ], [ 24.6624734, 58.5134092 ], [ 24.6624254, 58.5133444 ], [ 24.6626955, 58.5131887 ], [ 24.6626315, 58.5130404 ], [ 24.6620553, 58.5129547 ], [ 24.6613312, 58.5133465 ], [ 24.6608511, 58.5132598 ], [ 24.6606391, 58.5129422 ], [ 24.6611112, 58.5123853 ], [ 24.6607071, 58.5123696 ], [ 24.660537, 58.5122442 ], [ 24.6609131, 58.5120049 ], [ 24.6609851, 58.5117375 ], [ 24.6608871, 58.5116789 ], [ 24.6598489, 58.5113947 ], [ 24.6594228, 58.5114439 ], [ 24.6586087, 58.5113007 ], [ 24.6580465, 58.5114689 ], [ 24.6574004, 58.5111847 ], [ 24.6562322, 58.5110876 ], [ 24.6558561, 58.51119 ], [ 24.655384, 58.5110531 ], [ 24.655312, 58.5109663 ], [ 24.655522, 58.5106372 ], [ 24.6562402, 58.5107041 ], [ 24.6564622, 58.5106403 ], [ 24.6557961, 58.5103729 ], [ 24.6533816, 58.5103812 ], [ 24.6524574, 58.5105588 ], [ 24.6518453, 58.5103196 ], [ 24.6515792, 58.5100019 ], [ 24.6511692, 58.5101597 ], [ 24.650355, 58.5100939 ], [ 24.6500149, 58.5103258 ], [ 24.6495128, 58.5103415 ], [ 24.6490247, 58.5104773 ], [ 24.6487787, 58.5103749 ], [ 24.6490487, 58.5097804 ], [ 24.6488507, 58.5097062 ], [ 24.6482206, 58.5099768 ], [ 24.6482286, 58.5101639 ], [ 24.6484246, 58.5103269 ], [ 24.6482706, 58.510447 ], [ 24.6480865, 58.5104418 ], [ 24.6478185, 58.5103864 ], [ 24.6474904, 58.5101482 ], [ 24.6473404, 58.5095212 ], [ 24.6470723, 58.5094638 ], [ 24.6470123, 58.5093467 ], [ 24.6462482, 58.5094126 ], [ 24.6457341, 58.5096393 ], [ 24.645516, 58.509631 ], [ 24.6451299, 58.5091806 ], [ 24.6449479, 58.5087083 ], [ 24.6446592, 58.5084898 ] ] } },
{ "type": "Feature", "properties": { "source_fid": "w281578416", "name": "Sauga jõgi" }, "geometry": { "type": "LineString", "coordinates": [ [ 24.9232249, 58.7001 ], [ 24.9184469, 58.6959107 ], [ 24.9185293, 58.694878 ], [ 24.91883, 58.6937941 ], [ 24.921132, 58.6865286 ], [ 24.9205124, 58.6850368 ], [ 24.9194313, 58.6814594 ], [ 24.9179562, 58.6793544 ] ] } },
{ "type": "Feature", "properties": { "source_fid": "w281578419", "name": "Sauga jõgi" }, "geometry": { "type": "LineString", "coordinates": [ [ 24.9165837, 58.6456168 ], [ 24.9165759, 58.6454838 ] ] } },
{ "type": "Feature", "properties": { "source_fid": "w281578420", "name": "Sauga jõgi" }, "geometry": { "type": "LineString", "coordinates": [ [ 24.9080867, 58.6376622 ], [ 24.9079087, 58.637532 ] ] } },
{ "type": "Feature", "properties": { "source_fid": "w281578421", "name": "Sauga jõgi" }, "geometry": { "type": "LineString", "coordinates": [ [ 24.9038733, 58.7510649 ], [ 24.9039987, 58.7510017 ] ] } },
{ "type": "Feature", "properties": { "source_fid": "w281578422", "name": "Sauga jõgi" }, "geometry": { "type": "LineString", "coordinates": [ [ 24.9233001, 58.7002098 ], [ 24.9232249, 58.7001 ] ] } },
{ "type": "Feature", "properties": { "source_fid": "w281578423", "name": "Sauga jõgi" }, "geometry": { "type": "LineString", "coordinates": [ [ 24.9130371, 58.7559839 ], [ 24.91295, 58.755887 ] ] } },
{ "type": "Feature", "properties": { "source_fid": "w281578427", "name": "Sauga jõgi" }, "geometry": { "type": "LineString", "coordinates": [ [ 24.9037008, 58.7506055 ], [ 24.9035674, 58.7504997 ] ] } },
{ "type": "Feature", "properties": { "source_fid": "w281578431", "name": "Sauga jõgi" }, "geometry": { "type": "LineString", "coordinates": [ [ 24.6377572, 58.5077505 ], [ 24.6375583, 58.507796 ], [ 24.6370357, 58.5076733 ], [ 24.6361059, 58.5080655 ], [ 24.6355417, 58.5081339 ], [ 24.6350284, 58.5079646 ], [ 24.6345231, 58.5076143 ], [ 24.6343186, 58.5073493 ], [ 24.6340015, 58.5073092 ] ] } },
{ "type": "Feature", "properties": { "source_fid": "w281578434", "name": "Sauga jõgi" }, "geometry": { "type": "LineString", "coordinates": [ [ 24.9027877, 58.629412 ], [ 24.9019694, 58.6281378 ], [ 24.9011471, 58.6274501 ], [ 24.9018207, 58.6263342 ], [ 24.9016282, 58.6260154 ], [ 24.8982601, 58.623278 ], [ 24.8963967, 58.6223169 ], [ 24.894892, 58.62121 ], [ 24.8930198, 58.6187865 ], [ 24.8910864, 58.6170918 ], [ 24.8889781, 58.6140393 ], [ 24.8875523, 58.6127244 ] ] } },
{ "type": "Feature", "properties": { "source_fid": "w281578437", "name": "Sauga jõgi" }, "geometry": { "type": "LineString", "coordinates": [ [ 24.5776553, 58.5133658 ], [ 24.5771415, 58.5133572 ], [ 24.5754053, 58.513625 ], [ 24.5731955, 58.5135569 ], [ 24.5713282, 58.5136952 ], [ 24.5705751, 58.5136726 ], [ 24.5696377, 58.5133384 ], [ 24.5692653, 58.5128117 ], [ 24.568691, 58.512589 ], [ 24.5669898, 58.5127655 ], [ 24.5664711, 58.512712 ], [ 24.5661211, 58.5127563 ], [ 24.5657605, 58.5129658 ], [ 24.5655254, 58.5132613 ], [ 24.5650142, 58.5133675 ], [ 24.5647722, 58.5132387 ], [ 24.5647844, 58.5129701 ], [ 24.5645737, 58.5127285 ], [ 24.5641983, 58.5124734 ], [ 24.5635769, 58.5123352 ] ] } },
{ "type": "Feature", "properties": { "source_fid": "w281578438", "name": "Sauga jõgi" }, "geometry": { "type": "LineString", "coordinates": [ [ 24.9211288, 58.6489495 ], [ 24.9211036, 58.648762 ], [ 24.9208765, 58.6485615 ], [ 24.9202824, 58.6483836 ], [ 24.9196562, 58.6483037 ], [ 24.9189336, 58.6479922 ], [ 24.9180963, 58.6478096 ], [ 24.9175527, 58.6474133 ], [ 24.915924, 58.6471149 ], [ 24.916236, 58.6466256 ], [ 24.9162727, 58.6462389 ], [ 24.9165837, 58.6456168 ] ] } },
{ "type": "Feature", "properties": { "source_fid": "w281578439", "name": "Sauga jõgi" }, "geometry": { "type": "LineString", "coordinates": [ [ 24.8210299, 58.5620537 ], [ 24.8180702, 58.5621914 ], [ 24.8173827, 58.5620451 ], [ 24.8171097, 58.5618127 ], [ 24.8165874, 58.5603127 ], [ 24.8156938, 58.5601271 ], [ 24.8150918, 58.5595882 ], [ 24.8133672, 58.5587576 ], [ 24.8116711, 58.558643 ] ] } },
{ "type": "Feature", "properties": { "source_fid": "w281578441", "name": "Sauga jõgi" }, "geometry": { "type": "LineString", "coordinates": [ [ 24.9039987, 58.7510017 ], [ 24.9040708, 58.7509237 ], [ 24.9037008, 58.7506055 ] ] } },
{ "type": "Feature", "properties": { "source_fid": "w281578444", "name": "Sauga jõgi" }, "geometry": { "type": "LineString", "coordinates": [ [ 24.7796214, 58.5452461 ], [ 24.7789645, 58.5449827 ], [ 24.7788451, 58.54481 ], [ 24.7788966, 58.5445876 ], [ 24.7793091, 58.5441883 ], [ 24.779282, 58.5440382 ], [ 24.7789618, 58.5440042 ], [ 24.7786741, 58.5441231 ], [ 24.7780744, 58.544177 ], [ 24.7777677, 58.5439858 ], [ 24.7777759, 58.5437918 ], [ 24.7784977, 58.5434151 ], [ 24.7784896, 58.5431517 ], [ 24.7782263, 58.5430738 ], [ 24.7776347, 58.5431814 ], [ 24.7772223, 58.5429874 ], [ 24.7773715, 58.5427112 ], [ 24.777727, 58.5424251 ], [ 24.777898, 58.5419026 ], [ 24.7769536, 58.5414834 ], [ 24.7764136, 58.5413715 ], [ 24.7762697, 58.5411165 ], [ 24.7758952, 58.540931 ], [ 24.7757026, 58.5409282 ], [ 24.7754448, 58.5411165 ], [ 24.7750567, 58.541108 ], [ 24.7747826, 58.5412695 ], [ 24.7736645, 58.5409183 ], [ 24.7728124, 58.5413219 ], [ 24.7720336, 58.5413516 ], [ 24.7717676, 58.5417723 ], [ 24.7709996, 58.5420159 ], [ 24.7700118, 58.5420768 ], [ 24.7690864, 58.5419946 ], [ 24.7688476, 58.54187 ], [ 24.7688286, 58.5417043 ], [ 24.7694636, 58.5410882 ], [ 24.7693687, 58.5409041 ], [ 24.76856, 58.5406676 ], [ 24.766815, 58.5406478 ], [ 24.7665816, 58.5404693 ], [ 24.7665247, 58.5403248 ], [ 24.7671542, 58.5398376 ], [ 24.7664053, 58.5395034 ], [ 24.7669996, 58.5392045 ], [ 24.7669969, 58.5390601 ], [ 24.766465, 58.5389326 ], [ 24.7654986, 58.5392336 ], [ 24.765182, 58.5392417 ], [ 24.7646793, 58.5390744 ], [ 24.7645987, 58.53881 ], [ 24.7639651, 58.5391324 ], [ 24.7634821, 58.5391778 ], [ 24.7634984, 58.5385716 ], [ 24.763189, 58.53809 ], [ 24.7630262, 58.5380277 ], [ 24.7628796, 58.5380447 ], [ 24.7624509, 58.5383818 ], [ 24.7612568, 58.5384781 ], [ 24.7604427, 58.538005 ], [ 24.7594169, 58.5378435 ], [ 24.7591075, 58.5377019 ], [ 24.7572513, 58.5376141 ], [ 24.7565675, 58.5372345 ], [ 24.7557771, 58.5375211 ], [ 24.7556665, 58.5375008 ], [ 24.7553408, 58.5369597 ], [ 24.755178, 58.5368832 ], [ 24.7536475, 58.5366736 ], [ 24.753045, 58.5370928 ], [ 24.7527356, 58.5375404 ], [ 24.7522797, 58.5377104 ], [ 24.7519541, 58.5376566 ], [ 24.7517207, 58.5371155 ], [ 24.7515199, 58.5370645 ], [ 24.7509446, 58.537226 ], [ 24.7507709, 58.5375999 ], [ 24.7502336, 58.5376056 ], [ 24.7500925, 58.5373875 ], [ 24.7499133, 58.537311 ], [ 24.7496528, 58.5373393 ], [ 24.7491915, 58.5375121 ], [ 24.7491101, 58.5378322 ], [ 24.7489255, 58.5379909 ], [ 24.7479757, 58.538192 ], [ 24.7476555, 58.5383393 ], [ 24.747193, 58.5387472 ], [ 24.7465038, 58.5388987 ], [ 24.7458877, 58.5388124 ], [ 24.7442411, 58.538769 ], [ 24.7439277, 58.5388179 ], [ 24.7432219, 58.5392369 ], [ 24.7428032, 58.5393365 ], [ 24.7424349, 58.5390419 ], [ 24.7424455, 58.5386394 ], [ 24.742305, 58.5384873 ], [ 24.7418439, 58.5383766 ], [ 24.7408713, 58.5384541 ], [ 24.7397706, 58.5389972 ], [ 24.7393324, 58.5390034 ], [ 24.7384907, 58.5385067 ], [ 24.7379929, 58.5386939 ], [ 24.7377514, 58.5386939 ], [ 24.7371439, 58.5381858 ], [ 24.7368987, 58.5382088 ], [ 24.7364412, 58.5386691 ], [ 24.7361301, 58.5386997 ], [ 24.7354896, 58.5380368 ], [ 24.7346479, 58.5376586 ], [ 24.734421, 58.5374466 ], [ 24.733367, 58.5372097 ], [ 24.7332791, 58.5370722 ], [ 24.7334255, 58.5366615 ], [ 24.7332206, 58.536545 ], [ 24.7328619, 58.5365488 ], [ 24.7319982, 58.5370722 ], [ 24.7318628, 58.5370665 ], [ 24.7316469, 58.5369519 ], [ 24.73157, 58.5367455 ], [ 24.7316908, 58.5362107 ], [ 24.7314383, 58.5361878 ], [ 24.7307209, 58.5366157 ], [ 24.7305306, 58.536864 ], [ 24.7303403, 58.5368831 ], [ 24.7300951, 58.5367608 ], [ 24.7300512, 58.5366252 ], [ 24.7303147, 58.5362565 ], [ 24.7302708, 58.5361056 ], [ 24.7288967, 58.5358888 ] ] } },
{ "type": "Feature", "properties": { "source_fid": "w281578447", "name": "Sauga jõgi" }, "geometry": { "type": "LineString", "coordinates": [ [ 24.9165759, 58.6454838 ], [ 24.9165538, 58.6450586 ], [ 24.9162212, 58.644223 ], [ 24.9137776, 58.6434344 ], [ 24.9136034, 58.643305 ], [ 24.9134688, 58.6431435 ], [ 24.913578, 58.6419897 ], [ 24.9134577, 58.6418224 ], [ 24.9122087, 58.6415427 ], [ 24.9111751, 58.6411523 ], [ 24.9104539, 58.6409739 ], [ 24.9098234, 58.6409267 ], [ 24.9094814, 58.6407763 ], [ 24.9098615, 58.6397988 ], [ 24.9095022, 58.6392957 ], [ 24.9085279, 58.6385824 ], [ 24.9080867, 58.6376622 ] ] } },
{ "type": "Feature", "properties": { "source_fid": "w281578448", "name": "Sauga jõgi" }, "geometry": { "type": "LineString", "coordinates": [ [ 24.9216167, 58.7155514 ], [ 24.9229113, 58.7134758 ] ] } },
{ "type": "Feature", "properties": { "source_fid": "w281578450", "name": "Sauga jõgi" }, "geometry": { "type": "LineString", "coordinates": [ [ 24.91295, 58.755887 ], [ 24.9117251, 58.7545921 ], [ 24.9060984, 58.7528056 ], [ 24.9050772, 58.7518479 ], [ 24.9038394, 58.7512726 ], [ 24.9038733, 58.7510649 ] ] } },
{ "type": "Feature", "properties": { "source_fid": "w286472642", "name": "Halliste jõgi" }, "geometry": { "type": "LineString", "coordinates": [ [ 25.098371, 58.3121009 ], [ 25.0989042, 58.3129003 ], [ 25.0989358, 58.3131869 ], [ 25.0992328, 58.3136569 ], [ 25.0991722, 58.3143396 ], [ 25.0997206, 58.3147213 ], [ 25.099802, 58.3156093 ], [ 25.1006311, 58.3160242 ], [ 25.100586, 58.316298 ], [ 25.1001891, 58.3167013 ], [ 25.0993872, 58.3170723 ], [ 25.0995666, 58.3172996 ], [ 25.1002569, 58.3173382 ], [ 25.1002995, 58.317436 ], [ 25.1001504, 58.3175457 ], [ 25.0996316, 58.3176661 ], [ 25.0977439, 58.3179975 ], [ 25.0973306, 58.3179654 ], [ 25.0967161, 58.3176422 ], [ 25.0963876, 58.3176138 ], [ 25.0962314, 58.3176776 ], [ 25.095994, 58.3182191 ], [ 25.0967861, 58.3191679 ], [ 25.0973935, 58.3205329 ], [ 25.0981465, 58.3211328 ], [ 25.0981933, 58.3221816 ], [ 25.0977082, 58.3229319 ], [ 25.0966856, 58.3237491 ], [ 25.0953336, 58.324061 ], [ 25.0947007, 58.3240812 ], [ 25.0944009, 58.3240207 ] ] } },
{ "type": "Feature", "properties": { "source_fid": "w287295324", "name": "Allika jõgi" }, "geometry": { "type": "LineString", "coordinates": [ [ 24.3324648, 58.5981657 ], [ 24.3326362, 58.5998119 ], [ 24.3341944, 58.6055402 ], [ 24.334223, 58.6058555 ], [ 24.333886, 58.6068164 ], [ 24.3330979, 58.6071437 ], [ 24.3280951, 58.6087054 ], [ 24.3219008, 58.6127649 ] ] } },
{ "type": "Feature", "properties": { "source_fid": "w289066846", "name": "Enge jõgi" }, "geometry": { "type": "LineString", "coordinates": [ [ 24.4673477, 58.6915909 ], [ 24.4667898, 58.6915862 ], [ 24.4663049, 58.6913404 ], [ 24.4624662, 58.6910494 ], [ 24.4594607, 58.6915447 ], [ 24.4585057, 58.6919555 ], [ 24.4575466, 58.6921766 ], [ 24.4541166, 58.6925786 ], [ 24.4535831, 58.6931949 ], [ 24.4520263, 58.693533 ], [ 24.4515605, 58.6934972 ], [ 24.4507412, 58.6932864 ], [ 24.4502383, 58.6933256 ], [ 24.4497759, 58.6935563 ], [ 24.4488973, 58.6943279 ], [ 24.4486447, 58.6944235 ], [ 24.4481457, 58.6944429 ], [ 24.4474979, 58.6940751 ], [ 24.4471248, 58.6940104 ], [ 24.445765, 58.6945392 ], [ 24.4423487, 58.6950487 ], [ 24.4414478, 58.6957434 ], [ 24.4402507, 58.6957673 ], [ 24.4396052, 58.6959126 ], [ 24.4389755, 58.6966416 ], [ 24.4385933, 58.6968697 ], [ 24.4380856, 58.6968736 ], [ 24.4369606, 58.6965713 ], [ 24.4367071, 58.6965986 ], [ 24.4364047, 58.6967824 ], [ 24.4361635, 58.6974572 ], [ 24.4358866, 58.6976431 ], [ 24.435422, 58.6977063 ], [ 24.4342516, 58.6975055 ], [ 24.4336256, 58.6975208 ], [ 24.4320584, 58.6977309 ], [ 24.4307763, 58.6984135 ], [ 24.43032, 58.6988092 ], [ 24.4297875, 58.6988661 ], [ 24.4290915, 58.6987036 ] ] } },
{ "type": "Feature", "properties": { "source_fid": "w289100719", "name": "Sauga jõgi" }, "geometry": { "type": "LineString", "coordinates": [ [ 24.7288967, 58.5358888 ], [ 24.7276741, 58.5357698 ], [ 24.7269238, 58.5358145 ], [ 24.7267563, 58.5356242 ], [ 24.7267755, 58.5352042 ], [ 24.7264783, 58.5350993 ] ] } },
{ "type": "Feature", "properties": { "source_fid": "w289100720", "name": "Sauga jõgi" }, "geometry": { "type": "LineString", "coordinates": [ [ 24.6857345, 58.5193276 ], [ 24.6857873, 58.5183232 ], [ 24.6854749, 58.5174925 ], [ 24.6849728, 58.5171199 ], [ 24.6844799, 58.5169491 ] ] } },
{ "type": "Feature", "properties": { "source_fid": "w289100721", "name": "Sauga jõgi" }, "geometry": { "type": "LineString", "coordinates": [ [ 24.7264783, 58.5350993 ], [ 24.7258498, 58.5349384 ], [ 24.7256338, 58.5346882 ], [ 24.7256851, 58.5344627 ], [ 24.725557, 58.5343271 ], [ 24.7251105, 58.53435 ], [ 24.7248396, 58.5346614 ], [ 24.7245322, 58.534799 ], [ 24.723932, 58.5347321 ], [ 24.7237746, 58.534159 ], [ 24.7231744, 58.5339393 ], [ 24.7230281, 58.5336661 ], [ 24.7230024, 58.5333413 ], [ 24.723222, 58.532772 ], [ 24.7230134, 58.5325103 ], [ 24.7212055, 58.5323976 ], [ 24.7206419, 58.5324893 ], [ 24.7202356, 58.5323326 ], [ 24.7196281, 58.5323135 ], [ 24.719306, 58.5320804 ], [ 24.7191853, 58.5317404 ], [ 24.7180251, 58.5314653 ], [ 24.7173554, 58.5310526 ], [ 24.7169355, 58.5310641 ], [ 24.7160066, 58.5313587 ], [ 24.7147983, 58.5313067 ], [ 24.7145222, 58.5314412 ], [ 24.7142921, 58.5319907 ], [ 24.7138603, 58.5320308 ], [ 24.7135016, 58.5318187 ], [ 24.7131686, 58.5313201 ], [ 24.7126525, 58.5311233 ], [ 24.7116388, 58.530894 ], [ 24.7104676, 58.5310067 ], [ 24.7102663, 58.5309532 ], [ 24.7096808, 58.5301126 ], [ 24.7098308, 58.5296292 ], [ 24.7096295, 58.5293674 ], [ 24.7084767, 58.5291764 ], [ 24.7082608, 58.5288955 ], [ 24.7082937, 58.5283491 ], [ 24.7081949, 58.5282726 ], [ 24.7074111, 58.5278714 ], [ 24.7059212, 58.5275039 ], [ 24.7059321, 58.5273376 ], [ 24.7064335, 58.5270071 ], [ 24.7065909, 58.52673 ], [ 24.706536, 58.5264377 ], [ 24.7060968, 58.5263574 ], [ 24.7057199, 58.526388 ], [ 24.7047134, 58.5266574 ], [ 24.7044463, 58.5266631 ], [ 24.7042157, 58.5265714 ], [ 24.7039592, 58.5258908 ], [ 24.7037733, 58.5257583 ], [ 24.7025474, 58.525331 ], [ 24.7007245, 58.5250063 ], [ 24.6996559, 58.5249354 ], [ 24.6994521, 58.5248253 ], [ 24.6989625, 58.524118 ], [ 24.6986801, 58.5240097 ], [ 24.6982941, 58.5239649 ], [ 24.6974652, 58.5240285 ], [ 24.6971364, 58.5239687 ], [ 24.6966879, 58.5235544 ], [ 24.6968094, 58.5229666 ], [ 24.6965914, 58.522667 ], [ 24.696275, 58.5224664 ], [ 24.6950759, 58.5223591 ], [ 24.6936069, 58.5220474 ], [ 24.6923631, 58.5220717 ], [ 24.692054, 58.5218636 ], [ 24.6919342, 58.5215249 ], [ 24.6913159, 58.5212178 ], [ 24.6909871, 58.5212113 ], [ 24.6899559, 58.521383 ], [ 24.689318, 58.5213933 ], [ 24.6887193, 58.5209827 ], [ 24.6880974, 58.5202818 ], [ 24.6878258, 58.5201297 ], [ 24.6872932, 58.5200793 ], [ 24.6869787, 58.5197371 ], [ 24.6863246, 58.5196218 ], [ 24.6857345, 58.5193276 ] ] } },
{ "type": "Feature", "properties": { "source_fid": "w289100723", "name": "Sauga jõgi" }, "geometry": { "type": "LineString", "coordinates": [ [ 24.8114986, 58.5586592 ], [ 24.811141, 58.5586524 ] ] } },
{ "type": "Feature", "properties": { "source_fid": "w289100724", "name": "Sauga jõgi" }, "geometry": { "type": "LineString", "coordinates": [ [ 24.6844799, 58.5169491 ], [ 24.6841485, 58.516854 ], [ 24.6834424, 58.5172909 ], [ 24.6826014, 58.5175047 ], [ 24.6822142, 58.5175303 ], [ 24.6820288, 58.5173885 ], [ 24.6824308, 58.517136 ], [ 24.6823818, 58.5170624 ], [ 24.6814236, 58.5171646 ], [ 24.6807516, 58.5170523 ], [ 24.6803912, 58.516816 ], [ 24.6801983, 58.5168029 ], [ 24.6795709, 58.5172088 ], [ 24.6794151, 58.5180609 ], [ 24.6784954, 58.5181043 ], [ 24.677374, 58.5179447 ], [ 24.6765552, 58.5181593 ], [ 24.6761161, 58.5184761 ], [ 24.6749324, 58.5184715 ], [ 24.6741321, 58.5188255 ], [ 24.673415, 58.5180509 ], [ 24.6729298, 58.5177899 ], [ 24.670328, 58.5172527 ], [ 24.669461, 58.5166186 ], [ 24.6686602, 58.5165789 ], [ 24.6671743, 58.5170228 ], [ 24.6660444, 58.5170462 ], [ 24.6655359, 58.516525 ], [ 24.6646725, 58.5153248 ] ] } },
{ "type": "Feature", "properties": { "source_fid": "w289101301", "name": "Sauga jõgi" }, "geometry": { "type": "LineString", "coordinates": [ [ 24.5242347, 58.4502962 ], [ 24.5240964, 58.4500791 ], [ 24.522987, 58.4496021 ], [ 24.5208332, 58.4494373 ], [ 24.5201312, 58.4492661 ], [ 24.5183552, 58.4485337 ], [ 24.514164, 58.447446 ], [ 24.5136136, 58.4471336 ], [ 24.5126516, 58.4460782 ], [ 24.5117779, 58.4460596 ], [ 24.5108671, 58.4462484 ], [ 24.5097506, 58.4463405 ], [ 24.5071617, 58.4464398 ], [ 24.505396, 58.4462502 ], [ 24.5035395, 58.4461616 ], [ 24.5023705, 58.4459194 ], [ 24.5006906, 58.4459397 ], [ 24.4995492, 58.4458683 ], [ 24.4989096, 58.4459271 ], [ 24.4985444, 58.4463034 ] ] } },
{ "type": "Feature", "properties": { "source_fid": "w289104562", "name": "Pärnu jõgi" }, "geometry": { "type": "LineString", "coordinates": [ [ 25.2654354, 58.7168336 ], [ 25.2648538, 58.7153167 ], [ 25.2648789, 58.7149566 ], [ 25.2650784, 58.7147507 ], [ 25.2656786, 58.7146343 ], [ 25.2660963, 58.7147378 ], [ 25.2669803, 58.7156676 ], [ 25.2680654, 58.7160246 ], [ 25.2684705, 58.716032 ], [ 25.2696505, 58.7155101 ], [ 25.2704831, 58.715267 ], [ 25.271886, 58.7150671 ] ] } },
{ "type": "Feature", "properties": { "source_fid": "w289161542", "name": "Pärnu jõgi" }, "geometry": { "type": "LineString", "coordinates": [ [ 25.2689108, 58.670862 ], [ 25.2688152, 58.6697763 ], [ 25.2675516, 58.6688171 ], [ 25.2659467, 58.6666301 ], [ 25.2650339, 58.6662497 ], [ 25.2623865, 58.6661505 ], [ 25.2606249, 58.6650425 ], [ 25.2592506, 58.6645245 ], [ 25.2577103, 58.6643998 ], [ 25.2568895, 58.6645149 ], [ 25.2539011, 58.6661553 ], [ 25.252204, 58.6664862 ], [ 25.2501555, 58.6663127 ], [ 25.24976, 58.6660927 ], [ 25.2479046, 58.6644229 ], [ 25.2471403, 58.6626535 ], [ 25.2456924, 58.6615169 ], [ 25.2445673, 58.6611911 ], [ 25.2425749, 58.6612099 ], [ 25.2410808, 58.6608501 ], [ 25.2409147, 58.6599866 ], [ 25.2413728, 58.6593784 ], [ 25.241939, 58.6589704 ], [ 25.2420834, 58.6586931 ], [ 25.2419422, 58.6584309 ], [ 25.2416191, 58.6581816 ], [ 25.2405617, 58.6579925 ], [ 25.2385132, 58.657941 ], [ 25.2377584, 58.6577213 ], [ 25.2335038, 58.654643 ], [ 25.2322737, 58.6533873 ], [ 25.2315266, 58.6529221 ], [ 25.2307137, 58.6526109 ], [ 25.2296502, 58.6527441 ], [ 25.2290078, 58.6527376 ], [ 25.2284812, 58.6526302 ], [ 25.2275123, 58.6514344 ], [ 25.2250978, 58.6500761 ], [ 25.2239374, 58.6498643 ], [ 25.2229174, 58.6495204 ], [ 25.2222153, 58.6488788 ], [ 25.2218272, 58.6482124 ], [ 25.2212997, 58.6476345 ] ] } },
{ "type": "Feature", "properties": { "source_fid": "w289161543", "name": "Pärnu jõgi" }, "geometry": { "type": "LineString", "coordinates": [ [ 25.2879025, 58.6829501 ], [ 25.2879918, 58.6827417 ], [ 25.2877234, 58.6824816 ], [ 25.2866715, 58.6819244 ], [ 25.2844555, 58.6814939 ], [ 25.2834885, 58.6814321 ], [ 25.2828028, 58.6811214 ], [ 25.2824396, 58.6808232 ], [ 25.2823444, 58.6805616 ], [ 25.2825935, 58.6800429 ], [ 25.2838589, 58.6791801 ], [ 25.2842524, 58.6784878 ], [ 25.2842201, 58.6781454 ], [ 25.2839523, 58.677723 ], [ 25.2835601, 58.6773968 ], [ 25.2823456, 58.6772262 ], [ 25.2815569, 58.6772645 ], [ 25.280485, 58.6775893 ], [ 25.2790732, 58.6781807 ], [ 25.2785229, 58.6781538 ], [ 25.2768717, 58.6776367 ], [ 25.2761208, 58.6769557 ], [ 25.275606, 58.6767321 ], [ 25.2748019, 58.6765107 ], [ 25.2727535, 58.6764121 ], [ 25.2724216, 58.6762708 ], [ 25.2722436, 58.6759797 ], [ 25.2721638, 58.6745707 ], [ 25.2715554, 58.672947 ], [ 25.2707074, 58.6720666 ], [ 25.2695737, 58.6714673 ], [ 25.2689108, 58.670862 ] ] } },
{ "type": "Feature", "properties": { "source_fid": "w289187187", "name": "Pärnu jõgi" }, "geometry": { "type": "LineString", "coordinates": [ [ 25.1147696, 58.6159929 ], [ 25.1133027, 58.6159412 ], [ 25.111414, 58.6162819 ], [ 25.1100423, 58.6170237 ], [ 25.1087656, 58.6173204 ], [ 25.1065287, 58.6172874 ], [ 25.1038213, 58.6168663 ], [ 25.1022338, 58.6168921 ], [ 25.0964101, 58.6166651 ] ] } },
{ "type": "Feature", "properties": { "source_fid": "w289187188", "name": "Pärnu jõgi" }, "geometry": { "type": "LineString", "coordinates": [ [ 25.0349346, 58.5903282 ], [ 25.0341129, 58.589898 ], [ 25.0318672, 58.5893846 ], [ 25.0307625, 58.5892765 ], [ 25.0291682, 58.589407 ], [ 25.0270469, 58.5891621 ], [ 25.0244474, 58.5883969 ], [ 25.0225864, 58.5880943 ], [ 25.019501, 58.5870369 ], [ 25.0181901, 58.5868774 ], [ 25.0172525, 58.5869221 ] ] } },
{ "type": "Feature", "properties": { "source_fid": "w289187189", "name": "Pärnu jõgi" }, "geometry": { "type": "LineString", "coordinates": [ [ 25.0679928, 58.5939351 ], [ 25.0648309, 58.5938137 ], [ 25.0636308, 58.5936358 ], [ 25.0620205, 58.5931353 ], [ 25.0579312, 58.5912377 ], [ 25.0563835, 58.5907827 ], [ 25.0557918, 58.5907415 ], [ 25.0552179, 58.5908419 ], [ 25.0548019, 58.5910012 ], [ 25.0530689, 58.5920573 ], [ 25.0523706, 58.5923111 ], [ 25.051802, 58.5923618 ], [ 25.0512105, 58.5923312 ], [ 25.0506433, 58.5922012 ], [ 25.04823, 58.5907184 ], [ 25.0478531, 58.5905974 ], [ 25.0472809, 58.5905312 ], [ 25.0467054, 58.5905784 ], [ 25.0456944, 58.5908135 ], [ 25.0447133, 58.5911439 ], [ 25.0437216, 58.5911201 ], [ 25.0430934, 58.5909941 ], [ 25.0422679, 58.5903948 ], [ 25.042162, 58.5898039 ], [ 25.0425123, 58.5892588 ], [ 25.0425757, 58.5888791 ], [ 25.0424, 58.5886786 ], [ 25.0419822, 58.5885509 ], [ 25.0411751, 58.588568 ], [ 25.0406379, 58.5887602 ], [ 25.0398291, 58.5896385 ], [ 25.0390674, 58.5909558 ], [ 25.0384908, 58.5914247 ], [ 25.0376611, 58.5916015 ], [ 25.0369282, 58.5916039 ], [ 25.0363747, 58.5914808 ], [ 25.0356483, 58.5910153 ], [ 25.0349346, 58.5903282 ] ] } },
{ "type": "Feature", "properties": { "source_fid": "w291588625", "name": "Halliste jõgi" }, "geometry": { "type": "LineString", "coordinates": [ [ 25.094026, 58.3265445 ], [ 25.0939402, 58.3266836 ] ] } },
{ "type": "Feature", "properties": { "source_fid": "w295030358", "name": "Pärnu jõgi" }, "geometry": { "type": "LineString", "coordinates": [ [ 25.0172525, 58.5869221 ], [ 25.0157431, 58.5873435 ], [ 25.0150017, 58.587369 ], [ 25.0138318, 58.5872848 ], [ 25.0128461, 58.5868308 ], [ 25.0126259, 58.5865664 ] ] } },
{ "type": "Feature", "properties": { "source_fid": "w298473445", "name": "Reiu jõgi" }, "geometry": { "type": "LineString", "coordinates": [ [ 24.696575, 58.2384946 ], [ 24.6957821, 58.2387438 ], [ 24.6956131, 58.2393628 ], [ 24.6953686, 58.2393359 ], [ 24.695153, 58.2389509 ], [ 24.6948751, 58.2390082 ], [ 24.6947484, 58.239481 ], [ 24.6948728, 58.2396776 ], [ 24.6952574, 58.239839 ], [ 24.6967558, 58.239606 ] ] } },
{ "type": "Feature", "properties": { "source_fid": "w299959992", "name": "Lintsi jõgi" }, "geometry": { "type": "LineString", "coordinates": [ [ 25.3632823, 58.8591086 ], [ 25.3637287, 58.858686 ], [ 25.3637597, 58.8582821 ], [ 25.3641102, 58.857495 ], [ 25.364515, 58.8572006 ], [ 25.3652017, 58.8570292 ], [ 25.3658362, 58.8570132 ], [ 25.3675223, 58.8572151 ], [ 25.3678506, 58.8571898 ], [ 25.3679882, 58.8570774 ], [ 25.3679261, 58.8565726 ], [ 25.3682642, 58.8561831 ], [ 25.3679789, 58.856085 ], [ 25.3667103, 58.8561205 ], [ 25.3664397, 58.8560494 ], [ 25.3662533, 58.8558635 ], [ 25.3662932, 58.855657 ], [ 25.3671629, 58.8550879 ], [ 25.3673676, 58.8549171 ], [ 25.3673335, 58.8548193 ], [ 25.3665617, 58.8544553 ], [ 25.3661342, 58.8543516 ], [ 25.3648819, 58.8544084 ], [ 25.3647041, 58.8543634 ], [ 25.3647457, 58.8541873 ], [ 25.3650522, 58.8540933 ], [ 25.3668301, 58.8539978 ], [ 25.3678284, 58.8537339 ], [ 25.3678821, 58.853657 ], [ 25.3674395, 58.8531834 ], [ 25.3674249, 58.852992 ], [ 25.3677437, 58.8528356 ], [ 25.3684338, 58.8527217 ], [ 25.3685177, 58.8522813 ], [ 25.3695241, 58.8525885 ], [ 25.3698306, 58.8525318 ], [ 25.3701748, 58.8518821 ], [ 25.3699592, 58.8517646 ], [ 25.3692933, 58.8518703 ], [ 25.3687583, 58.8517402 ], [ 25.3683059, 58.8517862 ], [ 25.3679616, 58.8517216 ], [ 25.3673903, 58.8514241 ], [ 25.3668871, 58.851432 ], [ 25.3667963, 58.8516003 ], [ 25.3671199, 58.851988 ], [ 25.367133, 58.8522421 ], [ 25.3667736, 58.8525357 ], [ 25.3663499, 58.8525983 ], [ 25.3660964, 58.8525592 ], [ 25.365544, 58.8522402 ], [ 25.3647041, 58.8520386 ], [ 25.3641322, 58.8522226 ], [ 25.3634291, 58.8521834 ], [ 25.3632248, 58.8526981 ], [ 25.3630016, 58.852929 ], [ 25.3624251, 58.8531309 ], [ 25.3620596, 58.853113 ], [ 25.3592836, 58.8523706 ], [ 25.3584676, 58.8520865 ], [ 25.3578987, 58.8517789 ], [ 25.3571183, 58.851605 ], [ 25.3570372, 58.8512465 ], [ 25.3574922, 58.8505255 ], [ 25.3574451, 58.8504268 ], [ 25.3571052, 58.8502875 ], [ 25.3561193, 58.8501102 ], [ 25.3569117, 58.8484572 ], [ 25.3560261, 58.847937 ], [ 25.3558369, 58.8474426 ], [ 25.3544911, 58.8469677 ], [ 25.3545633, 58.8461933 ], [ 25.3544431, 58.8461007 ], [ 25.3531393, 58.8455584 ], [ 25.3523187, 58.8455029 ], [ 25.3516949, 58.8451392 ], [ 25.3506059, 58.8447146 ], [ 25.349233, 58.8432663 ], [ 25.3491308, 58.8427836 ], [ 25.3492446, 58.8426185 ], [ 25.3494043, 58.8425468 ], [ 25.3506263, 58.8424807 ], [ 25.3507485, 58.8423865 ], [ 25.3505966, 58.842031 ], [ 25.3500768, 58.8416095 ], [ 25.3500618, 58.8407858 ], [ 25.3494745, 58.8400293 ], [ 25.349612, 58.8397461 ], [ 25.3500518, 58.8396193 ], [ 25.3500918, 58.8395417 ], [ 25.3498778, 58.8394377 ], [ 25.3486905, 58.8396015 ], [ 25.3481949, 58.8394978 ], [ 25.3478325, 58.8392068 ], [ 25.3478225, 58.8387425 ], [ 25.3485973, 58.8383067 ], [ 25.3486198, 58.8380248 ], [ 25.3482699, 58.8379071 ], [ 25.3470428, 58.8381994 ], [ 25.3467828, 58.8381878 ], [ 25.3465004, 58.8380778 ], [ 25.3460206, 58.8375954 ], [ 25.3451983, 58.8372269 ], [ 25.3451285, 58.8371167 ], [ 25.3457082, 58.8364134 ], [ 25.3470977, 58.8356852 ], [ 25.3483475, 58.8351778 ], [ 25.3482899, 58.8348497 ], [ 25.3480924, 58.8347114 ], [ 25.3472402, 58.8345096 ], [ 25.346158, 58.8346635 ], [ 25.3456082, 58.8341125 ], [ 25.3446835, 58.8341578 ], [ 25.3444361, 58.8340647 ], [ 25.3445385, 58.8336146 ], [ 25.3444193, 58.8332675 ], [ 25.3448059, 58.8330054 ], [ 25.3452358, 58.8328967 ], [ 25.3453558, 58.8327273 ], [ 25.344486, 58.832118 ], [ 25.3429615, 58.831686 ], [ 25.3427866, 58.831223 ], [ 25.3424492, 58.8312488 ], [ 25.3416869, 58.831492 ], [ 25.341537, 58.8315916 ], [ 25.3414836, 58.8319146 ], [ 25.3411746, 58.8321116 ], [ 25.3401649, 58.8321323 ], [ 25.3387753, 58.8317248 ], [ 25.3378681, 58.8316214 ], [ 25.3370484, 58.8309539 ], [ 25.3344742, 58.8299851 ], [ 25.3342042, 58.8299773 ], [ 25.3330721, 58.8304339 ], [ 25.3322299, 58.8304507 ], [ 25.3312677, 58.8303356 ], [ 25.3303401, 58.8303413 ], [ 25.3290583, 58.8298544 ], [ 25.3285932, 58.8295428 ], [ 25.3280861, 58.8294275 ], [ 25.3275913, 58.8290847 ], [ 25.3267516, 58.8289761 ], [ 25.3260443, 58.8289683 ], [ 25.3257269, 58.8290511 ], [ 25.325712, 58.8291436 ], [ 25.3260793, 58.8293771 ], [ 25.3271514, 58.8298117 ], [ 25.3271614, 58.829954 ], [ 25.326934, 58.8300989 ], [ 25.3264767, 58.8300782 ], [ 25.3250768, 58.8294959 ], [ 25.323795, 58.829368 ], [ 25.3231852, 58.8292167 ], [ 25.3227253, 58.8285738 ], [ 25.3226703, 58.8284405 ], [ 25.3229777, 58.8282879 ], [ 25.3232392, 58.8282864 ], [ 25.3242848, 58.8285427 ], [ 25.3246003, 58.8285447 ], [ 25.3255244, 58.8280576 ], [ 25.3254398, 58.8278519 ], [ 25.3244869, 58.8276053 ], [ 25.321878, 58.8271473 ], [ 25.3195763, 58.8271741 ], [ 25.317252, 58.8268131 ], [ 25.3162748, 58.8267717 ], [ 25.3159724, 58.826623 ], [ 25.3158433, 58.8261374 ], [ 25.313998, 58.8258506 ], [ 25.312466, 58.8254729 ], [ 25.3121908, 58.8252331 ], [ 25.3121, 58.824963 ], [ 25.3127059, 58.8247148 ], [ 25.3132117, 58.8246342 ], [ 25.3133632, 58.8245246 ], [ 25.3126884, 58.8237108 ], [ 25.3123086, 58.8235762 ], [ 25.3115163, 58.8235775 ], [ 25.3112833, 58.8237299 ], [ 25.3113714, 58.8242141 ], [ 25.3108069, 58.8242114 ], [ 25.3102624, 58.8240353 ], [ 25.3102467, 58.8237315 ], [ 25.3105266, 58.8234676 ], [ 25.3105266, 58.8233809 ], [ 25.3102842, 58.8233149 ], [ 25.3093322, 58.8241762 ], [ 25.3088785, 58.8243171 ], [ 25.3085447, 58.8243292 ], [ 25.3074451, 58.8240446 ], [ 25.3069702, 58.8244301 ], [ 25.3068503, 58.8246708 ], [ 25.3066253, 58.8247031 ], [ 25.3062929, 58.8244689 ], [ 25.3063904, 58.8240329 ], [ 25.3056343, 58.8238121 ], [ 25.3055889, 58.8236947 ], [ 25.3059066, 58.8232249 ], [ 25.3054494, 58.8223323 ], [ 25.3060308, 58.8219022 ], [ 25.3059487, 58.8218084 ], [ 25.3040812, 58.8212673 ], [ 25.3041852, 58.8211461 ], [ 25.3046578, 58.8209865 ], [ 25.3056155, 58.8203312 ], [ 25.3056497, 58.8202174 ], [ 25.305552, 58.8201263 ], [ 25.3052783, 58.8200934 ], [ 25.3048337, 58.8201466 ], [ 25.304091, 58.8204754 ], [ 25.3038808, 58.8204603 ], [ 25.3037831, 58.8203565 ], [ 25.3037929, 58.8200985 ], [ 25.3047946, 58.8190056 ], [ 25.3056741, 58.8187906 ], [ 25.3054591, 58.818492 ], [ 25.3049705, 58.8183984 ], [ 25.303432, 58.8188898 ], [ 25.3022586, 58.8188513 ], [ 25.3021169, 58.8186565 ], [ 25.3025125, 58.8183566 ], [ 25.3036219, 58.8181505 ], [ 25.3033584, 58.8177854 ], [ 25.3030062, 58.8177432 ], [ 25.3019996, 58.8180417 ], [ 25.3017064, 58.8180291 ], [ 25.3015549, 58.817943 ], [ 25.301638, 58.8177963 ], [ 25.3020875, 58.8175332 ], [ 25.3027228, 58.817432 ], [ 25.3031821, 58.8172043 ], [ 25.3030306, 58.8170019 ], [ 25.3028107, 58.8169589 ], [ 25.3024758, 58.8169856 ], [ 25.3002324, 58.8178616 ], [ 25.2997543, 58.8177664 ], [ 25.2995704, 58.8175569 ], [ 25.3000988, 58.8168324 ], [ 25.3000059, 58.8167261 ], [ 25.2994, 58.8166477 ], [ 25.2992534, 58.8162833 ], [ 25.2976898, 58.8164124 ], [ 25.297338, 58.8163845 ], [ 25.2969715, 58.816129 ], [ 25.2970155, 58.8159114 ], [ 25.2979283, 58.8154921 ], [ 25.2979879, 58.8152299 ], [ 25.2976751, 58.8150613 ], [ 25.2956643, 58.8151065 ], [ 25.2945323, 58.814798 ], [ 25.294367, 58.8148285 ], [ 25.2942047, 58.8150294 ], [ 25.2943238, 58.8154304 ], [ 25.2940259, 58.8155076 ], [ 25.2935493, 58.8152762 ], [ 25.2935315, 58.8150385 ], [ 25.2942351, 58.8142719 ], [ 25.2940983, 58.8141074 ], [ 25.291616, 58.8143832 ], [ 25.2906045, 58.8143528 ], [ 25.2901235, 58.8135948 ], [ 25.2884851, 58.8130395 ], [ 25.287651, 58.812839 ], [ 25.2868139, 58.8127484 ], [ 25.2862031, 58.8130561 ], [ 25.2859852, 58.8134596 ], [ 25.2857673, 58.8135468 ], [ 25.2855131, 58.81354 ], [ 25.284863, 58.8132824 ], [ 25.2841165, 58.8131399 ], [ 25.2840306, 58.8130476 ], [ 25.2845127, 58.8122423 ], [ 25.2840769, 58.8119739 ], [ 25.282984, 58.8117875 ], [ 25.2826142, 58.8118303 ], [ 25.2819176, 58.8121055 ], [ 25.2816931, 58.812097 ], [ 25.2815478, 58.8118456 ], [ 25.2819613, 58.8111729 ], [ 25.2818989, 58.8109939 ], [ 25.2812738, 58.8106266 ], [ 25.2812463, 58.8103862 ], [ 25.2817527, 58.8099851 ], [ 25.2817032, 58.809677 ], [ 25.2813579, 58.8093944 ], [ 25.2808171, 58.8091937 ], [ 25.2810348, 58.8086922 ], [ 25.2823499, 58.8084291 ], [ 25.2825601, 58.808194 ], [ 25.2822115, 58.8080954 ], [ 25.2814812, 58.8081142 ], [ 25.2809753, 58.8080219 ], [ 25.2798091, 58.8070007 ], [ 25.279568, 58.8069169 ], [ 25.2787015, 58.8069332 ], [ 25.2780935, 58.806832 ], [ 25.2781543, 58.8060894 ], [ 25.2780445, 58.8060409 ], [ 25.2760014, 58.8060927 ], [ 25.2726426, 58.8064496 ], [ 25.2695622, 58.805613 ], [ 25.269049, 58.8053588 ], [ 25.2688206, 58.8051111 ], [ 25.268712, 58.8044925 ], [ 25.2691029, 58.8040088 ], [ 25.2690812, 58.8037051 ], [ 25.2686034, 58.8032889 ], [ 25.2665346, 58.8028478 ], [ 25.2664346, 58.8027424 ], [ 25.2665838, 58.8024452 ], [ 25.2664535, 58.8022315 ], [ 25.2666272, 58.8020065 ], [ 25.2664959, 58.801746 ], [ 25.2663822, 58.8017253 ], [ 25.2655848, 58.8020403 ], [ 25.2653025, 58.802299 ], [ 25.264803, 58.802434 ], [ 25.2625011, 58.8026027 ], [ 25.2613622, 58.8028251 ], [ 25.2610895, 58.8028164 ], [ 25.2609592, 58.8026815 ], [ 25.2613185, 58.802139 ], [ 25.2610092, 58.8020597 ], [ 25.2607937, 58.8021034 ], [ 25.2597866, 58.8026027 ], [ 25.2591568, 58.8026365 ], [ 25.2585882, 58.8028478 ], [ 25.2586538, 58.8030144 ], [ 25.2593522, 58.8035476 ], [ 25.2593442, 58.8037927 ], [ 25.2590916, 58.8039413 ], [ 25.2588631, 58.8039659 ], [ 25.2579728, 58.8038558 ], [ 25.2577916, 58.8037749 ], [ 25.2577886, 58.8035251 ], [ 25.2581144, 58.8028727 ], [ 25.2580275, 58.802614 ], [ 25.2568794, 58.8020662 ], [ 25.2566139, 58.8019917 ], [ 25.2559297, 58.8020176 ], [ 25.2550307, 58.8023327 ], [ 25.2545583, 58.8023963 ], [ 25.2535462, 58.8023623 ], [ 25.2533431, 58.8022798 ], [ 25.2533368, 58.8020965 ], [ 25.2534618, 58.8019416 ], [ 25.2543021, 58.8015257 ], [ 25.2541897, 58.8012733 ], [ 25.2536625, 58.8010953 ], [ 25.2528373, 58.8010728 ], [ 25.2517732, 58.8013541 ], [ 25.2514719, 58.8013137 ], [ 25.2497536, 58.8006341 ], [ 25.248246, 58.7998491 ], [ 25.2478643, 58.7978104 ], [ 25.2477039, 58.7975483 ], [ 25.2474299, 58.7973491 ], [ 25.246735, 58.7971579 ], [ 25.2463187, 58.7968693 ], [ 25.2455189, 58.7957515 ], [ 25.2454805, 58.7955397 ], [ 25.2457653, 58.7952043 ], [ 25.2461666, 58.7949679 ], [ 25.2464125, 58.794926 ], [ 25.2472779, 58.7952115 ], [ 25.2479466, 58.7952865 ], [ 25.2484709, 58.7949712 ], [ 25.2485324, 58.794609 ], [ 25.2482152, 58.7939668 ], [ 25.2475841, 58.7934654 ], [ 25.2475291, 58.7933145 ], [ 25.2477751, 58.7931083 ], [ 25.2494903, 58.7930664 ], [ 25.2496619, 58.7928148 ], [ 25.249493, 58.7924886 ], [ 25.2497849, 58.7923956 ], [ 25.2501662, 58.7924323 ], [ 25.2508173, 58.7926958 ], [ 25.2511183, 58.7927192 ], [ 25.2512995, 58.7926086 ], [ 25.2512283, 58.7923604 ], [ 25.2505551, 58.792087 ], [ 25.2499758, 58.7915756 ], [ 25.2500142, 58.7914083 ], [ 25.2505163, 58.7911161 ], [ 25.2518076, 58.7905493 ], [ 25.2518818, 58.7902493 ], [ 25.2515131, 58.7899137 ], [ 25.251556, 58.7896529 ], [ 25.2518529, 58.7895347 ], [ 25.2528373, 58.7894729 ], [ 25.2542025, 58.789107 ], [ 25.2556524, 58.7886056 ], [ 25.2564422, 58.7885951 ], [ 25.2567245, 58.7884488 ], [ 25.2570069, 58.7881225 ], [ 25.2585069, 58.787876 ], [ 25.2587302, 58.7876043 ], [ 25.2583775, 58.7872471 ], [ 25.2598517, 58.7869183 ], [ 25.2599633, 58.7867087 ], [ 25.2597594, 58.7865293 ], [ 25.2597497, 58.7863414 ], [ 25.261741, 58.7857816 ], [ 25.2627919, 58.785372 ], [ 25.2631738, 58.7850734 ], [ 25.2633263, 58.7838684 ], [ 25.2627725, 58.7832871 ], [ 25.2630217, 58.7826246 ], [ 25.2632395, 58.7825628 ], [ 25.2649116, 58.7826416 ], [ 25.2653972, 58.7827437 ], [ 25.265802, 58.7827204 ], [ 25.2660843, 58.7825628 ], [ 25.2663197, 58.7812827 ], [ 25.2665441, 58.7811861 ], [ 25.2668532, 58.7811971 ], [ 25.2674926, 58.7814648 ], [ 25.2677678, 58.781467 ], [ 25.2691029, 58.7806493 ], [ 25.2694503, 58.7805368 ], [ 25.2701887, 58.7797488 ], [ 25.270623, 58.779535 ], [ 25.2714727, 58.7795884 ], [ 25.2717523, 58.7793999 ], [ 25.2715912, 58.7792263 ], [ 25.2709922, 58.7789271 ], [ 25.2710574, 58.778747 ], [ 25.2716012, 58.7784313 ], [ 25.2716314, 58.7783291 ], [ 25.271622, 58.777475 ], [ 25.2714323, 58.7772169 ], [ 25.2696444, 58.7766779 ], [ 25.2685817, 58.7759665 ], [ 25.2681908, 58.7758427 ], [ 25.2676044, 58.7753699 ], [ 25.2672136, 58.7754037 ], [ 25.2673656, 58.7766532 ], [ 25.267257, 58.7769121 ], [ 25.2669747, 58.7768671 ], [ 25.2667575, 58.7767208 ], [ 25.2662191, 58.7758879 ], [ 25.2662191, 58.7750818 ], [ 25.2656561, 58.7746649 ], [ 25.2655756, 58.7739838 ], [ 25.2650394, 58.7737337 ], [ 25.2650126, 58.7734557 ], [ 25.2659452, 58.7725303 ], [ 25.2655786, 58.7724973 ], [ 25.2649914, 58.772604 ], [ 25.2648567, 58.7724372 ], [ 25.2650394, 58.7721908 ], [ 25.2661118, 58.7719962 ], [ 25.2674226, 58.7711554 ], [ 25.2671159, 58.7710623 ], [ 25.2667045, 58.7711593 ], [ 25.2660046, 58.7711623 ], [ 25.2657633, 58.7709816 ], [ 25.2659242, 58.770787 ], [ 25.2673777, 58.7708064 ], [ 25.267506, 58.7707314 ], [ 25.2673183, 58.7705507 ], [ 25.2665944, 58.7702448 ], [ 25.2664763, 58.770083 ], [ 25.2664068, 58.7695498 ], [ 25.266783, 58.7692065 ], [ 25.2656759, 58.7691871 ], [ 25.2655113, 58.7691114 ], [ 25.2655488, 58.768827 ], [ 25.2662706, 58.7681185 ], [ 25.2673665, 58.7679963 ], [ 25.2674413, 58.7680525 ], [ 25.2671944, 58.7685257 ], [ 25.2672647, 58.7686602 ], [ 25.2675864, 58.7687436 ], [ 25.268069, 58.7686046 ], [ 25.2679618, 58.7676593 ], [ 25.2678453, 58.7675735 ], [ 25.2669698, 58.7677983 ], [ 25.2667017, 58.7677288 ], [ 25.2668357, 58.7675064 ], [ 25.2684475, 58.7673233 ], [ 25.2689225, 58.7673253 ], [ 25.2692218, 58.7674508 ], [ 25.2692703, 58.767556 ], [ 25.2698385, 58.7674925 ], [ 25.269708, 58.7666251 ], [ 25.2698921, 58.7663247 ], [ 25.2695972, 58.7661996 ], [ 25.2688733, 58.7661301 ], [ 25.2688215, 58.7659618 ], [ 25.2694899, 58.7657964 ], [ 25.269624, 58.7654072 ], [ 25.2692102, 58.7648865 ], [ 25.2693382, 58.76465 ], [ 25.2704283, 58.7644201 ], [ 25.2705087, 58.7642811 ], [ 25.269778, 58.7633349 ], [ 25.2698921, 58.7631132 ], [ 25.2703479, 58.763002 ], [ 25.2706054, 58.7626341 ], [ 25.2705671, 58.762374 ], [ 25.2695126, 58.7620691 ], [ 25.2691146, 58.7617785 ], [ 25.2681494, 58.7614726 ], [ 25.2684712, 58.7612362 ], [ 25.2683907, 58.7610555 ], [ 25.2679618, 58.7611111 ], [ 25.2674524, 58.7612918 ], [ 25.2664604, 58.761417 ], [ 25.2658974, 58.7612779 ], [ 25.2651553, 58.760054 ], [ 25.2654416, 58.7597068 ], [ 25.2653343, 58.7593591 ], [ 25.2649054, 58.7593035 ], [ 25.2645568, 58.7594148 ], [ 25.2645568, 58.7597763 ], [ 25.2642083, 58.7600822 ], [ 25.2636989, 58.7600683 ], [ 25.2628008, 58.7598908 ], [ 25.2619026, 58.7589003 ], [ 25.2590339, 58.7582606 ], [ 25.2588194, 58.7579686 ], [ 25.2583905, 58.7579964 ], [ 25.2581492, 58.7583997 ], [ 25.2578387, 58.7585088 ], [ 25.2570505, 58.758576 ], [ 25.2564178, 58.7583935 ], [ 25.256192, 58.7582189 ], [ 25.2563595, 58.7573273 ], [ 25.2569188, 58.7569689 ], [ 25.2575057, 58.7568701 ], [ 25.2575666, 58.7567998 ], [ 25.2571326, 58.75655 ], [ 25.2568432, 58.7565455 ], [ 25.2560616, 58.7570115 ], [ 25.2556275, 58.7569095 ], [ 25.2556022, 58.7567589 ], [ 25.2563293, 58.7558904 ], [ 25.257303, 58.7551976 ], [ 25.2576011, 58.754543 ], [ 25.2574768, 58.7543415 ], [ 25.2569965, 58.7540389 ], [ 25.2566733, 58.7539811 ], [ 25.2557139, 58.7543066 ], [ 25.2549905, 58.7542428 ], [ 25.2546754, 58.7541162 ], [ 25.2547405, 58.7538571 ], [ 25.2553703, 58.7529898 ], [ 25.2552617, 58.7525955 ], [ 25.2553703, 58.7518745 ], [ 25.2545885, 58.7515591 ], [ 25.2531986, 58.7511423 ], [ 25.2527209, 58.7510747 ], [ 25.2523734, 58.750917 ], [ 25.2522648, 58.7506578 ], [ 25.2518305, 58.75041 ], [ 25.2509836, 58.7502973 ], [ 25.2504624, 58.7498016 ], [ 25.2495503, 58.7496552 ], [ 25.2493114, 58.7497679 ], [ 25.2495937, 58.7503762 ], [ 25.24942, 58.750579 ], [ 25.2484645, 58.7506466 ], [ 25.2481822, 58.7505339 ], [ 25.2485948, 58.7501509 ], [ 25.2487468, 58.7498016 ], [ 25.2486165, 58.7495087 ], [ 25.2486948, 58.7491175 ], [ 25.2490074, 58.7485286 ], [ 25.2493983, 58.7483032 ], [ 25.249876, 58.7482469 ], [ 25.2503972, 58.7484384 ], [ 25.2516134, 58.7483596 ], [ 25.2517219, 58.7481117 ], [ 25.2510487, 58.747616 ], [ 25.2509682, 58.7470796 ], [ 25.250432, 58.7471074 ], [ 25.2501639, 58.7476221 ], [ 25.2496545, 58.7477611 ], [ 25.2489842, 58.7478029 ], [ 25.2489306, 58.7475803 ], [ 25.2497081, 58.7469961 ], [ 25.2497349, 58.7466345 ], [ 25.2493596, 58.7466067 ], [ 25.2479654, 58.7470796 ], [ 25.2477241, 58.7469266 ], [ 25.247456, 58.7464954 ], [ 25.247446, 58.7459038 ], [ 25.2471343, 58.745619 ], [ 25.2466517, 58.7455634 ], [ 25.246464, 58.7452713 ], [ 25.2459278, 58.7451878 ], [ 25.2452308, 58.7452022 ], [ 25.2452308, 58.7449096 ], [ 25.2456865, 58.744687 ], [ 25.2464909, 58.7446314 ], [ 25.246893, 58.7447427 ], [ 25.2471611, 58.7449374 ], [ 25.2483676, 58.74516 ], [ 25.249011, 58.7450626 ], [ 25.2492255, 58.7448401 ], [ 25.2484212, 58.7438941 ], [ 25.2479654, 58.7437689 ], [ 25.2464104, 58.7436437 ], [ 25.2457402, 58.7433099 ], [ 25.2447214, 58.7431847 ], [ 25.2446677, 58.7429899 ], [ 25.2450699, 58.7424613 ], [ 25.2449627, 58.7421691 ], [ 25.244212, 58.7420022 ], [ 25.2428446, 58.7412231 ], [ 25.2430591, 58.7409031 ], [ 25.2428715, 58.7406806 ], [ 25.2423621, 58.740458 ], [ 25.2410998, 58.7403065 ], [ 25.2390644, 58.7398319 ], [ 25.2382869, 58.7399015 ], [ 25.2376971, 58.739818 ], [ 25.2367924, 58.7394353 ], [ 25.2360145, 58.7389324 ], [ 25.2360616, 58.7385937 ], [ 25.2363565, 58.7383571 ], [ 25.2367764, 58.7382328 ], [ 25.2367107, 58.7379582 ], [ 25.2361957, 58.7378006 ], [ 25.2357935, 58.7378563 ], [ 25.2353914, 58.7382597 ], [ 25.2349008, 58.7384898 ], [ 25.2344506, 58.7383605 ], [ 25.2335902, 58.7370352 ], [ 25.2335308, 58.7363929 ], [ 25.2337951, 58.7359381 ], [ 25.2335683, 58.7355327 ], [ 25.2335683, 58.7351291 ], [ 25.2340917, 58.7339935 ], [ 25.2343994, 58.7338629 ], [ 25.2349624, 58.7340438 ], [ 25.2353395, 58.7344191 ], [ 25.2365174, 58.7348648 ], [ 25.2367855, 58.7346839 ], [ 25.2362761, 58.7342664 ], [ 25.2362081, 58.733975 ], [ 25.2365174, 58.7335289 ], [ 25.2365442, 58.7329862 ], [ 25.2369732, 58.7322209 ], [ 25.2374021, 58.731873 ], [ 25.2379115, 58.7317338 ], [ 25.2387427, 58.7316921 ], [ 25.2403781, 58.7320261 ], [ 25.2407802, 58.7319008 ], [ 25.2409947, 58.7317338 ], [ 25.2406704, 58.731334 ], [ 25.241665, 58.7301892 ], [ 25.2426838, 58.7296742 ], [ 25.2434613, 58.7289506 ], [ 25.2444801, 58.7286027 ], [ 25.245204, 58.7277537 ], [ 25.2461959, 58.7272944 ], [ 25.2464434, 58.7263102 ], [ 25.2467977, 58.7259614 ], [ 25.2465892, 58.7246933 ], [ 25.2461125, 58.7238582 ], [ 25.2457253, 58.7235643 ], [ 25.2457551, 58.7231158 ], [ 25.2460529, 58.7226054 ], [ 25.2474001, 58.7222604 ] ] } },
{ "type": "Feature", "properties": { "source_fid": "w300463126", "name": "Käru jõgi" }, "geometry": { "type": "LineString", "coordinates": [ [ 25.0933335, 58.705812 ], [ 25.0929801, 58.7052233 ], [ 25.093117, 58.7046783 ] ] } },
{ "type": "Feature", "properties": { "source_fid": "w301451166", "name": "Ura jõgi" }, "geometry": { "type": "LineString", "coordinates": [ [ 24.7728141, 58.1218348 ], [ 24.7731557, 58.121902 ] ] } },
{ "type": "Feature", "properties": { "source_fid": "w301451167", "name": "Ura jõgi" }, "geometry": { "type": "LineString", "coordinates": [ [ 24.661851, 58.2362471 ], [ 24.6616677, 58.2362326 ] ] } },
{ "type": "Feature", "properties": { "source_fid": "w301451169", "name": "Ura jõgi" }, "geometry": { "type": "LineString", "coordinates": [ [ 24.7125794, 58.1993109 ], [ 24.71251, 58.1993852 ] ] } },
{ "type": "Feature", "properties": { "source_fid": "w301451171", "name": "Ura jõgi" }, "geometry": { "type": "LineString", "coordinates": [ [ 24.7649157, 58.1306909 ], [ 24.7646907, 58.1308209 ] ] } },
{ "type": "Feature", "properties": { "source_fid": "w301451172", "name": "Ura jõgi" }, "geometry": { "type": "LineString", "coordinates": [ [ 24.7723714, 58.1217241 ], [ 24.7728141, 58.1218348 ] ] } },
{ "type": "Feature", "properties": { "source_fid": "w301451173", "name": "Ura jõgi" }, "geometry": { "type": "LineString", "coordinates": [ [ 24.7141002, 58.172107 ], [ 24.7139606, 58.1721481 ] ] } },
{ "type": "Feature", "properties": { "source_fid": "w301451174", "name": "Ura jõgi" }, "geometry": { "type": "LineString", "coordinates": [ [ 24.7725705, 58.1221857 ], [ 24.7727478, 58.1222271 ] ] } },
{ "type": "Feature", "properties": { "source_fid": "w301451177", "name": "Ura jõgi" }, "geometry": { "type": "LineString", "coordinates": [ [ 24.7743014, 58.103743 ], [ 24.7742991, 58.1038078 ] ] } },
{ "type": "Feature", "properties": { "source_fid": "w301451180", "name": "Ura jõgi" }, "geometry": { "type": "LineString", "coordinates": [ [ 24.7742991, 58.1038078 ], [ 24.7740851, 58.1043611 ], [ 24.773701, 58.10446 ], [ 24.7731642, 58.1043169 ], [ 24.77214, 58.1047019 ], [ 24.772529, 58.1050402 ], [ 24.7735286, 58.1052847 ], [ 24.7736665, 58.1051338 ], [ 24.7735729, 58.1050402 ], [ 24.7738044, 58.1049881 ], [ 24.774026, 58.1052483 ], [ 24.7739324, 58.1054408 ], [ 24.7735828, 58.1056438 ], [ 24.7733513, 58.1055944 ], [ 24.7732824, 58.1054435 ], [ 24.7730854, 58.1055475 ], [ 24.7730559, 58.105662 ], [ 24.7734498, 58.1058519 ], [ 24.7734597, 58.1061954 ], [ 24.7729426, 58.1064737 ], [ 24.7725093, 58.1064789 ], [ 24.7724798, 58.1067807 ], [ 24.7722926, 58.106877 ], [ 24.7724305, 58.1072022 ], [ 24.7729968, 58.1075118 ], [ 24.7733612, 58.1073765 ], [ 24.7734991, 58.1074259 ], [ 24.77344, 58.1076159 ], [ 24.7730657, 58.1077511 ], [ 24.7729574, 58.1079046 ], [ 24.7736813, 58.1080607 ], [ 24.7738635, 58.1083287 ], [ 24.7737847, 58.1083989 ], [ 24.7732332, 58.1084171 ], [ 24.7732184, 58.1081622 ], [ 24.7730214, 58.108144 ], [ 24.7727112, 58.1085134 ], [ 24.773051, 58.1086513 ], [ 24.7730362, 58.1087293 ], [ 24.7724945, 58.108797 ], [ 24.7727112, 58.1090727 ], [ 24.7726176, 58.1091742 ], [ 24.7721055, 58.1090441 ], [ 24.7719726, 58.1092678 ], [ 24.7716082, 58.1092652 ], [ 24.7715983, 58.1094916 ], [ 24.7720907, 58.1098063 ], [ 24.7732627, 58.1100717 ], [ 24.7733563, 58.1102122 ], [ 24.7737601, 58.1104151 ], [ 24.7737502, 58.1108989 ], [ 24.7733612, 58.111427 ], [ 24.7727457, 58.1115466 ], [ 24.7723665, 58.1114842 ], [ 24.7721941, 58.1115232 ], [ 24.7721794, 58.1116091 ], [ 24.7729968, 58.1119472 ], [ 24.773765, 58.1120019 ], [ 24.7737305, 58.1121736 ], [ 24.7739718, 58.1122646 ], [ 24.7742229, 58.11221 ], [ 24.7744248, 58.1120591 ], [ 24.7746563, 58.1120461 ], [ 24.774671, 58.1124597 ], [ 24.7752225, 58.1123869 ], [ 24.7752225, 58.1129929 ], [ 24.7750994, 58.1132193 ], [ 24.7753063, 58.1140776 ], [ 24.7749517, 58.114499 ], [ 24.7752964, 58.1149048 ], [ 24.7752176, 58.1150036 ], [ 24.7741934, 58.1153834 ], [ 24.7718199, 58.1159452 ], [ 24.7694366, 58.1166527 ], [ 24.7692495, 58.1169648 ], [ 24.7703032, 58.119706 ], [ 24.7723714, 58.1217241 ], [ 24.7725705, 58.1221857 ] ] } },
{ "type": "Feature", "properties": { "source_fid": "w301451182", "name": "Ura jõgi" }, "geometry": { "type": "LineString", "coordinates": [ [ 24.7800312, 58.0944134 ], [ 24.7801066, 58.0946337 ], [ 24.7798869, 58.094817 ], [ 24.7799192, 58.0949593 ], [ 24.7801282, 58.095113 ], [ 24.7800248, 58.09531 ], [ 24.7803199, 58.0954284 ], [ 24.7802639, 58.0956834 ], [ 24.7804685, 58.0959156 ], [ 24.7801346, 58.0960261 ], [ 24.7799451, 58.0963198 ], [ 24.7796349, 58.096478 ], [ 24.7798352, 58.0966294 ], [ 24.779777, 58.0971599 ], [ 24.7794949, 58.097292 ], [ 24.7788616, 58.0974104 ], [ 24.7789542, 58.097728 ], [ 24.779497, 58.0977018 ], [ 24.779301, 58.0978452 ], [ 24.7793828, 58.0979602 ], [ 24.7791868, 58.0980331 ], [ 24.7788766, 58.0979534 ], [ 24.7790231, 58.0981469 ], [ 24.7789262, 58.0982425 ], [ 24.7785858, 58.0982152 ], [ 24.7783295, 58.0980866 ], [ 24.7782347, 58.0982152 ], [ 24.7778987, 58.0983165 ], [ 24.7773968, 58.0982106 ], [ 24.7766967, 58.0982562 ], [ 24.7768841, 58.0985305 ], [ 24.7770478, 58.098584 ], [ 24.7767915, 58.0987923 ], [ 24.7767893, 58.0989153 ], [ 24.7771146, 58.0989528 ], [ 24.7774011, 58.0988322 ], [ 24.7774183, 58.0989722 ], [ 24.7771921, 58.0991748 ], [ 24.7766493, 58.0991817 ], [ 24.7764296, 58.0995311 ], [ 24.7766385, 58.099662 ], [ 24.7764834, 58.0998772 ], [ 24.776044, 58.0999318 ], [ 24.7757812, 58.099818 ], [ 24.7756024, 58.0998874 ], [ 24.775695, 58.1003905 ], [ 24.7759449, 58.1004884 ], [ 24.7753719, 58.1005499 ], [ 24.7754624, 58.1007263 ], [ 24.775135, 58.100707 ], [ 24.7749993, 58.1005943 ], [ 24.7747989, 58.1007309 ], [ 24.7749756, 58.100855 ], [ 24.7748291, 58.1011281 ], [ 24.7749842, 58.101308 ], [ 24.7747989, 58.1014116 ], [ 24.7748054, 58.1016062 ], [ 24.7744801, 58.1015675 ], [ 24.774353, 58.1016392 ], [ 24.7744866, 58.1017439 ], [ 24.7750919, 58.1017485 ], [ 24.775219, 58.1018088 ], [ 24.7751371, 58.1020854 ], [ 24.7753762, 58.1021184 ], [ 24.7749325, 58.1023131 ], [ 24.7751027, 58.1025817 ], [ 24.774758, 58.1027035 ], [ 24.7747451, 58.1027831 ], [ 24.775051, 58.1029801 ], [ 24.7756541, 58.1029949 ], [ 24.7757446, 58.1032236 ], [ 24.7752965, 58.1035787 ], [ 24.7749799, 58.1035116 ], [ 24.7744048, 58.1035403 ], [ 24.7743014, 58.103743 ] ] } },
{ "type": "Feature", "properties": { "source_fid": "w301451186", "name": "Ura jõgi" }, "geometry": { "type": "LineString", "coordinates": [ [ 24.7727478, 58.1222271 ], [ 24.7731454, 58.1222994 ], [ 24.773966, 58.1222994 ], [ 24.7744978, 58.1226551 ], [ 24.7744928, 58.1228718 ], [ 24.7746903, 58.122944 ], [ 24.7745611, 58.1230524 ], [ 24.7739812, 58.1230804 ], [ 24.7738849, 58.1231487 ], [ 24.7746295, 58.1234924 ], [ 24.7753893, 58.1236408 ], [ 24.7755488, 58.1237719 ], [ 24.7753943, 58.1244031 ], [ 24.7751208, 58.1244673 ], [ 24.7743053, 58.1244326 ], [ 24.7740318, 58.1247468 ], [ 24.7744978, 58.1250892 ], [ 24.7747941, 58.1250451 ], [ 24.7750626, 58.1248284 ], [ 24.7755969, 58.1248592 ], [ 24.775678, 58.1249261 ], [ 24.7755564, 58.1250959 ], [ 24.7758705, 58.1254369 ], [ 24.7755488, 58.1256081 ], [ 24.7750474, 58.1255693 ], [ 24.7752854, 58.1257672 ], [ 24.7756729, 58.1257632 ], [ 24.7757894, 58.1260187 ], [ 24.7754855, 58.1261577 ], [ 24.7752069, 58.1260387 ], [ 24.7750271, 58.1260695 ], [ 24.7746472, 58.1263262 ], [ 24.7755032, 58.1264386 ], [ 24.7754475, 58.1266739 ], [ 24.7748853, 58.1269187 ], [ 24.7748574, 58.127154 ], [ 24.7746954, 58.1272998 ], [ 24.7747511, 58.127384 ], [ 24.775174, 58.1273854 ], [ 24.7754137, 58.1277737 ], [ 24.7749385, 58.1277371 ], [ 24.7746852, 58.1276288 ], [ 24.7744953, 58.1276916 ], [ 24.7746447, 58.1278508 ], [ 24.7749106, 58.1279243 ], [ 24.7748195, 58.1282038 ], [ 24.7749587, 58.1283442 ], [ 24.7747333, 58.1284244 ], [ 24.7741812, 58.1282332 ], [ 24.7740825, 58.1283308 ], [ 24.7741914, 58.1287734 ], [ 24.7738064, 58.128855 ], [ 24.7732239, 58.1287815 ], [ 24.7726212, 58.1284177 ], [ 24.7724034, 58.1284512 ], [ 24.7718969, 58.1287159 ], [ 24.7719931, 58.1288243 ], [ 24.7723831, 58.1288925 ], [ 24.7722945, 58.1290382 ], [ 24.7718184, 58.1290516 ], [ 24.7714993, 58.1291546 ], [ 24.7706964, 58.1291131 ], [ 24.770661, 58.1292776 ], [ 24.7708281, 58.1294314 ], [ 24.7702431, 58.1294929 ], [ 24.7704179, 58.1297683 ], [ 24.7702279, 58.1298552 ], [ 24.7695467, 58.1299368 ], [ 24.7692934, 58.1297509 ], [ 24.7688502, 58.1298058 ], [ 24.7687185, 58.1297122 ], [ 24.7687818, 58.1295223 ], [ 24.7682019, 58.1294059 ], [ 24.7680854, 58.1294982 ], [ 24.7681917, 58.1297255 ], [ 24.7678423, 58.130017 ], [ 24.7677891, 58.1302978 ], [ 24.7680119, 58.1305425 ], [ 24.767513, 58.1307592 ], [ 24.7667963, 58.1307645 ], [ 24.7664291, 58.1306923 ], [ 24.7666747, 58.1300211 ], [ 24.7666798, 58.1295276 ], [ 24.7663987, 58.129442 ], [ 24.7662164, 58.1294835 ], [ 24.765953, 58.1296908 ], [ 24.765682, 58.1297108 ], [ 24.7658669, 58.1299448 ], [ 24.7655756, 58.1300224 ], [ 24.7654667, 58.1303406 ], [ 24.7649157, 58.1306909 ] ] } },
{ "type": "Feature", "properties": { "source_fid": "w301451187", "name": "Ura jõgi" }, "geometry": { "type": "LineString", "coordinates": [ [ 24.71251, 58.1993852 ], [ 24.7117422, 58.2000433 ], [ 24.7049754, 58.2017555 ], [ 24.704506, 58.2020857 ], [ 24.7020754, 58.2033725 ], [ 24.7004542, 58.2035151 ], [ 24.6985925, 58.2030557 ], [ 24.6951652, 58.2040244 ], [ 24.6901213, 58.2077797 ], [ 24.690859, 58.2091541 ], [ 24.6905764, 58.2097273 ], [ 24.6903573, 58.2106577 ], [ 24.6902036, 58.2119929 ], [ 24.6883524, 58.2131308 ], [ 24.6882854, 58.2133462 ], [ 24.6884227, 58.2134987 ], [ 24.6877637, 58.2138105 ], [ 24.6871652, 58.2138604 ], [ 24.6872601, 58.214143 ], [ 24.6869117, 58.2145418 ], [ 24.6864522, 58.2146538 ], [ 24.6863737, 58.2147597 ], [ 24.6865896, 58.214969 ], [ 24.6864048, 58.2153489 ], [ 24.6858848, 58.2156314 ], [ 24.6858815, 58.2158209 ], [ 24.685579, 58.2162111 ], [ 24.6855038, 58.216547 ], [ 24.6860777, 58.2168287 ], [ 24.6864898, 58.2168416 ], [ 24.6866207, 58.2169691 ], [ 24.6864915, 58.2172636 ], [ 24.6866517, 58.2175522 ], [ 24.6865127, 58.2177072 ], [ 24.6868316, 58.2179845 ], [ 24.6866256, 58.2181964 ], [ 24.6868987, 58.2186115 ], [ 24.6866681, 58.2188346 ], [ 24.6867776, 58.2191111 ], [ 24.6866779, 58.2192282 ], [ 24.6856542, 58.2193996 ], [ 24.6847407, 58.2200704 ], [ 24.6847678, 58.2204669 ], [ 24.6852674, 58.2208515 ], [ 24.6853036, 58.2209586 ], [ 24.6850074, 58.2212742 ], [ 24.6853262, 58.2217219 ], [ 24.685229, 58.221829 ], [ 24.6844558, 58.22186 ], [ 24.68399, 58.2219981 ], [ 24.6840918, 58.2222053 ], [ 24.6846118, 58.2225303 ], [ 24.684492, 58.2238495 ], [ 24.6845598, 58.2245103 ], [ 24.6842546, 58.2249103 ], [ 24.6840104, 58.2250246 ], [ 24.6835853, 58.2250568 ], [ 24.6831806, 58.2255104 ], [ 24.6834926, 58.2265854 ], [ 24.6830585, 58.2273247 ], [ 24.6827488, 58.2274628 ], [ 24.6822356, 58.2275224 ], [ 24.6812724, 58.2280331 ], [ 24.6779692, 58.2293652 ], [ 24.6772209, 58.2295271 ], [ 24.6755297, 58.2294902 ], [ 24.673938, 58.229677 ], [ 24.6732372, 58.2299127 ], [ 24.6718587, 58.2307529 ], [ 24.6716899, 58.2313536 ], [ 24.6700363, 58.2324348 ], [ 24.6698331, 58.2329433 ], [ 24.669183, 58.233228 ], [ 24.6685015, 58.2338139 ], [ 24.6677107, 58.2340097 ], [ 24.6667073, 58.2339965 ], [ 24.6661821, 58.2342681 ], [ 24.6648224, 58.2343816 ], [ 24.6636252, 58.2354051 ], [ 24.6633938, 58.2359087 ], [ 24.662703, 58.2362872 ], [ 24.661851, 58.2362471 ] ] } },
{ "type": "Feature", "properties": { "source_fid": "w301451188", "name": "Ura jõgi" }, "geometry": { "type": "LineString", "coordinates": [ [ 24.6616677, 58.2362326 ], [ 24.6606899, 58.2361667 ], [ 24.6600421, 58.23626 ], [ 24.6598251, 58.2363018 ], [ 24.6594462, 58.2365592 ], [ 24.6581262, 58.2364643 ], [ 24.6572247, 58.2369275 ], [ 24.6570536, 58.2372894 ], [ 24.6571024, 58.2380404 ], [ 24.6576849, 58.2387998 ], [ 24.6578462, 58.2395876 ], [ 24.6568097, 58.2408863 ], [ 24.6568127, 58.2411017 ], [ 24.6563437, 58.2417463 ], [ 24.656051, 58.2419648 ], [ 24.6551757, 58.2421912 ], [ 24.6543782, 58.2420623 ], [ 24.6542079, 58.2410058 ], [ 24.6537389, 58.2408375 ], [ 24.653485, 58.2410466 ], [ 24.6531714, 58.2410765 ], [ 24.6521856, 58.240696 ], [ 24.6519437, 58.2406976 ], [ 24.6517167, 58.2407872 ], [ 24.651875, 58.240979 ], [ 24.6517047, 58.241152 ], [ 24.6512268, 58.2410812 ], [ 24.6501604, 58.2412196 ], [ 24.648171, 58.2410812 ], [ 24.6444371, 58.2409759 ], [ 24.6417696, 58.239792 ], [ 24.6409332, 58.2395168 ], [ 24.6376026, 58.2390655 ], [ 24.6370529, 58.2391457 ], [ 24.6366228, 58.2397605 ], [ 24.6358013, 58.2400357 ], [ 24.6349052, 58.2411142 ], [ 24.634245, 58.2413611 ], [ 24.6339045, 58.2418532 ], [ 24.634024, 58.2424852 ], [ 24.6334266, 58.242861 ], [ 24.6327395, 58.2427792 ], [ 24.6321003, 58.2427981 ], [ 24.6315686, 58.2429993 ], [ 24.6292655, 58.2429003 ], [ 24.6289788, 58.2427651 ], [ 24.6289788, 58.2423689 ], [ 24.6282529, 58.2420482 ], [ 24.6280946, 58.2420497 ], [ 24.6278078, 58.2422227 ], [ 24.6272283, 58.2422683 ], [ 24.6272134, 58.2424554 ], [ 24.6274404, 58.2427666 ], [ 24.6271238, 58.2429616 ], [ 24.6263143, 58.2429773 ], [ 24.6259887, 58.2431361 ], [ 24.6253554, 58.2429553 ], [ 24.6250985, 58.2429679 ], [ 24.6246564, 58.2431927 ], [ 24.6229508, 58.2433939 ], [ 24.6214602, 58.2433908 ], [ 24.6211645, 58.243614 ], [ 24.6206507, 58.2436219 ], [ 24.6202444, 58.2435386 ], [ 24.6198173, 58.2433373 ], [ 24.6195216, 58.2430339 ], [ 24.6177532, 58.2426849 ], [ 24.6175112, 58.2424931 ], [ 24.6175769, 58.2422085 ], [ 24.6173141, 58.2418736 ], [ 24.6153725, 58.2418752 ], [ 24.6146048, 58.2421393 ], [ 24.6143987, 58.2424899 ], [ 24.6139805, 58.2427211 ], [ 24.6139506, 58.2430937 ], [ 24.613404, 58.2434584 ], [ 24.6128454, 58.243592 ], [ 24.6123555, 58.2440275 ], [ 24.6112682, 58.2442177 ], [ 24.6112891, 58.2447255 ], [ 24.61108, 58.2448592 ], [ 24.6107096, 58.2448466 ], [ 24.6098045, 58.2449912 ], [ 24.6086843, 58.2449362 ], [ 24.6080331, 58.2451563 ], [ 24.6076269, 58.2450148 ], [ 24.6066023, 58.2451468 ], [ 24.6060766, 58.245128 ], [ 24.6058047, 58.2453764 ], [ 24.6055986, 58.2454141 ], [ 24.603657, 58.2449173 ], [ 24.6030357, 58.245106 ], [ 24.6023785, 58.2451972 ], [ 24.6020768, 58.2450227 ], [ 24.6015093, 58.2450321 ], [ 24.6007715, 58.2452569 ], [ 24.6001531, 58.2456719 ], [ 24.5996453, 58.2454864 ], [ 24.5995049, 58.2455006 ], [ 24.5985251, 58.2458448 ], [ 24.5979008, 58.245936 ], [ 24.5977127, 58.246175 ], [ 24.5975543, 58.2461986 ], [ 24.596945, 58.2460068 ], [ 24.5966821, 58.2460351 ], [ 24.5965775, 58.2464045 ], [ 24.5964282, 58.2464689 ], [ 24.596243, 58.2464972 ], [ 24.596007, 58.2464029 ], [ 24.5954215, 58.2463746 ], [ 24.5953678, 58.2466466 ], [ 24.5948062, 58.2467786 ], [ 24.5945642, 58.2469405 ], [ 24.593919, 58.2467896 ], [ 24.5934381, 58.2472141 ], [ 24.5927481, 58.2472864 ], [ 24.5922388, 58.2475285 ], [ 24.5923642, 58.2481541 ], [ 24.5919898, 58.2486316 ], [ 24.5924238, 58.2491782 ], [ 24.5915049, 58.2496835 ], [ 24.5912488, 58.2502149 ], [ 24.590904, 58.2504996 ], [ 24.5898116, 58.2507191 ], [ 24.589634, 58.2508397 ], [ 24.5891466, 58.2515101 ], [ 24.588397, 58.2520958 ], [ 24.5884073, 58.2524522 ], [ 24.5892623, 58.2528988 ], [ 24.5891384, 58.2531313 ], [ 24.5888079, 58.2533617 ], [ 24.5880398, 58.2535746 ], [ 24.5875421, 58.2541766 ], [ 24.586776, 58.2548361 ], [ 24.5864228, 58.2549665 ], [ 24.5855411, 58.2551175 ], [ 24.5851095, 58.2557607 ], [ 24.5839262, 58.2562572 ], [ 24.5834595, 58.2566233 ], [ 24.583412, 58.25682 ], [ 24.5837775, 58.257185 ], [ 24.5825696, 58.2591517 ], [ 24.5826729, 58.259495 ], [ 24.5833915, 58.2601186 ], [ 24.58328, 58.2606639 ], [ 24.5833754, 58.2612488 ] ] } },
{ "type": "Feature", "properties": { "source_fid": "w301451189", "name": "Ura jõgi" }, "geometry": { "type": "LineString", "coordinates": [ [ 24.7639118, 58.1322457 ], [ 24.7639538, 58.1325674 ], [ 24.764397, 58.1326066 ] ] } },
{ "type": "Feature", "properties": { "source_fid": "w301451190", "name": "Ura jõgi" }, "geometry": { "type": "LineString", "coordinates": [ [ 24.7747941, 58.1250451 ], [ 24.7748524, 58.1254383 ], [ 24.7750474, 58.1255693 ] ] } },
{ "type": "Feature", "properties": { "source_fid": "w301451192", "name": "Ura jõgi" }, "geometry": { "type": "LineString", "coordinates": [ [ 24.7139606, 58.1721481 ], [ 24.7118003, 58.172369 ], [ 24.7112064, 58.1726785 ], [ 24.7106812, 58.1737915 ], [ 24.7107545, 58.1740784 ], [ 24.710092, 58.1743991 ], [ 24.7103546, 58.1746112 ], [ 24.7097997, 58.1760078 ], [ 24.7119412, 58.1842927 ], [ 24.7152405, 58.1876513 ], [ 24.716492, 58.1938702 ], [ 24.7152163, 58.1965193 ], [ 24.7125794, 58.1993109 ] ] } },
{ "type": "Feature", "properties": { "source_fid": "w301451193", "name": "Ura jõgi" }, "geometry": { "type": "LineString", "coordinates": [ [ 24.7627737, 58.1340867 ], [ 24.7624305, 58.1346265 ], [ 24.7618283, 58.1349462 ] ] } },
{ "type": "Feature", "properties": { "source_fid": "w301451196", "name": "Ura jõgi" }, "geometry": { "type": "LineString", "coordinates": [ [ 24.7646907, 58.1308209 ], [ 24.7645386, 58.1309387 ], [ 24.764423, 58.1315063 ], [ 24.7638978, 58.1317299 ], [ 24.7637543, 58.1319333 ], [ 24.7639783, 58.1321274 ], [ 24.7639118, 58.1322457 ], [ 24.7642129, 58.1322069 ], [ 24.7644825, 58.1319629 ], [ 24.7652213, 58.1319758 ], [ 24.7652143, 58.1324324 ], [ 24.764397, 58.1326066 ], [ 24.764444, 58.1327085 ], [ 24.7642262, 58.132783 ], [ 24.7635124, 58.1328648 ], [ 24.7628822, 58.1327983 ], [ 24.7629592, 58.1330552 ], [ 24.7627456, 58.1330312 ], [ 24.7626161, 58.1327613 ], [ 24.76228, 58.1328371 ], [ 24.7622379, 58.1330109 ], [ 24.7629102, 58.1334268 ], [ 24.7623325, 58.1338556 ], [ 24.762476, 58.1339407 ], [ 24.7628752, 58.1338908 ], [ 24.7627737, 58.1340867 ], [ 24.7613101, 58.1341144 ], [ 24.7612296, 58.1339351 ], [ 24.761009, 58.1338815 ], [ 24.7607639, 58.1340072 ], [ 24.760981, 58.1342457 ], [ 24.7616637, 58.1346061 ], [ 24.7614081, 58.13473 ], [ 24.7614536, 58.1349093 ], [ 24.76235, 58.1350867 ], [ 24.7625216, 58.135083 ], [ 24.7627246, 58.1349167 ], [ 24.7629697, 58.1349 ], [ 24.7640757, 58.1352191 ], [ 24.7640967, 58.1353411 ], [ 24.763673, 58.1354428 ], [ 24.7635995, 58.1356794 ], [ 24.7632739, 58.1357773 ], [ 24.7628327, 58.1357163 ], [ 24.7619889, 58.1357626 ], [ 24.7615302, 58.1360158 ], [ 24.7612431, 58.136001 ], [ 24.7611311, 58.1359622 ], [ 24.7612501, 58.1357736 ], [ 24.7616668, 58.135648 ], [ 24.7614952, 58.1355278 ], [ 24.7612781, 58.1355278 ], [ 24.7607774, 58.1357977 ], [ 24.7606829, 58.1360731 ], [ 24.7604098, 58.1362247 ], [ 24.7602627, 58.1362062 ], [ 24.7599651, 58.135879 ], [ 24.7598391, 58.1358624 ], [ 24.7595239, 58.1360879 ], [ 24.759685, 58.1363781 ], [ 24.7594469, 58.1365093 ], [ 24.7600912, 58.1367219 ], [ 24.7602417, 58.1368827 ], [ 24.7599861, 58.1369991 ], [ 24.7600106, 58.1370638 ], [ 24.7604413, 58.1371377 ], [ 24.7603818, 58.1372967 ], [ 24.7605463, 58.1373466 ], [ 24.7613551, 58.1372394 ], [ 24.7616072, 58.1374778 ], [ 24.7615127, 58.1378586 ], [ 24.7611521, 58.1378937 ], [ 24.7609945, 58.137805 ], [ 24.7609945, 58.137598 ], [ 24.7606969, 58.1375296 ], [ 24.7599581, 58.1379639 ], [ 24.7602732, 58.1381987 ], [ 24.7603643, 58.1385517 ], [ 24.7606724, 58.1385628 ], [ 24.7607914, 58.1383206 ], [ 24.7613656, 58.1384408 ], [ 24.7614392, 58.1385739 ], [ 24.7612396, 58.1392226 ], [ 24.7601857, 58.1391616 ], [ 24.7600561, 58.1392078 ], [ 24.7598846, 58.1395442 ], [ 24.759692, 58.1395811 ], [ 24.7594049, 58.139413 ], [ 24.7594294, 58.1392836 ], [ 24.7591983, 58.139278 ], [ 24.7590512, 58.1393612 ], [ 24.7590477, 58.1395571 ], [ 24.7585295, 58.1396052 ], [ 24.7580043, 58.1394314 ], [ 24.7580008, 58.138962 ], [ 24.7574371, 58.1390082 ], [ 24.757192, 58.1393797 ], [ 24.7569644, 58.1393557 ], [ 24.7565653, 58.1391154 ], [ 24.7562502, 58.1393446 ], [ 24.7564462, 58.1394573 ], [ 24.7564182, 58.1395774 ], [ 24.7557705, 58.1397124 ], [ 24.7560646, 58.1402798 ], [ 24.7553153, 58.1405385 ], [ 24.7555254, 58.140812 ], [ 24.7553713, 58.1408601 ], [ 24.7543489, 58.1406531 ], [ 24.7540338, 58.1409044 ], [ 24.7536241, 58.1409044 ], [ 24.753246, 58.140666 ], [ 24.7530639, 58.1404202 ], [ 24.7527488, 58.1403555 ], [ 24.7526963, 58.1405367 ], [ 24.7528643, 58.1408361 ], [ 24.7533755, 58.141335 ], [ 24.753239, 58.1416234 ], [ 24.7535786, 58.1418932 ], [ 24.7535261, 58.1421168 ], [ 24.7528048, 58.1421611 ], [ 24.7525142, 58.1420798 ], [ 24.7520975, 58.14181 ], [ 24.7518384, 58.1417841 ], [ 24.7513202, 58.1419061 ], [ 24.7507495, 58.142564 ], [ 24.7504449, 58.1426361 ], [ 24.7501053, 58.1425954 ], [ 24.7500387, 58.1426527 ], [ 24.7509701, 58.1432663 ], [ 24.7510745, 58.1434324 ], [ 24.7504029, 58.1434954 ], [ 24.7497201, 58.143403 ], [ 24.7486907, 58.1434991 ], [ 24.748183, 58.1434455 ], [ 24.7482635, 58.1443714 ], [ 24.7478294, 58.1442827 ], [ 24.7473672, 58.1437911 ], [ 24.7470521, 58.1438484 ], [ 24.7466459, 58.1441736 ], [ 24.7450808, 58.1444656 ], [ 24.7449582, 58.1444287 ], [ 24.7449337, 58.1442623 ], [ 24.744454, 58.1442586 ], [ 24.7445556, 58.144388 ], [ 24.7444295, 58.1446227 ], [ 24.7442019, 58.1445599 ], [ 24.7441669, 58.1444342 ], [ 24.7443105, 58.1441847 ], [ 24.7437328, 58.1441792 ], [ 24.7435577, 58.1444268 ], [ 24.7436983, 58.1449642 ], [ 24.7436394, 58.1450284 ], [ 24.7431515, 58.1450828 ], [ 24.7425773, 58.1450089 ], [ 24.7421431, 58.1447446 ], [ 24.7423042, 58.1442642 ], [ 24.7417965, 58.1441699 ], [ 24.7415794, 58.1442346 ], [ 24.7414044, 58.1440979 ], [ 24.7410192, 58.1440997 ], [ 24.7407846, 58.1442439 ], [ 24.7410262, 58.144436 ], [ 24.7408581, 58.1446098 ], [ 24.7412153, 58.1447446 ], [ 24.7409877, 58.1448611 ], [ 24.7412083, 58.1451475 ], [ 24.7410017, 58.1452436 ], [ 24.7402629, 58.1449128 ], [ 24.7397692, 58.1448629 ], [ 24.739272, 58.144436 ], [ 24.7388344, 58.1443769 ], [ 24.7386173, 58.1445044 ], [ 24.7380465, 58.1446134 ], [ 24.7379065, 58.1444582 ], [ 24.7379905, 58.1442328 ], [ 24.7369821, 58.1440424 ], [ 24.7368456, 58.1441644 ], [ 24.7369541, 58.1443399 ], [ 24.736702, 58.1445968 ], [ 24.7365234, 58.1446171 ], [ 24.7364919, 58.1445026 ], [ 24.7362749, 58.1444139 ], [ 24.7359002, 58.1444028 ], [ 24.7358372, 58.1445081 ], [ 24.7362118, 58.1445765 ], [ 24.7362468, 58.1447761 ], [ 24.7370802, 58.1448019 ], [ 24.7372867, 58.144704 ], [ 24.7374933, 58.1447373 ], [ 24.7375038, 58.1450551 ], [ 24.7367685, 58.1453064 ], [ 24.7360538, 58.1453042 ], [ 24.7359632, 58.1453896 ], [ 24.7362048, 58.1455189 ], [ 24.7361015, 58.1455965 ], [ 24.7357346, 58.1454998 ], [ 24.7353069, 58.1456859 ], [ 24.735074, 58.1455669 ], [ 24.7343001, 58.145639 ], [ 24.7344576, 58.1461417 ], [ 24.7351964, 58.1464059 ], [ 24.7348813, 58.1465611 ], [ 24.7338239, 58.1467256 ], [ 24.734027, 58.146927 ], [ 24.7352279, 58.1472614 ], [ 24.7355431, 58.1474647 ], [ 24.735403, 58.1476569 ], [ 24.7351544, 58.1477567 ], [ 24.7348358, 58.1477604 ], [ 24.7339219, 58.1474629 ], [ 24.7325354, 58.1473113 ], [ 24.7323183, 58.1470951 ], [ 24.7319437, 58.1470489 ], [ 24.731527, 58.1474462 ], [ 24.7319047, 58.1481268 ], [ 24.7309489, 58.1482312 ], [ 24.730832, 58.1483005 ], [ 24.7309134, 58.1486948 ], [ 24.7306529, 58.1489609 ], [ 24.7297186, 58.1490749 ], [ 24.7293554, 58.1490464 ], [ 24.729195, 58.1492411 ], [ 24.7292327, 58.1495156 ], [ 24.7297701, 58.1496619 ], [ 24.7298762, 58.1498859 ], [ 24.729794, 58.1500503 ], [ 24.729284, 58.150146 ], [ 24.7281853, 58.149904 ], [ 24.7281477, 58.1496186 ], [ 24.7279526, 58.1495301 ], [ 24.7265424, 58.1497125 ], [ 24.7260392, 58.1500448 ], [ 24.725762, 58.1506463 ], [ 24.7253478, 58.1510075 ], [ 24.7250706, 58.1510238 ], [ 24.7245743, 58.1508504 ], [ 24.7242149, 58.1509046 ], [ 24.72275, 58.1515439 ], [ 24.7225412, 58.1518239 ], [ 24.7221749, 58.15199 ], [ 24.7223632, 58.1524343 ], [ 24.7220586, 58.1526457 ], [ 24.7214596, 58.1527432 ], [ 24.7213432, 58.1528389 ], [ 24.7211413, 58.1532525 ], [ 24.7207613, 58.15335 ], [ 24.7206929, 58.1534385 ], [ 24.7206758, 58.1540742 ], [ 24.7201418, 58.154365 ], [ 24.7203232, 58.1545311 ], [ 24.7206313, 58.1546286 ], [ 24.7207545, 58.1549645 ], [ 24.7205594, 58.155472 ], [ 24.7201692, 58.155472 ], [ 24.7200871, 58.1555894 ], [ 24.7202171, 58.1564851 ], [ 24.721528, 58.1585365 ], [ 24.721244, 58.1596362 ], [ 24.7213158, 58.1599413 ], [ 24.7216992, 58.1606835 ], [ 24.7226028, 58.1614671 ], [ 24.7227123, 58.1617307 ], [ 24.7225378, 58.1620684 ], [ 24.721374, 58.1624277 ], [ 24.7212234, 58.1625902 ], [ 24.7213466, 58.1629928 ], [ 24.7210454, 58.1634496 ], [ 24.7213706, 58.1637926 ], [ 24.721155, 58.1639479 ], [ 24.7211652, 58.1642133 ], [ 24.720597, 58.1648091 ], [ 24.7207648, 58.1651774 ], [ 24.7207237, 58.1665315 ], [ 24.7184476, 58.1673457 ], [ 24.7182011, 58.1673619 ], [ 24.7179444, 58.1675659 ], [ 24.71765, 58.1676092 ], [ 24.7165377, 58.1680912 ], [ 24.7147236, 58.1718279 ], [ 24.7146449, 58.1719525 ], [ 24.7141002, 58.172107 ] ] } },
{ "type": "Feature", "properties": { "source_fid": "w301451197", "name": "Ura jõgi" }, "geometry": { "type": "LineString", "coordinates": [ [ 24.7731557, 58.121902 ], [ 24.773817, 58.1220868 ], [ 24.773966, 58.1222994 ] ] } },
{ "type": "Feature", "properties": { "source_fid": "w301451199", "name": "Ura jõgi" }, "geometry": { "type": "LineString", "coordinates": [ [ 24.7741638, 58.1041295 ], [ 24.7739669, 58.1041139 ], [ 24.7737896, 58.1039812 ], [ 24.7731642, 58.1043169 ] ] } },
{ "type": "Feature", "properties": { "source_fid": "w302567408", "name": "Vändra jõgi" }, "geometry": { "type": "LineString", "coordinates": [ [ 25.0315011, 58.7077447 ], [ 25.0307345, 58.7076602 ] ] } },
{ "type": "Feature", "properties": { "source_fid": "w302567411", "name": "Vändra jõgi" }, "geometry": { "type": "LineString", "coordinates": [ [ 25.0447258, 58.7105331 ], [ 25.0446221, 58.7104533 ] ] } },
{ "type": "Feature", "properties": { "source_fid": "w302567419", "name": "Vändra jõgi" }, "geometry": { "type": "LineString", "coordinates": [ [ 25.0608123, 58.7338574 ], [ 25.0608752, 58.7337726 ] ] } },
{ "type": "Feature", "properties": { "source_fid": "w302567425", "name": "Vändra jõgi" }, "geometry": { "type": "LineString", "coordinates": [ [ 25.0568403, 58.7206805 ], [ 25.0565954, 58.7205825 ], [ 25.0557308, 58.7205837 ], [ 25.0555598, 58.7204646 ], [ 25.0553017, 58.7201617 ], [ 25.055396, 58.719905 ], [ 25.0557095, 58.7197986 ], [ 25.0562151, 58.7198077 ], [ 25.0562507, 58.719437 ], [ 25.0553524, 58.7191444 ], [ 25.054619, 58.7191611 ], [ 25.0544177, 58.7190617 ], [ 25.0543416, 58.718741 ], [ 25.0539292, 58.7182877 ], [ 25.0539839, 58.7175825 ], [ 25.0537923, 58.717428 ], [ 25.0534702, 58.7173666 ], [ 25.0538724, 58.716967 ], [ 25.0543732, 58.7168814 ], [ 25.0546194, 58.7166817 ], [ 25.0545663, 58.7161953 ], [ 25.054699, 58.7159215 ], [ 25.0551622, 58.7157566 ], [ 25.0552368, 58.7156032 ], [ 25.0549168, 58.7154511 ], [ 25.0542321, 58.7154245 ], [ 25.0540156, 58.7156439 ], [ 25.0535221, 58.7158828 ], [ 25.0524391, 58.7159262 ], [ 25.0522332, 58.7158763 ], [ 25.0521822, 58.7154954 ], [ 25.0523966, 58.7153241 ], [ 25.0524692, 58.7150371 ], [ 25.0527959, 58.7149179 ], [ 25.0529878, 58.7149284 ], [ 25.0531679, 58.714691 ], [ 25.0529294, 58.7141909 ], [ 25.0525125, 58.7141764 ], [ 25.052229, 58.7140671 ], [ 25.052203, 58.7136033 ], [ 25.0512869, 58.7135682 ], [ 25.0510666, 58.7132325 ], [ 25.0507271, 58.7131303 ], [ 25.0510135, 58.7127511 ], [ 25.0506717, 58.7125956 ], [ 25.0505799, 58.7124034 ], [ 25.050819, 58.7122263 ], [ 25.0507574, 58.7119458 ], [ 25.0503691, 58.7118369 ], [ 25.0502851, 58.7115648 ], [ 25.0503924, 58.7114786 ], [ 25.0506735, 58.7114636 ], [ 25.0507979, 58.7113098 ], [ 25.0503537, 58.7112666 ], [ 25.0500432, 58.7110119 ], [ 25.0489767, 58.7108012 ], [ 25.0481202, 58.7110119 ], [ 25.0466834, 58.7109826 ], [ 25.0462439, 58.7108975 ], [ 25.0456669, 58.7104382 ], [ 25.0454005, 58.7104672 ], [ 25.0450761, 58.7106333 ], [ 25.0447258, 58.7105331 ] ] } },
{ "type": "Feature", "properties": { "source_fid": "w302567427", "name": "Vändra jõgi" }, "geometry": { "type": "LineString", "coordinates": [ [ 25.072926, 58.7512985 ], [ 25.074195, 58.7510485 ], [ 25.0736245, 58.7486885 ], [ 25.0737999, 58.7484997 ], [ 25.0727301, 58.747679 ], [ 25.0723344, 58.7465934 ], [ 25.0719068, 58.7458748 ], [ 25.0706621, 58.7450713 ], [ 25.070595, 58.7449787 ], [ 25.070935, 58.7443798 ], [ 25.0697671, 58.7432717 ], [ 25.0696392, 58.7429613 ], [ 25.0701086, 58.7425977 ], [ 25.0707753, 58.7426707 ], [ 25.0713806, 58.7425481 ], [ 25.0716063, 58.7426457 ], [ 25.0718112, 58.7425547 ], [ 25.0717443, 58.7424156 ], [ 25.0707247, 58.7420582 ], [ 25.0703446, 58.7417492 ], [ 25.070039, 58.7412335 ], [ 25.070514, 58.7408856 ], [ 25.0705009, 58.7407941 ], [ 25.0694581, 58.7405753 ], [ 25.0691896, 58.7406283 ], [ 25.0688698, 58.7405525 ], [ 25.0688344, 58.7402751 ], [ 25.068632, 58.7401437 ], [ 25.0680471, 58.7401902 ], [ 25.0680452, 58.7402791 ], [ 25.068291, 58.7403816 ], [ 25.0681607, 58.7405323 ], [ 25.0678906, 58.7405671 ], [ 25.0667304, 58.7400916 ], [ 25.0666, 58.7398104 ], [ 25.0668067, 58.7394702 ], [ 25.0662946, 58.7391252 ], [ 25.0664734, 58.7388304 ], [ 25.0660708, 58.7388291 ], [ 25.0656099, 58.7391229 ], [ 25.0649687, 58.7391662 ], [ 25.0648437, 58.7390747 ], [ 25.0649463, 58.7386987 ], [ 25.0645968, 58.7387137 ], [ 25.0644846, 58.7388933 ], [ 25.0641672, 58.7389466 ], [ 25.0640358, 58.7390514 ], [ 25.0637857, 58.738687 ], [ 25.0630868, 58.7386138 ], [ 25.0632375, 58.7380448 ], [ 25.0636383, 58.7380399 ], [ 25.0637825, 58.7378685 ], [ 25.0643211, 58.7377836 ], [ 25.0646225, 58.737574 ], [ 25.0645872, 58.7374076 ], [ 25.06435, 58.7372579 ], [ 25.0639717, 58.7373394 ], [ 25.0633504, 58.7372056 ], [ 25.0634127, 58.7370933 ], [ 25.063829, 58.7369521 ], [ 25.0639241, 58.7366731 ], [ 25.0638159, 58.7365659 ], [ 25.0641118, 58.7362967 ], [ 25.0639405, 58.7361866 ], [ 25.0634881, 58.7361339 ], [ 25.0634691, 58.7359049 ], [ 25.062974, 58.7357154 ], [ 25.062775, 58.7354667 ], [ 25.061972, 58.7356052 ], [ 25.0618665, 58.7353938 ], [ 25.0624721, 58.7351591 ], [ 25.062476, 58.7348085 ], [ 25.062022, 58.7348585 ], [ 25.0619042, 58.7346627 ], [ 25.061505, 58.7347635 ], [ 25.0613544, 58.7345809 ], [ 25.0617655, 58.7343303 ], [ 25.0613752, 58.7342205 ], [ 25.0615494, 58.7340804 ], [ 25.0612549, 58.7339017 ], [ 25.0608123, 58.7338574 ] ] } },
{ "type": "Feature", "properties": { "source_fid": "w302567429", "name": "Vändra jõgi" }, "geometry": { "type": "LineString", "coordinates": [ [ 25.0307345, 58.7076602 ], [ 25.0303134, 58.7073253 ], [ 25.0304666, 58.7071842 ], [ 25.0307731, 58.7071335 ], [ 25.0305293, 58.706732 ], [ 25.029261, 58.7062072 ], [ 25.0290417, 58.7060279 ], [ 25.0284711, 58.7058641 ], [ 25.0283643, 58.7057402 ], [ 25.0286266, 58.7053363 ], [ 25.0287499, 58.7052762 ], [ 25.0291221, 58.7053629 ], [ 25.0294506, 58.7053318 ], [ 25.0297118, 58.7050468 ], [ 25.0303264, 58.7048085 ], [ 25.0308581, 58.7044596 ], [ 25.0308778, 58.7042204 ], [ 25.0313858, 58.703888 ], [ 25.0315014, 58.7036979 ], [ 25.0318866, 58.7025047 ], [ 25.0323344, 58.702127 ], [ 25.0322622, 58.7019419 ], [ 25.0308561, 58.7017743 ], [ 25.0305142, 58.7016617 ], [ 25.0304757, 58.7015742 ], [ 25.0307165, 58.7014691 ], [ 25.0321081, 58.701324 ], [ 25.0322574, 58.7011314 ], [ 25.031771, 58.7002158 ], [ 25.031877, 58.7000782 ], [ 25.0317855, 58.6999031 ], [ 25.0306202, 58.6993152 ], [ 25.0302593, 58.6990928 ], [ 25.0302086, 58.6989344 ], [ 25.0303163, 58.6987942 ], [ 25.0305344, 58.698764 ], [ 25.0311258, 58.6989224 ], [ 25.0315929, 58.6989575 ], [ 25.0320985, 58.6984021 ], [ 25.0321563, 58.6981269 ], [ 25.031617, 58.6975239 ], [ 25.0317133, 58.6972487 ], [ 25.0320359, 58.696971 ], [ 25.0325704, 58.6967133 ], [ 25.0338464, 58.6967734 ], [ 25.0343472, 58.6960253 ], [ 25.0356474, 58.6953198 ], [ 25.035881, 58.6950748 ], [ 25.0352477, 58.6944516 ], [ 25.0353224, 58.6942141 ], [ 25.0376313, 58.6918443 ], [ 25.0379973, 58.6913264 ], [ 25.0380671, 58.6910263 ], [ 25.0379539, 58.6906958 ], [ 25.0377854, 58.6906082 ], [ 25.0369909, 58.6908259 ], [ 25.0367019, 58.6911587 ], [ 25.0365575, 58.6911637 ], [ 25.0355366, 58.6904656 ], [ 25.0356618, 58.6903079 ], [ 25.0360278, 58.6902128 ], [ 25.0361771, 58.6900702 ], [ 25.0362252, 58.68989 ], [ 25.0359026, 58.6896198 ], [ 25.0359411, 58.6894971 ], [ 25.0365623, 58.6890943 ], [ 25.0362782, 58.6888315 ], [ 25.0358593, 58.6886738 ], [ 25.0355559, 58.6886538 ], [ 25.034901, 58.6889791 ], [ 25.0345832, 58.688844 ], [ 25.0342124, 58.6885012 ], [ 25.0336586, 58.6885162 ], [ 25.0327919, 58.688296 ], [ 25.0328641, 58.6881458 ], [ 25.033259, 58.6881133 ], [ 25.0336875, 58.6879456 ], [ 25.0338994, 58.6876453 ], [ 25.033702, 58.687305 ], [ 25.0339187, 58.6871573 ], [ 25.0344098, 58.6870297 ], [ 25.034641, 58.6866443 ], [ 25.0354596, 58.686384 ], [ 25.0363456, 58.6856007 ], [ 25.0362252, 58.6851352 ], [ 25.0364515, 58.6845295 ], [ 25.036962, 58.684079 ], [ 25.0376241, 58.683844 ], [ 25.0375205, 58.6835234 ], [ 25.0360856, 58.6832205 ], [ 25.0361096, 58.6831004 ], [ 25.0370342, 58.6826724 ], [ 25.0371016, 58.6825323 ], [ 25.0370848, 58.6824223 ], [ 25.0365334, 58.6820542 ], [ 25.0363793, 58.6812833 ], [ 25.0361626, 58.6809754 ], [ 25.0362445, 58.6808277 ], [ 25.0370101, 58.6804548 ], [ 25.0370727, 58.6803496 ], [ 25.0370197, 58.680227 ], [ 25.0357533, 58.6799492 ], [ 25.0355751, 58.6795712 ], [ 25.0358063, 58.6791907 ], [ 25.0360856, 58.6790005 ], [ 25.0363071, 58.6788953 ], [ 25.0373038, 58.6787051 ], [ 25.037275, 58.6785799 ], [ 25.0367116, 58.6784172 ], [ 25.0371064, 58.6777364 ], [ 25.037039, 58.677486 ], [ 25.0367934, 58.6772958 ], [ 25.0351032, 58.6768176 ], [ 25.0347373, 58.6763045 ], [ 25.0347662, 58.6758964 ], [ 25.0346169, 58.6757662 ], [ 25.0337598, 58.675586 ], [ 25.0337261, 58.6754658 ], [ 25.033962, 58.6751955 ], [ 25.033885, 58.6746046 ], [ 25.0344243, 58.6743293 ], [ 25.0348528, 58.6739813 ], [ 25.0347565, 58.6732227 ], [ 25.0356281, 58.6728547 ], [ 25.0357533, 58.6727245 ], [ 25.0356811, 58.6725943 ], [ 25.0349106, 58.6724491 ], [ 25.0345158, 58.6721762 ], [ 25.034535, 58.6718257 ], [ 25.0352099, 58.6713287 ] ] } },
{ "type": "Feature", "properties": { "source_fid": "w302567431", "name": "Vändra jõgi" }, "geometry": { "type": "LineString", "coordinates": [ [ 24.9774169, 58.6097445 ], [ 24.9768871, 58.6092578 ] ] } },
{ "type": "Feature", "properties": { "source_fid": "w308735599", "name": "Pikkmetsa jõgi" }, "geometry": { "type": "LineString", "coordinates": [ [ 25.3167862, 58.6565075 ], [ 25.3174484, 58.6561267 ], [ 25.3176155, 58.6561906 ], [ 25.3176169, 58.6563407 ], [ 25.3177955, 58.6563006 ], [ 25.3179311, 58.6559908 ], [ 25.3172042, 58.6556394 ], [ 25.3173127, 58.6555383 ], [ 25.3177883, 58.6555034 ], [ 25.3179854, 58.6553407 ], [ 25.3181939, 58.6553556 ], [ 25.3184796, 58.6555146 ], [ 25.3186681, 58.6554863 ], [ 25.3187009, 58.6553036 ], [ 25.3183139, 58.6551074 ], [ 25.318481, 58.6548868 ], [ 25.3188366, 58.6547947 ], [ 25.318601, 58.6546208 ], [ 25.3177426, 58.6544812 ], [ 25.318291, 58.6538207 ], [ 25.317824, 58.65371 ], [ 25.3176826, 58.653756 ], [ 25.3176484, 58.6539113 ], [ 25.3174498, 58.6539143 ], [ 25.3173842, 58.6537219 ], [ 25.3176726, 58.6534878 ], [ 25.3176569, 58.653369 ], [ 25.3170814, 58.6533051 ], [ 25.3165615, 58.653551 ], [ 25.3160531, 58.6531275 ], [ 25.3162502, 58.6528534 ], [ 25.316473, 58.6527724 ], [ 25.3163487, 58.6526713 ], [ 25.3161002, 58.6526475 ], [ 25.3161159, 58.6525569 ], [ 25.3163616, 58.6525012 ], [ 25.3166258, 58.6525383 ], [ 25.3166144, 58.652392 ], [ 25.3163244, 58.6522827 ], [ 25.3167872, 58.6521312 ], [ 25.3165929, 58.6519157 ], [ 25.3160917, 58.6518266 ], [ 25.3160545, 58.6517545 ], [ 25.3166015, 58.6515791 ], [ 25.3170785, 58.6517745 ], [ 25.3172542, 58.6516965 ], [ 25.317287, 58.6513481 ], [ 25.3166515, 58.6511475 ], [ 25.3161316, 58.6506021 ], [ 25.3158346, 58.6506229 ], [ 25.3154832, 58.6507812 ], [ 25.3153076, 58.6507529 ], [ 25.3153804, 58.6505144 ], [ 25.3156418, 58.6503881 ], [ 25.3155861, 58.6503301 ], [ 25.3149648, 58.6503591 ], [ 25.3144135, 58.6506363 ], [ 25.3141922, 58.6506392 ], [ 25.3140736, 58.6505337 ], [ 25.3141922, 58.6502009 ], [ 25.3140151, 58.6501169 ], [ 25.3133767, 58.6501057 ], [ 25.3135466, 58.6499022 ], [ 25.3134738, 58.6498189 ], [ 25.313221, 58.6498613 ], [ 25.313111, 58.6503777 ], [ 25.3129354, 58.6503859 ], [ 25.3127283, 58.6501979 ], [ 25.312207, 58.6500002 ], [ 25.3122313, 58.6495648 ], [ 25.3120371, 58.649388 ], [ 25.3114758, 58.6494474 ], [ 25.3110045, 58.6496584 ], [ 25.3106946, 58.6495262 ], [ 25.3103704, 58.6496688 ], [ 25.3102004, 58.6496265 ], [ 25.3097534, 58.6492602 ], [ 25.3097091, 58.6490209 ], [ 25.3099205, 58.6486553 ], [ 25.3104461, 58.6486078 ], [ 25.3103047, 58.6483752 ], [ 25.3099262, 58.6483484 ], [ 25.3092992, 58.6485825 ], [ 25.3091536, 58.6485379 ], [ 25.309155, 58.6484436 ], [ 25.3093321, 58.6482801 ], [ 25.3101933, 58.6481203 ], [ 25.3102547, 58.6479383 ], [ 25.3098248, 58.6477889 ], [ 25.3094064, 58.6478097 ], [ 25.3090779, 58.6475853 ], [ 25.3088736, 58.6476217 ], [ 25.3087251, 58.6477644 ], [ 25.308518, 58.6477748 ], [ 25.3082167, 58.6475296 ], [ 25.3083866, 58.6473371 ], [ 25.3090779, 58.6471766 ], [ 25.3095017, 58.6469666 ], [ 25.3094762, 58.6468415 ], [ 25.3081157, 58.6465482 ], [ 25.3077283, 58.6467085 ], [ 25.3074926, 58.6466929 ], [ 25.3071552, 58.6463661 ], [ 25.3071111, 58.646147 ], [ 25.3075669, 58.6457929 ], [ 25.3079448, 58.6456772 ], [ 25.3084908, 58.645671 ], [ 25.3088151, 58.6455878 ], [ 25.308788, 58.6454177 ], [ 25.3080862, 58.6448143 ], [ 25.3073027, 58.6445987 ], [ 25.3072722, 58.6442887 ], [ 25.3076032, 58.6442681 ], [ 25.3078305, 58.6443743 ], [ 25.3080064, 58.644317 ], [ 25.3079688, 58.6442245 ], [ 25.307494, 58.643947 ], [ 25.3064001, 58.6442439 ], [ 25.3060666, 58.6442315 ], [ 25.3055816, 58.6438365 ], [ 25.3058632, 58.6435826 ], [ 25.3064654, 58.6435563 ], [ 25.3063552, 58.6432486 ], [ 25.3059158, 58.6431581 ], [ 25.3049033, 58.6431525 ], [ 25.3047548, 58.6430968 ], [ 25.3046218, 58.6427812 ], [ 25.3039241, 58.6428968 ], [ 25.3034975, 58.6426595 ], [ 25.3035447, 58.6425501 ], [ 25.3038808, 58.6424417 ], [ 25.303582, 58.6421461 ], [ 25.3032066, 58.6420796 ], [ 25.302627, 58.6421083 ], [ 25.302497, 58.6420069 ], [ 25.302096, 58.6419476 ], [ 25.3016327, 58.6420214 ], [ 25.3015628, 58.6418519 ], [ 25.3019034, 58.6416254 ], [ 25.3017543, 58.641553 ], [ 25.3012302, 58.6415117 ], [ 25.3006041, 58.6412013 ], [ 25.3001462, 58.6413308 ], [ 25.2996168, 58.641307 ], [ 25.2993346, 58.6411628 ], [ 25.2993944, 58.6410659 ] ] } },
{ "type": "Feature", "properties": { "source_fid": "w308735607", "name": "Saarjõgi" }, "geometry": { "type": "LineString", "coordinates": [ [ 25.2371228, 58.6025671 ], [ 25.2370497, 58.6024509 ], [ 25.2373805, 58.6022845 ], [ 25.2373997, 58.6021783 ], [ 25.2371651, 58.602022 ], [ 25.2368651, 58.6021282 ], [ 25.236692, 58.6024408 ], [ 25.2365535, 58.6024749 ] ] } },
{ "type": "Feature", "properties": { "source_fid": "w308735618", "name": "Saarjõgi" }, "geometry": { "type": "LineString", "coordinates": [ [ 25.2215656, 58.5883604 ], [ 25.2219792, 58.5883585 ] ] } },
{ "type": "Feature", "properties": { "source_fid": "w313249911", "name": "Lähkma jõgi" }, "geometry": { "type": "LineString", "coordinates": [ [ 24.9895762, 58.1576104 ], [ 24.9895998, 58.158048 ] ] } },
{ "type": "Feature", "properties": { "source_fid": "w313249913", "name": "Lähkma jõgi" }, "geometry": { "type": "LineString", "coordinates": [ [ 24.9895127, 58.1491538 ], [ 24.9896469, 58.1492647 ] ] } },
{ "type": "Feature", "properties": { "source_fid": "w313249915", "name": "Lähkma jõgi" }, "geometry": { "type": "LineString", "coordinates": [ [ 24.9894502, 58.1491066 ], [ 24.9895127, 58.1491538 ] ] } },
{ "type": "Feature", "properties": { "source_fid": "w313249917", "name": "Lähkma jõgi" }, "geometry": { "type": "LineString", "coordinates": [ [ 24.9369349, 58.2073717 ], [ 24.9369264, 58.2074407 ] ] } },
{ "type": "Feature", "properties": { "source_fid": "w313249920", "name": "Lähkma jõgi" }, "geometry": { "type": "LineString", "coordinates": [ [ 24.9687853, 58.185221 ], [ 24.968834, 58.1853178 ] ] } },
{ "type": "Feature", "properties": { "source_fid": "w313249922", "name": "Lähkma jõgi" }, "geometry": { "type": "LineString", "coordinates": [ [ 24.7560825, 58.2426765 ], [ 24.7560773, 58.2426619 ] ] } },
{ "type": "Feature", "properties": { "source_fid": "w313249924", "name": "Lähkma jõgi" }, "geometry": { "type": "LineString", "coordinates": [ [ 24.9763002, 58.1765524 ], [ 24.9763896, 58.1766213 ] ] } },
{ "type": "Feature", "properties": { "source_fid": "w313249927", "name": "Lähkma jõgi" }, "geometry": { "type": "LineString", "coordinates": [ [ 24.9764472, 58.1790935 ], [ 24.9764117, 58.179162 ] ] } },
{ "type": "Feature", "properties": { "source_fid": "w313249929", "name": "Lähkma jõgi" }, "geometry": { "type": "LineString", "coordinates": [ [ 24.7561057, 58.242722 ], [ 24.7560825, 58.2426765 ] ] } },
{ "type": "Feature", "properties": { "source_fid": "w313249931", "name": "Lähkma jõgi" }, "geometry": { "type": "LineString", "coordinates": [ [ 24.9650409, 58.1868741 ], [ 24.9648678, 58.1868943 ] ] } },
{ "type": "Feature", "properties": { "source_fid": "w313249933", "name": "Lähkma jõgi" }, "geometry": { "type": "LineString", "coordinates": [ [ 24.9896595, 58.1574306 ], [ 24.9895762, 58.1576104 ] ] } },
{ "type": "Feature", "properties": { "source_fid": "w313249935", "name": "Lähkma jõgi" }, "geometry": { "type": "LineString", "coordinates": [ [ 24.9766092, 58.1790832 ], [ 24.9764986, 58.1790579 ] ] } },
{ "type": "Feature", "properties": { "source_fid": "w313249938", "name": "Lähkma jõgi" }, "geometry": { "type": "LineString", "coordinates": [ [ 24.9895998, 58.158048 ], [ 24.9895971, 58.1583112 ] ] } },
{ "type": "Feature", "properties": { "source_fid": "w313249940", "name": "Lähkma jõgi" }, "geometry": { "type": "LineString", "coordinates": [ [ 24.9405764, 58.2266397 ], [ 24.9405461, 58.2267344 ] ] } },
{ "type": "Feature", "properties": { "source_fid": "w313249942", "name": "Lähkma jõgi" }, "geometry": { "type": "LineString", "coordinates": [ [ 24.9748942, 58.1811903 ], [ 24.974843, 58.1812691 ] ] } },
{ "type": "Feature", "properties": { "source_fid": "w313249945", "name": "Lähkma jõgi" }, "geometry": { "type": "LineString", "coordinates": [ [ 24.9895971, 58.1583112 ], [ 24.9896945, 58.1602372 ], [ 24.9896118, 58.1609732 ], [ 24.9815238, 58.1706759 ] ] } },
{ "type": "Feature", "properties": { "source_fid": "w313249960", "name": "Lähkma jõgi" }, "geometry": { "type": "LineString", "coordinates": [ [ 24.7560825, 58.2426765 ], [ 24.7552384, 58.2430567 ], [ 24.7546364, 58.2431734 ], [ 24.7542409, 58.2431525 ], [ 24.7540319, 58.2430574 ], [ 24.753837, 58.2428032 ], [ 24.7540093, 58.2424939 ], [ 24.7543172, 58.2423661 ], [ 24.7559791, 58.2423538 ] ] } },
{ "type": "Feature", "properties": { "source_fid": "w313249964", "name": "Lähkma jõgi" }, "geometry": { "type": "LineString", "coordinates": [ [ 24.9763896, 58.1766213 ], [ 24.9772701, 58.1777935 ], [ 24.9768466, 58.1788254 ], [ 24.9766092, 58.1790832 ] ] } },
{ "type": "Feature", "properties": { "source_fid": "w313249970", "name": "Lähkma jõgi" }, "geometry": { "type": "LineString", "coordinates": [ [ 24.9764986, 58.1790579 ], [ 24.9764472, 58.1790935 ] ] } },
{ "type": "Feature", "properties": { "source_fid": "w313249972", "name": "Lähkma jõgi" }, "geometry": { "type": "LineString", "coordinates": [ [ 24.9648678, 58.1868943 ], [ 24.9475375, 58.1887993 ], [ 24.9373997, 58.1889078 ], [ 24.9368115, 58.1915221 ], [ 24.9422884, 58.1967002 ], [ 24.9420965, 58.1973304 ], [ 24.9421866, 58.1976561 ], [ 24.9420698, 58.1984809 ], [ 24.938041, 58.2054183 ], [ 24.9380916, 58.2065133 ], [ 24.9369349, 58.2073717 ] ] } },
{ "type": "Feature", "properties": { "source_fid": "w313249989", "name": "Lähkma jõgi" }, "geometry": { "type": "LineString", "coordinates": [ [ 24.7560773, 58.2426619 ], [ 24.7560077, 58.2422885 ], [ 24.7564203, 58.2418833 ], [ 24.7564031, 58.241649 ], [ 24.7562656, 58.2415736 ], [ 24.7554633, 58.2415504 ], [ 24.7540286, 58.2417505 ], [ 24.7531463, 58.2416675 ], [ 24.7527927, 58.2415132 ], [ 24.7523743, 58.2411402 ], [ 24.7523416, 58.2407047 ], [ 24.7519216, 58.2402584 ], [ 24.7507467, 58.2403841 ], [ 24.7500361, 58.2402554 ], [ 24.7498202, 58.2403167 ], [ 24.7496218, 58.2405042 ], [ 24.7495452, 58.2412066 ], [ 24.7491306, 58.2415685 ], [ 24.7488078, 58.2415897 ], [ 24.7482194, 58.2414278 ], [ 24.7468268, 58.2416068 ], [ 24.7457952, 58.2413866 ], [ 24.7454552, 58.2411643 ], [ 24.7450514, 58.2411621 ], [ 24.7446866, 58.2412384 ], [ 24.744416, 58.241477 ], [ 24.7446318, 58.2419587 ], [ 24.7444771, 58.2422694 ], [ 24.7441447, 58.2423799 ], [ 24.7437263, 58.2424073 ], [ 24.7428573, 58.2422238 ], [ 24.7425974, 58.2422462 ], [ 24.7426279, 58.2424493 ], [ 24.7430234, 58.2428867 ], [ 24.7432602, 58.2435794 ], [ 24.7429527, 58.2436558 ], [ 24.7423624, 58.2435804 ], [ 24.7420587, 58.2436277 ], [ 24.7419307, 58.2438378 ], [ 24.7421465, 58.2443767 ], [ 24.7419185, 58.2444937 ], [ 24.7415945, 58.2444662 ], [ 24.7402824, 58.2439291 ], [ 24.739982, 58.2439884 ], [ 24.7397014, 58.2444219 ], [ 24.739006, 58.2445305 ], [ 24.7380891, 58.2443274 ], [ 24.7371227, 58.2442961 ], [ 24.7368091, 58.2441676 ], [ 24.7366697, 58.2438921 ], [ 24.7364468, 58.2438528 ], [ 24.7347231, 58.2439484 ], [ 24.7343654, 58.2440533 ], [ 24.7341137, 58.2443616 ], [ 24.7338612, 58.244409 ], [ 24.7336247, 58.2443375 ], [ 24.7332228, 58.2440025 ], [ 24.7326381, 58.2437907 ], [ 24.7322254, 58.2434839 ], [ 24.7319675, 58.2434522 ], [ 24.7306747, 58.2436552 ], [ 24.7297057, 58.2440585 ], [ 24.7292463, 58.2440268 ], [ 24.7290332, 58.2437766 ], [ 24.7287489, 58.2437089 ], [ 24.7265066, 58.2439065 ], [ 24.7262539, 58.2440741 ], [ 24.7262932, 58.2444448 ], [ 24.7264968, 58.2445687 ], [ 24.7271059, 58.2446483 ], [ 24.7272553, 58.2447506 ], [ 24.7272068, 58.2448696 ], [ 24.7267533, 58.244968 ], [ 24.7258897, 58.2449398 ], [ 24.7254015, 58.2453661 ], [ 24.7243894, 58.2455755 ], [ 24.7231395, 58.2454212 ], [ 24.7221343, 58.2455618 ], [ 24.7219254, 58.2461058 ], [ 24.7215069, 58.2466986 ], [ 24.7212338, 58.2468744 ], [ 24.7208228, 58.246898 ], [ 24.719629, 58.2466473 ], [ 24.7193599, 58.2467033 ], [ 24.7191544, 58.2470681 ], [ 24.7188928, 58.2471369 ], [ 24.7186873, 58.2470936 ], [ 24.7184818, 58.2466866 ], [ 24.7175641, 58.2466196 ], [ 24.7159869, 58.2469499 ], [ 24.7148928, 58.2470327 ], [ 24.7142381, 58.2472124 ], [ 24.7141309, 58.2473875 ], [ 24.7143417, 58.2475587 ], [ 24.7160194, 58.2480119 ], [ 24.7161296, 58.2481535 ], [ 24.7159465, 58.2482981 ], [ 24.7137285, 58.2482287 ], [ 24.7129274, 58.2480198 ], [ 24.7124518, 58.2477742 ], [ 24.7120792, 58.2478586 ], [ 24.7117169, 58.2484404 ], [ 24.7112945, 58.2485665 ], [ 24.710526, 58.2483021 ], [ 24.7100446, 58.2482509 ], [ 24.7094853, 58.2483275 ], [ 24.7093701, 58.2486127 ], [ 24.7098822, 58.2490474 ], [ 24.7098769, 58.2493551 ], [ 24.7093404, 58.2496063 ], [ 24.7091258, 58.2499676 ], [ 24.708946, 58.2500667 ], [ 24.7076935, 58.2502499 ], [ 24.7062407, 58.2509525 ], [ 24.7059923, 58.2514667 ], [ 24.7058321, 58.2515145 ], [ 24.7052337, 58.2514372 ], [ 24.7050376, 58.2509171 ], [ 24.7043944, 58.2506762 ], [ 24.7035093, 58.2506282 ], [ 24.702943, 58.2506918 ], [ 24.7018934, 58.2510068 ], [ 24.7008593, 58.2510826 ], [ 24.7003389, 58.2509387 ], [ 24.6990407, 58.25036 ], [ 24.6979571, 58.2503205 ], [ 24.6978498, 58.2502753 ], [ 24.6980054, 58.2500805 ], [ 24.6984989, 58.25001 ], [ 24.698617, 58.2499168 ], [ 24.6983916, 58.2495103 ], [ 24.6980912, 58.2494002 ], [ 24.6971042, 58.2494765 ], [ 24.6963424, 58.2493833 ], [ 24.6962352, 58.2494256 ], [ 24.6963372, 58.2497637 ] ] } },
{ "type": "Feature", "properties": { "source_fid": "w313249990", "name": "Lähkma jõgi" }, "geometry": { "type": "LineString", "coordinates": [ [ 24.9896469, 58.1492647 ], [ 24.9898385, 58.1494246 ], [ 24.9908636, 58.1512885 ], [ 24.9920211, 58.1536494 ], [ 24.9896595, 58.1574306 ] ] } },
{ "type": "Feature", "properties": { "source_fid": "w313249991", "name": "Lähkma jõgi" }, "geometry": { "type": "LineString", "coordinates": [ [ 24.9405461, 58.2267344 ], [ 24.9390195, 58.2302134 ], [ 24.9422203, 58.2328544 ], [ 24.9419897, 58.2330399 ], [ 24.9421308, 58.2331851 ], [ 24.9418219, 58.2333219 ], [ 24.9417439, 58.2336716 ], [ 24.9415516, 58.2338289 ], [ 24.9416092, 58.2339037 ], [ 24.941898, 58.2339129 ], [ 24.9419074, 58.2342078 ], [ 24.9416902, 58.234355 ], [ 24.9416197, 58.23464 ], [ 24.9418922, 58.2349552 ], [ 24.9411218, 58.2361471 ], [ 24.9413226, 58.2362547 ], [ 24.9421121, 58.2374937 ], [ 24.9415632, 58.2378627 ], [ 24.9411845, 58.2384965 ], [ 24.941283, 58.2401109 ], [ 24.9406779, 58.2424127 ], [ 24.9396068, 58.2431433 ], [ 24.931708, 58.2492756 ], [ 24.9310932, 58.2511788 ], [ 24.9310764, 58.2513798 ], [ 24.9314823, 58.2519737 ], [ 24.9314126, 58.2521127 ], [ 24.9309203, 58.2523806 ], [ 24.9312421, 58.2531262 ], [ 24.9306922, 58.2537201 ], [ 24.9284623, 58.2548965 ], [ 24.9226738, 58.2558104 ], [ 24.9223508, 58.2559364 ], [ 24.9200484, 58.2562653 ], [ 24.9191316, 58.2564681 ], [ 24.9171661, 58.2566682 ], [ 24.9135961, 58.2560835 ], [ 24.9123286, 58.2561995 ], [ 24.9116201, 58.2560187 ], [ 24.9107502, 58.2561886 ], [ 24.9101321, 58.2561447 ], [ 24.9074095, 58.2568664 ], [ 24.9064597, 58.2573551 ], [ 24.904126, 58.2576767 ], [ 24.8889672, 58.2602317 ], [ 24.8875185, 58.2604129 ], [ 24.8854413, 58.2602915 ], [ 24.8838754, 58.2604054 ], [ 24.883216, 58.2603439 ], [ 24.882382, 58.2604865 ], [ 24.8818196, 58.2606596 ], [ 24.8804136, 58.2617875 ], [ 24.8787975, 58.2621544 ], [ 24.8781261, 58.2622267 ], [ 24.8765966, 58.2623661 ], [ 24.875744, 58.2622167 ], [ 24.8755269, 58.2622536 ], [ 24.8751278, 58.26265 ], [ 24.8749969, 58.2631253 ], [ 24.8727304, 58.2633789 ], [ 24.8712971, 58.2641139 ], [ 24.8703796, 58.264229 ], [ 24.8698246, 58.2646824 ], [ 24.869214, 58.2648232 ], [ 24.8684761, 58.2648765 ], [ 24.8680582, 58.2654483 ], [ 24.8671767, 58.2656321 ], [ 24.8665531, 58.265979 ], [ 24.8654789, 58.2662194 ], [ 24.8651818, 58.266398 ], [ 24.8643753, 58.266556 ], [ 24.86415, 58.2666814 ], [ 24.8612801, 58.2705278 ], [ 24.8613095, 58.2713915 ], [ 24.8611332, 58.272068 ], [ 24.8607838, 58.2724235 ], [ 24.8587922, 58.2732098 ], [ 24.8587269, 58.2735498 ], [ 24.859024, 58.2738314 ], [ 24.8589684, 58.274237 ], [ 24.8586798, 58.2745927 ], [ 24.8585159, 58.2752385 ], [ 24.8588714, 58.2757508 ], [ 24.8584928, 58.2760361 ], [ 24.8587006, 58.2764173 ], [ 24.858442, 58.2770534 ], [ 24.8587514, 58.2775863 ], [ 24.8587117, 58.2777778 ], [ 24.8584258, 58.2779602 ], [ 24.8570383, 58.2783462 ], [ 24.8560664, 58.2788451 ], [ 24.8558286, 58.2791413 ], [ 24.8560894, 58.2794594 ], [ 24.8559832, 58.2797337 ], [ 24.85566, 58.2798527 ], [ 24.8549951, 58.2798672 ], [ 24.854815, 58.2801003 ], [ 24.8535868, 58.2804693 ], [ 24.8476544, 58.2852048 ], [ 24.847165, 58.2853893 ] ] } },
{ "type": "Feature", "properties": { "source_fid": "w313249992", "name": "Lähkma jõgi" }, "geometry": { "type": "LineString", "coordinates": [ [ 24.974843, 58.1812691 ], [ 24.9745608, 58.1815945 ], [ 24.9728385, 58.1817901 ], [ 24.972119, 58.1828518 ], [ 24.9717796, 58.1831364 ], [ 24.9705445, 58.1834069 ], [ 24.969126, 58.183394 ], [ 24.9688703, 58.183452 ], [ 24.9681877, 58.1840774 ], [ 24.9687853, 58.185221 ] ] } },
{ "type": "Feature", "properties": { "source_fid": "w313249993", "name": "Lähkma jõgi" }, "geometry": { "type": "LineString", "coordinates": [ [ 24.968834, 58.1853178 ], [ 24.9684264, 58.1855832 ], [ 24.9679563, 58.1857196 ], [ 24.9656488, 58.1867308 ], [ 24.9650409, 58.1868741 ] ] } },
{ "type": "Feature", "properties": { "source_fid": "w313249994", "name": "Lähkma jõgi" }, "geometry": { "type": "LineString", "coordinates": [ [ 24.9764117, 58.179162 ], [ 24.9756133, 58.1800974 ], [ 24.9748942, 58.1811903 ] ] } },
{ "type": "Feature", "properties": { "source_fid": "w313249995", "name": "Lähkma jõgi" }, "geometry": { "type": "LineString", "coordinates": [ [ 24.9369264, 58.2074407 ], [ 24.9371813, 58.2080938 ], [ 24.9369026, 58.2106834 ], [ 24.9380984, 58.2112463 ], [ 24.9385119, 58.214514 ], [ 24.9395582, 58.2196776 ], [ 24.9433556, 58.22185 ], [ 24.9442435, 58.2219686 ], [ 24.9440234, 58.2221766 ], [ 24.9436649, 58.223521 ], [ 24.9432309, 58.2237472 ], [ 24.942988, 58.2242825 ], [ 24.9412914, 58.2248584 ], [ 24.9405764, 58.2266397 ] ] } },
{ "type": "Feature", "properties": { "source_fid": "w313801728", "name": "Enge jõgi" }, "geometry": { "type": "LineString", "coordinates": [ [ 24.5129709, 58.6863736 ], [ 24.5128203, 58.6865997 ], [ 24.5125766, 58.6866494 ], [ 24.5120629, 58.6864549 ], [ 24.5103942, 58.6864458 ], [ 24.5095207, 58.685574 ], [ 24.5091521, 58.6854051 ], [ 24.508859, 58.6853764 ], [ 24.5025731, 58.6856328 ], [ 24.5011278, 58.685936 ], [ 24.5000396, 58.68658 ], [ 24.4996826, 58.6866796 ], [ 24.4986204, 58.6866449 ], [ 24.4978078, 58.6864549 ], [ 24.4973087, 58.6865167 ], [ 24.493742, 58.690999 ], [ 24.4927467, 58.6913684 ], [ 24.47922, 58.6918812 ], [ 24.4779663, 58.6917168 ], [ 24.477798, 58.6916339 ], [ 24.4775745, 58.6912312 ], [ 24.4767784, 58.691178 ], [ 24.4757691, 58.6912289 ], [ 24.4752998, 58.6909029 ] ] } },
{ "type": "Feature", "properties": { "source_fid": "w313801730", "name": "Enge jõgi" }, "geometry": { "type": "LineString", "coordinates": [ [ 24.5131004, 58.6862675 ], [ 24.5129709, 58.6863736 ] ] } },
{ "type": "Feature", "properties": { "source_fid": "w313801731", "name": "Enge jõgi" }, "geometry": { "type": "LineString", "coordinates": [ [ 24.6558767, 58.6663236 ], [ 24.6558494, 58.6662435 ] ] } },
{ "type": "Feature", "properties": { "source_fid": "w313801732", "name": "Enge jõgi" }, "geometry": { "type": "LineString", "coordinates": [ [ 24.6167676, 58.6505274 ], [ 24.616595, 58.6504997 ] ] } },
{ "type": "Feature", "properties": { "source_fid": "w313801733", "name": "Enge jõgi" }, "geometry": { "type": "LineString", "coordinates": [ [ 24.6577586, 58.6476051 ], [ 24.6575815, 58.6476143 ] ] } },
{ "type": "Feature", "properties": { "source_fid": "w313801734", "name": "Enge jõgi" }, "geometry": { "type": "LineString", "coordinates": [ [ 24.616595, 58.6504997 ], [ 24.613972, 58.6501157 ], [ 24.6096662, 58.6500922 ], [ 24.6075638, 58.6503726 ], [ 24.5995548, 58.6508242 ], [ 24.5895495, 58.6544314 ], [ 24.5803699, 58.6576101 ], [ 24.576426, 58.657939 ], [ 24.5740497, 58.6582572 ], [ 24.5717532, 58.659806 ], [ 24.57127, 58.6618461 ], [ 24.5704313, 58.6626974 ], [ 24.5688514, 58.6635925 ], [ 24.5649262, 58.6639863 ], [ 24.5631863, 58.6640287 ], [ 24.5604304, 58.6649731 ], [ 24.5564303, 58.6656958 ], [ 24.5533362, 58.6664444 ], [ 24.5489617, 58.6675982 ], [ 24.543027, 58.6700458 ], [ 24.5427466, 58.6702861 ], [ 24.5426545, 58.6706563 ], [ 24.5425854, 58.6725665 ], [ 24.5418713, 58.6733469 ], [ 24.5412494, 58.6738359 ], [ 24.5407696, 58.6740515 ], [ 24.5364412, 58.6742979 ], [ 24.5360381, 58.6743598 ], [ 24.5356523, 58.6745534 ], [ 24.5323144, 58.677542 ], [ 24.5322088, 58.6777137 ], [ 24.5322357, 58.6787554 ], [ 24.5293182, 58.6825298 ], [ 24.5283565, 58.6832013 ], [ 24.5265273, 58.683749 ], [ 24.5257614, 58.6848364 ], [ 24.5255273, 58.6849072 ], [ 24.5243314, 58.6848015 ], [ 24.5226711, 58.6844034 ], [ 24.5206001, 58.6842757 ], [ 24.5171355, 58.686244 ], [ 24.516788, 58.6862141 ], [ 24.516193, 58.6858201 ], [ 24.5158456, 58.6857941 ], [ 24.513644, 58.6860226 ], [ 24.5131004, 58.6862675 ] ] } },
{ "type": "Feature", "properties": { "source_fid": "w313801735", "name": "Enge jõgi" }, "geometry": { "type": "LineString", "coordinates": [ [ 24.6558494, 58.6662435 ], [ 24.6559783, 58.6660113 ], [ 24.6556914, 58.6657354 ], [ 24.655953, 58.6655175 ], [ 24.6558819, 58.6653062 ], [ 24.6552141, 58.6651769 ], [ 24.6550567, 58.6650422 ], [ 24.6554604, 58.6646883 ], [ 24.6551379, 58.664036 ], [ 24.655303, 58.6636941 ], [ 24.6546911, 58.6628384 ], [ 24.6551735, 58.6620633 ], [ 24.6547343, 58.6614638 ], [ 24.6552624, 58.6614981 ], [ 24.655501, 58.6608749 ], [ 24.6554223, 58.6606992 ], [ 24.6551303, 58.6605236 ], [ 24.6550618, 58.6602806 ], [ 24.6546797, 58.660189 ], [ 24.6547, 58.6599493 ], [ 24.6543369, 58.6597182 ], [ 24.6541655, 58.6594692 ], [ 24.6547241, 58.659153 ], [ 24.6547076, 58.6588816 ], [ 24.6541351, 58.6587508 ], [ 24.6543445, 58.6586221 ], [ 24.6540259, 58.6585079 ], [ 24.6540652, 58.6584332 ], [ 24.6542633, 58.658424 ], [ 24.6538024, 58.6582939 ], [ 24.6540081, 58.6581222 ], [ 24.6539599, 58.6580437 ], [ 24.6533949, 58.658006 ], [ 24.6533772, 58.6579439 ], [ 24.6537656, 58.65787 ], [ 24.6538278, 58.6577637 ], [ 24.6543128, 58.6576798 ], [ 24.6541389, 58.657458 ], [ 24.6544397, 58.6574916 ], [ 24.6543534, 58.6573371 ], [ 24.6546492, 58.6573503 ], [ 24.6544473, 58.6571872 ], [ 24.6547177, 58.6570941 ], [ 24.6547698, 58.6568861 ], [ 24.6551887, 58.6568221 ], [ 24.6550859, 58.6567091 ], [ 24.6552865, 58.6566484 ], [ 24.6550834, 58.6563823 ], [ 24.6551506, 58.6563413 ], [ 24.6554718, 58.6564107 ], [ 24.655482, 58.6561683 ], [ 24.6557067, 58.6561776 ], [ 24.6555429, 58.6560191 ], [ 24.6560012, 58.6559669 ], [ 24.6560266, 58.6558111 ], [ 24.6564138, 58.6558665 ], [ 24.6565687, 58.6556288 ], [ 24.6568568, 58.6555238 ], [ 24.6570828, 58.6554961 ], [ 24.6574662, 58.6556328 ], [ 24.6587153, 58.6552933 ], [ 24.6589299, 58.6550001 ], [ 24.6595532, 58.6549526 ], [ 24.6596852, 58.6546693 ], [ 24.6601499, 58.6546554 ], [ 24.6605675, 58.6544639 ], [ 24.6613724, 58.6537646 ], [ 24.6616669, 58.6536794 ], [ 24.6621734, 58.6538266 ], [ 24.6629313, 58.6534892 ], [ 24.6629529, 58.6533842 ], [ 24.6628285, 58.6533346 ], [ 24.6632525, 58.6529186 ], [ 24.6634239, 58.6529166 ], [ 24.6634594, 58.6526868 ], [ 24.6632576, 58.6525283 ], [ 24.6634188, 58.652095 ], [ 24.6631941, 58.652169 ], [ 24.6630278, 58.6523691 ], [ 24.6627688, 58.6523434 ], [ 24.6625187, 58.6520858 ], [ 24.6626761, 58.6519345 ], [ 24.6625365, 58.6517774 ], [ 24.6619589, 58.6517014 ], [ 24.6620744, 58.6512933 ], [ 24.6612645, 58.651004 ], [ 24.6612683, 58.6506216 ], [ 24.6615133, 58.6503482 ], [ 24.6614879, 58.6501553 ], [ 24.6599467, 58.6482333 ], [ 24.659279, 58.6478357 ], [ 24.6583581, 58.647556 ], [ 24.6577586, 58.6476051 ] ] } },
{ "type": "Feature", "properties": { "source_fid": "w313801737", "name": "Enge jõgi" }, "geometry": { "type": "LineString", "coordinates": [ [ 24.6575815, 58.6476143 ], [ 24.6567394, 58.647694 ], [ 24.6515323, 58.6490942 ], [ 24.6481258, 58.6506186 ], [ 24.6473184, 58.6510495 ], [ 24.6462227, 58.6518478 ], [ 24.6450699, 58.6520666 ], [ 24.6443455, 58.652076 ], [ 24.6291904, 58.651167 ], [ 24.6248181, 58.6518302 ], [ 24.6215596, 58.6521179 ], [ 24.6208196, 58.6521125 ], [ 24.6197966, 58.6519099 ], [ 24.6191398, 58.6512467 ], [ 24.6187295, 58.6510373 ], [ 24.6167676, 58.6505274 ] ] } },
{ "type": "Feature", "properties": { "source_fid": "w313801739", "name": "Enge jõgi" }, "geometry": { "type": "LineString", "coordinates": [ [ 24.654575, 58.6840739 ], [ 24.6548711, 58.6839716 ], [ 24.6546326, 58.6836299 ], [ 24.654971, 58.6836295 ], [ 24.6552069, 58.6834309 ], [ 24.6555487, 58.683605 ], [ 24.6558888, 58.6834479 ], [ 24.6557552, 58.6832489 ], [ 24.6563615, 58.682943 ], [ 24.6562616, 58.6828037 ], [ 24.6565722, 58.6826409 ], [ 24.6564043, 58.6824607 ], [ 24.6566151, 58.6823402 ], [ 24.6570676, 58.6798957 ], [ 24.6573783, 58.6796045 ], [ 24.6579602, 58.6794461 ], [ 24.6592961, 58.6782248 ], [ 24.6594976, 58.6781043 ], [ 24.6610451, 58.6777355 ], [ 24.6630704, 58.6776316 ], [ 24.6633256, 58.6777001 ], [ 24.6645095, 58.6771715 ], [ 24.6644128, 58.6768846 ], [ 24.6632507, 58.6752218 ], [ 24.6630275, 58.6750489 ], [ 24.6628086, 58.6749959 ], [ 24.6623338, 58.6750237 ], [ 24.6622282, 58.674946 ], [ 24.66242, 58.6748501 ], [ 24.6621286, 58.6747207 ], [ 24.6618008, 58.6747043 ], [ 24.6615081, 58.6744941 ], [ 24.6613102, 58.6740774 ], [ 24.6598265, 58.6735617 ], [ 24.6598447, 58.6734708 ], [ 24.6601142, 58.6733742 ], [ 24.660266, 58.672859 ], [ 24.6601956, 58.6727094 ], [ 24.6599297, 58.6727631 ], [ 24.6596625, 58.6726166 ], [ 24.6595011, 58.672265 ], [ 24.6588612, 58.6718856 ], [ 24.6585552, 58.6715453 ], [ 24.6587373, 58.6712075 ], [ 24.658027, 58.6706419 ], [ 24.6579869, 58.6702012 ], [ 24.6576992, 58.6699543 ], [ 24.6580015, 58.6696633 ], [ 24.6576154, 58.6695496 ], [ 24.6575413, 58.669383 ], [ 24.6573155, 58.6692807 ], [ 24.6567764, 58.6692876 ], [ 24.6561462, 58.6684864 ], [ 24.6557613, 58.6684132 ], [ 24.6559434, 58.6679018 ], [ 24.6555998, 58.6676063 ], [ 24.6557225, 58.6675312 ], [ 24.6555585, 58.6674554 ], [ 24.6556751, 58.6672622 ], [ 24.6552696, 58.6669932 ], [ 24.6554845, 58.6668751 ], [ 24.6559398, 58.6668246 ], [ 24.6559665, 58.6667261 ], [ 24.6556241, 58.6664174 ], [ 24.6558767, 58.6663236 ] ] } },
{ "type": "Feature", "properties": { "source_fid": "w313821273", "name": "Mädara jõgi" }, "geometry": { "type": "LineString", "coordinates": [ [ 25.1993475, 58.6708824 ], [ 25.2002948, 58.6702129 ], [ 25.2013083, 58.6697194 ], [ 25.2016951, 58.6692427 ], [ 25.2037186, 58.6688032 ], [ 25.2036362, 58.6685425 ], [ 25.2045638, 58.6685611 ], [ 25.205631, 58.6681533 ], [ 25.2053732, 58.667453 ], [ 25.2060644, 58.6672947 ], [ 25.2065049, 58.6676709 ], [ 25.2068415, 58.6676877 ], [ 25.2074253, 58.6674996 ], [ 25.2079589, 58.6671681 ], [ 25.2081559, 58.6669316 ], [ 25.2087934, 58.6670247 ], [ 25.2087862, 58.6667472 ], [ 25.2089545, 58.6666131 ], [ 25.2095526, 58.6667249 ], [ 25.2098463, 58.6666373 ], [ 25.2102223, 58.666073 ], [ 25.2101256, 58.6659054 ], [ 25.2102546, 58.6655888 ], [ 25.21014, 58.6653579 ], [ 25.2097675, 58.6652647 ], [ 25.2095598, 58.6653076 ], [ 25.208754, 58.6656726 ], [ 25.2074788, 58.6655421 ] ] } },
{ "type": "Feature", "properties": { "source_fid": "w313821275", "name": "Mädara jõgi" }, "geometry": { "type": "LineString", "coordinates": [ [ 25.2073709, 58.665506 ], [ 25.2060472, 58.6647499 ], [ 25.2057323, 58.6643128 ], [ 25.2057807, 58.6640999 ], [ 25.2061053, 58.6637548 ], [ 25.2056669, 58.6635696 ], [ 25.2047296, 58.6627547 ], [ 25.2044534, 58.6622395 ], [ 25.2043549, 58.6610221 ], [ 25.2037184, 58.6604019 ], [ 25.2023282, 58.6600255 ], [ 25.2019798, 58.6597833 ], [ 25.2008642, 58.659806 ], [ 25.2003852, 58.6592554 ], [ 25.1997152, 58.6587152 ], [ 25.199608, 58.6585183 ], [ 25.1996516, 58.6579956 ], [ 25.1988007, 58.6578371 ], [ 25.1985159, 58.6576994 ], [ 25.1983853, 58.6573858 ], [ 25.198459, 58.6568473 ], [ 25.1989689, 58.6559917 ], [ 25.1987277, 58.6554367 ], [ 25.1995658, 58.6544599 ], [ 25.1995936, 58.6542997 ], [ 25.1993133, 58.6534597 ], [ 25.1990029, 58.6531102 ], [ 25.1978654, 58.6527197 ], [ 25.1973534, 58.6525148 ], [ 25.1969712, 58.6522497 ], [ 25.196385, 58.6520665 ], [ 25.1956669, 58.6515217 ], [ 25.1959634, 58.6512204 ], [ 25.1959588, 58.6508805 ], [ 25.1966918, 58.6505391 ], [ 25.1969416, 58.6502663 ] ] } },
{ "type": "Feature", "properties": { "source_fid": "w313821277", "name": "Mädara jõgi" }, "geometry": { "type": "LineString", "coordinates": [ [ 25.196958, 58.6502139 ], [ 25.1970154, 58.6498539 ], [ 25.1968776, 58.6493528 ], [ 25.1974747, 58.6479941 ], [ 25.1973886, 58.6472361 ], [ 25.1970193, 58.6470581 ], [ 25.1976831, 58.6467669 ], [ 25.1977239, 58.6466525 ], [ 25.1970283, 58.646056 ], [ 25.196718, 58.6459098 ], [ 25.196403, 58.6458792 ], [ 25.1964325, 58.6457366 ], [ 25.1970329, 58.6455255 ], [ 25.1965072, 58.6454135 ], [ 25.1956621, 58.6453782 ], [ 25.1955171, 58.6452037 ], [ 25.1960949, 58.6450551 ], [ 25.1960768, 58.6449349 ], [ 25.1959068, 58.6448665 ], [ 25.1952679, 58.6448618 ], [ 25.1951705, 58.6447828 ], [ 25.1954197, 58.6444244 ], [ 25.1972436, 58.6443607 ], [ 25.1979188, 58.6441521 ], [ 25.1981884, 58.6439717 ], [ 25.1981453, 58.6435909 ], [ 25.1983198, 58.6431971 ], [ 25.1979913, 58.6431488 ], [ 25.1979641, 58.6430556 ], [ 25.1984784, 58.6427691 ], [ 25.1982994, 58.6425475 ], [ 25.1989859, 58.6424001 ], [ 25.1988205, 58.6422515 ], [ 25.1978757, 58.6423164 ], [ 25.1978327, 58.6419698 ], [ 25.1982813, 58.641629 ], [ 25.198057, 58.6413838 ], [ 25.19926, 58.6413083 ], [ 25.1987979, 58.6418318 ], [ 25.1998151, 58.642057 ], [ 25.2002139, 58.6417116 ], [ 25.200232, 58.6413555 ], [ 25.2009774, 58.6413649 ], [ 25.200991, 58.6409876 ], [ 25.200044, 58.6406268 ], [ 25.2003113, 58.6403073 ], [ 25.199652, 58.6402873 ], [ 25.1993144, 58.6404287 ], [ 25.1991649, 58.6403922 ], [ 25.1996877, 58.6397237 ], [ 25.1995384, 58.6392983 ], [ 25.1993605, 58.6391416 ] ] } },
{ "type": "Feature", "properties": { "source_fid": "w313821280", "name": "Mädara jõgi" }, "geometry": { "type": "LineString", "coordinates": [ [ 25.2074788, 58.6655421 ], [ 25.2073709, 58.665506 ] ] } },
{ "type": "Feature", "properties": { "source_fid": "w313821287", "name": "Mädara jõgi" }, "geometry": { "type": "LineString", "coordinates": [ [ 25.1992186, 58.6710546 ], [ 25.1993475, 58.6708824 ] ] } },
{ "type": "Feature", "properties": { "source_fid": "w313821290", "name": "Mädara jõgi" }, "geometry": { "type": "LineString", "coordinates": [ [ 25.1969416, 58.6502663 ], [ 25.196958, 58.6502139 ] ] } },
{ "type": "Feature", "properties": { "source_fid": "w313821292", "name": "Mädara jõgi" }, "geometry": { "type": "LineString", "coordinates": [ [ 25.1967217, 58.7382382 ], [ 25.1967246, 58.7381828 ] ] } },
{ "type": "Feature", "properties": { "source_fid": "w313821293", "name": "Mädara jõgi" }, "geometry": { "type": "LineString", "coordinates": [ [ 25.1965293, 58.7084986 ], [ 25.1963887, 58.7084339 ] ] } },
{ "type": "Feature", "properties": { "source_fid": "w313821298", "name": "Mädara jõgi" }, "geometry": { "type": "LineString", "coordinates": [ [ 25.1967246, 58.7381828 ], [ 25.1962588, 58.7378705 ], [ 25.194834, 58.7377182 ], [ 25.1943956, 58.7375678 ], [ 25.1941451, 58.736997 ], [ 25.1941451, 58.7366374 ], [ 25.1937419, 58.7363876 ], [ 25.1941177, 58.7356766 ], [ 25.1939885, 58.7353881 ], [ 25.1952528, 58.7352174 ], [ 25.1954721, 58.7351565 ], [ 25.1954916, 58.7350651 ], [ 25.195245, 58.7348761 ], [ 25.1936793, 58.7343865 ], [ 25.1930569, 58.734033 ], [ 25.1929121, 58.7337811 ], [ 25.1924893, 58.7335962 ], [ 25.192411, 58.7333992 ], [ 25.1931782, 58.7331371 ], [ 25.1945639, 58.7330965 ], [ 25.1949514, 58.7328384 ], [ 25.1955034, 58.7327044 ], [ 25.1958635, 58.7321558 ], [ 25.1968538, 58.7315321 ], [ 25.1970926, 58.7311724 ], [ 25.19703, 58.7308352 ], [ 25.1976171, 58.7304369 ], [ 25.1974449, 58.7298518 ], [ 25.1965485, 58.7296628 ], [ 25.1963528, 58.7293844 ], [ 25.1960435, 58.7294169 ], [ 25.1960161, 58.7292097 ], [ 25.1956639, 58.7291081 ], [ 25.1951706, 58.7288114 ], [ 25.1951941, 58.7285595 ], [ 25.1955738, 58.728399 ], [ 25.1969869, 58.7283827 ], [ 25.197621, 58.728273 ], [ 25.1990576, 58.7272794 ], [ 25.1993629, 58.7268262 ], [ 25.1998874, 58.7268709 ], [ 25.2002358, 58.7265946 ], [ 25.2008269, 58.726365 ], [ 25.2007838, 58.7261861 ], [ 25.2005685, 58.7260419 ], [ 25.2004981, 58.725733 ], [ 25.2011596, 58.7253245 ], [ 25.2012888, 58.7250624 ], [ 25.2016646, 58.72491 ], [ 25.2020247, 58.7243186 ], [ 25.2010931, 58.7236216 ], [ 25.2009404, 58.7230079 ], [ 25.1999814, 58.7221055 ], [ 25.199954, 58.7217499 ], [ 25.2001262, 58.7213292 ], [ 25.1999853, 58.7210264 ], [ 25.1993199, 58.7202906 ], [ 25.1995547, 58.7196565 ], [ 25.2001536, 58.7192236 ], [ 25.2002945, 58.7187643 ], [ 25.2009639, 58.7186057 ], [ 25.2010892, 58.7183781 ], [ 25.2008543, 58.7181484 ], [ 25.2005842, 58.7180915 ], [ 25.2000166, 58.7185305 ], [ 25.1994764, 58.7186261 ], [ 25.1991907, 58.7185183 ], [ 25.1989754, 58.7181017 ], [ 25.1992612, 58.7176931 ], [ 25.2003298, 58.7169797 ], [ 25.2003493, 58.7167907 ], [ 25.199496, 58.7153658 ], [ 25.1994843, 58.7149653 ], [ 25.2008034, 58.714506 ], [ 25.2012888, 58.71426 ], [ 25.2017781, 58.7132009 ], [ 25.2015236, 58.7124386 ], [ 25.201324, 58.7121133 ], [ 25.1995821, 58.711168 ], [ 25.1993551, 58.7107655 ], [ 25.1994882, 58.7102308 ], [ 25.1981064, 58.7095295 ], [ 25.1981769, 58.709072 ], [ 25.1980829, 58.7089073 ], [ 25.1965293, 58.7084986 ] ] } },
{ "type": "Feature", "properties": { "source_fid": "w313821318", "name": "Mädara jõgi" }, "geometry": { "type": "LineString", "coordinates": [ [ 25.1963887, 58.7084339 ], [ 25.1956822, 58.7081653 ], [ 25.1943503, 58.7079558 ], [ 25.1940877, 58.7076788 ], [ 25.1941933, 58.7074904 ], [ 25.195563, 58.7070742 ], [ 25.1960232, 58.7064555 ], [ 25.1959231, 58.7060801 ], [ 25.1949973, 58.7057426 ], [ 25.194621, 58.7056892 ], [ 25.1939902, 58.7059493 ], [ 25.1924959, 58.7060028 ], [ 25.1921873, 58.7055992 ], [ 25.1920818, 58.7052336 ], [ 25.1918679, 58.7052097 ], [ 25.191497, 58.7053081 ], [ 25.1911451, 58.7052786 ], [ 25.1909773, 58.7051042 ], [ 25.1911533, 58.7048075 ], [ 25.1907282, 58.7045376 ], [ 25.1901814, 58.7044208 ], [ 25.1899757, 58.7043027 ], [ 25.1903249, 58.7033887 ], [ 25.1901165, 58.7026223 ], [ 25.1902139, 58.7019346 ], [ 25.1900569, 58.701178 ], [ 25.1903438, 58.7004974 ], [ 25.1901408, 58.6996521 ], [ 25.1901652, 58.6991318 ], [ 25.1904765, 58.6990446 ], [ 25.1913725, 58.6990305 ], [ 25.1922334, 58.6994356 ], [ 25.1927044, 58.6994271 ], [ 25.1929237, 58.6993652 ], [ 25.1932241, 58.699084 ], [ 25.1933324, 58.6986367 ], [ 25.1939794, 58.698226 ], [ 25.1936464, 58.6976381 ], [ 25.1936898, 58.697212 ], [ 25.1935003, 58.696828 ], [ 25.1920753, 58.6959541 ], [ 25.1918839, 58.6957054 ], [ 25.1920026, 58.6953872 ], [ 25.1931051, 58.6945855 ], [ 25.1931855, 58.6942354 ], [ 25.1924045, 58.6939708 ], [ 25.1919451, 58.6936128 ], [ 25.1918647, 58.6929961 ], [ 25.1916159, 58.6928131 ], [ 25.1907354, 58.692636 ], [ 25.1894605, 58.6928489 ], [ 25.1887906, 58.6928509 ], [ 25.1878641, 58.6927256 ], [ 25.1873434, 58.692459 ], [ 25.1868381, 58.6924212 ], [ 25.1868037, 58.6921486 ], [ 25.1861031, 58.6919994 ], [ 25.1860342, 58.6919258 ], [ 25.1865357, 58.6913529 ], [ 25.1866811, 58.6910187 ], [ 25.1864821, 58.6908357 ], [ 25.1858925, 58.6907103 ], [ 25.1855212, 58.6904378 ], [ 25.1852455, 58.6899563 ], [ 25.1852723, 58.6897514 ], [ 25.1854982, 58.6895564 ], [ 25.1854446, 58.6894032 ], [ 25.1852647, 58.6891048 ], [ 25.1847899, 58.6887785 ], [ 25.1844492, 58.6883667 ], [ 25.1847019, 58.6877857 ], [ 25.1852149, 58.6874933 ], [ 25.1852379, 58.6873719 ], [ 25.1849431, 58.6871988 ], [ 25.1840855, 58.6871033 ], [ 25.1839936, 58.686767 ], [ 25.1843459, 58.6862557 ], [ 25.1854178, 58.6855016 ], [ 25.1860456, 58.684851 ], [ 25.1858466, 58.6845107 ], [ 25.18582, 58.6835828 ], [ 25.1855944, 58.6829742 ], [ 25.1852986, 58.6827553 ], [ 25.1853548, 58.6825383 ], [ 25.1869179, 58.6823301 ], [ 25.1877042, 58.6821063 ], [ 25.187839, 58.6819515 ], [ 25.1865323, 58.6815156 ], [ 25.1864761, 58.6807021 ], [ 25.1855214, 58.6807099 ], [ 25.184297, 58.6808237 ], [ 25.1840293, 58.6807274 ], [ 25.1838777, 58.68027 ], [ 25.1840649, 58.6799654 ], [ 25.184488, 58.6796219 ], [ 25.1855232, 58.679328 ], [ 25.1860212, 58.679039 ], [ 25.1860643, 58.6788152 ], [ 25.1855289, 58.6782751 ], [ 25.1863288, 58.6777033 ], [ 25.1867431, 58.6775848 ], [ 25.1871626, 58.6775727 ], [ 25.1877089, 58.6777194 ], [ 25.1883977, 58.6776831 ], [ 25.1889493, 58.6778742 ], [ 25.1892885, 58.6778527 ], [ 25.1896795, 58.6775768 ], [ 25.1900783, 58.6775054 ], [ 25.1908007, 58.6771164 ], [ 25.1914869, 58.676065 ], [ 25.1918132, 58.675855 ], [ 25.1926806, 58.6756006 ], [ 25.1933357, 58.6752667 ], [ 25.1937941, 58.6752694 ], [ 25.1944026, 58.6751227 ], [ 25.1952882, 58.6750783 ], [ 25.1955186, 58.6749463 ], [ 25.1954591, 58.6745398 ], [ 25.1956585, 58.6743217 ], [ 25.1961686, 58.6741992 ], [ 25.1970438, 58.6741319 ], [ 25.1974037, 58.6739959 ], [ 25.1979035, 58.6734251 ], [ 25.1989185, 58.6729337 ], [ 25.1991956, 58.6726779 ], [ 25.1993769, 58.672686 ], [ 25.1996203, 58.6728946 ], [ 25.2002029, 58.6727075 ], [ 25.2002987, 58.6726254 ], [ 25.1996902, 58.6724934 ], [ 25.1996488, 58.6723198 ], [ 25.199742, 58.6722592 ], [ 25.2004411, 58.6723117 ], [ 25.2005262, 58.6721532 ], [ 25.2001856, 58.6719666 ], [ 25.1991368, 58.6716361 ], [ 25.1990423, 58.6714772 ], [ 25.1992186, 58.6710546 ] ] } },
{ "type": "Feature", "properties": { "source_fid": "w313821341", "name": "Mädara jõgi" }, "geometry": { "type": "LineString", "coordinates": [ [ 25.219442, 58.8041115 ], [ 25.2181058, 58.8020099 ], [ 25.2184696, 58.8016418 ], [ 25.2207465, 58.8003028 ], [ 25.2213884, 58.8000611 ], [ 25.2231261, 58.7997396 ], [ 25.2251033, 58.7995357 ], [ 25.2259721, 58.7996022 ], [ 25.2266869, 58.7995667 ], [ 25.2282362, 58.7990989 ], [ 25.2284502, 58.7989237 ], [ 25.2283731, 58.7984005 ], [ 25.2250423, 58.7963314 ], [ 25.2263572, 58.7897717 ], [ 25.2171967, 58.7863603 ], [ 25.2169271, 58.7861408 ], [ 25.2161096, 58.7849807 ], [ 25.2126258, 58.7848277 ], [ 25.2117142, 58.7840492 ], [ 25.2107192, 58.7837098 ], [ 25.2107598, 58.7826351 ], [ 25.2097519, 58.7822003 ], [ 25.2095401, 58.7814661 ], [ 25.2092469, 58.7813264 ], [ 25.207978, 58.781038 ], [ 25.2078046, 58.7805477 ], [ 25.2070899, 58.7799798 ], [ 25.2056583, 58.7798756 ], [ 25.2053031, 58.7797802 ], [ 25.2051319, 58.7788729 ], [ 25.2038608, 58.7763172 ], [ 25.2036147, 58.7761907 ], [ 25.2029513, 58.7761153 ], [ 25.2021552, 58.7755673 ], [ 25.2012757, 58.7752578 ], [ 25.200974, 58.7739743 ], [ 25.2006509, 58.7733197 ], [ 25.2006744, 58.7729836 ], [ 25.2003813, 58.7726253 ], [ 25.1998591, 58.772471 ], [ 25.1986308, 58.7727395 ], [ 25.1980059, 58.772643 ], [ 25.1977149, 58.7724877 ], [ 25.197792, 58.7723568 ], [ 25.1973041, 58.7723102 ], [ 25.1973747, 58.7718953 ], [ 25.1969595, 58.7718387 ], [ 25.1962512, 58.7715691 ], [ 25.1956092, 58.7717732 ], [ 25.1953717, 58.7717499 ], [ 25.1948578, 58.7709009 ], [ 25.1950938, 58.7705949 ], [ 25.1952028, 58.7695405 ], [ 25.1971336, 58.7686697 ], [ 25.1977479, 58.7677815 ], [ 25.1991914, 58.7663614 ], [ 25.199022, 58.7661166 ], [ 25.2003017, 58.7656542 ], [ 25.2008713, 58.7651055 ], [ 25.2011601, 58.764959 ], [ 25.201755, 58.7648292 ], [ 25.2020696, 58.7646205 ], [ 25.2020696, 58.7642932 ], [ 25.2027244, 58.7638859 ], [ 25.2024719, 58.7634121 ], [ 25.2029405, 58.7621714 ], [ 25.2028935, 58.7618585 ], [ 25.2035975, 58.7613879 ], [ 25.2041903, 58.7611249 ], [ 25.2048922, 58.760944 ], [ 25.2054977, 58.7604247 ], [ 25.2056005, 58.7600462 ], [ 25.2051382, 58.7597965 ], [ 25.2051382, 58.7597044 ], [ 25.2062596, 58.7588387 ], [ 25.206159, 58.7582327 ], [ 25.2065056, 58.7578909 ], [ 25.2072225, 58.7576722 ], [ 25.207567, 58.7576445 ], [ 25.2083567, 58.7579786 ], [ 25.208836, 58.757963 ], [ 25.2094459, 58.7575191 ], [ 25.2105651, 58.757266 ], [ 25.2108925, 58.7569763 ], [ 25.2111386, 58.7568986 ], [ 25.2112477, 58.7567699 ], [ 25.2110765, 58.756004 ], [ 25.2113804, 58.7554136 ], [ 25.2115623, 58.7553525 ], [ 25.212399, 58.7553891 ], [ 25.2133619, 58.7551716 ], [ 25.2133962, 58.7551028 ], [ 25.2129404, 58.7549307 ], [ 25.2128676, 58.7546854 ], [ 25.2128698, 58.7542547 ], [ 25.2132442, 58.7539839 ], [ 25.2132828, 58.7538141 ], [ 25.2130923, 58.7535343 ], [ 25.2126408, 58.7534034 ], [ 25.212518, 58.7532162 ], [ 25.2126829, 58.7529133 ], [ 25.2136385, 58.7524049 ], [ 25.2137654, 58.752234 ], [ 25.2136549, 58.7519591 ], [ 25.2131883, 58.751733 ], [ 25.2130962, 58.7515514 ], [ 25.2130962, 58.7513848 ], [ 25.2134646, 58.751164 ], [ 25.2136324, 58.750871 ], [ 25.2133377, 58.7505175 ], [ 25.2134195, 58.7500653 ], [ 25.2132845, 58.7499559 ], [ 25.2105977, 58.7491789 ], [ 25.2099306, 58.748837 ], [ 25.2095725, 58.7485398 ], [ 25.2092594, 58.7479973 ], [ 25.2089852, 58.7468762 ], [ 25.2072541, 58.7457222 ], [ 25.2074444, 58.7452571 ], [ 25.2080419, 58.7448866 ], [ 25.2072404, 58.7439458 ], [ 25.204785, 58.7435917 ], [ 25.2035643, 58.7437049 ], [ 25.2033241, 58.74322 ], [ 25.2024776, 58.7428036 ], [ 25.2021574, 58.7424391 ], [ 25.2028498, 58.7420954 ], [ 25.2028739, 58.7417766 ], [ 25.2026637, 58.7416323 ], [ 25.201383, 58.7410923 ], [ 25.2005185, 58.7409781 ], [ 25.2000222, 58.7406468 ], [ 25.1991036, 58.7403591 ], [ 25.1982071, 58.7397631 ], [ 25.1975307, 58.7395201 ], [ 25.1972145, 58.7393072 ], [ 25.1966962, 58.7391524 ], [ 25.1956116, 58.7390019 ], [ 25.1955775, 58.7387246 ], [ 25.1958457, 58.7384556 ], [ 25.196572, 58.7383347 ], [ 25.1967217, 58.7382382 ] ] } },
{ "type": "Feature", "properties": { "source_fid": "w314374641", "name": "Massu jõgi" }, "geometry": { "type": "LineString", "coordinates": [ [ 24.9456376, 58.7111793 ], [ 24.9456149, 58.7110812 ] ] } },
{ "type": "Feature", "properties": { "source_fid": "w314374644", "name": "Massu jõgi" }, "geometry": { "type": "LineString", "coordinates": [ [ 24.9632268, 58.6385633 ], [ 24.9634374, 58.6383937 ] ] } },
{ "type": "Feature", "properties": { "source_fid": "w314374653", "name": "Massu jõgi" }, "geometry": { "type": "LineString", "coordinates": [ [ 24.9469101, 58.6945475 ], [ 24.9469462, 58.6944687 ] ] } },
{ "type": "Feature", "properties": { "source_fid": "w314374664", "name": "Massu jõgi" }, "geometry": { "type": "LineString", "coordinates": [ [ 24.9680402, 58.6219037 ], [ 24.967741, 58.6214262 ], [ 24.9679084, 58.6211165 ], [ 24.9673584, 58.62102 ], [ 24.9672836, 58.6209095 ], [ 24.9677171, 58.6206931 ], [ 24.9688022, 58.6205904 ], [ 24.9686826, 58.6203055 ], [ 24.9696781, 58.6200409 ], [ 24.9701504, 58.6193295 ], [ 24.969687, 58.6190229 ], [ 24.9703208, 58.6186042 ], [ 24.9703925, 58.6180516 ], [ 24.9712265, 58.6173884 ], [ 24.9713222, 58.6171129 ], [ 24.9714089, 58.6170366 ], [ 24.9717945, 58.6169961 ], [ 24.9716032, 58.6168373 ], [ 24.9710532, 58.6169012 ], [ 24.9708678, 58.6168482 ], [ 24.9710621, 58.6166677 ], [ 24.970814, 58.6164077 ], [ 24.9709067, 58.6161975 ], [ 24.9714208, 58.6162006 ], [ 24.9715584, 58.6160963 ], [ 24.971385, 58.6156636 ], [ 24.9715105, 58.6153833 ], [ 24.9724282, 58.6151934 ], [ 24.9725538, 58.6149739 ], [ 24.9729125, 58.6149381 ], [ 24.9732443, 58.6147482 ], [ 24.9736359, 58.6146594 ], [ 24.9742159, 58.6146843 ], [ 24.9746762, 58.6145427 ], [ 24.9750648, 58.614868 ], [ 24.9753936, 58.6148774 ], [ 24.9755228, 58.6146682 ], [ 24.9762931, 58.6144963 ], [ 24.9765865, 58.6143339 ], [ 24.9765865, 58.6139742 ], [ 24.9762503, 58.6137863 ], [ 24.9763542, 58.6133374 ], [ 24.9765926, 58.6132307 ], [ 24.9770083, 58.6131909 ], [ 24.9770892, 58.6128792 ], [ 24.9780781, 58.6126856 ] ] } },
{ "type": "Feature", "properties": { "source_fid": "w314374667", "name": "Massu jõgi" }, "geometry": { "type": "LineString", "coordinates": [ [ 24.9575284, 58.7423523 ], [ 24.9576532, 58.7421843 ], [ 24.9586719, 58.7416256 ], [ 24.9603858, 58.7376312 ], [ 24.9571721, 58.7342358 ], [ 24.9508242, 58.7198798 ], [ 24.9498997, 58.7182872 ], [ 24.9494167, 58.7170859 ], [ 24.9464757, 58.7147982 ], [ 24.9456376, 58.7111793 ] ] } },
{ "type": "Feature", "properties": { "source_fid": "w314374670", "name": "Massu jõgi" }, "geometry": { "type": "LineString", "coordinates": [ [ 24.9456149, 58.7110812 ], [ 24.9445267, 58.7075925 ], [ 24.9445667, 58.707352 ], [ 24.9464299, 58.705149 ], [ 24.9480764, 58.7034317 ], [ 24.948259, 58.7027918 ], [ 24.9489076, 58.7025854 ], [ 24.9494311, 58.702011 ], [ 24.9478725, 58.6981205 ], [ 24.947204, 58.6976379 ], [ 24.9462958, 58.6964693 ], [ 24.9466166, 58.6960814 ], [ 24.9458788, 58.6954182 ], [ 24.9459021, 58.6952707 ], [ 24.9463702, 58.6948594 ], [ 24.9469101, 58.6945475 ] ] } },
{ "type": "Feature", "properties": { "source_fid": "w314374671", "name": "Massu jõgi" }, "geometry": { "type": "LineString", "coordinates": [ [ 24.9469462, 58.6944687 ], [ 24.9470065, 58.6931688 ], [ 24.9464054, 58.6927648 ], [ 24.9463649, 58.6925825 ], [ 24.9465535, 58.6922079 ], [ 24.9474455, 58.6919779 ], [ 24.9478774, 58.6914842 ], [ 24.948445, 58.6910948 ], [ 24.9480836, 58.6905855 ], [ 24.9483851, 58.6886003 ], [ 24.9482423, 58.6880928 ], [ 24.9477328, 58.6876933 ], [ 24.9480889, 58.6871418 ], [ 24.9480854, 58.6865087 ], [ 24.9485966, 58.6862018 ], [ 24.9486442, 58.6859333 ], [ 24.9483604, 58.6851756 ], [ 24.9472199, 58.6851545 ], [ 24.9466628, 58.6847496 ], [ 24.9456985, 58.684285 ], [ 24.9456474, 58.6839323 ], [ 24.9453847, 58.6835694 ], [ 24.9464089, 58.6830389 ], [ 24.946319, 58.6826733 ], [ 24.9486407, 58.6823178 ], [ 24.9503472, 58.6825258 ], [ 24.9527764, 58.6822454 ], [ 24.9529932, 58.682348 ], [ 24.9529086, 58.6826202 ], [ 24.9531219, 58.6827439 ], [ 24.9540879, 58.6828392 ], [ 24.9547878, 58.6830059 ], [ 24.9557327, 58.6829949 ], [ 24.9570178, 58.6827906 ], [ 24.9579168, 58.6830078 ], [ 24.9581866, 58.682994 ], [ 24.9596391, 58.6822876 ], [ 24.9599582, 58.6814436 ], [ 24.9601909, 58.6812732 ], [ 24.9604888, 58.6811697 ], [ 24.9625355, 58.6809323 ], [ 24.9634346, 58.6807518 ], [ 24.96381, 58.6803789 ], [ 24.9643777, 58.6801232 ], [ 24.9645011, 58.6796439 ], [ 24.9656187, 58.679599 ], [ 24.966234, 58.6790428 ], [ 24.9675314, 58.6786396 ], [ 24.967817, 58.6779294 ], [ 24.9680744, 58.6778881 ], [ 24.9687161, 58.6779459 ], [ 24.9691588, 58.6776222 ] ] } },
{ "type": "Feature", "properties": { "source_fid": "w314519688", "name": "Kõnnu jõgi" }, "geometry": { "type": "LineString", "coordinates": [ [ 24.697084, 58.7457939 ], [ 24.6967008, 58.7462488 ], [ 24.6963967, 58.7462887 ], [ 24.6962037, 58.7464553 ] ] } },
{ "type": "Feature", "properties": { "source_fid": "w314519693", "name": null }, "geometry": { "type": "LineString", "coordinates": [ [ 24.836353, 58.747674 ], [ 24.8361893, 58.7476448 ] ] } },
{ "type": "Feature", "properties": { "source_fid": "w314519695", "name": null }, "geometry": { "type": "LineString", "coordinates": [ [ 24.7258606, 58.7288367 ], [ 24.7257624, 58.7288693 ] ] } },
{ "type": "Feature", "properties": { "source_fid": "w314519697", "name": null }, "geometry": { "type": "LineString", "coordinates": [ [ 24.8494564, 58.7630174 ], [ 24.8493063, 58.7629651 ] ] } },
{ "type": "Feature", "properties": { "source_fid": "w314519699", "name": null }, "geometry": { "type": "LineString", "coordinates": [ [ 24.7993074, 58.726795 ], [ 24.799215, 58.726775 ] ] } },
{ "type": "Feature", "properties": { "source_fid": "w314519701", "name": null }, "geometry": { "type": "LineString", "coordinates": [ [ 24.6970482, 58.7457204 ], [ 24.697084, 58.7457939 ] ] } },
{ "type": "Feature", "properties": { "source_fid": "w314519704", "name": null }, "geometry": { "type": "LineString", "coordinates": [ [ 24.8019331, 58.7272381 ], [ 24.8016196, 58.7272662 ] ] } },
{ "type": "Feature", "properties": { "source_fid": "w314519718", "name": "Kõnnu jõgi" }, "geometry": { "type": "LineString", "coordinates": [ [ 24.799215, 58.726775 ], [ 24.7977923, 58.7265125 ], [ 24.7883742, 58.7270973 ], [ 24.7866271, 58.7284222 ], [ 24.7825879, 58.7282187 ], [ 24.7803017, 58.7297986 ], [ 24.7728951, 58.7305894 ], [ 24.7678135, 58.730279 ], [ 24.759226, 58.7309011 ], [ 24.7540072, 58.7291393 ], [ 24.7517944, 58.7245145 ], [ 24.7388719, 58.7228411 ], [ 24.7384182, 58.7229661 ], [ 24.7378245, 58.7235187 ], [ 24.7379141, 58.7236466 ], [ 24.7377853, 58.7237688 ], [ 24.7379309, 58.7238298 ], [ 24.7380463, 58.7241236 ], [ 24.7378106, 58.7241267 ], [ 24.7377651, 58.7242316 ], [ 24.7369828, 58.7242871 ], [ 24.7371333, 58.7245164 ], [ 24.7369472, 58.7246891 ], [ 24.7361847, 58.7249379 ], [ 24.7359986, 58.725199 ], [ 24.7355906, 58.7252936 ], [ 24.7357233, 58.7255208 ], [ 24.7348044, 58.7256504 ], [ 24.7344559, 58.7255784 ], [ 24.7343846, 58.7258436 ], [ 24.7338697, 58.7261305 ], [ 24.7337509, 58.7263608 ], [ 24.7328676, 58.726442 ], [ 24.7324809, 58.7262406 ], [ 24.7322737, 58.72633 ], [ 24.7318746, 58.72633 ], [ 24.7315567, 58.7267749 ], [ 24.7309777, 58.7267567 ], [ 24.7308684, 58.7266716 ], [ 24.7300758, 58.7267527 ], [ 24.7298721, 58.7268548 ], [ 24.7299162, 58.7271888 ], [ 24.72955, 58.7274316 ], [ 24.7296669, 58.7275487 ], [ 24.7294975, 58.7277329 ], [ 24.7292749, 58.7278718 ], [ 24.7288282, 58.727971 ], [ 24.7283226, 58.7283788 ], [ 24.7280394, 58.7284682 ], [ 24.7275028, 58.7284593 ], [ 24.7270685, 58.7286811 ], [ 24.7265602, 58.728678 ], [ 24.7258606, 58.7288367 ] ] } },
{ "type": "Feature", "properties": { "source_fid": "w314519736", "name": "Kõnnu jõgi" }, "geometry": { "type": "LineString", "coordinates": [ [ 24.8455855, 58.7539711 ], [ 24.8448122, 58.7517015 ], [ 24.8457966, 58.7512085 ], [ 24.8437885, 58.7495039 ], [ 24.836353, 58.747674 ] ] } },
{ "type": "Feature", "properties": { "source_fid": "w314519737", "name": "Kõnnu jõgi" }, "geometry": { "type": "LineString", "coordinates": [ [ 24.8361893, 58.7476448 ], [ 24.8340438, 58.7472118 ], [ 24.8326123, 58.7441888 ], [ 24.8288062, 58.7429894 ], [ 24.8182739, 58.7332283 ], [ 24.8097774, 58.7293715 ], [ 24.8041415, 58.7285678 ], [ 24.8023147, 58.7272999 ], [ 24.8020935, 58.7272077 ], [ 24.8019331, 58.7272381 ] ] } },
{ "type": "Feature", "properties": { "source_fid": "w314519739", "name": "Kõnnu jõgi" }, "geometry": { "type": "LineString", "coordinates": [ [ 24.8016196, 58.7272662 ], [ 24.7993074, 58.726795 ] ] } },
{ "type": "Feature", "properties": { "source_fid": "w314519740", "name": "Kõnnu jõgi" }, "geometry": { "type": "LineString", "coordinates": [ [ 24.8565438, 58.7681789 ], [ 24.8567843, 58.7678148 ], [ 24.8566835, 58.7670586 ], [ 24.8571296, 58.766775 ], [ 24.8568968, 58.7666201 ], [ 24.8568542, 58.7663747 ], [ 24.8575059, 58.7663666 ], [ 24.8574593, 58.766077 ], [ 24.8571761, 58.765906 ], [ 24.8572304, 58.7656908 ], [ 24.857052, 58.7655278 ], [ 24.8564236, 58.7651618 ], [ 24.8560861, 58.7651638 ], [ 24.8558146, 58.7649606 ], [ 24.8553956, 58.7649224 ], [ 24.8545422, 58.7645684 ], [ 24.8535685, 58.7643994 ], [ 24.8523544, 58.7638301 ], [ 24.8517066, 58.7637879 ], [ 24.8512333, 58.7636249 ], [ 24.8504613, 58.7635324 ], [ 24.8494564, 58.7630174 ] ] } },
{ "type": "Feature", "properties": { "source_fid": "w314519745", "name": "Kõnnu jõgi" }, "geometry": { "type": "LineString", "coordinates": [ [ 24.7257624, 58.7288693 ], [ 24.7252177, 58.7291147 ], [ 24.7245894, 58.7292456 ], [ 24.7240673, 58.7289167 ], [ 24.7237025, 58.7289237 ], [ 24.7234881, 58.7286147 ], [ 24.7232596, 58.7286299 ], [ 24.7231299, 58.7288541 ], [ 24.7226578, 58.7288081 ], [ 24.7223053, 58.728589 ], [ 24.721749, 58.7285544 ], [ 24.72106, 58.7283144 ], [ 24.7206284, 58.7284654 ], [ 24.7201842, 58.72844 ], [ 24.7173545, 58.7290897 ], [ 24.7163708, 58.7298231 ], [ 24.7157006, 58.7308429 ], [ 24.7144896, 58.7317655 ], [ 24.7137485, 58.7320766 ], [ 24.7034719, 58.7426976 ], [ 24.7015969, 58.7435529 ], [ 24.6988187, 58.7442974 ], [ 24.6984509, 58.7447436 ], [ 24.698475, 58.7449426 ], [ 24.6980244, 58.7449885 ], [ 24.6970866, 58.7454671 ], [ 24.6970482, 58.7457204 ] ] } },
{ "type": "Feature", "properties": { "source_fid": "w314519755", "name": "Nurtu jõgi" }, "geometry": { "type": "LineString", "coordinates": [ [ 24.6839784, 58.7536543 ], [ 24.6831934, 58.7539538 ], [ 24.6828562, 58.7548756 ], [ 24.682976, 58.7550299 ], [ 24.6842028, 58.7550399 ], [ 24.6842839, 58.7551802 ], [ 24.6831701, 58.7559155 ], [ 24.6822198, 58.7561184 ], [ 24.6816272, 58.756062 ], [ 24.6800488, 58.755729 ], [ 24.6782649, 58.7558192 ], [ 24.6779153, 58.7559247 ], [ 24.6777612, 58.7561409 ], [ 24.678014, 58.7564166 ], [ 24.6780101, 58.756601 ], [ 24.6777869, 58.7568397 ], [ 24.6774866, 58.7568725 ], [ 24.6755131, 58.7560272 ], [ 24.6754835, 58.755687 ], [ 24.6753234, 58.7555825 ], [ 24.6725993, 58.7551819 ], [ 24.6720007, 58.755064 ], [ 24.6705013, 58.7545168 ], [ 24.6694898, 58.7544359 ], [ 24.669393, 58.7542002 ], [ 24.6699995, 58.7536028 ], [ 24.6698869, 58.7533118 ], [ 24.6681999, 58.7532216 ], [ 24.6670817, 58.7535444 ], [ 24.666821, 58.7535321 ], [ 24.6657977, 58.7530146 ], [ 24.6649403, 58.7527881 ], [ 24.664721, 58.7523332 ], [ 24.6640592, 58.7519171 ], [ 24.6628186, 58.7516834 ], [ 24.6621371, 58.7510583 ], [ 24.6606871, 58.7512623 ], [ 24.6602604, 58.7512489 ], [ 24.6599621, 58.7509661 ], [ 24.6595156, 58.7499669 ], [ 24.6592786, 58.7497753 ], [ 24.6587729, 58.7497384 ], [ 24.6584489, 58.7498593 ], [ 24.6583461, 58.7500048 ], [ 24.6584647, 58.7502948 ], [ 24.6583264, 58.750423 ], [ 24.6580656, 58.7504855 ], [ 24.6571115, 58.7503697 ], [ 24.6570917, 58.7499433 ], [ 24.6569021, 58.7497999 ], [ 24.6565504, 58.7498091 ], [ 24.655776, 58.7500397 ], [ 24.6552111, 58.749887 ], [ 24.6549029, 58.749682 ], [ 24.6541047, 58.7497732 ], [ 24.6533778, 58.7499843 ], [ 24.6529531, 58.7501975 ], [ 24.6526291, 58.7504916 ], [ 24.6527042, 58.750881 ], [ 24.6525777, 58.7509753 ], [ 24.6520957, 58.7509815 ], [ 24.6516018, 58.7508308 ], [ 24.6512048, 58.7506013 ], [ 24.6507208, 58.7505961 ], [ 24.6495948, 58.7509917 ], [ 24.6491305, 58.7515328 ], [ 24.6486702, 58.7517296 ], [ 24.6483206, 58.7517285 ], [ 24.6477635, 58.7515379 ], [ 24.6473723, 58.7515246 ], [ 24.646596, 58.7518782 ], [ 24.6463273, 58.7518853 ], [ 24.6458807, 58.7517761 ], [ 24.6452794, 58.7514527 ], [ 24.6449322, 58.7514302 ], [ 24.6447616, 58.7514847 ], [ 24.6446679, 58.7518843 ], [ 24.6443854, 58.7521774 ], [ 24.6440634, 58.7522338 ], [ 24.6430776, 58.7522071 ], [ 24.6425838, 58.7524971 ], [ 24.642562, 58.7527072 ], [ 24.6428919, 58.7528168 ], [ 24.6429769, 58.7529951 ], [ 24.6428485, 58.7532083 ], [ 24.6426095, 58.7532964 ], [ 24.6408197, 58.752905 ], [ 24.6407979, 58.7523414 ], [ 24.640632, 58.7521405 ], [ 24.6403258, 58.7520729 ], [ 24.6401026, 58.7521425 ], [ 24.6398181, 58.75245 ], [ 24.6393064, 58.7526805 ], [ 24.6393005, 58.7528158 ], [ 24.6396739, 58.7531991 ], [ 24.6393795, 58.7534983 ], [ 24.6389667, 58.7536346 ], [ 24.638619, 58.7535813 ], [ 24.6383049, 58.7530802 ], [ 24.6378584, 58.7529818 ], [ 24.6376233, 58.7530505 ], [ 24.6374199, 58.7535444 ], [ 24.6371176, 58.7537125 ], [ 24.636768, 58.7536715 ], [ 24.6363768, 58.7532974 ], [ 24.6360588, 58.7532513 ], [ 24.635316, 58.7541059 ], [ 24.6349841, 58.7541459 ], [ 24.6337099, 58.7535526 ], [ 24.6331133, 58.7533938 ], [ 24.6330481, 58.7532155 ], [ 24.6332674, 58.7529839 ], [ 24.6336092, 58.7528896 ], [ 24.6335894, 58.752701 ], [ 24.633301, 58.7526088 ], [ 24.6327617, 58.7526406 ], [ 24.6325029, 58.7527871 ], [ 24.631689, 58.7538651 ], [ 24.6308711, 58.753985 ], [ 24.6304188, 58.7541592 ], [ 24.6300849, 58.7546326 ], [ 24.6298123, 58.754812 ], [ 24.6288008, 58.7547976 ], [ 24.6278012, 58.7546787 ], [ 24.6276155, 58.7543959 ], [ 24.6277598, 58.7541254 ], [ 24.6282023, 58.7538959 ], [ 24.6288838, 58.7538826 ], [ 24.6290893, 58.7538108 ], [ 24.6291959, 58.7537002 ], [ 24.6289905, 58.7535844 ], [ 24.6269597, 58.7531458 ], [ 24.6267819, 58.7531898 ], [ 24.6264303, 58.7535362 ], [ 24.6259858, 58.7536581 ], [ 24.6256954, 58.7539215 ], [ 24.6253753, 58.7539481 ], [ 24.625239, 58.7537883 ], [ 24.6255709, 58.7534614 ], [ 24.6252608, 58.7532011 ], [ 24.6257704, 58.7529039 ], [ 24.6257369, 58.7528127 ], [ 24.6255294, 58.7527451 ], [ 24.6249921, 58.7527943 ], [ 24.6246622, 58.7525955 ], [ 24.6238305, 58.7525412 ], [ 24.6235816, 58.7528353 ], [ 24.6234117, 58.7528629 ], [ 24.6228744, 58.752494 ], [ 24.6227262, 58.75274 ], [ 24.6226018, 58.7527554 ], [ 24.6220723, 58.7519806 ], [ 24.6213493, 58.7521159 ], [ 24.6216298, 58.7517501 ], [ 24.6215943, 58.7516414 ], [ 24.6211676, 58.7516425 ], [ 24.6197966, 58.7521395 ], [ 24.6195319, 58.7519202 ], [ 24.6191546, 58.7511813 ], [ 24.6185224, 58.7508421 ], [ 24.618149, 58.7507847 ], [ 24.6177559, 58.7505756 ], [ 24.6171751, 58.7501114 ], [ 24.6161539, 58.749676 ], [ 24.6159176, 58.7493952 ], [ 24.6155479, 58.7493145 ], [ 24.6135965, 58.7492202 ], [ 24.6128814, 58.7489341 ], [ 24.612136, 58.7484929 ], [ 24.611938, 58.7485159 ], [ 24.6118269, 58.748998 ], [ 24.6109946, 58.748824 ], [ 24.6106229, 58.7488198 ], [ 24.6103523, 58.7489005 ], [ 24.6102412, 58.7491374 ], [ 24.6097382, 58.7491562 ], [ 24.6089847, 58.7488272 ], [ 24.6089645, 58.748299 ], [ 24.6085301, 58.7484373 ], [ 24.6082554, 58.7484373 ], [ 24.6078272, 58.7480988 ], [ 24.6071363, 58.7480883 ], [ 24.6065141, 58.7482843 ], [ 24.6057626, 58.748867 ], [ 24.6055687, 58.7488272 ], [ 24.6054475, 58.7485809 ], [ 24.6049041, 58.7485767 ], [ 24.6046516, 58.7487423 ], [ 24.6044112, 58.7492946 ], [ 24.6035991, 58.749152 ], [ 24.6036678, 58.7488953 ], [ 24.6039991, 58.7486406 ], [ 24.6038597, 58.7485128 ], [ 24.6032436, 58.7483545 ], [ 24.6030658, 58.7481722 ], [ 24.6028194, 58.7482204 ], [ 24.6026719, 58.7485253 ], [ 24.602379, 58.7486679 ], [ 24.6021063, 58.7486406 ], [ 24.6019952, 58.7485515 ], [ 24.602274, 58.7482183 ], [ 24.6020295, 58.7480747 ], [ 24.6016174, 58.7481093 ], [ 24.6011771, 58.7483535 ], [ 24.6012397, 58.7486501 ], [ 24.6004316, 58.7486291 ], [ 24.6001711, 58.7483954 ], [ 24.6004034, 58.7482927 ], [ 24.6008437, 58.7482665 ], [ 24.6006801, 58.7480778 ], [ 24.5986863, 58.7478305 ], [ 24.5987025, 58.7475444 ], [ 24.5984055, 58.7474291 ], [ 24.5977348, 58.7475412 ], [ 24.5976278, 58.747798 ], [ 24.5972197, 58.7480265 ], [ 24.5971611, 58.7481805 ], [ 24.5969773, 58.7482099 ], [ 24.5965592, 58.7476523 ], [ 24.596036, 58.7474008 ], [ 24.5956542, 58.7474123 ], [ 24.5952804, 58.7478567 ], [ 24.5946724, 58.7482225 ], [ 24.5943936, 58.748255 ], [ 24.5941371, 58.7481061 ], [ 24.5939694, 58.747602 ], [ 24.5933047, 58.7474488 ], [ 24.5927099, 58.7471476 ], [ 24.5927656, 58.7468401 ], [ 24.5924785, 58.7465432 ], [ 24.5930796, 58.7463064 ], [ 24.5930445, 58.7461799 ], [ 24.5919291, 58.7460771 ], [ 24.591138, 58.7461124 ], [ 24.5906918, 58.7462635 ], [ 24.5902622, 58.7460245 ], [ 24.5896838, 58.7459667 ], [ 24.5888989, 58.7461146 ], [ 24.5886965, 58.7464018 ], [ 24.5888019, 58.7467618 ], [ 24.5883474, 58.7469579 ], [ 24.5879086, 58.7474072 ], [ 24.5873857, 58.7473996 ], [ 24.5872104, 58.7474867 ], [ 24.5872718, 58.7478383 ], [ 24.587875, 58.7478307 ], [ 24.5883935, 58.7479505 ], [ 24.5883248, 58.7480414 ], [ 24.5878487, 58.7481816 ], [ 24.5869826, 58.7479876 ], [ 24.5863239, 58.7482195 ], [ 24.5857177, 58.7480558 ], [ 24.5853584, 58.7480626 ], [ 24.5851262, 58.7481528 ], [ 24.5858119, 58.7502943 ], [ 24.586056, 58.7505197 ], [ 24.5863403, 58.7506199 ], [ 24.5863081, 58.7510138 ], [ 24.58685, 58.7511487 ], [ 24.5870324, 58.7512684 ], [ 24.5869734, 58.7513686 ], [ 24.5860168, 58.751497 ], [ 24.5859793, 58.7516077 ], [ 24.5861537, 58.7517628 ] ] } },
{ "type": "Feature", "properties": { "source_fid": "w314519756", "name": "Nurtu jõgi" }, "geometry": { "type": "LineString", "coordinates": [ [ 24.7367634, 58.7587328 ], [ 24.736573, 58.7584681 ], [ 24.7353565, 58.7579213 ] ] } },
{ "type": "Feature", "properties": { "source_fid": "w314519759", "name": "Nurtu jõgi" }, "geometry": { "type": "LineString", "coordinates": [ [ 24.6841067, 58.753611 ], [ 24.6839784, 58.7536543 ] ] } },
{ "type": "Feature", "properties": { "source_fid": "w314519760", "name": "Nurtu jõgi" }, "geometry": { "type": "LineString", "coordinates": [ [ 24.7353565, 58.7579213 ], [ 24.7352795, 58.757832 ] ] } },
{ "type": "Feature", "properties": { "source_fid": "w314519763", "name": "Nurtu jõgi" }, "geometry": { "type": "LineString", "coordinates": [ [ 24.7367087, 58.7588245 ], [ 24.7367634, 58.7587328 ] ] } },
{ "type": "Feature", "properties": { "source_fid": "w314519764", "name": "Nurtu jõgi" }, "geometry": { "type": "LineString", "coordinates": [ [ 24.776335, 58.7771408 ], [ 24.7755248, 58.7762934 ], [ 24.7753408, 58.7758238 ], [ 24.7754466, 58.7756427 ], [ 24.7748626, 58.7753876 ], [ 24.774412, 58.7746987 ], [ 24.7723611, 58.7732613 ], [ 24.7720346, 58.7726605 ], [ 24.7712621, 58.7722791 ], [ 24.770508, 58.7715806 ], [ 24.7683284, 58.7707366 ], [ 24.7614052, 58.7698872 ], [ 24.7611374, 58.7699038 ], [ 24.7606137, 58.7700943 ], [ 24.7602941, 58.770384 ], [ 24.7600619, 58.7704555 ], [ 24.7588387, 58.7705139 ], [ 24.7583927, 58.7707333 ], [ 24.7575282, 58.7707166 ], [ 24.7570454, 58.7709085 ], [ 24.7560682, 58.7710599 ], [ 24.7552084, 58.7709502 ], [ 24.7545209, 58.7713078 ], [ 24.7537622, 58.7712792 ], [ 24.7528333, 58.771067 ], [ 24.7519321, 58.7711016 ], [ 24.7513159, 58.7708978 ], [ 24.7505618, 58.7710837 ], [ 24.7498605, 58.7711362 ], [ 24.7489041, 58.7709991 ], [ 24.7478465, 58.7706999 ], [ 24.7470716, 58.7703304 ], [ 24.7465084, 58.7699024 ], [ 24.745076, 58.769757 ], [ 24.7436045, 58.7691991 ], [ 24.7434804, 58.7688546 ], [ 24.743216, 58.7687389 ], [ 24.7427837, 58.7682693 ], [ 24.7428619, 58.767672 ], [ 24.7424917, 58.7674431 ], [ 24.7424297, 58.7671367 ], [ 24.742202, 58.7668983 ], [ 24.7416135, 58.7665383 ], [ 24.7414134, 58.7665025 ], [ 24.738889, 58.7664643 ], [ 24.7383555, 58.7663916 ], [ 24.7374589, 58.7659064 ], [ 24.7372795, 58.7656882 ], [ 24.7367208, 58.7643804 ], [ 24.7360173, 58.7641312 ], [ 24.7344447, 58.7630987 ], [ 24.7345757, 58.762332 ], [ 24.7344056, 58.7619791 ], [ 24.7352251, 58.760627 ], [ 24.7361401, 58.7598925 ], [ 24.7367087, 58.7588245 ] ] } },
{ "type": "Feature", "properties": { "source_fid": "w314519766", "name": "Nurtu jõgi" }, "geometry": { "type": "LineString", "coordinates": [ [ 24.724174, 58.7479456 ], [ 24.723459, 58.7479232 ], [ 24.7232637, 58.7477656 ], [ 24.7234249, 58.74747 ], [ 24.7227505, 58.7472754 ], [ 24.7222922, 58.7469493 ], [ 24.7211754, 58.7466336 ], [ 24.7205916, 58.7461421 ], [ 24.7190187, 58.7454568 ], [ 24.7182412, 58.7454449 ], [ 24.7167889, 58.7449677 ], [ 24.7161866, 58.7449501 ], [ 24.715355, 58.7447372 ], [ 24.7132371, 58.7446176 ], [ 24.7122862, 58.7440756 ], [ 24.7120616, 58.7440568 ], [ 24.7109429, 58.7442389 ], [ 24.7106044, 58.7442131 ], [ 24.7097382, 58.7444903 ], [ 24.7091504, 58.7443713 ], [ 24.708199, 58.7444383 ], [ 24.7072637, 58.7449361 ], [ 24.7069201, 58.7452933 ], [ 24.7067271, 58.7453327 ], [ 24.7057809, 58.7452077 ], [ 24.7047679, 58.7455826 ], [ 24.7043566, 58.7455479 ], [ 24.703487, 58.7451783 ], [ 24.7032225, 58.7451999 ], [ 24.7024969, 58.7455744 ], [ 24.7017827, 58.7457163 ], [ 24.7015355, 58.7456409 ], [ 24.7013519, 58.745247 ], [ 24.7011063, 58.7452058 ], [ 24.7008606, 58.7452764 ], [ 24.7004618, 58.7458854 ], [ 24.6999851, 58.7461028 ], [ 24.6989332, 58.746238 ], [ 24.6986392, 58.7464316 ], [ 24.6973789, 58.7465352 ], [ 24.6968121, 58.7464294 ], [ 24.6957296, 58.7464591 ], [ 24.6955401, 58.7465851 ], [ 24.6955121, 58.7470718 ], [ 24.6956922, 58.7471715 ], [ 24.6963789, 58.7472843 ], [ 24.6965135, 58.7474873 ], [ 24.6963825, 58.7476206 ], [ 24.6960811, 58.747712 ], [ 24.6944609, 58.7476777 ], [ 24.6943061, 58.7478382 ], [ 24.6944365, 58.748209 ], [ 24.6941974, 58.7484276 ], [ 24.6928426, 58.7488477 ], [ 24.692375, 58.7490862 ], [ 24.6911057, 58.7493523 ], [ 24.6902051, 58.7494077 ], [ 24.6901144, 58.7496795 ], [ 24.690355, 58.7500413 ], [ 24.6903754, 58.7503353 ] ] } },
{ "type": "Feature", "properties": { "source_fid": "w315622459", "name": "Paadrema jõgi" }, "geometry": { "type": "LineString", "coordinates": [ [ 23.9626001, 58.4877574 ], [ 23.962006, 58.4877066 ], [ 23.9615703, 58.4877612 ], [ 23.9611563, 58.4878948 ], [ 23.9610519, 58.4880039 ], [ 23.9612175, 58.4882147 ], [ 23.9619052, 58.4884782 ], [ 23.9622616, 58.488529 ] ] } },
{ "type": "Feature", "properties": { "source_fid": "w315622460", "name": "Paadrema jõgi" }, "geometry": { "type": "LineString", "coordinates": [ [ 23.9628341, 58.4870498 ], [ 23.9636874, 58.4871985 ], [ 23.9637486, 58.4873679 ], [ 23.9630177, 58.4880453 ], [ 23.9628989, 58.488098 ], [ 23.9624944, 58.4880283 ] ] } },
{ "type": "Feature", "properties": { "source_fid": "w315622461", "name": "Paadrema jõgi" }, "geometry": { "type": "LineString", "coordinates": [ [ 23.9372456, 58.5082485 ], [ 23.936864, 58.5081718 ], [ 23.9363888, 58.5078766 ], [ 23.9360935, 58.5079029 ], [ 23.9359495, 58.5080176 ], [ 23.9359675, 58.508217 ], [ 23.9363563, 58.5087191 ], [ 23.936756, 58.5090107 ] ] } },
{ "type": "Feature", "properties": { "source_fid": "w315622462", "name": "Paadrema jõgi" }, "geometry": { "type": "LineString", "coordinates": [ [ 23.9570455, 58.4937847 ], [ 23.9575738, 58.4939633 ], [ 23.957599, 58.4941759 ], [ 23.9570374, 58.4943904 ], [ 23.9567781, 58.494667 ], [ 23.9564505, 58.4946557 ], [ 23.9561663, 58.4943913 ] ] } },
{ "type": "Feature", "properties": { "source_fid": "w315622463", "name": "Paadrema jõgi" }, "geometry": { "type": "LineString", "coordinates": [ [ 23.9599041, 58.4842851 ], [ 23.9598537, 58.4844796 ], [ 23.9593903, 58.4846579 ], [ 23.9594107, 58.484795 ], [ 23.9599351, 58.484976 ], [ 23.9603043, 58.4847125 ], [ 23.960658, 58.4846909 ] ] } },
{ "type": "Feature", "properties": { "source_fid": "w315622465", "name": "Paadrema jõgi" }, "geometry": { "type": "LineString", "coordinates": [ [ 23.9909779, 58.4366875 ], [ 23.9907526, 58.4366562 ] ] } },
{ "type": "Feature", "properties": { "source_fid": "w315622466", "name": "Paadrema jõgi" }, "geometry": { "type": "LineString", "coordinates": [ [ 23.9944598, 58.4322171 ], [ 23.9930685, 58.432853 ], [ 23.9932671, 58.434179 ], [ 23.9934097, 58.4344349 ], [ 23.9924763, 58.436543 ], [ 23.9919362, 58.4367786 ], [ 23.9909779, 58.4366875 ] ] } },
{ "type": "Feature", "properties": { "source_fid": "w315622467", "name": "Paadrema jõgi" }, "geometry": { "type": "LineString", "coordinates": [ [ 23.9589405, 58.4924919 ], [ 23.9582183, 58.4925898 ], [ 23.9579807, 58.4923207 ], [ 23.9575666, 58.492332 ], [ 23.957473, 58.4925013 ], [ 23.957689, 58.4928212 ], [ 23.9575594, 58.4932333 ], [ 23.9576939, 58.4933365 ] ] } },
{ "type": "Feature", "properties": { "source_fid": "w316222110", "name": "Audru jõgi" }, "geometry": { "type": "LineString", "coordinates": [ [ 24.3233593, 58.5474005 ], [ 24.3234509, 58.5471346 ], [ 24.3233409, 58.5470535 ], [ 24.3227263, 58.5469545 ], [ 24.3222824, 58.5466952 ], [ 24.3219979, 58.5463626 ], [ 24.321903, 58.546034 ], [ 24.3216944, 58.5459073 ], [ 24.3224911, 58.545646 ], [ 24.3226883, 58.5454341 ], [ 24.3224304, 58.5451986 ], [ 24.3225328, 58.5448541 ], [ 24.3230108, 58.5445532 ], [ 24.3229198, 58.5442919 ], [ 24.3235419, 58.5437435 ], [ 24.3237468, 58.5432129 ], [ 24.3247028, 58.5421893 ], [ 24.3253174, 58.5412053 ], [ 24.3277113, 58.5387739 ], [ 24.3300179, 58.5360235 ], [ 24.3345021, 58.5311717 ], [ 24.3350105, 58.530225 ], [ 24.3364825, 58.5265925 ], [ 24.3373631, 58.5238441 ], [ 24.33822, 58.5226586 ], [ 24.342507, 58.5176226 ], [ 24.3438955, 58.5164537 ], [ 24.3442521, 58.5163031 ], [ 24.3448515, 58.5155819 ], [ 24.3461945, 58.5145397 ], [ 24.3465056, 58.5133429 ], [ 24.3464601, 58.5120589 ], [ 24.3468419, 58.5060862 ], [ 24.3426324, 58.5019916 ], [ 24.3424352, 58.5019281 ], [ 24.342126, 58.5016229 ], [ 24.3408386, 58.5000243 ], [ 24.341175, 58.4995682 ], [ 24.3411616, 58.4994028 ], [ 24.3389788, 58.4981472 ] ] } },
{ "type": "Feature", "properties": { "source_fid": "w316222111", "name": "Audru jõgi" }, "geometry": { "type": "LineString", "coordinates": [ [ 24.3389788, 58.4981472 ], [ 24.3389115, 58.4981018 ] ] } },
{ "type": "Feature", "properties": { "source_fid": "w316222112", "name": "Audru jõgi" }, "geometry": { "type": "LineString", "coordinates": [ [ 24.4471214, 58.385747 ], [ 24.4496514, 58.3847532 ] ] } },
{ "type": "Feature", "properties": { "source_fid": "w316222113", "name": "Audru jõgi" }, "geometry": { "type": "LineString", "coordinates": [ [ 24.3389115, 58.4981018 ], [ 24.3385675, 58.4977624 ], [ 24.3376245, 58.494806 ], [ 24.3371581, 58.4939859 ], [ 24.3371946, 58.49381 ], [ 24.3377339, 58.4932959 ], [ 24.3375805, 58.4922444 ], [ 24.3371331, 58.4915266 ], [ 24.337436, 58.4909589 ], [ 24.3375344, 58.4895372 ], [ 24.3383068, 58.4879595 ], [ 24.3383454, 58.4867223 ], [ 24.3387585, 58.4849199 ], [ 24.338374, 58.4839235 ], [ 24.3382383, 58.4837883 ], [ 24.3377443, 58.4836187 ], [ 24.3374645, 58.482588 ], [ 24.3366851, 58.4812365 ], [ 24.3365961, 58.480904 ], [ 24.3368844, 58.4806469 ], [ 24.3353834, 58.479738 ], [ 24.3343255, 58.4788509 ], [ 24.3343339, 58.4783776 ], [ 24.3336894, 58.4770119 ], [ 24.3340202, 58.4762471 ], [ 24.3334075, 58.4754911 ], [ 24.333419, 58.4752693 ], [ 24.3329572, 58.4751968 ], [ 24.3326764, 58.4750596 ], [ 24.3318515, 58.4750846 ], [ 24.3315816, 58.4749808 ], [ 24.3314255, 58.4747949 ], [ 24.3316798, 58.4743364 ], [ 24.3335594, 58.4741391 ], [ 24.3337741, 58.4738512 ], [ 24.3337025, 58.4732118 ], [ 24.3320288, 58.4729058 ], [ 24.3318424, 58.4718934 ], [ 24.3320678, 58.4718084 ], [ 24.3328787, 58.4717222 ], [ 24.3332668, 58.4714535 ], [ 24.3330651, 58.4713413 ], [ 24.3325145, 58.4713061 ], [ 24.3320744, 58.4709649 ], [ 24.3319703, 58.4708164 ], [ 24.332096, 58.4706633 ], [ 24.3320991, 58.4702176 ] ] } },
{ "type": "Feature", "properties": { "source_fid": "w316222131", "name": null }, "geometry": { "type": "LineString", "coordinates": [ [ 24.3570951, 58.4128746 ], [ 24.3574709, 58.4126508 ], [ 24.3581106, 58.4124345 ] ] } },
{ "type": "Feature", "properties": { "source_fid": "w316379025", "name": "Rannametsa jõgi" }, "geometry": { "type": "LineString", "coordinates": [ [ 24.642754, 58.1119023 ], [ 24.6426013, 58.1119184 ] ] } },
{ "type": "Feature", "properties": { "source_fid": "w316379027", "name": "Rannametsa jõgi" }, "geometry": { "type": "LineString", "coordinates": [ [ 24.6579245, 58.1001239 ], [ 24.6577642, 58.1002369 ], [ 24.6578929, 58.1003409 ], [ 24.6574605, 58.1003588 ], [ 24.6576743, 58.100468 ], [ 24.6575528, 58.1005283 ], [ 24.6576208, 58.100658 ] ] } },
{ "type": "Feature", "properties": { "source_fid": "w316379031", "name": "Rannametsa jõgi" }, "geometry": { "type": "LineString", "coordinates": [ [ 24.6681904, 58.0959043 ], [ 24.6673198, 58.0959882 ], [ 24.6669845, 58.096141 ], [ 24.6666954, 58.0964441 ], [ 24.6671133, 58.0965468 ], [ 24.6671691, 58.0966945 ], [ 24.6670234, 58.0968023 ], [ 24.6663747, 58.09695 ], [ 24.6652911, 58.0968973 ], [ 24.6643824, 58.0967599 ], [ 24.6639256, 58.0968139 ], [ 24.6636486, 58.0970848 ], [ 24.6632648, 58.097122 ], [ 24.6629489, 58.0968729 ], [ 24.6623634, 58.0966392 ], [ 24.6623051, 58.0967754 ], [ 24.6625772, 58.0969718 ], [ 24.6622954, 58.0970193 ], [ 24.6623658, 58.0972004 ], [ 24.6616734, 58.0972723 ], [ 24.6613017, 58.0974379 ], [ 24.6612798, 58.0975766 ], [ 24.6615373, 58.0977409 ], [ 24.6615519, 58.0979258 ], [ 24.6614183, 58.0980426 ], [ 24.6609664, 58.0980953 ], [ 24.6601962, 58.0979746 ], [ 24.6600723, 58.0981312 ], [ 24.6595961, 58.0981454 ], [ 24.6596981, 58.0983187 ], [ 24.6593774, 58.0983726 ], [ 24.6592025, 58.0983521 ], [ 24.6592487, 58.0982198 ], [ 24.6591296, 58.0981659 ], [ 24.6586971, 58.0982519 ], [ 24.658962, 58.0983816 ], [ 24.6587579, 58.0984548 ], [ 24.6584153, 58.0984484 ], [ 24.6587676, 58.0987154 ], [ 24.6585878, 58.0987899 ], [ 24.658634, 58.0989542 ], [ 24.6581626, 58.0992958 ], [ 24.6577715, 58.0994165 ], [ 24.6581578, 58.0995359 ], [ 24.6576937, 58.1000507 ], [ 24.6582647, 58.1001573 ], [ 24.6581529, 58.1006336 ], [ 24.6583205, 58.1008557 ], [ 24.6579294, 58.1010508 ], [ 24.6575674, 58.1010213 ], [ 24.657305, 58.1011317 ], [ 24.6575285, 58.1012447 ], [ 24.6572491, 58.1012935 ], [ 24.6570693, 58.1012935 ], [ 24.6571203, 58.1011728 ], [ 24.6568944, 58.1011677 ], [ 24.6567292, 58.1010239 ], [ 24.6565907, 58.1010277 ], [ 24.6566976, 58.101169 ], [ 24.6565542, 58.101255 ], [ 24.6566417, 58.1014116 ], [ 24.6562991, 58.1013923 ], [ 24.6566385, 58.1018131 ], [ 24.6563453, 58.1019089 ], [ 24.6567204, 58.1021373 ], [ 24.6569937, 58.1021767 ], [ 24.6569068, 58.1024471 ], [ 24.6570409, 58.1024997 ], [ 24.6575428, 58.1024642 ], [ 24.6579949, 58.1027714 ], [ 24.6580446, 58.1031718 ], [ 24.6578111, 58.1035853 ], [ 24.6554633, 58.104201 ], [ 24.6511827, 58.1075574 ], [ 24.6510982, 58.107791 ], [ 24.6512399, 58.1081953 ], [ 24.6499183, 58.1094799 ], [ 24.642754, 58.1119023 ] ] } },
{ "type": "Feature", "properties": { "source_fid": "w316379034", "name": "Rannametsa jõgi" }, "geometry": { "type": "LineString", "coordinates": [ [ 24.6580606, 58.0996732 ], [ 24.6576524, 58.0996232 ], [ 24.6575358, 58.0994742 ], [ 24.6574216, 58.0994884 ], [ 24.6572199, 58.0996373 ], [ 24.6572758, 58.0998093 ], [ 24.6571398, 58.0999339 ], [ 24.6574459, 58.099948 ], [ 24.6576087, 58.1000327 ], [ 24.6570887, 58.1003075 ], [ 24.6575042, 58.1006387 ], [ 24.6578686, 58.1006618 ], [ 24.657803, 58.1008095 ], [ 24.658029, 58.1009995 ] ] } },
{ "type": "Feature", "properties": { "source_fid": "w316379035", "name": "Rannametsa jõgi" }, "geometry": { "type": "LineString", "coordinates": [ [ 24.6426013, 58.1119184 ], [ 24.6339287, 58.1123748 ], [ 24.6303523, 58.1126291 ], [ 24.6273416, 58.1127012 ], [ 24.626659, 58.1127847 ], [ 24.6237059, 58.1137716 ], [ 24.6215072, 58.1139272 ], [ 24.618008, 58.1155175 ], [ 24.6138478, 58.117028 ], [ 24.6132801, 58.1171608 ], [ 24.6124826, 58.1175707 ], [ 24.6119006, 58.1180944 ], [ 24.6106647, 58.1186447 ], [ 24.6078193, 58.1196465 ], [ 24.6053588, 58.1200666 ] ] } },
{ "type": "Feature", "properties": { "source_fid": "w316773139", "name": "Aruküla jõgi" }, "geometry": { "type": "LineString", "coordinates": [ [ 25.3016943, 58.6978916 ], [ 25.3017475, 58.6973362 ], [ 25.3025954, 58.697116 ], [ 25.3024439, 58.6969558 ], [ 25.3019415, 58.6967569 ], [ 25.3018844, 58.6965111 ], [ 25.3029316, 58.6952931 ], [ 25.3032465, 58.6941911 ], [ 25.3030751, 58.6939549 ], [ 25.3019163, 58.6939515 ], [ 25.3017435, 58.6936822 ], [ 25.3017821, 58.693524 ], [ 25.3019309, 58.693417 ], [ 25.3023469, 58.6933307 ], [ 25.3027495, 58.6933928 ], [ 25.3030552, 58.6935364 ], [ 25.3034485, 58.6934688 ], [ 25.3036479, 58.6935813 ], [ 25.30383, 58.6935806 ], [ 25.3039163, 58.69335 ], [ 25.3035961, 58.6931698 ], [ 25.3036811, 58.6930372 ], [ 25.304016, 58.6929847 ], [ 25.3042751, 58.6932519 ], [ 25.3044984, 58.6932644 ], [ 25.3046592, 58.6931339 ], [ 25.3046924, 58.6928673 ], [ 25.305216, 58.6927368 ], [ 25.3050552, 58.6925959 ], [ 25.3044466, 58.6924944 ], [ 25.3042858, 58.6923888 ], [ 25.3042619, 58.6920987 ], [ 25.3044838, 58.6918481 ], [ 25.3048466, 58.6917472 ], [ 25.3053582, 58.6919779 ], [ 25.3055988, 58.691915 ], [ 25.3056719, 58.6917548 ], [ 25.3054699, 58.6913066 ], [ 25.305737, 58.6909848 ], [ 25.3066991, 58.6912507 ], [ 25.3069769, 58.691239 ], [ 25.3070313, 58.6910988 ], [ 25.3067868, 58.6907466 ], [ 25.3062685, 58.6906423 ], [ 25.3063921, 58.6903543 ], [ 25.3063164, 58.6902369 ], [ 25.3059469, 58.6901927 ], [ 25.305414, 58.690279 ], [ 25.3053223, 58.6902321 ], [ 25.3055257, 58.6900173 ], [ 25.3059881, 58.6898412 ], [ 25.3061343, 58.6894849 ], [ 25.3056293, 58.6891506 ], [ 25.3047323, 58.6890705 ], [ 25.3043084, 58.6888219 ], [ 25.3041741, 58.6885919 ], [ 25.3043828, 58.6883377 ], [ 25.3043163, 58.6882576 ], [ 25.3038924, 58.6881333 ], [ 25.3031442, 58.6881001 ], [ 25.3031442, 58.6879744 ], [ 25.3034592, 58.6877693 ], [ 25.3043163, 58.6875946 ], [ 25.3042379, 58.6874212 ], [ 25.3038167, 58.6873715 ], [ 25.3030512, 58.687694 ], [ 25.3027522, 58.687703 ], [ 25.3019057, 58.6874661 ], [ 25.3015748, 58.6864543 ], [ 25.301305, 58.6864481 ], [ 25.3012053, 58.6865641 ], [ 25.3009847, 58.6866083 ], [ 25.3005807, 58.6863845 ], [ 25.2996592, 58.6863467 ], [ 25.2988079, 58.6859399 ], [ 25.2974416, 58.6858168 ], [ 25.29692, 58.6855955 ], [ 25.2963872, 58.6855785 ], [ 25.2961645, 58.6854651 ], [ 25.2958535, 58.6854979 ], [ 25.2955584, 58.6856805 ], [ 25.2953442, 58.6856556 ], [ 25.295175, 58.6855008 ], [ 25.2950275, 58.6855115 ], [ 25.2951637, 58.6859325 ], [ 25.2949767, 58.6859926 ], [ 25.2943481, 58.6853416 ], [ 25.2939506, 58.6851052 ], [ 25.2949457, 58.6849294 ], [ 25.2950698, 58.6847438 ], [ 25.2950209, 58.6845513 ], [ 25.2945962, 58.6845582 ], [ 25.2939985, 58.6847535 ], [ 25.2937241, 58.6848561 ], [ 25.29329, 58.6852244 ], [ 25.2928991, 58.6852615 ], [ 25.2925664, 58.6851697 ], [ 25.2920853, 58.6848776 ], [ 25.2919669, 58.6846666 ], [ 25.2921191, 58.684315 ], [ 25.2914275, 58.683934 ], [ 25.29101, 58.6838101 ] ] } },
{ "type": "Feature", "properties": { "source_fid": "w317334756", "name": "Mõnuvere jõgi" }, "geometry": { "type": "LineString", "coordinates": [ [ 24.7809504, 58.6826577 ], [ 24.7793377, 58.6804385 ], [ 24.7830601, 58.6788503 ], [ 24.7818317, 58.6760355 ], [ 24.7823242, 58.6749458 ], [ 24.7806501, 58.6711832 ] ] } },
{ "type": "Feature", "properties": { "source_fid": "w317334757", "name": "Mõnuvere jõgi" }, "geometry": { "type": "LineString", "coordinates": [ [ 24.7295663, 58.6277669 ], [ 24.7090036, 58.6188296 ], [ 24.7248161, 58.5980118 ] ] } },
{ "type": "Feature", "properties": { "source_fid": "w317334758", "name": "Mõnuvere jõgi" }, "geometry": { "type": "LineString", "coordinates": [ [ 24.6148606, 58.5255986 ], [ 24.6138847, 58.5253247 ], [ 24.6133676, 58.5252852 ], [ 24.6119501, 58.5255111 ], [ 24.610747, 58.525614 ], [ 24.6100277, 58.525591 ], [ 24.6095722, 58.5253605 ], [ 24.609537, 58.5251998 ], [ 24.6098676, 58.524872 ], [ 24.6095335, 58.5245101 ], [ 24.6092134, 58.5243871 ], [ 24.608429, 58.524602 ], [ 24.6077888, 58.5245065 ], [ 24.6075689, 58.5243164 ], [ 24.6071011, 58.5233549 ], [ 24.6057802, 58.5226937 ], [ 24.6053264, 58.5226404 ], [ 24.6047689, 58.5226863 ], [ 24.604287, 58.5231271 ], [ 24.603791, 58.5230895 ], [ 24.603427, 58.5228691 ], [ 24.6033285, 58.5226532 ], [ 24.60358, 58.5219966 ], [ 24.6032915, 58.5213298 ], [ 24.6027797, 58.5209092 ], [ 24.6024332, 58.5202884 ], [ 24.6015626, 58.5195711 ], [ 24.6012988, 58.5195444 ], [ 24.6005355, 58.5197318 ], [ 24.5998232, 58.5203168 ], [ 24.5996332, 58.5203306 ], [ 24.5985428, 58.5198438 ], [ 24.5972571, 58.5197107 ], [ 24.5961825, 58.5190485 ], [ 24.595486, 58.5188106 ], [ 24.5944624, 58.5187555 ], [ 24.593321, 58.5184496 ], [ 24.5927177, 58.5183835 ], [ 24.5922094, 58.5184331 ], [ 24.5915252, 58.5188618 ] ] } },
{ "type": "Feature", "properties": { "source_fid": "w317334759", "name": "Mõnuvere jõgi" }, "geometry": { "type": "LineString", "coordinates": [ [ 24.7784359, 58.6626559 ], [ 24.7783685, 58.662507 ] ] } },
{ "type": "Feature", "properties": { "source_fid": "w317334760", "name": "Mõnuvere jõgi" }, "geometry": { "type": "LineString", "coordinates": [ [ 24.7795205, 58.6663529 ], [ 24.7795025, 58.6662385 ] ] } },
{ "type": "Feature", "properties": { "source_fid": "w317334761", "name": "Mõnuvere jõgi" }, "geometry": { "type": "LineString", "coordinates": [ [ 24.7305392, 58.6281224 ], [ 24.7302198, 58.628035 ] ] } },
{ "type": "Feature", "properties": { "source_fid": "w317334762", "name": "Mõnuvere jõgi" }, "geometry": { "type": "LineString", "coordinates": [ [ 24.7810486, 58.6827593 ], [ 24.7809504, 58.6826577 ] ] } },
{ "type": "Feature", "properties": { "source_fid": "w317334763", "name": "Mõnuvere jõgi" }, "geometry": { "type": "LineString", "coordinates": [ [ 24.7796254, 58.667282 ], [ 24.7796026, 58.6670947 ] ] } },
{ "type": "Feature", "properties": { "source_fid": "w317334764", "name": "Mõnuvere jõgi" }, "geometry": { "type": "LineString", "coordinates": [ [ 24.6182387, 58.5261161 ], [ 24.6180844, 58.5259254 ] ] } },
{ "type": "Feature", "properties": { "source_fid": "w317334765", "name": "Mõnuvere jõgi" }, "geometry": { "type": "LineString", "coordinates": [ [ 24.7796026, 58.6670947 ], [ 24.7795205, 58.6663529 ] ] } },
{ "type": "Feature", "properties": { "source_fid": "w317334766", "name": "Mõnuvere jõgi" }, "geometry": { "type": "LineString", "coordinates": [ [ 24.7225479, 58.5735735 ], [ 24.7226303, 58.5735237 ] ] } },
{ "type": "Feature", "properties": { "source_fid": "w317334767", "name": "Mõnuvere jõgi" }, "geometry": { "type": "LineString", "coordinates": [ [ 24.7299872, 58.6279477 ], [ 24.7295663, 58.6277669 ] ] } },
{ "type": "Feature", "properties": { "source_fid": "w317334768", "name": "Mõnuvere jõgi" }, "geometry": { "type": "LineString", "coordinates": [ [ 24.7626793, 58.6513765 ], [ 24.7625315, 58.6513077 ] ] } },
{ "type": "Feature", "properties": { "source_fid": "w317334769", "name": "Mõnuvere jõgi" }, "geometry": { "type": "LineString", "coordinates": [ [ 24.7269125, 58.5941148 ], [ 24.726889, 58.5940135 ] ] } },
{ "type": "Feature", "properties": { "source_fid": "w317334770", "name": "Mõnuvere jõgi" }, "geometry": { "type": "LineString", "coordinates": [ [ 24.7806501, 58.6711832 ], [ 24.7805843, 58.6710573 ] ] } },
{ "type": "Feature", "properties": { "source_fid": "w317334771", "name": "Mõnuvere jõgi" }, "geometry": { "type": "LineString", "coordinates": [ [ 24.7763649, 58.657438 ], [ 24.7763899, 58.6573163 ] ] } },
{ "type": "Feature", "properties": { "source_fid": "w317334772", "name": "Mõnuvere jõgi" }, "geometry": { "type": "LineString", "coordinates": [ [ 24.7092892, 58.5524875 ], [ 24.7050811, 58.5504658 ], [ 24.7015053, 58.5494718 ], [ 24.7013518, 58.5493634 ], [ 24.7002637, 58.5472699 ], [ 24.699901, 58.547087 ], [ 24.6952292, 58.5456059 ], [ 24.6928093, 58.5443909 ], [ 24.6913536, 58.5441132 ], [ 24.689487, 58.5435312 ], [ 24.6877152, 58.543292 ], [ 24.6865007, 58.5430438 ], [ 24.6838731, 58.5428576 ], [ 24.683393, 58.5426982 ], [ 24.6830649, 58.5423778 ], [ 24.6805381, 58.5413481 ], [ 24.6787156, 58.5413827 ], [ 24.6781152, 58.5412861 ], [ 24.6766147, 58.541524 ], [ 24.6744834, 58.5412887 ], [ 24.6736135, 58.5413028 ], [ 24.6728851, 58.5411206 ], [ 24.6722952, 58.5408222 ], [ 24.6702334, 58.5405567 ], [ 24.6698391, 58.540442 ], [ 24.6697308, 58.5401844 ], [ 24.6698226, 58.5399747 ], [ 24.6686332, 58.5395154 ], [ 24.6670454, 58.5387145 ], [ 24.6669901, 58.537938 ], [ 24.6657817, 58.5375696 ], [ 24.6650097, 58.5374949 ], [ 24.6641082, 58.5371783 ], [ 24.6640493, 58.5367159 ], [ 24.6638939, 58.5365826 ], [ 24.6628234, 58.5363649 ], [ 24.6622275, 58.5361438 ], [ 24.6618444, 58.5361149 ], [ 24.6615996, 58.5356595 ], [ 24.6611335, 58.5355939 ], [ 24.6605205, 58.5353284 ], [ 24.6606525, 58.534693 ], [ 24.6602886, 58.5346096 ], [ 24.6594564, 58.5341786 ], [ 24.6584447, 58.5341022 ], [ 24.6582397, 58.5338559 ] ] } },
{ "type": "Feature", "properties": { "source_fid": "w317334773", "name": "Mõnuvere jõgi" }, "geometry": { "type": "LineString", "coordinates": [ [ 24.726889, 58.5940135 ], [ 24.7264894, 58.5919097 ], [ 24.7264835, 58.5901885 ], [ 24.7284557, 58.5770559 ], [ 24.7281437, 58.5766262 ], [ 24.7221652, 58.5739619 ], [ 24.722071, 58.5737992 ], [ 24.7225479, 58.5735735 ] ] } },
{ "type": "Feature", "properties": { "source_fid": "w317334774", "name": "Mõnuvere jõgi" }, "geometry": { "type": "LineString", "coordinates": [ [ 24.7763899, 58.6573163 ], [ 24.7763855, 58.6571525 ], [ 24.7756079, 58.6561628 ], [ 24.7743708, 58.6560325 ], [ 24.7740471, 58.6559393 ], [ 24.7736849, 58.6553444 ], [ 24.7724486, 58.6547575 ], [ 24.7690933, 58.654279 ], [ 24.7626793, 58.6513765 ] ] } },
{ "type": "Feature", "properties": { "source_fid": "w317334775", "name": "Mõnuvere jõgi" }, "geometry": { "type": "LineString", "coordinates": [ [ 24.7302198, 58.628035 ], [ 24.7299872, 58.6279477 ] ] } },
{ "type": "Feature", "properties": { "source_fid": "w317334776", "name": "Mõnuvere jõgi" }, "geometry": { "type": "LineString", "coordinates": [ [ 24.7799957, 58.6869843 ], [ 24.7836654, 58.6860999 ], [ 24.7810486, 58.6827593 ] ] } },
{ "type": "Feature", "properties": { "source_fid": "w317334777", "name": "Mõnuvere jõgi" }, "geometry": { "type": "LineString", "coordinates": [ [ 24.7625315, 58.6513077 ], [ 24.7584747, 58.6494885 ], [ 24.7568095, 58.6473062 ], [ 24.7568845, 58.6469986 ], [ 24.759645, 58.6443412 ], [ 24.7611978, 58.6398635 ], [ 24.7533749, 58.6339084 ], [ 24.7531959, 58.633838 ], [ 24.7463032, 58.6337857 ], [ 24.7458244, 58.6337327 ], [ 24.7370366, 58.6304194 ], [ 24.7305392, 58.6281224 ] ] } },
{ "type": "Feature", "properties": { "source_fid": "w317334778", "name": "Mõnuvere jõgi" }, "geometry": { "type": "LineString", "coordinates": [ [ 24.7805843, 58.6710573 ], [ 24.7798532, 58.6693944 ], [ 24.7796254, 58.667282 ] ] } },
{ "type": "Feature", "properties": { "source_fid": "w317334779", "name": "Mõnuvere jõgi" }, "geometry": { "type": "LineString", "coordinates": [ [ 24.7783685, 58.662507 ], [ 24.7761676, 58.6583128 ], [ 24.7763649, 58.657438 ] ] } },
{ "type": "Feature", "properties": { "source_fid": "w317334780", "name": "Mõnuvere jõgi" }, "geometry": { "type": "LineString", "coordinates": [ [ 24.7795025, 58.6662385 ], [ 24.7792703, 58.6642921 ], [ 24.7784359, 58.6626559 ] ] } },
{ "type": "Feature", "properties": { "source_fid": "w317891376", "name": "Allika jõgi" }, "geometry": { "type": "LineString", "coordinates": [ [ 24.286236, 58.6315792 ], [ 24.2676202, 58.6393335 ], [ 24.2670104, 58.6393446 ], [ 24.2642911, 58.6388398 ] ] } },
{ "type": "Feature", "properties": { "source_fid": "w317891377", "name": "Allika jõgi" }, "geometry": { "type": "LineString", "coordinates": [ [ 24.3218302, 58.6128427 ], [ 24.3212312, 58.6144463 ], [ 24.3205018, 58.6185669 ], [ 24.3206446, 58.6190056 ], [ 24.3223208, 58.6201656 ] ] } },
{ "type": "Feature", "properties": { "source_fid": "w317891378", "name": "Allika jõgi" }, "geometry": { "type": "LineString", "coordinates": [ [ 24.2641354, 58.6388117 ], [ 24.2609106, 58.6382026 ], [ 24.2604829, 58.6381805 ], [ 24.248159, 58.6422468 ], [ 24.2459695, 58.6432429 ], [ 24.2448778, 58.6434346 ] ] } },
{ "type": "Feature", "properties": { "source_fid": "w317891379", "name": "Allika jõgi" }, "geometry": { "type": "LineString", "coordinates": [ [ 24.3223208, 58.6201656 ], [ 24.3224629, 58.620263 ] ] } },
{ "type": "Feature", "properties": { "source_fid": "w317891380", "name": "Allika jõgi" }, "geometry": { "type": "LineString", "coordinates": [ [ 24.3219008, 58.6127649 ], [ 24.3218302, 58.6128427 ] ] } },
{ "type": "Feature", "properties": { "source_fid": "w317891381", "name": "Allika jõgi" }, "geometry": { "type": "LineString", "coordinates": [ [ 24.2987534, 58.6358731 ], [ 24.2986104, 58.6358257 ] ] } },
{ "type": "Feature", "properties": { "source_fid": "w317891382", "name": "Allika jõgi" }, "geometry": { "type": "LineString", "coordinates": [ [ 24.3152767, 58.631994 ], [ 24.3151179, 58.6320435 ] ] } },
{ "type": "Feature", "properties": { "source_fid": "w317891383", "name": "Allika jõgi" }, "geometry": { "type": "LineString", "coordinates": [ [ 24.2448778, 58.6434346 ], [ 24.2446978, 58.643428 ] ] } },
{ "type": "Feature", "properties": { "source_fid": "w317891384", "name": "Allika jõgi" }, "geometry": { "type": "LineString", "coordinates": [ [ 24.2642911, 58.6388398 ], [ 24.2641354, 58.6388117 ] ] } },
{ "type": "Feature", "properties": { "source_fid": "w317891385", "name": "Allika jõgi" }, "geometry": { "type": "LineString", "coordinates": [ [ 24.2863737, 58.6316252 ], [ 24.286236, 58.6315792 ] ] } },
{ "type": "Feature", "properties": { "source_fid": "w317891386", "name": "Allika jõgi" }, "geometry": { "type": "LineString", "coordinates": [ [ 24.3224629, 58.620263 ], [ 24.3234535, 58.6210281 ], [ 24.323678, 58.6216103 ], [ 24.3260242, 58.6248318 ], [ 24.3242116, 58.628096 ], [ 24.324002, 58.6284334 ], [ 24.3237309, 58.6285888 ], [ 24.3152767, 58.631994 ] ] } },
{ "type": "Feature", "properties": { "source_fid": "w317891388", "name": "Allika jõgi" }, "geometry": { "type": "LineString", "coordinates": [ [ 24.2446978, 58.643428 ], [ 24.2417545, 58.6432418 ], [ 24.2383622, 58.6426865 ], [ 24.2327339, 58.6412452 ], [ 24.2294603, 58.640487 ], [ 24.228825, 58.6404319 ], [ 24.2249203, 58.6406435 ], [ 24.2222481, 58.6398435 ], [ 24.2201136, 58.6388539 ], [ 24.2197875, 58.6387922 ], [ 24.2163826, 58.6394952 ], [ 24.2117961, 58.6406104 ], [ 24.2080142, 58.641157 ] ] } },
{ "type": "Feature", "properties": { "source_fid": "w317891389", "name": "Allika jõgi" }, "geometry": { "type": "LineString", "coordinates": [ [ 24.2986104, 58.6358257 ], [ 24.2863737, 58.6316252 ] ] } },
{ "type": "Feature", "properties": { "source_fid": "w317891390", "name": "Allika jõgi" }, "geometry": { "type": "LineString", "coordinates": [ [ 24.3151179, 58.6320435 ], [ 24.3005359, 58.6364134 ], [ 24.3003019, 58.6364097 ], [ 24.2987534, 58.6358731 ] ] } },
{ "type": "Feature", "properties": { "source_fid": "w320030011", "name": "Vaskjõgi" }, "geometry": { "type": "LineString", "coordinates": [ [ 24.7449052, 58.3788314 ], [ 24.7448819, 58.378785 ], [ 24.744264, 58.3788847 ], [ 24.7429961, 58.3786861 ], [ 24.7346368, 58.3767473 ], [ 24.7307938, 58.3763413 ], [ 24.7262656, 58.3750989 ], [ 24.7202058, 58.3750603 ], [ 24.7186757, 58.3745908 ], [ 24.7146027, 58.3736919 ], [ 24.7110058, 58.372089 ], [ 24.7104239, 58.3712407 ], [ 24.7086248, 58.3699819 ], [ 24.7085087, 58.3693365 ], [ 24.7090013, 58.368343 ], [ 24.7085057, 58.3673642 ], [ 24.7082646, 58.3672355 ], [ 24.7050041, 58.3663777 ], [ 24.7049922, 58.3657478 ], [ 24.7046901, 58.3647081 ], [ 24.7045428, 58.3646192 ], [ 24.7036648, 58.3644771 ], [ 24.7031439, 58.3643147 ], [ 24.7029088, 58.3640322 ], [ 24.7028489, 58.3631018 ] ] } },
{ "type": "Feature", "properties": { "source_fid": "w320030012", "name": "Vaskjõgi" }, "geometry": { "type": "LineString", "coordinates": [ [ 24.7449146, 58.3789371 ], [ 24.7449052, 58.3788314 ] ] } },
{ "type": "Feature", "properties": { "source_fid": "w320030013", "name": "Vaskjõgi" }, "geometry": { "type": "LineString", "coordinates": [ [ 24.7897934, 58.4187852 ], [ 24.7830587, 58.4105924 ], [ 24.7820878, 58.4095527 ], [ 24.7808936, 58.4069725 ], [ 24.774959, 58.3961902 ], [ 24.7746644, 58.3961069 ], [ 24.7703875, 58.3960326 ], [ 24.7700571, 58.3960014 ], [ 24.7699247, 58.3959047 ], [ 24.7653483, 58.3865125 ], [ 24.7651578, 58.3864134 ], [ 24.7618216, 58.38568 ], [ 24.7592991, 58.3850289 ], [ 24.7449006, 58.3816435 ], [ 24.744667, 58.3814835 ], [ 24.7449146, 58.3789371 ] ] } },
{ "type": "Feature", "properties": { "source_fid": "w320174661", "name": "Kurina jõgi" }, "geometry": { "type": "LineString", "coordinates": [ [ 24.8559768, 58.4140124 ], [ 24.8556527, 58.4137642 ], [ 24.8535026, 58.4136224 ], [ 24.8527661, 58.4133043 ], [ 24.8516911, 58.4130206 ], [ 24.8506059, 58.4134204 ], [ 24.849814, 58.4135515 ], [ 24.8490959, 58.4134805 ], [ 24.8480784, 58.4136557 ], [ 24.8470813, 58.4137126 ], [ 24.8457622, 58.4135375 ], [ 24.8438747, 58.414121 ], [ 24.8431608, 58.4140447 ], [ 24.8409636, 58.4134515 ], [ 24.8399358, 58.4132968 ], [ 24.8394434, 58.4133451 ], [ 24.8386782, 58.4135901 ], [ 24.8370739, 58.4135977 ], [ 24.8356108, 58.4140021 ], [ 24.8336553, 58.4141663 ], [ 24.833075, 58.4145485 ], [ 24.8327095, 58.4155499 ], [ 24.8322467, 58.4158819 ], [ 24.8319116, 58.4162823 ], [ 24.8312124, 58.4167214 ], [ 24.8305726, 58.4169714 ], [ 24.8297936, 58.4175496 ], [ 24.829357, 58.418032 ], [ 24.8286099, 58.4185327 ], [ 24.8272376, 58.4191655 ], [ 24.8264107, 58.4193752 ], [ 24.8258043, 58.419635 ], [ 24.8251326, 58.4197118 ], [ 24.824387, 58.4199389 ], [ 24.8229494, 58.42077 ] ] } },
{ "type": "Feature", "properties": { "source_fid": "w320174662", "name": "Kurina jõgi" }, "geometry": { "type": "LineString", "coordinates": [ [ 24.8698325, 58.4147935 ], [ 24.869931, 58.4148784 ] ] } },
{ "type": "Feature", "properties": { "source_fid": "w320174663", "name": "Kurina jõgi" }, "geometry": { "type": "LineString", "coordinates": [ [ 24.7909483, 58.4333058 ], [ 24.7908961, 58.4333901 ] ] } },
{ "type": "Feature", "properties": { "source_fid": "w320174664", "name": "Kurina jõgi" }, "geometry": { "type": "LineString", "coordinates": [ [ 24.8560527, 58.4140834 ], [ 24.8559768, 58.4140124 ] ] } },
{ "type": "Feature", "properties": { "source_fid": "w320174665", "name": "Kurina jõgi" }, "geometry": { "type": "LineString", "coordinates": [ [ 24.8229494, 58.42077 ], [ 24.8228595, 58.4208262 ] ] } },
{ "type": "Feature", "properties": { "source_fid": "w320174666", "name": "Kurina jõgi" }, "geometry": { "type": "LineString", "coordinates": [ [ 24.8656211, 58.415909 ], [ 24.8654385, 58.4159509 ] ] } },
{ "type": "Feature", "properties": { "source_fid": "w320174667", "name": "Kurina jõgi" }, "geometry": { "type": "LineString", "coordinates": [ [ 24.8810146, 58.4038046 ], [ 24.8809301, 58.403896 ] ] } },
{ "type": "Feature", "properties": { "source_fid": "w320174668", "name": "Kurina jõgi" }, "geometry": { "type": "LineString", "coordinates": [ [ 24.9428734, 58.3734223 ], [ 24.9425102, 58.3736723 ], [ 24.9426691, 58.3739297 ], [ 24.9427542, 58.3745784 ], [ 24.9416419, 58.3755053 ], [ 24.9386655, 58.3785789 ], [ 24.9384187, 58.379464 ], [ 24.940734, 58.3826994 ], [ 24.9409071, 58.3830921 ], [ 24.9408361, 58.3837496 ], [ 24.9405694, 58.3839771 ], [ 24.9401807, 58.3846197 ], [ 24.9382172, 58.3858111 ], [ 24.9358168, 58.386702 ], [ 24.9352777, 58.3867882 ], [ 24.9343896, 58.387227 ], [ 24.934208, 58.3875601 ], [ 24.9338534, 58.3877758 ], [ 24.9333824, 58.3882919 ], [ 24.9325397, 58.3887336 ], [ 24.9319381, 58.3893403 ], [ 24.9310699, 58.3894727 ], [ 24.9307067, 58.3896809 ], [ 24.9301109, 58.3898192 ], [ 24.9277757, 58.390072 ], [ 24.9258151, 58.3904988 ], [ 24.9253441, 58.3909078 ], [ 24.924805, 58.3911324 ], [ 24.9245752, 58.3913926 ], [ 24.9240474, 58.3915264 ], [ 24.9238602, 58.3916737 ], [ 24.9233693, 58.3916543 ], [ 24.9225919, 58.3917406 ], [ 24.9194452, 58.3932039 ], [ 24.918018, 58.3941987 ], [ 24.9170845, 58.3945213 ], [ 24.9163723, 58.3946537 ], [ 24.91589, 58.3945704 ], [ 24.9152658, 58.3945897 ], [ 24.9141564, 58.3950894 ], [ 24.9132314, 58.3951949 ], [ 24.9046342, 58.3950581 ], [ 24.903905, 58.3953585 ], [ 24.9024465, 58.3954195 ], [ 24.9017173, 58.395873 ], [ 24.901008, 58.3957956 ], [ 24.900571, 58.3958417 ], [ 24.899734, 58.3962848 ], [ 24.8900225, 58.3999798 ], [ 24.8893524, 58.4001554 ], [ 24.8891337, 58.4003225 ], [ 24.8823311, 58.4029446 ], [ 24.882002, 58.4031319 ], [ 24.8818147, 58.4034129 ], [ 24.8810146, 58.4038046 ] ] } },
{ "type": "Feature", "properties": { "source_fid": "w320174669", "name": "Kurina jõgi" }, "geometry": { "type": "LineString", "coordinates": [ [ 24.869931, 58.4148784 ], [ 24.8700479, 58.4151019 ], [ 24.8697673, 58.4153083 ], [ 24.8685876, 58.4157381 ], [ 24.8684974, 58.4160777 ], [ 24.867209, 58.4160605 ], [ 24.8663248, 58.4158166 ], [ 24.8656211, 58.415909 ] ] } },
{ "type": "Feature", "properties": { "source_fid": "w320174670", "name": "Kurina jõgi" }, "geometry": { "type": "LineString", "coordinates": [ [ 24.8654385, 58.4159509 ], [ 24.8650262, 58.4160433 ], [ 24.8647533, 58.4164742 ], [ 24.8635121, 58.4168567 ], [ 24.8614606, 58.4167589 ], [ 24.8604553, 58.416457 ], [ 24.8568159, 58.4148162 ], [ 24.8560527, 58.4140834 ] ] } },
{ "type": "Feature", "properties": { "source_fid": "w320174671", "name": "Kurina jõgi" }, "geometry": { "type": "LineString", "coordinates": [ [ 24.8228595, 58.4208262 ], [ 24.8226274, 58.4209645 ], [ 24.8193416, 58.4217416 ], [ 24.8155119, 58.4234873 ], [ 24.8038166, 58.4233346 ], [ 24.8031203, 58.4233809 ], [ 24.8012881, 58.4237524 ], [ 24.7961681, 58.4256065 ], [ 24.7956757, 58.4258181 ], [ 24.7952125, 58.4261222 ], [ 24.7950877, 58.4263144 ], [ 24.7944893, 58.4319924 ], [ 24.7942601, 58.4321298 ], [ 24.7938453, 58.4320626 ], [ 24.793817, 58.4323508 ], [ 24.7931489, 58.4323387 ], [ 24.7914386, 58.4330263 ], [ 24.7909483, 58.4333058 ] ] } },
{ "type": "Feature", "properties": { "source_fid": "w320174672", "name": "Kurina jõgi" }, "geometry": { "type": "LineString", "coordinates": [ [ 24.7320075, 58.4225846 ], [ 24.7316506, 58.4226689 ], [ 24.7313549, 58.4226213 ] ] } },
{ "type": "Feature", "properties": { "source_fid": "w320174673", "name": "Kurina jõgi" }, "geometry": { "type": "LineString", "coordinates": [ [ 24.8809301, 58.403896 ], [ 24.8803672, 58.4044486 ], [ 24.8796327, 58.4074935 ], [ 24.8790193, 58.4077772 ], [ 24.8771422, 58.408349 ], [ 24.8764139, 58.4088939 ], [ 24.8741243, 58.4096892 ], [ 24.8737612, 58.4102845 ], [ 24.8736976, 58.4106542 ], [ 24.872799, 58.4113409 ], [ 24.8727806, 58.4120491 ], [ 24.8718902, 58.4126756 ], [ 24.8714676, 58.4132806 ], [ 24.8706942, 58.4134547 ], [ 24.8707475, 58.4139113 ], [ 24.8700254, 58.4141101 ], [ 24.8699987, 58.4144357 ], [ 24.8697361, 58.4146581 ], [ 24.8698325, 58.4147935 ] ] } },
{ "type": "Feature", "properties": { "source_fid": "w320340350", "name": "Pale jõgi" }, "geometry": { "type": "LineString", "coordinates": [ [ 25.2148637, 58.2429643 ], [ 25.2146669, 58.2429852 ] ] } },
{ "type": "Feature", "properties": { "source_fid": "w320340352", "name": "Pale jõgi" }, "geometry": { "type": "LineString", "coordinates": [ [ 25.2146669, 58.2429852 ], [ 25.2094978, 58.2435367 ], [ 25.2083186, 58.243721 ], [ 25.2065109, 58.2434028 ], [ 25.2042389, 58.2436839 ], [ 25.2003218, 58.2434141 ] ] } },
{ "type": "Feature", "properties": { "source_fid": "w320936044", "name": "Tõramaa jõgi" }, "geometry": { "type": "LineString", "coordinates": [ [ 25.0269626, 58.4337804 ], [ 25.0268429, 58.4338234 ] ] } },
{ "type": "Feature", "properties": { "source_fid": "w320936045", "name": "Tõramaa jõgi" }, "geometry": { "type": "LineString", "coordinates": [ [ 25.0265707, 58.4337774 ], [ 25.0266316, 58.4341247 ], [ 25.0260321, 58.4341314 ], [ 25.025621, 58.4342851 ] ] } },
{ "type": "Feature", "properties": { "source_fid": "w320936048", "name": "Tõramaa jõgi" }, "geometry": { "type": "LineString", "coordinates": [ [ 25.0268429, 58.4338234 ], [ 25.0266202, 58.4337599 ] ] } },
{ "type": "Feature", "properties": { "source_fid": "w320936049", "name": "Tõramaa jõgi" }, "geometry": { "type": "LineString", "coordinates": [ [ 25.027119, 58.433509 ], [ 25.0271907, 58.4336963 ], [ 25.0269626, 58.4337804 ] ] } },
{ "type": "Feature", "properties": { "source_fid": "w325905911", "name": "Saarjõgi" }, "geometry": { "type": "LineString", "coordinates": [ [ 25.3511998, 58.6497111 ], [ 25.3508026, 58.6492858 ], [ 25.3503676, 58.6490814 ], [ 25.3494926, 58.6490439 ], [ 25.3485306, 58.6487129 ], [ 25.3475512, 58.6487568 ], [ 25.3471087, 58.6487038 ], [ 25.3468775, 58.6485357 ], [ 25.3465792, 58.6477972 ], [ 25.345913, 58.6474001 ], [ 25.3432333, 58.6469694 ], [ 25.3420352, 58.6470651 ], [ 25.3415306, 58.6463913 ], [ 25.3407401, 58.6460136 ], [ 25.3405277, 58.6456941 ], [ 25.3385071, 58.6438264 ], [ 25.3371966, 58.643093 ], [ 25.3370671, 58.6428928 ], [ 25.3367651, 58.6427852 ], [ 25.3360892, 58.6421743 ], [ 25.3358518, 58.6421023 ], [ 25.3355067, 58.6422267 ], [ 25.3353359, 58.6417393 ], [ 25.3348505, 58.6415063 ], [ 25.3347755, 58.6413088 ], [ 25.3345033, 58.64116 ], [ 25.3343629, 58.641179 ], [ 25.3340972, 58.641467 ], [ 25.3339272, 58.6411956 ], [ 25.3332667, 58.6410816 ], [ 25.3330258, 58.6411817 ], [ 25.3327108, 58.6415029 ], [ 25.3319094, 58.641831 ], [ 25.3313736, 58.641483 ], [ 25.3311219, 58.6409693 ], [ 25.3307174, 58.6409319 ], [ 25.3311345, 58.6407336 ], [ 25.3312208, 58.6405858 ], [ 25.3311112, 58.6405006 ], [ 25.3307983, 58.6404735 ], [ 25.3304352, 58.640611 ], [ 25.3302484, 58.6407926 ], [ 25.3296727, 58.6408508 ], [ 25.3295147, 58.6410395 ], [ 25.3295129, 58.641337 ], [ 25.3298104, 58.6416067 ], [ 25.3292713, 58.6416672 ], [ 25.3284433, 58.6414596 ], [ 25.3282217, 58.64118 ], [ 25.3278451, 58.641104 ], [ 25.3282437, 58.6408253 ], [ 25.3287321, 58.6407145 ], [ 25.328653, 58.6405758 ], [ 25.3278284, 58.6404426 ], [ 25.3271812, 58.6404819 ], [ 25.3268127, 58.6404192 ], [ 25.3265718, 58.6404735 ], [ 25.3264801, 58.6406512 ], [ 25.3263165, 58.640699 ], [ 25.3260199, 58.6403659 ], [ 25.3257484, 58.6403472 ], [ 25.3255183, 58.6404024 ], [ 25.324997, 58.6409534 ], [ 25.324357, 58.6408462 ], [ 25.3237277, 58.6411929 ], [ 25.3236864, 58.6413342 ], [ 25.3239003, 58.6415194 ], [ 25.3244768, 58.6415702 ], [ 25.3242898, 58.6417471 ], [ 25.3240507, 58.6417721 ], [ 25.3234221, 58.6417412 ], [ 25.3232082, 58.6415859 ], [ 25.3227857, 58.6415101 ], [ 25.3226958, 58.6411967 ], [ 25.3221835, 58.6410245 ], [ 25.3226285, 58.6407813 ], [ 25.3217772, 58.6407673 ], [ 25.3210563, 58.6405515 ], [ 25.3208629, 58.6405973 ], [ 25.3203104, 58.6411368 ], [ 25.3202095, 58.6412753 ], [ 25.3202689, 58.6415331 ], [ 25.3211089, 58.6418875 ], [ 25.3214859, 58.6418974 ], [ 25.3217017, 58.6418263 ], [ 25.3217951, 58.6419329 ], [ 25.3210095, 58.6422576 ], [ 25.3200801, 58.642382 ], [ 25.3198536, 58.6426205 ], [ 25.3196846, 58.6426626 ], [ 25.3192561, 58.6421693 ], [ 25.3189755, 58.642146 ], [ 25.3173489, 58.6416319 ], [ 25.3167362, 58.6418197 ], [ 25.3162717, 58.6421485 ], [ 25.316044, 58.6421586 ], [ 25.3160593, 58.6417209 ], [ 25.3165651, 58.6414995 ], [ 25.3166226, 58.6413482 ], [ 25.3163672, 58.6412728 ], [ 25.3159924, 58.6412906 ], [ 25.3155071, 58.6414771 ], [ 25.3152813, 58.6414761 ], [ 25.3152798, 58.6410579 ], [ 25.314632, 58.6408968 ], [ 25.3142068, 58.6410021 ], [ 25.3136138, 58.6409373 ], [ 25.313202, 58.6412969 ], [ 25.312889, 58.6413445 ], [ 25.3125241, 58.6411265 ], [ 25.3124064, 58.6409181 ], [ 25.3133169, 58.640568 ], [ 25.3132343, 58.640405 ], [ 25.3126104, 58.6401851 ], [ 25.3118697, 58.6405221 ], [ 25.3113196, 58.6405455 ], [ 25.311138, 58.6404192 ], [ 25.3112513, 58.6399767 ], [ 25.3109744, 58.6397971 ], [ 25.3098346, 58.6400141 ], [ 25.3095794, 58.6402218 ], [ 25.3096764, 58.6404538 ], [ 25.3106077, 58.6408243 ], [ 25.3107497, 58.6412341 ], [ 25.3104045, 58.6415241 ], [ 25.3098814, 58.6414867 ], [ 25.3083371, 58.6411518 ], [ 25.3082454, 58.641004 ], [ 25.3086499, 58.640727 ], [ 25.3082688, 58.640567 ], [ 25.3077402, 58.640596 ], [ 25.3074993, 58.6408384 ], [ 25.3071468, 58.6409978 ], [ 25.3069213, 58.6409677 ], [ 25.3072261, 58.6405642 ], [ 25.3078969, 58.6403323 ], [ 25.3083443, 58.6400646 ], [ 25.3082598, 58.6398831 ], [ 25.3078337, 58.639755 ], [ 25.3074508, 58.6398036 ], [ 25.3072261, 58.6400674 ], [ 25.3071915, 58.640341 ], [ 25.3066364, 58.6405062 ], [ 25.3062535, 58.6408112 ], [ 25.306027, 58.6407822 ], [ 25.3058184, 58.6406054 ], [ 25.3057969, 58.6400684 ], [ 25.3054805, 58.6398888 ], [ 25.3051533, 58.6398794 ], [ 25.3046787, 58.6400927 ], [ 25.3039128, 58.6402256 ], [ 25.3036863, 58.6404136 ], [ 25.3036809, 58.6406812 ], [ 25.3035694, 58.6407439 ], [ 25.3030463, 58.6406353 ], [ 25.3025339, 58.640713 ], [ 25.3026346, 58.641018 ], [ 25.30312, 58.6412042 ], [ 25.3029888, 58.641337 ], [ 25.3021186, 58.6412098 ], [ 25.3019316, 58.6405787 ], [ 25.3012827, 58.640263 ], [ 25.3011776, 58.640303 ], [ 25.3012306, 58.6407604 ], [ 25.3010992, 58.6408476 ], [ 25.3005979, 58.6410036 ], [ 25.2994705, 58.6410835 ], [ 25.2991415, 58.6409254 ], [ 25.2992024, 58.6405303 ], [ 25.2989329, 58.6400421 ], [ 25.2985948, 58.6398688 ], [ 25.2968278, 58.6393117 ], [ 25.2963244, 58.6389889 ], [ 25.2953583, 58.6387745 ], [ 25.2953676, 58.6383553 ], [ 25.294923, 58.6381646 ], [ 25.2948892, 58.6379429 ], [ 25.2952413, 58.6378629 ], [ 25.2958947, 58.6379237 ], [ 25.2961807, 58.6378827 ], [ 25.2961443, 58.6377157 ], [ 25.2952718, 58.6376168 ], [ 25.2945701, 58.6378152 ], [ 25.294415, 58.6377517 ], [ 25.2944176, 58.6376459 ], [ 25.2951117, 58.6371378 ], [ 25.2955233, 58.6370169 ], [ 25.295507, 58.636884 ], [ 25.2950492, 58.6367676 ], [ 25.294743, 58.6367686 ], [ 25.2940057, 58.6369684 ], [ 25.2934438, 58.6372793 ], [ 25.2924752, 58.6369552 ], [ 25.2921701, 58.6366998 ], [ 25.2922362, 58.6360911 ], [ 25.2933239, 58.6359239 ], [ 25.2934231, 58.6358584 ], [ 25.2933523, 58.6357708 ], [ 25.2922286, 58.6354043 ], [ 25.2917272, 58.6353495 ], [ 25.291175, 58.635355 ], [ 25.2897141, 58.6356967 ], [ 25.2894065, 58.6356703 ], [ 25.2891929, 58.6354559 ], [ 25.2889997, 58.6345865 ], [ 25.2888598, 58.6344925 ], [ 25.2877742, 58.6341617 ], [ 25.2861588, 58.6342364 ], [ 25.2856691, 58.6340638 ], [ 25.284618, 58.6331052 ], [ 25.2835429, 58.6327147 ], [ 25.2827447, 58.6325235 ], [ 25.2827043, 58.6323934 ], [ 25.2832852, 58.6319749 ], [ 25.2831486, 58.6318768 ], [ 25.2823332, 58.6317707 ], [ 25.2815716, 58.6314614 ], [ 25.2806984, 58.6312942 ], [ 25.2791156, 58.6316035 ], [ 25.2772058, 58.6314023 ], [ 25.2759517, 58.6314529 ], [ 25.2751453, 58.6311191 ], [ 25.2736913, 58.6308368 ], [ 25.2725681, 58.6307547 ], [ 25.2700218, 58.6300759 ], [ 25.2695063, 58.6300399 ], [ 25.2684024, 58.6303182 ], [ 25.2676716, 58.6301741 ], [ 25.2673946, 58.6299238 ], [ 25.2674831, 58.6293271 ], [ 25.2675831, 58.6291348 ], [ 25.2681985, 58.6288965 ], [ 25.2682178, 58.6288024 ], [ 25.2672985, 58.6282177 ], [ 25.2671138, 58.6279794 ], [ 25.2671792, 58.6278633 ], [ 25.2673638, 58.6278212 ], [ 25.268664, 58.627641 ], [ 25.2686625, 58.627306 ], [ 25.2680331, 58.6270062 ], [ 25.2668253, 58.6266177 ], [ 25.265806, 58.6265857 ], [ 25.2652752, 58.6264575 ], [ 25.2653137, 58.6258468 ], [ 25.2652444, 58.6253942 ], [ 25.2650983, 58.625246 ], [ 25.2633597, 58.6249155 ], [ 25.2625904, 58.6250237 ], [ 25.2623211, 58.6249496 ], [ 25.2621249, 58.6246592 ], [ 25.2621634, 58.624523 ], [ 25.262675, 58.6244029 ], [ 25.2627019, 58.6242086 ], [ 25.2625019, 58.6241145 ], [ 25.2614903, 58.6241085 ], [ 25.2613672, 58.6238882 ], [ 25.261371, 58.623736 ], [ 25.262198, 58.6234856 ], [ 25.2621519, 58.6232673 ], [ 25.2615941, 58.6232193 ], [ 25.2606363, 58.6234316 ], [ 25.2601671, 58.6234236 ], [ 25.259844, 58.6229749 ], [ 25.2600709, 58.6224783 ], [ 25.2596093, 58.62227 ], [ 25.2586439, 58.6220557 ], [ 25.2581784, 58.6217312 ], [ 25.2578861, 58.6198846 ], [ 25.2570514, 58.6182141 ], [ 25.2569937, 58.6167859 ], [ 25.2562629, 58.6153076 ], [ 25.2556436, 58.614927 ], [ 25.254332, 58.6144042 ], [ 25.2530857, 58.6133965 ], [ 25.2517202, 58.6128096 ], [ 25.2513702, 58.6125391 ], [ 25.2515279, 58.6123027 ], [ 25.2530588, 58.6117959 ], [ 25.2536473, 58.6114893 ], [ 25.2538858, 58.6111388 ], [ 25.2538242, 58.6108863 ], [ 25.2523433, 58.6101951 ], [ 25.2522741, 58.6099046 ], [ 25.251751, 58.6093777 ], [ 25.2509124, 58.6090391 ], [ 25.2503355, 58.6086404 ], [ 25.2502008, 58.6082557 ], [ 25.2500123, 58.6081195 ], [ 25.2486507, 58.6078069 ], [ 25.2477314, 58.6071457 ], [ 25.2475968, 58.6069413 ], [ 25.2478545, 58.6063883 ], [ 25.2477275, 58.6061078 ], [ 25.2465736, 58.6055307 ], [ 25.2462005, 58.605142 ], [ 25.2452639, 58.6048536 ], [ 25.2448734, 58.6048455 ], [ 25.243858, 58.6050078 ], [ 25.2428348, 58.6056169 ], [ 25.2424309, 58.6055888 ], [ 25.2422194, 58.6053203 ], [ 25.2417501, 58.6050979 ], [ 25.2418578, 58.6047833 ], [ 25.2416732, 58.6041742 ], [ 25.241777, 58.6038315 ], [ 25.2411654, 58.6033085 ], [ 25.2405961, 58.6031562 ], [ 25.2401384, 58.6031763 ], [ 25.2388268, 58.603024 ], [ 25.2385421, 58.6027835 ], [ 25.2378805, 58.6026332 ], [ 25.2362381, 58.6024288 ], [ 25.235965, 58.6019439 ], [ 25.234861, 58.6025571 ], [ 25.234561, 58.6026372 ], [ 25.2341956, 58.6026212 ], [ 25.2330647, 58.6024428 ], [ 25.2329301, 58.6018697 ], [ 25.2327032, 58.6017515 ], [ 25.2322031, 58.6017755 ], [ 25.2316415, 58.6021242 ], [ 25.23158, 58.6023106 ], [ 25.2319608, 58.6025971 ], [ 25.2319877, 58.6028316 ], [ 25.2316992, 58.6029478 ], [ 25.231218, 58.6029289 ], [ 25.230753, 58.6028156 ], [ 25.2290182, 58.6016072 ], [ 25.2285182, 58.6015992 ], [ 25.2279297, 58.6017074 ], [ 25.2277143, 58.6016673 ], [ 25.2269565, 58.6010441 ], [ 25.2264911, 58.6008457 ], [ 25.2262911, 58.6007956 ], [ 25.2256564, 58.6008256 ], [ 25.2252487, 58.601 ], [ 25.224914, 58.6010361 ], [ 25.224314, 58.6009018 ], [ 25.2241524, 58.6008076 ], [ 25.224064, 58.6002765 ], [ 25.2238293, 58.599998 ], [ 25.2228908, 58.5998417 ], [ 25.2222446, 58.6001944 ], [ 25.2218445, 58.6001443 ], [ 25.2213445, 58.5999118 ], [ 25.2212099, 58.5996493 ], [ 25.221456, 58.5989959 ], [ 25.2213881, 58.5985186 ], [ 25.2207637, 58.5983586 ], [ 25.219929, 58.5977774 ], [ 25.2193982, 58.5972583 ], [ 25.2195905, 58.5962983 ], [ 25.2193097, 58.5953222 ], [ 25.2193635, 58.5946447 ], [ 25.219102, 58.5938951 ], [ 25.2188173, 58.5936445 ], [ 25.2181942, 58.593408 ], [ 25.2181442, 58.5932356 ], [ 25.2183058, 58.592931 ], [ 25.2176749, 58.5926102 ], [ 25.2196328, 58.5917182 ], [ 25.2196751, 58.59162 ], [ 25.219502, 58.5915298 ], [ 25.2187212, 58.5915138 ], [ 25.2176634, 58.5913514 ], [ 25.2169864, 58.5912011 ], [ 25.2168941, 58.5910888 ], [ 25.2169941, 58.5910106 ], [ 25.217498, 58.5909345 ], [ 25.218625, 58.5903291 ], [ 25.219352, 58.5901366 ], [ 25.2204021, 58.5896014 ], [ 25.2215656, 58.5883604 ], [ 25.2214599, 58.5882242 ], [ 25.2203598, 58.587727 ], [ 25.2204136, 58.5875967 ], [ 25.2210637, 58.5875586 ], [ 25.2214137, 58.5876729 ], [ 25.2216407, 58.5880538 ], [ 25.2222215, 58.5886191 ], [ 25.2224061, 58.5886973 ], [ 25.2226446, 58.5886732 ], [ 25.2226638, 58.5884647 ], [ 25.2220484, 58.5878673 ], [ 25.2216522, 58.5872218 ], [ 25.2216907, 58.5870915 ], [ 25.221933, 58.586875 ], [ 25.2221561, 58.5868108 ], [ 25.2227523, 58.5868449 ], [ 25.223387, 58.5867667 ], [ 25.2236139, 58.5865742 ], [ 25.2236181, 58.5863886 ], [ 25.222333, 58.5847799 ], [ 25.22236, 58.5833002 ], [ 25.2221638, 58.5830576 ], [ 25.2214522, 58.5826907 ], [ 25.2211137, 58.582406 ], [ 25.2205444, 58.5815237 ], [ 25.2202829, 58.5805292 ], [ 25.2197136, 58.5804109 ], [ 25.216821, 58.5806615 ], [ 25.2164171, 58.5805612 ], [ 25.2162248, 58.5803988 ], [ 25.2167173, 58.5795354 ], [ 25.2176672, 58.5792759 ], [ 25.2180057, 58.5788488 ], [ 25.2183058, 58.5788829 ], [ 25.2187943, 58.5796128 ], [ 25.219102, 58.5797672 ], [ 25.2193789, 58.579683 ], [ 25.219829, 58.5791997 ], [ 25.2208906, 58.5787906 ], [ 25.2214753, 58.5784457 ], [ 25.2216176, 58.5780226 ], [ 25.2215662, 58.5768774 ], [ 25.2213423, 58.5761234 ], [ 25.2212482, 58.5758419 ], [ 25.2209276, 58.5755332 ], [ 25.2201153, 58.575163 ], [ 25.2192439, 58.5751363 ], [ 25.2177903, 58.5754665 ], [ 25.2175641, 58.5754358 ], [ 25.2174855, 58.5752696 ], [ 25.2177156, 58.5743549 ], [ 25.2175937, 58.5741251 ], [ 25.2173124, 58.5740903 ], [ 25.2162797, 58.574441 ], [ 25.2156838, 58.5743179 ], [ 25.2147475, 58.5735888 ], [ 25.2145823, 58.5730339 ], [ 25.2143994, 58.5728411 ], [ 25.2134493, 58.5728432 ], [ 25.2126863, 58.5726824 ] ] } },
{ "type": "Feature", "properties": { "source_fid": "w327310009", "name": "Pärnu jõgi" }, "geometry": { "type": "LineString", "coordinates": [ [ 24.4897241, 58.3880317 ], [ 24.4868652, 58.3875351 ] ] } },
{ "type": "Feature", "properties": { "source_fid": "w327310013", "name": "Pärnu jõgi" }, "geometry": { "type": "LineString", "coordinates": [ [ 24.5002276, 58.3897848 ], [ 24.4897241, 58.3880317 ] ] } },
{ "type": "Feature", "properties": { "source_fid": "w327310022", "name": "Pärnu jõgi" }, "geometry": { "type": "LineString", "coordinates": [ [ 24.5113796, 58.3900934 ], [ 24.5077365, 58.3901904 ], [ 24.5039773, 58.3901643 ], [ 24.5002276, 58.3897848 ] ] } },
{ "type": "Feature", "properties": { "source_fid": "w327310026", "name": "Pärnu jõgi" }, "geometry": { "type": "LineString", "coordinates": [ [ 24.5555411, 58.3778469 ], [ 24.5482061, 58.3786622 ], [ 24.5423659, 58.3796632 ], [ 24.5402606, 58.380155 ], [ 24.5366633, 58.3816768 ] ] } },
{ "type": "Feature", "properties": { "source_fid": "w327310030", "name": "Pärnu jõgi" }, "geometry": { "type": "LineString", "coordinates": [ [ 24.5366633, 58.3816768 ], [ 24.5327819, 58.3837319 ], [ 24.5262093, 58.386708 ], [ 24.5211058, 58.3884705 ], [ 24.5177723, 58.3892181 ], [ 24.5113796, 58.3900934 ] ] } },
{ "type": "Feature", "properties": { "source_fid": "w327310031", "name": "Pärnu jõgi" }, "geometry": { "type": "LineString", "coordinates": [ [ 24.5797501, 58.3634857 ], [ 24.5785293, 58.3632427 ], [ 24.5703656, 58.3634623 ], [ 24.5638047, 58.3656098 ], [ 24.5617261, 58.3685041 ], [ 24.5615723, 58.3694779 ] ] } },
{ "type": "Feature", "properties": { "source_fid": "w327310032", "name": "Pärnu jõgi" }, "geometry": { "type": "LineString", "coordinates": [ [ 24.4868652, 58.3875351 ], [ 24.4856052, 58.3870562 ], [ 24.4842619, 58.3863515 ], [ 24.4825774, 58.385195 ], [ 24.4802632, 58.3832362 ], [ 24.4776927, 58.3790286 ], [ 24.4758578, 58.3769012 ] ] } },
{ "type": "Feature", "properties": { "source_fid": "w327310033", "name": "Pärnu jõgi" }, "geometry": { "type": "LineString", "coordinates": [ [ 24.5615723, 58.3694779 ], [ 24.561285, 58.371747 ], [ 24.5620145, 58.3746824 ], [ 24.5615161, 58.3757012 ], [ 24.5604362, 58.3765681 ], [ 24.5594295, 58.3770421 ], [ 24.5577396, 58.3774838 ], [ 24.5555411, 58.3778469 ] ] } },
{ "type": "Feature", "properties": { "source_fid": "w328562997", "name": "Humalaste jõgi" }, "geometry": { "type": "LineString", "coordinates": [ [ 24.9803264, 58.1352954 ], [ 24.97926, 58.1347779 ], [ 24.9780978, 58.134921 ] ] } },
{ "type": "Feature", "properties": { "source_fid": "w328562999", "name": "Humalaste jõgi" }, "geometry": { "type": "LineString", "coordinates": [ [ 24.9779077, 58.1349393 ], [ 24.9773307, 58.1349175 ], [ 24.9768132, 58.1350624 ], [ 24.9751534, 58.1351619 ] ] } },
{ "type": "Feature", "properties": { "source_fid": "w328563000", "name": "Humalaste jõgi" }, "geometry": { "type": "LineString", "coordinates": [ [ 25.0049134, 58.1426778 ], [ 25.0009277, 58.1384146 ], [ 24.9969453, 58.138368 ], [ 24.9951017, 58.1374749 ] ] } },
{ "type": "Feature", "properties": { "source_fid": "w328563001", "name": "Humalaste jõgi" }, "geometry": { "type": "LineString", "coordinates": [ [ 24.9593293, 58.1457842 ], [ 24.958933, 58.1456651 ], [ 24.958857, 58.1457638 ], [ 24.9587191, 58.1457663 ], [ 24.9582947, 58.1455405 ], [ 24.958034, 58.1455534 ], [ 24.9565856, 58.1452141 ], [ 24.9561379, 58.1452585 ], [ 24.9562489, 58.1454165 ], [ 24.956097, 58.1454806 ], [ 24.9553371, 58.1452968 ], [ 24.9546357, 58.1452548 ], [ 24.9546287, 58.1454745 ], [ 24.9544966, 58.1455207 ], [ 24.9542113, 58.1453899 ], [ 24.9536537, 58.1453523 ], [ 24.9533486, 58.1450969 ], [ 24.9529348, 58.1452073 ], [ 24.9525231, 58.1451362 ], [ 24.9524785, 58.1449687 ], [ 24.9522999, 58.1449783 ], [ 24.9521759, 58.1451004 ], [ 24.9513294, 58.1451825 ], [ 24.9510765, 58.1450298 ], [ 24.9509161, 58.1450394 ], [ 24.9506417, 58.1452636 ], [ 24.9502598, 58.1450743 ], [ 24.9498895, 58.1450542 ], [ 24.9496894, 58.1451938 ], [ 24.9494662, 58.1452217 ], [ 24.9494745, 58.1453535 ], [ 24.9493307, 58.1454023 ], [ 24.9483172, 58.1453072 ], [ 24.9477419, 58.1450254 ], [ 24.9476179, 58.1448474 ], [ 24.9465565, 58.145076 ], [ 24.9457762, 58.1450882 ], [ 24.9455348, 58.1451859 ], [ 24.9434663, 58.1452172 ] ] } },
{ "type": "Feature", "properties": { "source_fid": "w328563003", "name": "Humalaste jõgi" }, "geometry": { "type": "LineString", "coordinates": [ [ 24.9897613, 58.1364469 ], [ 24.9889051, 58.1357301 ], [ 24.9882471, 58.1354848 ], [ 24.9804372, 58.1353076 ] ] } },
{ "type": "Feature", "properties": { "source_fid": "w328563005", "name": "Humalaste jõgi" }, "geometry": { "type": "LineString", "coordinates": [ [ 24.9145854, 58.1453982 ], [ 24.9147631, 58.1452563 ], [ 24.9145831, 58.1452063 ], [ 24.9142382, 58.1452896 ], [ 24.9137998, 58.145244 ], [ 24.9136818, 58.1453131 ] ] } },
{ "type": "Feature", "properties": { "source_fid": "w328563006", "name": "Humalaste jõgi" }, "geometry": { "type": "LineString", "coordinates": [ [ 24.8701513, 58.1450917 ], [ 24.870019, 58.1451397 ] ] } },
{ "type": "Feature", "properties": { "source_fid": "w328563008", "name": "Humalaste jõgi" }, "geometry": { "type": "LineString", "coordinates": [ [ 24.9780978, 58.134921 ], [ 24.9779077, 58.1349393 ] ] } },
{ "type": "Feature", "properties": { "source_fid": "w328563010", "name": "Humalaste jõgi" }, "geometry": { "type": "LineString", "coordinates": [ [ 24.9751534, 58.1351619 ], [ 24.975031, 58.135168 ] ] } },
{ "type": "Feature", "properties": { "source_fid": "w328563011", "name": "Humalaste jõgi" }, "geometry": { "type": "LineString", "coordinates": [ [ 24.9694212, 58.1373664 ], [ 24.9695584, 58.1374641 ] ] } },
{ "type": "Feature", "properties": { "source_fid": "w328563012", "name": "Humalaste jõgi" }, "geometry": { "type": "LineString", "coordinates": [ [ 24.9684988, 58.1433862 ], [ 24.9684302, 58.1434939 ] ] } },
{ "type": "Feature", "properties": { "source_fid": "w328563013", "name": "Humalaste jõgi" }, "geometry": { "type": "LineString", "coordinates": [ [ 24.9434663, 58.1452172 ], [ 24.9433674, 58.1452025 ] ] } },
{ "type": "Feature", "properties": { "source_fid": "w328563014", "name": "Humalaste jõgi" }, "geometry": { "type": "LineString", "coordinates": [ [ 25.0049779, 58.1427424 ], [ 25.0049134, 58.1426778 ] ] } },
{ "type": "Feature", "properties": { "source_fid": "w328563015", "name": "Humalaste jõgi" }, "geometry": { "type": "LineString", "coordinates": [ [ 24.8758918, 58.143683 ], [ 24.8757457, 58.1437101 ] ] } },
{ "type": "Feature", "properties": { "source_fid": "w328563016", "name": "Humalaste jõgi" }, "geometry": { "type": "LineString", "coordinates": [ [ 24.9595047, 58.1458169 ], [ 24.9593293, 58.1457842 ] ] } },
{ "type": "Feature", "properties": { "source_fid": "w328563017", "name": "Humalaste jõgi" }, "geometry": { "type": "LineString", "coordinates": [ [ 24.9102694, 58.145065 ], [ 24.9101618, 58.145144 ] ] } },
{ "type": "Feature", "properties": { "source_fid": "w328563018", "name": "Humalaste jõgi" }, "geometry": { "type": "LineString", "coordinates": [ [ 24.9804372, 58.1353076 ], [ 24.9803264, 58.1352954 ] ] } },
{ "type": "Feature", "properties": { "source_fid": "w328563019", "name": "Humalaste jõgi" }, "geometry": { "type": "LineString", "coordinates": [ [ 24.9951017, 58.1374749 ], [ 24.9948667, 58.1373866 ] ] } },
{ "type": "Feature", "properties": { "source_fid": "w328563020", "name": "Humalaste jõgi" }, "geometry": { "type": "LineString", "coordinates": [ [ 24.9684917, 58.143041 ], [ 24.9684145, 58.1431161 ] ] } },
{ "type": "Feature", "properties": { "source_fid": "w328563021", "name": "Humalaste jõgi" }, "geometry": { "type": "LineString", "coordinates": [ [ 24.9433674, 58.1452025 ], [ 24.9421148, 58.1450293 ], [ 24.9418822, 58.1449367 ], [ 24.9414976, 58.1449935 ], [ 24.9410405, 58.1449528 ], [ 24.9408873, 58.1448133 ], [ 24.9407751, 58.1448324 ], [ 24.9407365, 58.1450354 ], [ 24.9406091, 58.1450373 ], [ 24.9391969, 58.1446868 ], [ 24.9384943, 58.144387 ], [ 24.9384032, 58.1442204 ], [ 24.9376854, 58.1442463 ], [ 24.9371406, 58.1440402 ], [ 24.9367957, 58.1441575 ], [ 24.9365806, 58.1439835 ], [ 24.9356489, 58.1440285 ], [ 24.9350784, 58.1437484 ], [ 24.9340614, 58.1436188 ], [ 24.9334009, 58.1436805 ], [ 24.9332501, 58.1435022 ], [ 24.9324411, 58.1435195 ], [ 24.9318145, 58.1437589 ], [ 24.9315082, 58.1436484 ], [ 24.9314369, 58.1434362 ], [ 24.9307764, 58.1434041 ], [ 24.9301674, 58.1435491 ], [ 24.9299441, 58.1436966 ], [ 24.9298634, 58.1439131 ], [ 24.9297091, 58.143944 ], [ 24.9294811, 58.1438564 ], [ 24.9290357, 58.1438255 ], [ 24.9290673, 58.1436052 ], [ 24.9285611, 58.1433658 ], [ 24.9278176, 58.1437533 ], [ 24.9277603, 58.1441889 ], [ 24.9273921, 58.1440427 ], [ 24.9270098, 58.144192 ], [ 24.9268941, 58.1440328 ], [ 24.9266299, 58.1440088 ], [ 24.9259215, 58.1442994 ] ] } },
{ "type": "Feature", "properties": { "source_fid": "w328563022", "name": "Humalaste jõgi" }, "geometry": { "type": "LineString", "coordinates": [ [ 24.9684302, 58.1434939 ], [ 24.9682396, 58.1438493 ], [ 24.9678913, 58.1440394 ], [ 24.9680643, 58.1443028 ], [ 24.9674634, 58.1444127 ], [ 24.967689, 58.1447292 ], [ 24.967675, 58.1452659 ], [ 24.9674681, 58.1454078 ], [ 24.9671887, 58.1453714 ], [ 24.967239, 58.1454992 ], [ 24.9670648, 58.1456454 ], [ 24.9670496, 58.1458632 ], [ 24.9668742, 58.1458558 ], [ 24.9667678, 58.1456898 ], [ 24.9666556, 58.1458157 ], [ 24.9663914, 58.1458755 ], [ 24.9663891, 58.146179 ], [ 24.9660279, 58.1462858 ], [ 24.9657683, 58.1462013 ], [ 24.9658116, 58.1465054 ], [ 24.9653755, 58.1464135 ], [ 24.9651897, 58.1462889 ], [ 24.9643713, 58.146403 ], [ 24.9637962, 58.1463296 ], [ 24.9633625, 58.1465178 ], [ 24.9633262, 58.1467059 ], [ 24.9629884, 58.1464067 ], [ 24.9626026, 58.1464511 ], [ 24.9624062, 58.1463783 ], [ 24.962294, 58.1462475 ], [ 24.9624471, 58.1461883 ], [ 24.9623594, 58.1460951 ], [ 24.9621864, 58.146208 ], [ 24.9619047, 58.1462315 ], [ 24.9619842, 58.1461618 ], [ 24.9618708, 58.146047 ], [ 24.9616241, 58.1461568 ], [ 24.9613634, 58.1460643 ], [ 24.9612617, 58.1461211 ], [ 24.9613938, 58.1462235 ], [ 24.9612617, 58.1462438 ], [ 24.9608865, 58.1460267 ], [ 24.9605919, 58.1461858 ], [ 24.9602891, 58.1460742 ], [ 24.9602552, 58.1459286 ], [ 24.9601313, 58.145944 ], [ 24.9600039, 58.145654 ], [ 24.9596812, 58.1458298 ], [ 24.9595047, 58.1458169 ] ] } },
{ "type": "Feature", "properties": { "source_fid": "w328563023", "name": "Humalaste jõgi" }, "geometry": { "type": "LineString", "coordinates": [ [ 24.9259215, 58.1442994 ], [ 24.9256982, 58.1443253 ], [ 24.9253416, 58.1445517 ], [ 24.92504, 58.1442253 ], [ 24.924874, 58.1442062 ], [ 24.9244578, 58.1444518 ], [ 24.9240124, 58.1445394 ], [ 24.9241282, 58.1447109 ], [ 24.9237611, 58.1447701 ], [ 24.923864, 58.1449379 ], [ 24.9237026, 58.1450274 ], [ 24.9235542, 58.145041 ], [ 24.9229708, 58.1448355 ], [ 24.9226049, 58.1450274 ], [ 24.9222577, 58.14502 ], [ 24.9221595, 58.1451631 ], [ 24.921658, 58.1452631 ], [ 24.921333, 58.145223 ], [ 24.9211308, 58.1453988 ], [ 24.9208666, 58.1454581 ], [ 24.9205358, 58.1454494 ], [ 24.9201465, 58.1452649 ], [ 24.9200833, 58.1454007 ], [ 24.9196286, 58.1453871 ], [ 24.9194532, 58.1452686 ], [ 24.9194766, 58.1451076 ], [ 24.9189997, 58.1448929 ], [ 24.9188699, 58.1450589 ], [ 24.9186875, 58.1450934 ], [ 24.9182585, 58.1450064 ], [ 24.91793, 58.1450842 ], [ 24.9174963, 58.1450003 ], [ 24.9169901, 58.1451125 ], [ 24.9164629, 58.1450305 ], [ 24.9163308, 58.1452187 ], [ 24.9160245, 58.1453131 ], [ 24.9160923, 58.1454945 ], [ 24.9159321, 58.1455703 ], [ 24.9157252, 58.145421 ], [ 24.9153336, 58.1455777 ], [ 24.9149759, 58.1454297 ], [ 24.9145001, 58.1453902 ], [ 24.9139354, 58.1455802 ], [ 24.9137133, 58.145331 ], [ 24.9135181, 58.1452816 ], [ 24.9133907, 58.1453501 ], [ 24.9135473, 58.1454395 ], [ 24.9133708, 58.1455204 ], [ 24.9131709, 58.1454124 ], [ 24.9131183, 58.145215 ], [ 24.9126776, 58.1451823 ], [ 24.9124461, 58.1453211 ], [ 24.9127009, 58.1454155 ], [ 24.9124063, 58.1455043 ], [ 24.9119984, 58.1453414 ], [ 24.9119422, 58.1452193 ], [ 24.9115623, 58.1453075 ], [ 24.9112829, 58.1450681 ], [ 24.9109509, 58.1451792 ], [ 24.9106879, 58.1449336 ], [ 24.9105102, 58.1449238 ], [ 24.9102694, 58.145065 ] ] } },
{ "type": "Feature", "properties": { "source_fid": "w328563024", "name": "Humalaste jõgi" }, "geometry": { "type": "LineString", "coordinates": [ [ 24.870019, 58.1451397 ], [ 24.8697347, 58.1452575 ], [ 24.869614, 58.1454276 ], [ 24.8692585, 58.1453508 ], [ 24.8686939, 58.145431 ], [ 24.8685267, 58.1453675 ], [ 24.8684425, 58.1450362 ], [ 24.8673039, 58.1449146 ], [ 24.8672525, 58.1450084 ], [ 24.8676441, 58.1452669 ], [ 24.867692, 58.1454045 ], [ 24.8672992, 58.1455334 ], [ 24.867277, 58.1457229 ], [ 24.8670912, 58.1457346 ], [ 24.8663021, 58.1454779 ], [ 24.8659455, 58.1451577 ], [ 24.8650804, 58.1446808 ], [ 24.864794, 58.1446647 ], [ 24.8647578, 58.1444284 ], [ 24.8644667, 58.1445105 ], [ 24.8643019, 58.1443785 ], [ 24.8641557, 58.144455 ], [ 24.8639558, 58.1441946 ], [ 24.863694, 58.1441236 ], [ 24.8638553, 58.1439719 ], [ 24.8635478, 58.1436837 ], [ 24.8632006, 58.1437695 ], [ 24.8629318, 58.1436806 ], [ 24.8626711, 58.1437226 ], [ 24.8613442, 58.1433653 ], [ 24.8607936, 58.1435375 ], [ 24.8581843, 58.1440434 ], [ 24.8555868, 58.1455069 ], [ 24.8503086, 58.1471659 ], [ 24.8460417, 58.1473325 ], [ 24.8442449, 58.1496157 ], [ 24.8438918, 58.1497409 ], [ 24.8438299, 58.149913 ], [ 24.8433108, 58.1500562 ], [ 24.8428993, 58.1504281 ], [ 24.842579, 58.1504485 ], [ 24.842164, 58.1502048 ], [ 24.8417654, 58.1502437 ], [ 24.8414638, 58.1500722 ], [ 24.8411832, 58.1500222 ], [ 24.8406677, 58.1501154 ], [ 24.8410546, 58.1504843 ], [ 24.8408044, 58.1505565 ], [ 24.8404315, 58.1504374 ], [ 24.840013, 58.1501067 ], [ 24.8397605, 58.1501697 ], [ 24.8390041, 58.1508125 ], [ 24.8388416, 58.1508254 ], [ 24.8386978, 58.1507298 ], [ 24.8386172, 58.1502813 ], [ 24.8389772, 58.149963 ], [ 24.8390123, 58.1497317 ], [ 24.838754, 58.1497218 ], [ 24.8380853, 58.1500148 ], [ 24.8377581, 58.1500065 ], [ 24.8373183, 58.149878 ], [ 24.8376467, 58.1497603 ], [ 24.8376311, 58.1496617 ], [ 24.836911, 58.1494185 ] ] } },
{ "type": "Feature", "properties": { "source_fid": "w328563025", "name": "Humalaste jõgi" }, "geometry": { "type": "LineString", "coordinates": [ [ 24.8989579, 58.1455808 ], [ 24.8988283, 58.1455545 ] ] } },
{ "type": "Feature", "properties": { "source_fid": "w328563026", "name": "Humalaste jõgi" }, "geometry": { "type": "LineString", "coordinates": [ [ 24.9144136, 58.1454031 ], [ 24.9143163, 58.1452815 ] ] } },
{ "type": "Feature", "properties": { "source_fid": "w328563027", "name": "Humalaste jõgi" }, "geometry": { "type": "LineString", "coordinates": [ [ 24.9707376, 58.1347701 ], [ 24.9707488, 58.1347141 ] ] } },
{ "type": "Feature", "properties": { "source_fid": "w328563028", "name": "Humalaste jõgi" }, "geometry": { "type": "LineString", "coordinates": [ [ 24.9101618, 58.145144 ], [ 24.9097071, 58.1454142 ], [ 24.9092932, 58.1453902 ], [ 24.909347, 58.1452026 ], [ 24.9089075, 58.1451354 ], [ 24.9084913, 58.1453347 ], [ 24.9089601, 58.1454229 ], [ 24.9089834, 58.1454883 ], [ 24.9087847, 58.1455518 ], [ 24.9082692, 58.1454568 ], [ 24.9080237, 58.1454957 ], [ 24.9077899, 58.1453976 ], [ 24.9077314, 58.1456425 ], [ 24.908026, 58.1456006 ], [ 24.9081581, 58.1457098 ], [ 24.9078214, 58.1458511 ], [ 24.9075093, 58.145798 ], [ 24.9073468, 58.1456037 ], [ 24.9074006, 58.1454291 ], [ 24.9070522, 58.1452995 ], [ 24.9065752, 58.1454272 ], [ 24.9065016, 58.1455697 ], [ 24.9059884, 58.145724 ], [ 24.9057838, 58.1459257 ], [ 24.9054705, 58.1459171 ], [ 24.9051034, 58.1462502 ], [ 24.9044009, 58.1461966 ], [ 24.9042395, 58.1459911 ], [ 24.9038292, 58.146109 ], [ 24.9031792, 58.1461201 ], [ 24.9028636, 58.1458591 ], [ 24.9026578, 58.1458171 ], [ 24.9025152, 58.1458437 ], [ 24.9023118, 58.1461102 ], [ 24.9012784, 58.1460658 ], [ 24.9010025, 58.1462595 ], [ 24.9007652, 58.1460682 ], [ 24.9002169, 58.1460386 ], [ 24.900363, 58.1458905 ], [ 24.9001456, 58.1457721 ], [ 24.8996862, 58.1458665 ], [ 24.8995482, 58.1459782 ], [ 24.8994933, 58.1457857 ], [ 24.898959, 58.1455253 ], [ 24.8984727, 58.1456024 ], [ 24.8985347, 58.1454759 ], [ 24.8981828, 58.1454038 ], [ 24.8981653, 58.1452748 ], [ 24.8976451, 58.1452051 ], [ 24.8968443, 58.1448565 ], [ 24.8965614, 58.144875 ], [ 24.8963965, 58.1450286 ], [ 24.8962305, 58.1448503 ], [ 24.8956145, 58.1448164 ], [ 24.8953994, 58.1450552 ], [ 24.8952182, 58.1450657 ], [ 24.8950732, 58.1444271 ], [ 24.894906, 58.1444413 ], [ 24.8946243, 58.1446424 ], [ 24.8943274, 58.1446288 ], [ 24.8946535, 58.1442975 ], [ 24.8946278, 58.1440482 ], [ 24.8941041, 58.1439255 ], [ 24.8934331, 58.1440489 ], [ 24.8931314, 58.1440297 ], [ 24.8922512, 58.1435565 ], [ 24.8918397, 58.1431283 ], [ 24.8912119, 58.1430882 ], [ 24.890929, 58.1428482 ], [ 24.8899482, 58.1428574 ], [ 24.8896162, 58.1430709 ], [ 24.8892561, 58.1431419 ], [ 24.8821613, 58.1434602 ], [ 24.8772935, 58.1434171 ], [ 24.8758918, 58.143683 ] ] } },
{ "type": "Feature", "properties": { "source_fid": "w328563029", "name": "Humalaste jõgi" }, "geometry": { "type": "LineString", "coordinates": [ [ 24.9134192, 58.1452934 ], [ 24.9131183, 58.145215 ] ] } },
{ "type": "Feature", "properties": { "source_fid": "w328563030", "name": "Humalaste jõgi" }, "geometry": { "type": "LineString", "coordinates": [ [ 24.9695584, 58.1374641 ], [ 24.9699418, 58.1377108 ], [ 24.9698717, 58.1378527 ], [ 24.9701546, 58.1383662 ], [ 24.9698132, 58.1390413 ], [ 24.9695397, 58.139214 ], [ 24.9697291, 58.1393202 ], [ 24.9700213, 58.1400422 ] ] } },
{ "type": "Feature", "properties": { "source_fid": "w328563031", "name": "Humalaste jõgi" }, "geometry": { "type": "LineString", "coordinates": [ [ 24.8988562, 58.1455315 ], [ 24.8985336, 58.1454843 ] ] } },
{ "type": "Feature", "properties": { "source_fid": "w328563032", "name": "Humalaste jõgi" }, "geometry": { "type": "LineString", "coordinates": [ [ 24.894927, 58.1444349 ], [ 24.8946535, 58.1442975 ] ] } },
{ "type": "Feature", "properties": { "source_fid": "w328563033", "name": "Humalaste jõgi" }, "geometry": { "type": "LineString", "coordinates": [ [ 24.975031, 58.135168 ], [ 24.9740308, 58.1349699 ], [ 24.9739779, 58.1348224 ], [ 24.9731628, 58.1345736 ], [ 24.9729892, 58.1346286 ], [ 24.9728272, 58.1345291 ], [ 24.9717807, 58.1344392 ], [ 24.9711343, 58.1345728 ], [ 24.9710682, 58.1345003 ], [ 24.9706631, 58.1345509 ], [ 24.9704644, 58.1347726 ], [ 24.9700676, 58.1349044 ], [ 24.9696163, 58.135792 ], [ 24.96978, 58.1362118 ], [ 24.9693336, 58.1372337 ], [ 24.9694212, 58.1373664 ] ] } },
{ "type": "Feature", "properties": { "source_fid": "w328563034", "name": "Humalaste jõgi" }, "geometry": { "type": "LineString", "coordinates": [ [ 24.9711343, 58.1345728 ], [ 24.9710397, 58.1346766 ], [ 24.9704644, 58.1347726 ] ] } },
{ "type": "Feature", "properties": { "source_fid": "w328563035", "name": "Humalaste jõgi" }, "geometry": { "type": "LineString", "coordinates": [ [ 24.8892561, 58.1431419 ], [ 24.8890176, 58.1432431 ], [ 24.8887208, 58.1431466 ] ] } },
{ "type": "Feature", "properties": { "source_fid": "w328563036", "name": "Humalaste jõgi" }, "geometry": { "type": "LineString", "coordinates": [ [ 25.0039017, 58.1437272 ], [ 25.005174, 58.1432102 ], [ 25.0052176, 58.1430337 ], [ 25.0049779, 58.1427424 ] ] } },
{ "type": "Feature", "properties": { "source_fid": "w328563037", "name": "Humalaste jõgi" }, "geometry": { "type": "LineString", "coordinates": [ [ 24.9684145, 58.1431161 ], [ 24.9684988, 58.1433862 ] ] } },
{ "type": "Feature", "properties": { "source_fid": "w328563038", "name": "Humalaste jõgi" }, "geometry": { "type": "LineString", "coordinates": [ [ 24.8757457, 58.1437101 ], [ 24.8759062, 58.1442881 ], [ 24.875326, 58.144152 ], [ 24.8750714, 58.1443963 ], [ 24.8740397, 58.1444966 ], [ 24.8732032, 58.1442619 ], [ 24.8727287, 58.144357 ], [ 24.8725369, 58.1442287 ], [ 24.8721749, 58.1443937 ], [ 24.8718938, 58.1444259 ], [ 24.8718045, 58.1443073 ], [ 24.8719236, 58.1441764 ], [ 24.8716822, 58.144008 ], [ 24.8714507, 58.1439984 ], [ 24.8706539, 58.144309 ], [ 24.8703497, 58.1446057 ], [ 24.8701513, 58.1450917 ] ] } },
{ "type": "Feature", "properties": { "source_fid": "w328563039", "name": "Humalaste jõgi" }, "geometry": { "type": "LineString", "coordinates": [ [ 24.9358161, 58.1439798 ], [ 24.9356267, 58.1437959 ], [ 24.935366, 58.143765 ], [ 24.9352807, 58.1438206 ] ] } },
{ "type": "Feature", "properties": { "source_fid": "w329139567", "name": "Saki jõgi" }, "geometry": { "type": "LineString", "coordinates": [ [ 24.6117789, 58.5440678 ], [ 24.6129499, 58.5434722 ], [ 24.6150305, 58.5391264 ], [ 24.6153205, 58.5387965 ] ] } },
{ "type": "Feature", "properties": { "source_fid": "w329139569", "name": "Saki jõgi" }, "geometry": { "type": "LineString", "coordinates": [ [ 24.652786, 58.5939132 ], [ 24.6502358, 58.5944916 ], [ 24.6494157, 58.5941216 ], [ 24.6486406, 58.5943168 ] ] } },
{ "type": "Feature", "properties": { "source_fid": "w329139570", "name": "Saki jõgi" }, "geometry": { "type": "LineString", "coordinates": [ [ 24.6503149, 58.5691962 ], [ 24.6509769, 58.5684137 ], [ 24.6508411, 58.5682352 ], [ 24.6265084, 58.5572977 ] ] } },
{ "type": "Feature", "properties": { "source_fid": "w329139571", "name": "Saki jõgi" }, "geometry": { "type": "LineString", "coordinates": [ [ 24.6456252, 58.5829911 ], [ 24.6465854, 58.577554 ], [ 24.6492075, 58.5705677 ], [ 24.6502598, 58.5692557 ] ] } },
{ "type": "Feature", "properties": { "source_fid": "w329139572", "name": "Saki jõgi" }, "geometry": { "type": "LineString", "coordinates": [ [ 24.6153948, 58.5387162 ], [ 24.6178253, 58.5360445 ], [ 24.6177484, 58.5349727 ], [ 24.6188488, 58.534608 ] ] } },
{ "type": "Feature", "properties": { "source_fid": "w329139573", "name": "Saki jõgi" }, "geometry": { "type": "LineString", "coordinates": [ [ 24.6728432, 58.5992661 ], [ 24.6695734, 58.5993909 ], [ 24.6686513, 58.5991418 ], [ 24.6655839, 58.5978267 ], [ 24.6650079, 58.5967491 ], [ 24.6638318, 58.5961446 ], [ 24.6637518, 58.5958257 ], [ 24.6628767, 58.5954781 ] ] } },
{ "type": "Feature", "properties": { "source_fid": "w329139574", "name": "Saki jõgi" }, "geometry": { "type": "LineString", "coordinates": [ [ 24.6433041, 58.5927153 ], [ 24.6432122, 58.5926792 ] ] } },
{ "type": "Feature", "properties": { "source_fid": "w329139575", "name": "Saki jõgi" }, "geometry": { "type": "LineString", "coordinates": [ [ 24.6455892, 58.5830641 ], [ 24.6456252, 58.5829911 ] ] } },
{ "type": "Feature", "properties": { "source_fid": "w329139576", "name": "Saki jõgi" }, "geometry": { "type": "LineString", "coordinates": [ [ 24.6265084, 58.5572977 ], [ 24.626415, 58.5572519 ] ] } },
{ "type": "Feature", "properties": { "source_fid": "w329139577", "name": "Saki jõgi" }, "geometry": { "type": "LineString", "coordinates": [ [ 24.6628767, 58.5954781 ], [ 24.6626427, 58.5954171 ] ] } },
{ "type": "Feature", "properties": { "source_fid": "w329139578", "name": "Saki jõgi" }, "geometry": { "type": "LineString", "coordinates": [ [ 24.6486406, 58.5943168 ], [ 24.6485331, 58.5942247 ] ] } },
{ "type": "Feature", "properties": { "source_fid": "w329139579", "name": "Saki jõgi" }, "geometry": { "type": "LineString", "coordinates": [ [ 24.6210559, 58.5281418 ], [ 24.6210769, 58.5280859 ] ] } },
{ "type": "Feature", "properties": { "source_fid": "w329139580", "name": "Saki jõgi" }, "geometry": { "type": "LineString", "coordinates": [ [ 24.6153205, 58.5387965 ], [ 24.6153948, 58.5387162 ] ] } },
{ "type": "Feature", "properties": { "source_fid": "w329139581", "name": "Saki jõgi" }, "geometry": { "type": "LineString", "coordinates": [ [ 24.626415, 58.5572519 ], [ 24.6262326, 58.5571686 ] ] } },
{ "type": "Feature", "properties": { "source_fid": "w329139582", "name": "Saki jõgi" }, "geometry": { "type": "LineString", "coordinates": [ [ 24.6262326, 58.5571686 ], [ 24.626118, 58.5571177 ] ] } },
{ "type": "Feature", "properties": { "source_fid": "w329139583", "name": "Saki jõgi" }, "geometry": { "type": "LineString", "coordinates": [ [ 24.65293, 58.5938735 ], [ 24.652786, 58.5939132 ] ] } },
{ "type": "Feature", "properties": { "source_fid": "w329139584", "name": "Saki jõgi" }, "geometry": { "type": "LineString", "coordinates": [ [ 24.6188488, 58.534608 ], [ 24.6190001, 58.5345571 ] ] } },
{ "type": "Feature", "properties": { "source_fid": "w329139585", "name": "Saki jõgi" }, "geometry": { "type": "LineString", "coordinates": [ [ 24.6502598, 58.5692557 ], [ 24.6503149, 58.5691962 ] ] } },
{ "type": "Feature", "properties": { "source_fid": "w329139586", "name": "Saki jõgi" }, "geometry": { "type": "LineString", "coordinates": [ [ 24.6116445, 58.5441312 ], [ 24.6117789, 58.5440678 ] ] } },
{ "type": "Feature", "properties": { "source_fid": "w329139587", "name": "Saki jõgi" }, "geometry": { "type": "LineString", "coordinates": [ [ 24.6432122, 58.5926792 ], [ 24.6406028, 58.5916024 ], [ 24.639378, 58.5885042 ], [ 24.6418349, 58.5863679 ], [ 24.6453292, 58.5846509 ], [ 24.6455892, 58.5830641 ] ] } },
{ "type": "Feature", "properties": { "source_fid": "w329139588", "name": "Saki jõgi" }, "geometry": { "type": "LineString", "coordinates": [ [ 24.6190001, 58.5345571 ], [ 24.6191839, 58.5344715 ], [ 24.6199038, 58.5335782 ], [ 24.6210559, 58.5281418 ] ] } },
{ "type": "Feature", "properties": { "source_fid": "w329139589", "name": "Saki jõgi" }, "geometry": { "type": "LineString", "coordinates": [ [ 24.626118, 58.5571177 ], [ 24.6108604, 58.5502874 ], [ 24.609265, 58.5487053 ], [ 24.6100429, 58.5474256 ], [ 24.610801, 58.5466374 ], [ 24.6114734, 58.5443755 ], [ 24.6116445, 58.5441312 ] ] } },
{ "type": "Feature", "properties": { "source_fid": "w329139590", "name": "Saki jõgi" }, "geometry": { "type": "LineString", "coordinates": [ [ 24.6626427, 58.5954171 ], [ 24.6620927, 58.5952347 ], [ 24.6613666, 58.5951962 ], [ 24.6602125, 58.5949658 ], [ 24.6588764, 58.5949064 ], [ 24.6583464, 58.5946563 ], [ 24.6582224, 58.5944114 ], [ 24.6571603, 58.5941268 ], [ 24.6566042, 58.5942092 ], [ 24.6561022, 58.5939319 ], [ 24.6555042, 58.5938756 ], [ 24.6552501, 58.5936505 ], [ 24.6547901, 58.5935671 ], [ 24.6545521, 58.5933847 ], [ 24.65293, 58.5938735 ] ] } },
{ "type": "Feature", "properties": { "source_fid": "w329139591", "name": "Saki jõgi" }, "geometry": { "type": "LineString", "coordinates": [ [ 24.6210769, 58.5280859 ], [ 24.6211859, 58.5279157 ], [ 24.6216353, 58.5278624 ] ] } },
{ "type": "Feature", "properties": { "source_fid": "w329139592", "name": "Saki jõgi" }, "geometry": { "type": "LineString", "coordinates": [ [ 24.6485331, 58.5942247 ], [ 24.6480508, 58.5941583 ], [ 24.6470056, 58.5942166 ], [ 24.6433041, 58.5927153 ] ] } },
{ "type": "Feature", "properties": { "source_fid": "w329435828", "name": "Tõstamaa jõgi" }, "geometry": { "type": "LineString", "coordinates": [ [ 23.9975974, 58.3359736 ], [ 23.9976278, 58.3351411 ], [ 23.9982668, 58.3347695 ], [ 23.9978975, 58.3340628 ], [ 23.9973887, 58.3337241 ], [ 23.9975675, 58.3334579 ], [ 23.9972554, 58.3328862 ], [ 23.9976033, 58.3325756 ], [ 23.997665, 58.332393 ], [ 23.9975057, 58.3320448 ], [ 23.9976325, 58.3318383 ], [ 23.9972262, 58.3315482 ], [ 23.9974277, 58.3313536 ], [ 23.9978828, 58.3313212 ], [ 23.9978487, 58.330879 ], [ 23.998337, 58.3306181 ], [ 23.9985569, 58.330347 ], [ 23.9988789, 58.3302097 ], [ 23.9986892, 58.3300641 ], [ 23.9989618, 58.3298607 ], [ 23.9987149, 58.3294863 ], [ 23.9989899, 58.3292756 ], [ 23.9990237, 58.3288779 ], [ 23.9999908, 58.3270979 ], [ 24.0001756, 58.3269097 ], [ 24.0003492, 58.3270363 ], [ 24.0004732, 58.3269831 ], [ 24.0003289, 58.3265735 ], [ 24.0006039, 58.3263936 ], [ 24.003221, 58.3253627 ], [ 24.0038386, 58.3248395 ], [ 24.0045779, 58.3244256 ], [ 24.0047786, 58.3240488 ], [ 24.0063747, 58.322249 ], [ 24.0064476, 58.3218553 ], [ 24.0070191, 58.3213344 ], [ 24.0069875, 58.321113 ], [ 24.0075894, 58.3198902 ], [ 24.0078136, 58.3196268 ], [ 24.008186, 58.3194932 ] ] } },
{ "type": "Feature", "properties": { "source_fid": "w368450092", "name": "Lähkma jõgi" }, "geometry": { "type": "LineString", "coordinates": [ [ 24.9814699, 58.1707412 ], [ 24.981241, 58.1710485 ], [ 24.9794956, 58.1718694 ], [ 24.9791257, 58.1718624 ], [ 24.979147, 58.1720406 ], [ 24.9788543, 58.1720967 ], [ 24.9789188, 58.1721395 ], [ 24.9787605, 58.1722427 ], [ 24.9783688, 58.1723332 ], [ 24.978416, 58.1724033 ], [ 24.9781968, 58.1725207 ], [ 24.9778392, 58.1726012 ], [ 24.9777282, 58.1727545 ], [ 24.9767442, 58.1731717 ], [ 24.9767828, 58.1732416 ], [ 24.9751168, 58.1740612 ], [ 24.9746323, 58.1743831 ], [ 24.9754554, 58.1754001 ], [ 24.975606, 58.1758029 ], [ 24.9758092, 58.1758594 ], [ 24.9763002, 58.1765524 ] ] } },
{ "type": "Feature", "properties": { "source_fid": "w368450093", "name": "Lähkma jõgi" }, "geometry": { "type": "LineString", "coordinates": [ [ 24.9815238, 58.1706759 ], [ 24.9814699, 58.1707412 ] ] } },
{ "type": "Feature", "properties": { "source_fid": "w381960234", "name": "Ura jõgi" }, "geometry": { "type": "LineString", "coordinates": [ [ 24.5964323, 58.2882435 ], [ 24.5961803, 58.2884897 ], [ 24.5938575, 58.2893723 ], [ 24.5926515, 58.2899289 ] ] } },
{ "type": "Feature", "properties": { "source_fid": "w412510650", "name": "Kõnnu jõgi" }, "geometry": { "type": "LineString", "coordinates": [ [ 24.8493063, 58.7629651 ], [ 24.848988, 58.7629585 ], [ 24.8487067, 58.7628059 ], [ 24.8456187, 58.7540841 ] ] } },
{ "type": "Feature", "properties": { "source_fid": "w412510651", "name": null }, "geometry": { "type": "LineString", "coordinates": [ [ 24.8456187, 58.7540841 ], [ 24.8455855, 58.7539711 ] ] } },
{ "type": "Feature", "properties": { "source_fid": "w444144573", "name": "Kurina jõgi" }, "geometry": { "type": "LineString", "coordinates": [ [ 24.943274, 58.3391753 ], [ 24.9575685, 58.3471582 ], [ 24.9633114, 58.3504803 ], [ 24.9628885, 58.3533636 ], [ 24.9626928, 58.3570238 ], [ 24.9573682, 58.3614507 ], [ 24.9541069, 58.3644524 ], [ 24.9506052, 58.368085 ], [ 24.949893, 58.369573 ], [ 24.9479267, 58.3720803 ], [ 24.9473252, 58.3723793 ], [ 24.944346, 58.3725281 ], [ 24.9428734, 58.3734223 ] ] } },
{ "type": "Feature", "properties": { "source_fid": "w444235460", "name": "Sauga jõgi" }, "geometry": { "type": "LineString", "coordinates": [ [ 24.9179562, 58.6793544 ], [ 24.9168099, 58.6725793 ], [ 24.9172703, 58.6707717 ], [ 24.9177683, 58.66999 ], [ 24.9241293, 58.6648989 ], [ 24.923406, 58.6624061 ] ] } },
{ "type": "Feature", "properties": { "source_fid": "w444235664", "name": "Sauga jõgi" }, "geometry": { "type": "LineString", "coordinates": [ [ 24.9193561, 58.7330508 ], [ 24.9173399, 58.7262444 ], [ 24.9156383, 58.7243767 ], [ 24.9216167, 58.7155514 ] ] } },
{ "type": "Feature", "properties": { "source_fid": "w444617167", "name": "Pärnu jõgi" }, "geometry": { "type": "LineString", "coordinates": [ [ 25.0196253, 58.5870795 ], [ 25.0197324, 58.5865513 ], [ 25.0192603, 58.5862158 ], [ 25.0184557, 58.5859083 ], [ 25.0177905, 58.5860145 ], [ 25.017533, 58.5861711 ], [ 25.0172525, 58.5869221 ] ] } },
{ "type": "Feature", "properties": { "source_fid": "w444621190", "name": null }, "geometry": { "type": "LineString", "coordinates": [ [ 24.6013798, 58.2888961 ], [ 24.6018536, 58.2890695 ] ] } },
{ "type": "Feature", "properties": { "source_fid": "w444621192", "name": null }, "geometry": { "type": "LineString", "coordinates": [ [ 24.6018536, 58.2890695 ], [ 24.6032536, 58.2895587 ], [ 24.6034476, 58.2900038 ], [ 24.6039863, 58.290593 ], [ 24.6044924, 58.2908799 ], [ 24.6054876, 58.2911224 ], [ 24.6064311, 58.2909978 ], [ 24.6067537, 58.2911046 ], [ 24.6069021, 58.2914403 ], [ 24.6064328, 58.2918888 ], [ 24.606815, 58.2926789 ], [ 24.6065553, 58.2928094 ], [ 24.606036, 58.2929137 ], [ 24.6059489, 58.2931112 ], [ 24.607236, 58.2936148 ], [ 24.6077828, 58.2936309 ], [ 24.6081748, 58.2937877 ], [ 24.6085312, 58.2941022 ], [ 24.6103426, 58.2947855 ], [ 24.6105394, 58.2949609 ], [ 24.6105129, 58.2953693 ] ] } },
{ "type": "Feature", "properties": { "source_fid": "w446573963", "name": "Saarjõgi" }, "geometry": { "type": "LineString", "coordinates": [ [ 25.2955233, 58.6370169 ], [ 25.2958524, 58.6371974 ], [ 25.2961378, 58.6371618 ], [ 25.2960253, 58.6369903 ], [ 25.295507, 58.636884 ] ] } },
{ "type": "Feature", "properties": { "source_fid": "w446573965", "name": "Saarjõgi" }, "geometry": { "type": "LineString", "coordinates": [ [ 25.2948892, 58.6379429 ], [ 25.2945701, 58.6378152 ] ] } },
{ "type": "Feature", "properties": { "source_fid": "w447505286", "name": "Sauga jõgi" }, "geometry": { "type": "LineString", "coordinates": [ [ 24.8736479, 58.5996736 ], [ 24.8738253, 58.5994888 ], [ 24.8773928, 58.5984524 ], [ 24.8780616, 58.5979662 ], [ 24.8779916, 58.5975514 ], [ 24.8682658, 58.5889398 ], [ 24.8670685, 58.5880806 ], [ 24.865244, 58.586551 ], [ 24.8652651, 58.5859126 ], [ 24.8665399, 58.5850482 ], [ 24.8665375, 58.5846256 ], [ 24.8649491, 58.5830718 ], [ 24.8576429, 58.5765912 ], [ 24.8554128, 58.5763524 ], [ 24.8486496, 58.5761663 ], [ 24.8483854, 58.5760974 ], [ 24.8477723, 58.5756484 ], [ 24.8359625, 58.5686532 ], [ 24.8347301, 58.5678286 ], [ 24.8335452, 58.5672003 ], [ 24.8327144, 58.5664149 ], [ 24.8307949, 58.5649134 ], [ 24.82938, 58.5634355 ], [ 24.8291789, 58.5633385 ], [ 24.8279194, 58.563132 ], [ 24.8276126, 58.5629587 ] ] } },
{ "type": "Feature", "properties": { "source_fid": "w463115413", "name": null }, "geometry": { "type": "LineString", "coordinates": [ [ 25.062022, 58.7348585 ], [ 25.0620318, 58.7350301 ], [ 25.0616176, 58.7349869 ], [ 25.0615683, 58.7347684 ] ] } },
{ "type": "Feature", "properties": { "source_fid": "w463154075", "name": null }, "geometry": { "type": "LineString", "coordinates": [ [ 25.0713806, 58.7425481 ], [ 25.0714481, 58.7423402 ] ] } },
{ "type": "Feature", "properties": { "source_fid": "w463247907", "name": null }, "geometry": { "type": "LineString", "coordinates": [ [ 25.100785, 58.7397556 ], [ 25.1004202, 58.7395148 ], [ 25.1004551, 58.739242 ], [ 25.100616, 58.7390151 ], [ 25.1010562, 58.7388678 ] ] } },
{ "type": "Feature", "properties": { "source_fid": "w463254266", "name": null }, "geometry": { "type": "LineString", "coordinates": [ [ 25.1010273, 58.7415046 ], [ 25.1007159, 58.7412566 ], [ 25.1006309, 58.7409334 ], [ 25.1008185, 58.7406598 ], [ 25.1012675, 58.7404299 ] ] } },
{ "type": "Feature", "properties": { "source_fid": "w463254268", "name": null }, "geometry": { "type": "LineString", "coordinates": [ [ 25.1008362, 58.7427074 ], [ 25.1006238, 58.742645 ], [ 25.1005177, 58.7424963 ], [ 25.1008999, 58.7422685 ], [ 25.1014455, 58.7421 ] ] } },
{ "type": "Feature", "properties": { "source_fid": "w463590246", "name": "Sauga jõgi" }, "geometry": { "type": "LineString", "coordinates": [ [ 24.9228649, 58.7674537 ], [ 24.9235235, 58.7668995 ], [ 24.9176504, 58.7647542 ], [ 24.9177298, 58.7637124 ], [ 24.91304, 58.7568592 ], [ 24.9134733, 58.7564363 ], [ 24.9130371, 58.7559839 ] ] } },
{ "type": "Feature", "properties": { "source_fid": "w465014532", "name": null }, "geometry": { "type": "LineString", "coordinates": [ [ 25.0569041, 58.7213508 ], [ 25.0565986, 58.7213619 ], [ 25.0564404, 58.7214625 ], [ 25.0562965, 58.7213425 ], [ 25.0563711, 58.7212078 ], [ 25.0569199, 58.7210123 ] ] } },
{ "type": "Feature", "properties": { "source_fid": "w465144661", "name": null }, "geometry": { "type": "LineString", "coordinates": [ [ 25.0625477, 58.7307048 ], [ 25.0622716, 58.7305725 ], [ 25.0621973, 58.7301849 ], [ 25.0626609, 58.7296999 ], [ 25.0635033, 58.729529 ], [ 25.0640386, 58.7296968 ] ] } },
{ "type": "Feature", "properties": { "source_fid": "w465170031", "name": null }, "geometry": { "type": "LineString", "coordinates": [ [ 25.0638741, 58.7299089 ], [ 25.064115, 58.7299957 ], [ 25.0643778, 58.7299108 ], [ 25.0644824, 58.7295488 ], [ 25.0643541, 58.7292657 ] ] } },
{ "type": "Feature", "properties": { "source_fid": "w465170033", "name": null }, "geometry": { "type": "LineString", "coordinates": [ [ 25.0632408, 58.7311248 ], [ 25.0636868, 58.7313177 ], [ 25.0639345, 58.730987 ], [ 25.0632535, 58.7307093 ] ] } },
{ "type": "Feature", "properties": { "source_fid": "w465386725", "name": null }, "geometry": { "type": "LineString", "coordinates": [ [ 25.100779, 58.7328481 ], [ 25.1003534, 58.7328143 ], [ 25.1002045, 58.7326569 ], [ 25.1002541, 58.732478 ], [ 25.1006815, 58.7321788 ], [ 25.1005961, 58.7319269 ], [ 25.0995537, 58.7315076 ], [ 25.0980351, 58.7312006 ], [ 25.0979653, 58.7310696 ], [ 25.0981418, 58.7309622 ], [ 25.0998515, 58.730623 ], [ 25.1007119, 58.7301177 ], [ 25.1009711, 58.7301606 ], [ 25.1015116, 58.7305385 ], [ 25.1019943, 58.7307198 ] ] } },
{ "type": "Feature", "properties": { "source_fid": "w465483596", "name": "Sauga jõgi" }, "geometry": { "type": "LineString", "coordinates": [ [ 24.9065652, 58.7407396 ], [ 24.9066979, 58.740667 ] ] } },
{ "type": "Feature", "properties": { "source_fid": "w465483597", "name": "Sauga jõgi" }, "geometry": { "type": "LineString", "coordinates": [ [ 24.9066979, 58.740667 ], [ 24.9193561, 58.7330508 ] ] } },
{ "type": "Feature", "properties": { "source_fid": "w465514121", "name": "Sauga jõgi" }, "geometry": { "type": "LineString", "coordinates": [ [ 24.9229113, 58.7134758 ], [ 24.9228958, 58.7133866 ] ] } },
{ "type": "Feature", "properties": { "source_fid": "w521045322", "name": "Alva jõgi" }, "geometry": { "type": "LineString", "coordinates": [ [ 25.0414444, 58.1490227 ], [ 25.0414352, 58.1490053 ] ] } },
{ "type": "Feature", "properties": { "source_fid": "w521045323", "name": "Alva jõgi" }, "geometry": { "type": "LineString", "coordinates": [ [ 25.0417313, 58.1492235 ], [ 25.0414444, 58.1490227 ] ] } },
{ "type": "Feature", "properties": { "source_fid": "w551449130", "name": "Sauga jõgi" }, "geometry": { "type": "LineString", "coordinates": [ [ 24.8116711, 58.558643 ], [ 24.8114986, 58.5586592 ] ] } },
{ "type": "Feature", "properties": { "source_fid": "w551449135", "name": "Sauga jõgi" }, "geometry": { "type": "LineString", "coordinates": [ [ 24.5635769, 58.5123352 ], [ 24.5629935, 58.5124767 ], [ 24.5622934, 58.5130206 ] ] } },
{ "type": "Feature", "properties": { "source_fid": "w656474735", "name": "Paadrema jõgi" }, "geometry": { "type": "LineString", "coordinates": [ [ 23.9907526, 58.4366562 ], [ 23.9756187, 58.4346645 ], [ 23.9752443, 58.4346456 ], [ 23.9749523, 58.4347228 ] ] } },
{ "type": "Feature", "properties": { "source_fid": "w656474755", "name": null }, "geometry": { "type": "LineString", "coordinates": [ [ 23.9647375, 58.4577491 ], [ 23.9647113, 58.4578433 ] ] } },
{ "type": "Feature", "properties": { "source_fid": "w678891165", "name": "Sauga jõgi" }, "geometry": { "type": "LineString", "coordinates": [ [ 24.8274533, 58.5628393 ], [ 24.8263821, 58.5619739 ], [ 24.8259988, 58.5618578 ], [ 24.8248119, 58.5618019 ], [ 24.8210299, 58.5620537 ] ] } },
{ "type": "Feature", "properties": { "source_fid": "w678891166", "name": "Sauga jõgi" }, "geometry": { "type": "LineString", "coordinates": [ [ 24.8276126, 58.5629587 ], [ 24.8274533, 58.5628393 ] ] } },
{ "type": "Feature", "properties": { "source_fid": "w684534032", "name": "Halliste jõgi" }, "geometry": { "type": "LineString", "coordinates": [ [ 24.9957008, 58.4220084 ], [ 24.9950521, 58.4219109 ], [ 24.9948022, 58.4217865 ], [ 24.9948884, 58.4214306 ], [ 24.9946681, 58.4209523 ], [ 24.9944519, 58.4208188 ], [ 24.993908, 58.4208186 ], [ 24.9936611, 58.4210003 ], [ 24.9935535, 58.4213028 ], [ 24.9926242, 58.421799 ], [ 24.9923379, 58.4217923 ], [ 24.9921163, 58.4216677 ], [ 24.9916881, 58.4210513 ], [ 24.9912857, 58.4209429 ], [ 24.9909601, 58.4209499 ], [ 24.9906921, 58.4211898 ], [ 24.9908404, 58.4217281 ], [ 24.9902791, 58.4222169 ], [ 24.9894593, 58.4223763 ], [ 24.9890367, 58.422662 ], [ 24.9885449, 58.4227014 ], [ 24.9881251, 58.4225799 ], [ 24.9880313, 58.4224676 ], [ 24.9881677, 58.4217755 ], [ 24.9880632, 58.4215876 ], [ 24.9876824, 58.4214419 ], [ 24.9870774, 58.4214823 ], [ 24.9865144, 58.4220127 ], [ 24.9861691, 58.4221268 ], [ 24.9859619, 58.4219085 ], [ 24.9860808, 58.4213012 ] ] } },
{ "type": "Feature", "properties": { "source_fid": "w684534033", "name": "Halliste jõgi" }, "geometry": { "type": "LineString", "coordinates": [ [ 24.9854357, 58.4214265 ], [ 24.985274, 58.4215185 ], [ 24.9852656, 58.4217251 ], [ 24.9847878, 58.4220617 ], [ 24.9844544, 58.4224997 ], [ 24.9844283, 58.4229844 ], [ 24.9843044, 58.4231116 ], [ 24.9840046, 58.4232299 ], [ 24.9827429, 58.4233926 ], [ 24.9825637, 58.4235694 ], [ 24.9829344, 58.4238578 ], [ 24.9837223, 58.4240762 ], [ 24.9839532, 58.4242274 ], [ 24.9842937, 58.4247554 ], [ 24.9842881, 58.4250601 ], [ 24.983652, 58.425918 ], [ 24.983969, 58.4261087 ], [ 24.9845722, 58.4262199 ] ] } },
{ "type": "Feature", "properties": { "source_fid": "w684534034", "name": "Halliste jõgi" }, "geometry": { "type": "LineString", "coordinates": [ [ 24.9845722, 58.4262199 ], [ 24.984815, 58.4262731 ], [ 24.9850751, 58.4264554 ], [ 24.9847839, 58.4266821 ], [ 24.9831086, 58.4269506 ], [ 24.9828275, 58.4269304 ], [ 24.9826802, 58.4270297 ], [ 24.9831104, 58.4273191 ], [ 24.9839471, 58.4275549 ], [ 24.9843753, 58.4277716 ], [ 24.984598, 58.4280344 ], [ 24.9844683, 58.4282598 ], [ 24.9836622, 58.4286122 ], [ 24.9825999, 58.4288225 ], [ 24.9821173, 58.4289912 ], [ 24.9817703, 58.429349 ], [ 24.9819093, 58.4297611 ], [ 24.9816709, 58.4302563 ], [ 24.9813387, 58.4304342 ], [ 24.9807328, 58.4304478 ], [ 24.9803534, 58.4305592 ], [ 24.9799751, 58.4307137 ], [ 24.9799304, 58.4308359 ], [ 24.9801686, 58.4310451 ], [ 24.9815906, 58.4313388 ], [ 24.9824097, 58.4321588 ], [ 24.9826917, 58.4321076 ], [ 24.9831152, 58.4317492 ], [ 24.9833023, 58.4317522 ], [ 24.98345, 58.4318685 ], [ 24.9834943, 58.4321327 ], [ 24.9833157, 58.4326378 ], [ 24.9827824, 58.4334266 ], [ 24.9828434, 58.4337858 ], [ 24.982563, 58.4338905 ], [ 24.9817549, 58.4337718 ], [ 24.9814447, 58.4339273 ], [ 24.9816265, 58.4342484 ], [ 24.982374, 58.4346335 ], [ 24.9826254, 58.4353137 ], [ 24.9833221, 58.4357036 ], [ 24.9833159, 58.4359905 ], [ 24.9829645, 58.4363974 ], [ 24.9820964, 58.4365661 ], [ 24.9816133, 58.436821 ], [ 24.9814643, 58.4370688 ], [ 24.9816169, 58.4372564 ], [ 24.9829311, 58.4380413 ], [ 24.9839044, 58.438389 ], [ 24.9839935, 58.4385355 ], [ 24.983889, 58.439156 ], [ 24.9840478, 58.4393613 ], [ 24.9856391, 58.4397132 ], [ 24.9859136, 58.4398998 ], [ 24.9862997, 58.4409341 ], [ 24.9859628, 58.4413499 ], [ 24.9853893, 58.4416188 ], [ 24.9853358, 58.4417352 ], [ 24.9865898, 58.4433959 ], [ 24.9867981, 58.4440497 ], [ 24.9860199, 58.4447021 ], [ 24.986027, 58.4465746 ], [ 24.9854282, 58.4469522 ], [ 24.9852999, 58.4472311 ], [ 24.985698, 58.447983 ], [ 24.9856616, 58.4483013 ], [ 24.9853475, 58.4485236 ], [ 24.9843588, 58.4489533 ], [ 24.9835215, 58.4491217 ], [ 24.9833221, 58.4492897 ], [ 24.9836879, 58.4496956 ], [ 24.983782, 58.4500218 ], [ 24.9845975, 58.4506932 ], [ 24.9848868, 58.4507995 ], [ 24.9848474, 58.4509112 ], [ 24.9845964, 58.4510618 ], [ 24.9837042, 58.4511905 ], [ 24.9829594, 58.4518293 ], [ 24.982407, 58.4521516 ], [ 24.9813628, 58.453237 ], [ 24.9808524, 58.4534386 ], [ 24.9802148, 58.4534479 ], [ 24.9799846, 58.4535314 ], [ 24.9798752, 58.453779 ], [ 24.980102, 58.4541814 ], [ 24.9797445, 58.4545825 ], [ 24.9797618, 58.4549999 ], [ 24.9794895, 58.4550971 ], [ 24.9789592, 58.4549927 ], [ 24.9786646, 58.4551034 ], [ 24.9785581, 58.4552484 ], [ 24.9786047, 58.4553952 ], [ 24.9789977, 58.4556612 ], [ 24.9801937, 58.4558452 ], [ 24.9806752, 58.4560302 ], [ 24.9807835, 58.4561513 ], [ 24.9809005, 58.45699 ], [ 24.9806069, 58.4571394 ], [ 24.9796294, 58.4571662 ], [ 24.9793343, 58.4572621 ], [ 24.9792298, 58.4574784 ], [ 24.9793816, 58.4577373 ], [ 24.9797046, 58.4579325 ], [ 24.9801497, 58.4580286 ], [ 24.9816151, 58.4578064 ], [ 24.9819832, 58.4579878 ], [ 24.98194, 58.4581665 ], [ 24.9813436, 58.4585396 ], [ 24.980558, 58.4588414 ], [ 24.9805743, 58.4592232 ], [ 24.9810483, 58.4593414 ], [ 24.9817975, 58.4592584 ], [ 24.9820586, 58.4593693 ], [ 24.9821407, 58.4596689 ], [ 24.98238, 58.4598068 ], [ 24.9826919, 58.4598088 ], [ 24.9829926, 58.4597084 ], [ 24.9833864, 58.459799 ], [ 24.9834881, 58.459987 ], [ 24.9831725, 58.4607666 ], [ 24.983608, 58.4610278 ], [ 24.9842288, 58.4610186 ], [ 24.9852903, 58.4605438 ], [ 24.9856899, 58.4605363 ], [ 24.9859857, 58.4606677 ], [ 24.9862542, 58.4611412 ], [ 24.9861951, 58.4617658 ], [ 24.9864792, 58.4621857 ], [ 24.9864889, 58.462734 ], [ 24.9863118, 58.4635973 ], [ 24.9852398, 58.4665332 ], [ 24.984279, 58.4672673 ], [ 24.9820486, 58.4681464 ], [ 24.981138, 58.4686482 ], [ 24.980799, 58.4692067 ], [ 24.9809668, 58.469834 ], [ 24.9820833, 58.4707052 ], [ 24.9843827, 58.4730951 ], [ 24.9859457, 58.4739034 ], [ 24.9874858, 58.4750016 ], [ 24.9880908, 58.4753284 ], [ 24.9903658, 58.4760241 ], [ 24.9908449, 58.4762091 ], [ 24.9914231, 58.4765911 ], [ 24.9919169, 58.4772025 ], [ 24.9915837, 58.4783642 ], [ 24.9918369, 58.4787888 ], [ 24.9923404, 58.479036 ], [ 24.9930411, 58.4792327 ], [ 24.9962905, 58.4797544 ], [ 24.996923, 58.4799471 ], [ 24.9974593, 58.4802491 ], [ 24.9976863, 58.4805475 ], [ 24.9976978, 58.4820514 ], [ 24.9971342, 58.4832907 ], [ 24.9971028, 58.4836818 ], [ 24.997309, 58.4840473 ], [ 24.9979558, 58.4846396 ], [ 24.9990287, 58.4851484 ], [ 25.0007292, 58.4853685 ], [ 25.001598, 58.4858818 ], [ 25.0027521, 58.4868432 ], [ 25.0031961, 58.4870865 ], [ 25.0054322, 58.4880706 ], [ 25.0071301, 58.4885907 ], [ 25.0104097, 58.4892381 ], [ 25.0126933, 58.489495 ], [ 25.0131097, 58.4897607 ], [ 25.0135764, 58.490295 ], [ 25.0139802, 58.4904226 ], [ 25.0147757, 58.4904475 ], [ 25.0157739, 58.4903192 ], [ 25.0170544, 58.4903358 ], [ 25.0183084, 58.490415 ], [ 25.0191076, 58.4905706 ], [ 25.0194542, 58.490877 ], [ 25.019224, 58.4912563 ], [ 25.0191154, 58.491917 ], [ 25.0194353, 58.4927675 ], [ 25.0207959, 58.4940719 ], [ 25.0236407, 58.4959395 ], [ 25.0244201, 58.4965798 ], [ 25.0247634, 58.497057 ], [ 25.0253181, 58.4990425 ], [ 25.026083, 58.5002491 ], [ 25.0271226, 58.5012364 ], [ 25.0316997, 58.504536 ], [ 25.0329072, 58.5052352 ], [ 25.0341664, 58.5055713 ], [ 25.0356589, 58.5058238 ], [ 25.0382724, 58.5060538 ], [ 25.0411464, 58.5060661 ], [ 25.0423892, 58.5062269 ], [ 25.0430943, 58.5065451 ], [ 25.0440236, 58.5075031 ] ] } },
{ "type": "Feature", "properties": { "source_fid": "w684534035", "name": "Halliste jõgi" }, "geometry": { "type": "LineString", "coordinates": [ [ 24.9964339, 58.4216891 ], [ 24.9962782, 58.4218924 ], [ 24.9957008, 58.4220084 ] ] } },
{ "type": "Feature", "properties": { "source_fid": "w684534038", "name": "Pale jõgi" }, "geometry": { "type": "LineString", "coordinates": [ [ 25.2706727, 58.2542497 ], [ 25.2686869, 58.2532812 ], [ 25.2655317, 58.2532754 ], [ 25.2628541, 58.2535369 ], [ 25.2599387, 58.2532165 ], [ 25.2570354, 58.2527354 ], [ 25.2561384, 58.2524988 ] ] } },
{ "type": "Feature", "properties": { "source_fid": "w684534039", "name": "Pale jõgi" }, "geometry": { "type": "LineString", "coordinates": [ [ 25.3006928, 58.2556273 ], [ 25.2955841, 58.2566693 ], [ 25.2928443, 58.2568488 ], [ 25.2849078, 58.2567181 ], [ 25.2822763, 58.2569334 ], [ 25.2749064, 58.2563297 ], [ 25.2706727, 58.2542497 ] ] } },
{ "type": "Feature", "properties": { "source_fid": "w684534040", "name": "Raudna jõgi" }, "geometry": { "type": "LineString", "coordinates": [ [ 25.0080092, 58.4527698 ], [ 25.0063712, 58.4527961 ], [ 25.0022178, 58.4521064 ], [ 25.0018117, 58.4521809 ], [ 25.0006767, 58.4521497 ], [ 24.9988738, 58.4526572 ], [ 24.9982218, 58.453062 ], [ 24.9976322, 58.453664 ], [ 24.997031, 58.4547595 ], [ 24.9966755, 58.455122 ], [ 24.9957434, 58.4554472 ], [ 24.9939432, 58.4555608 ], [ 24.9934673, 58.455676 ], [ 24.9930821, 58.45589 ], [ 24.9931373, 58.4565405 ], [ 24.9929062, 58.4566909 ], [ 24.9917447, 58.4570313 ], [ 24.990999, 58.4570326 ], [ 24.9895681, 58.4573721 ], [ 24.9876502, 58.4581404 ], [ 24.9868864, 58.4583083 ], [ 24.9864032, 58.4585676 ], [ 24.986356, 58.4589098 ], [ 24.9866923, 58.4592713 ], [ 24.9880743, 58.459812 ], [ 24.9891616, 58.4600547 ], [ 24.989519, 58.4604606 ], [ 24.9894916, 58.4605961 ], [ 24.9891827, 58.460805 ], [ 24.9880894, 58.4610557 ], [ 24.987491, 58.4613576 ], [ 24.9864792, 58.4621857 ] ] } },
{ "type": "Feature", "properties": { "source_fid": "w684534041", "name": "Raudna jõgi" }, "geometry": { "type": "LineString", "coordinates": [ [ 25.0132861, 58.4544654 ], [ 25.012259, 58.4546355 ], [ 25.0117533, 58.4545994 ], [ 25.0111206, 58.4542894 ], [ 25.0105505, 58.4534943 ], [ 25.0098803, 58.4530597 ], [ 25.0080092, 58.4527698 ] ] } },
{ "type": "Feature", "properties": { "source_fid": "w684534046", "name": "Tõramaa jõgi" }, "geometry": { "type": "LineString", "coordinates": [ [ 25.0266942, 58.4337338 ], [ 25.0260962, 58.4339557 ], [ 25.0256342, 58.433961 ], [ 25.0255301, 58.4340837 ], [ 25.0256066, 58.4343744 ], [ 25.0252788, 58.4345033 ], [ 25.0248141, 58.4345026 ], [ 25.0243711, 58.4348613 ], [ 25.0238737, 58.4350035 ], [ 25.0232434, 58.4348644 ], [ 25.0231889, 58.4346493 ], [ 25.0227448, 58.4347748 ], [ 25.0226737, 58.4346683 ], [ 25.0228018, 58.4344919 ], [ 25.0226141, 58.4343716 ], [ 25.0219609, 58.4345165 ], [ 25.0217726, 58.4344734 ], [ 25.0213399, 58.4341128 ], [ 25.0206017, 58.4338675 ], [ 25.0206762, 58.4337005 ], [ 25.0200971, 58.433763 ], [ 25.0196945, 58.4336592 ], [ 25.0194742, 58.4336833 ], [ 25.0191825, 58.4338833 ], [ 25.0185732, 58.4339818 ], [ 25.0186127, 58.4341702 ], [ 25.0179761, 58.4344992 ], [ 25.0177802, 58.4345105 ] ] } },
{ "type": "Feature", "properties": { "source_fid": "w684534047", "name": null }, "geometry": { "type": "LineString", "coordinates": [ [ 24.9957008, 58.4220084 ], [ 24.9952409, 58.4223021 ], [ 24.9947206, 58.4223934 ], [ 24.9944524, 58.4225296 ], [ 24.994329, 58.4226616 ], [ 24.9946079, 58.4228161 ], [ 24.9944121, 58.4229369 ], [ 24.9937818, 58.4229664 ], [ 24.9932454, 58.4232122 ], [ 24.993122, 58.4231336 ], [ 24.9932963, 58.4228723 ], [ 24.9931944, 58.422781 ], [ 24.9930147, 58.422774 ], [ 24.9925453, 58.4232459 ], [ 24.9918077, 58.423385 ], [ 24.99162, 58.4237417 ], [ 24.991164, 58.4237515 ], [ 24.9911532, 58.42409 ], [ 24.9910004, 58.4241448 ], [ 24.9907241, 58.424215 ], [ 24.990193, 58.4241055 ], [ 24.9899302, 58.4242234 ], [ 24.9894849, 58.424208 ], [ 24.9893159, 58.4243934 ], [ 24.9887393, 58.4244594 ], [ 24.9887419, 58.424649 ], [ 24.9886266, 58.4246925 ], [ 24.9877603, 58.4247206 ], [ 24.9876396, 58.4249341 ], [ 24.987315, 58.4251167 ], [ 24.9869314, 58.4251125 ], [ 24.9866525, 58.4249397 ], [ 24.9863333, 58.4249088 ], [ 24.9862797, 58.4252515 ], [ 24.9855287, 58.4251321 ], [ 24.9850459, 58.4251757 ], [ 24.9845362, 58.4256574 ], [ 24.9844477, 58.4259818 ], [ 24.9845722, 58.4262199 ] ] } },
{ "type": "Feature", "properties": { "source_fid": "w818543780", "name": "Uruste oja" }, "geometry": { "type": "LineString", "coordinates": [ [ 24.2925385, 58.4124192 ], [ 24.2942832, 58.4125831 ], [ 24.2956433, 58.4123603 ], [ 24.2960402, 58.412203 ], [ 24.296405, 58.4119136 ], [ 24.2976656, 58.4118377 ], [ 24.2984703, 58.4116017 ], [ 24.2994842, 58.411419 ], [ 24.304119, 58.4117562 ], [ 24.3055728, 58.4111717 ], [ 24.3070105, 58.4107081 ], [ 24.3076113, 58.4105872 ], [ 24.309171, 58.4104552 ], [ 24.3127383, 58.4114401 ], [ 24.3133713, 58.4115216 ], [ 24.3177621, 58.4108106 ], [ 24.319763, 58.4109399 ], [ 24.3214474, 58.4119824 ], [ 24.3219678, 58.4121201 ], [ 24.3224975, 58.4124446 ], [ 24.3228623, 58.4129054 ], [ 24.3227148, 58.413185 ], [ 24.3229911, 58.4134126 ], [ 24.3235811, 58.4134716 ], [ 24.3247667, 58.4131878 ], [ 24.3250134, 58.4132511 ], [ 24.3255445, 58.4136079 ], [ 24.3267342, 58.4136884 ] ] } },
{ "type": "Feature", "properties": { "source_fid": "w847183723", "name": "Sauga jõgi" }, "geometry": { "type": "LineString", "coordinates": [ [ 24.4638418, 58.3953092 ], [ 24.4644576, 58.394666 ], [ 24.4653467, 58.3940979 ], [ 24.4665412, 58.3935852 ], [ 24.4697861, 58.3928861 ], [ 24.4710148, 58.3923714 ] ] } },
{ "type": "Feature", "properties": { "source_fid": "w847189821", "name": "Kurina jõgi" }, "geometry": { "type": "LineString", "coordinates": [ [ 24.778862, 58.4334415 ], [ 24.7773816, 58.4334394 ], [ 24.7761777, 58.4323945 ], [ 24.7739256, 58.4319114 ], [ 24.7732201, 58.4318217 ], [ 24.771709, 58.4319014 ], [ 24.7709416, 58.4317623 ] ] } },
{ "type": "Feature", "properties": { "source_fid": "w847189822", "name": "Kurina jõgi" }, "geometry": { "type": "LineString", "coordinates": [ [ 24.7908961, 58.4333901 ], [ 24.7905174, 58.433703 ], [ 24.7897878, 58.4337052 ], [ 24.7883864, 58.4339308 ], [ 24.7873376, 58.4337554 ], [ 24.784458, 58.4335116 ], [ 24.7808792, 58.4330058 ], [ 24.7803251, 58.4330074 ], [ 24.778862, 58.4334415 ] ] } },
{ "type": "Feature", "properties": { "source_fid": "w877896765", "name": "Nurtu jõgi" }, "geometry": { "type": "LineString", "coordinates": [ [ 24.6903754, 58.7503353 ], [ 24.690218, 58.7505643 ], [ 24.6896601, 58.7508578 ], [ 24.6880328, 58.7512265 ], [ 24.6876106, 58.7518752 ], [ 24.6863573, 58.7520125 ], [ 24.6849972, 58.75228 ], [ 24.6855289, 58.752736 ], [ 24.6855824, 58.7529592 ], [ 24.685211, 58.7532891 ], [ 24.6841067, 58.753611 ] ] } },
{ "type": "Feature", "properties": { "source_fid": "w877896766", "name": "Nurtu jõgi" }, "geometry": { "type": "LineString", "coordinates": [ [ 24.7352795, 58.757832 ], [ 24.7351663, 58.7575463 ], [ 24.7352457, 58.7569112 ], [ 24.7351361, 58.7559371 ], [ 24.735916, 58.7552007 ], [ 24.7362111, 58.7547639 ], [ 24.736412, 58.7546416 ], [ 24.7368177, 58.7545806 ], [ 24.7369651, 58.7543827 ], [ 24.7366329, 58.7538611 ], [ 24.736372, 58.7529909 ], [ 24.7355942, 58.7513773 ], [ 24.7352884, 58.7510072 ], [ 24.7347144, 58.7506121 ], [ 24.7344086, 58.7500304 ], [ 24.7337917, 58.7496742 ], [ 24.733443, 58.749588 ], [ 24.7322629, 58.7494822 ], [ 24.7315923, 58.7497021 ], [ 24.731249, 58.7497299 ], [ 24.7306911, 58.7494265 ], [ 24.7276548, 58.7491093 ], [ 24.7272042, 58.749126 ], [ 24.7270218, 58.7490787 ], [ 24.7267161, 58.7487141 ], [ 24.7254661, 58.7481714 ], [ 24.724174, 58.7479456 ] ] } },
{ "type": "Feature", "properties": { "source_fid": "w1004773094", "name": null }, "geometry": { "type": "LineString", "coordinates": [ [ 25.0120849, 58.6303521 ], [ 25.0121261, 58.6304204 ], [ 25.0127229, 58.630533 ], [ 25.012774, 58.6306675 ], [ 25.0125756, 58.6307928 ], [ 25.0119784, 58.6308413 ], [ 25.0114712, 58.6307799 ], [ 25.0113767, 58.6306899 ], [ 25.0116229, 58.6303695 ], [ 25.0115582, 58.6302454 ] ] } },
{ "type": "Feature", "properties": { "source_fid": "w1051914574", "name": "Tõstamaa jõgi" }, "geometry": { "type": "LineString", "coordinates": [ [ 23.9953298, 58.340047 ], [ 23.9951521, 58.339606 ], [ 23.995206, 58.3394618 ], [ 23.9953675, 58.3394251 ], [ 23.9955561, 58.3389727 ], [ 23.9958361, 58.3369316 ], [ 23.99603, 58.3367506 ], [ 23.9975974, 58.3359736 ] ] } },
{ "type": "Feature", "properties": { "source_fid": "w1074581696", "name": "Tõstamaa jõgi" }, "geometry": { "type": "LineString", "coordinates": [ [ 23.9975713, 58.3441927 ], [ 23.9985824, 58.3439405 ], [ 23.9988599, 58.343585 ], [ 23.9986961, 58.3434446 ], [ 23.9985487, 58.3434539 ], [ 23.9983807, 58.3431383 ], [ 23.9977412, 58.342892 ], [ 23.9971775, 58.342892 ], [ 23.9964544, 58.342759 ], [ 23.9961595, 58.3425755 ], [ 23.9962403, 58.342462 ], [ 23.9968082, 58.342388 ], [ 23.9967819, 58.3422893 ], [ 23.9965955, 58.3422182 ], [ 23.9963225, 58.3418949 ], [ 23.996316, 58.3415855 ], [ 23.9958886, 58.3412823 ], [ 23.9959156, 58.341172 ], [ 23.995365, 58.3410046 ], [ 23.9951748, 58.3408202 ], [ 23.9951957, 58.3406855 ], [ 23.9949528, 58.3404446 ], [ 23.99499, 58.3403409 ], [ 23.9952845, 58.3402416 ] ] } },
{ "type": "Feature", "properties": { "source_fid": "w1074581698", "name": null }, "geometry": { "type": "LineString", "coordinates": [ [ 23.9952845, 58.3402416 ], [ 23.9953298, 58.340047 ] ] } },
{ "type": "Feature", "properties": { "source_fid": "w1074581710", "name": "Tõstamaa jõgi" }, "geometry": { "type": "LineString", "coordinates": [ [ 23.9882664, 58.3533837 ], [ 23.9887092, 58.3531986 ], [ 23.9887897, 58.3530804 ], [ 23.9886824, 58.3528637 ], [ 23.9887628, 58.3525344 ], [ 23.9886502, 58.352343 ], [ 23.9883659, 58.3521825 ], [ 23.9881996, 58.3516505 ], [ 23.9885322, 58.3515323 ], [ 23.9884571, 58.3513297 ], [ 23.9886287, 58.3511242 ], [ 23.988913, 58.3510623 ], [ 23.989074, 58.350246 ], [ 23.9893529, 58.350063 ], [ 23.9896158, 58.3500123 ], [ 23.989707, 58.3498237 ], [ 23.9894549, 58.349531 ], [ 23.9895621, 58.3493086 ], [ 23.9891866, 58.3491622 ], [ 23.9891544, 58.3488695 ], [ 23.9889238, 58.3487963 ], [ 23.9886824, 58.3484895 ], [ 23.9889077, 58.3482586 ], [ 23.988736, 58.3478702 ], [ 23.9892215, 58.3472987 ], [ 23.989251, 58.3470172 ], [ 23.9910132, 58.3465006 ], [ 23.9916569, 58.3464415 ], [ 23.9923704, 58.3462557 ], [ 23.9930892, 58.3459235 ], [ 23.9945806, 58.3455406 ], [ 23.9949078, 58.3453745 ], [ 23.9963294, 58.344941 ], [ 23.9967156, 58.3447693 ], [ 23.9968434, 58.3444859 ], [ 23.9971161, 58.3444672 ], [ 23.9973826, 58.3443068 ] ] } },
{ "type": "Feature", "properties": { "source_fid": "w1074581711", "name": null }, "geometry": { "type": "LineString", "coordinates": [ [ 23.9973826, 58.3443068 ], [ 23.9975713, 58.3441927 ] ] } },
{ "type": "Feature", "properties": { "source_fid": "w1090546828", "name": null }, "geometry": { "type": "LineString", "coordinates": [ [ 24.4590669, 58.4039351 ], [ 24.4598245, 58.4036559 ], [ 24.4603092, 58.4032952 ], [ 24.4599987, 58.4030802 ], [ 24.4591098, 58.4030123 ] ] } },
{ "type": "Feature", "properties": { "source_fid": "w1090546829", "name": null }, "geometry": { "type": "LineString", "coordinates": [ [ 24.500881, 58.4459102 ], [ 24.5007093, 58.4456492 ], [ 24.4999852, 58.4458738 ] ] } },
{ "type": "Feature", "properties": { "source_fid": "w1090546836", "name": null }, "geometry": { "type": "LineString", "coordinates": [ [ 25.2126863, 58.5726824 ], [ 25.2123573, 58.5725897 ] ] } },
{ "type": "Feature", "properties": { "source_fid": "w1160231473", "name": "Humalaste jõgi" }, "geometry": { "type": "LineString", "coordinates": [ [ 24.9948667, 58.1373866 ], [ 24.9909436, 58.1373359 ], [ 24.9898487, 58.1365348 ] ] } },
{ "type": "Feature", "properties": { "source_fid": "w1160231520", "name": null }, "geometry": { "type": "LineString", "coordinates": [ [ 24.9898487, 58.1365348 ], [ 24.9897613, 58.1364469 ] ] } },
{ "type": "Feature", "properties": { "source_fid": "w1160231524", "name": null }, "geometry": { "type": "LineString", "coordinates": [ [ 24.9700213, 58.1400422 ], [ 24.9700019, 58.1419971 ], [ 24.969863, 58.1421973 ], [ 24.9684917, 58.143041 ] ] } },
{ "type": "Feature", "properties": { "source_fid": "w1216043706", "name": "Alva jõgi" }, "geometry": { "type": "LineString", "coordinates": [ [ 25.1150644, 58.2505352 ], [ 25.1151218, 58.2505659 ] ] } },
{ "type": "Feature", "properties": { "source_fid": "w1216043707", "name": "Alva jõgi" }, "geometry": { "type": "LineString", "coordinates": [ [ 25.1151218, 58.2505659 ], [ 25.1163865, 58.2509375 ] ] } },
{ "type": "Feature", "properties": { "source_fid": "w1225417980", "name": "Pärnu jõgi" }, "geometry": { "type": "LineString", "coordinates": [ [ 25.271478, 58.732067 ], [ 25.2701642, 58.7325136 ], [ 25.2694205, 58.7323725 ], [ 25.2690787, 58.7321534 ] ] } },
{ "type": "Feature", "properties": { "source_fid": "w1225419799", "name": "Pärnu jõgi" }, "geometry": { "type": "LineString", "coordinates": [ [ 25.2612224, 58.7197729 ], [ 25.2623783, 58.7194066 ], [ 25.2629307, 58.719076 ], [ 25.2639004, 58.7189753 ], [ 25.2641858, 58.7188708 ], [ 25.2650619, 58.7183229 ] ] } },
{ "type": "Feature", "properties": { "source_fid": "w1225419800", "name": "Pärnu jõgi" }, "geometry": { "type": "LineString", "coordinates": [ [ 25.2625766, 58.7185483 ], [ 25.2627397, 58.7182399 ], [ 25.2636552, 58.7175827 ], [ 25.2645904, 58.7173095 ], [ 25.2654354, 58.7168336 ] ] } },
{ "type": "Feature", "properties": { "source_fid": "w1356952503", "name": "Massu jõgi" }, "geometry": { "type": "LineString", "coordinates": [ [ 24.9719598, 58.6671103 ], [ 24.9721871, 58.6670003 ], [ 24.9720267, 58.6668326 ], [ 24.970865, 58.666949 ], [ 24.9703396, 58.6668271 ], [ 24.9703044, 58.6666712 ], [ 24.9706094, 58.6661129 ], [ 24.9704842, 58.6659672 ], [ 24.969393, 58.6658746 ], [ 24.9689294, 58.6657435 ], [ 24.9685028, 58.6659663 ], [ 24.968233, 58.6658352 ], [ 24.9681096, 58.6656564 ], [ 24.9683265, 58.6654529 ], [ 24.9683987, 58.6650981 ], [ 24.9683247, 58.6649047 ], [ 24.9678769, 58.6646498 ], [ 24.9678699, 58.6642501 ], [ 24.9679757, 58.6640988 ], [ 24.9684499, 58.6641071 ], [ 24.9684657, 58.6639897 ], [ 24.9680127, 58.6638174 ], [ 24.9677483, 58.663822 ], [ 24.967676, 58.663734 ], [ 24.9678417, 58.6635158 ], [ 24.9683318, 58.6633608 ], [ 24.9684393, 58.6629996 ], [ 24.9682066, 58.6627814 ], [ 24.9679475, 58.6626915 ], [ 24.9674997, 58.6626081 ], [ 24.9670237, 58.6626934 ], [ 24.9668686, 58.6625751 ], [ 24.9670043, 58.6624009 ], [ 24.9672758, 58.6623157 ], [ 24.9670131, 58.6621433 ], [ 24.9674221, 58.6620397 ], [ 24.9677059, 58.6618572 ], [ 24.9679686, 58.661827 ], [ 24.9680691, 58.6615565 ], [ 24.9685944, 58.6612622 ], [ 24.9688906, 58.6607258 ], [ 24.969088, 58.6608212 ], [ 24.9694283, 58.6606809 ], [ 24.9694318, 58.6602812 ], [ 24.9696172, 58.6601175 ] ] } },
{ "type": "Feature", "properties": { "source_fid": "w1356952504", "name": "Massu jõgi" }, "geometry": { "type": "LineString", "coordinates": [ [ 24.9691588, 58.6776222 ], [ 24.97004, 58.6770991 ], [ 24.9703996, 58.6764906 ], [ 24.9709672, 58.6761176 ], [ 24.9711735, 58.6756667 ], [ 24.9714432, 58.6749601 ], [ 24.9714309, 58.6745907 ], [ 24.9707486, 58.6740243 ], [ 24.9707081, 58.6736751 ], [ 24.971727, 58.6729886 ], [ 24.971928, 58.6727512 ], [ 24.971965, 58.6718695 ], [ 24.9723493, 58.671348 ], [ 24.9731355, 58.6709676 ], [ 24.9737807, 58.6707751 ], [ 24.974017, 58.6704084 ], [ 24.9739676, 58.6702435 ], [ 24.9734176, 58.6700161 ], [ 24.9729028, 58.6700079 ], [ 24.9720567, 58.6698172 ], [ 24.9719632, 58.669369 ], [ 24.9722523, 58.6691811 ], [ 24.9720443, 58.6680719 ], [ 24.9721378, 58.6674935 ], [ 24.9719315, 58.6673367 ], [ 24.9719598, 58.6671103 ] ] } },
{ "type": "Feature", "properties": { "source_fid": "w1356952506", "name": "Massu jõgi" }, "geometry": { "type": "LineString", "coordinates": [ [ 24.9709576, 58.6593017 ], [ 24.9709209, 58.6584791 ], [ 24.971112, 58.6583007 ], [ 24.9708584, 58.6582093 ], [ 24.9708877, 58.6580502 ], [ 24.9701231, 58.65808 ], [ 24.9692858, 58.6582364 ], [ 24.9690182, 58.6582033 ], [ 24.9689277, 58.6578334 ], [ 24.9690692, 58.6576796 ], [ 24.9694451, 58.6575596 ], [ 24.9694464, 58.6574681 ], [ 24.9686461, 58.6571068 ], [ 24.9683058, 58.6571128 ], [ 24.9677808, 58.6573289 ], [ 24.9670646, 58.6573641 ], [ 24.9666593, 58.6579215 ], [ 24.9661546, 58.6580243 ], [ 24.9656219, 58.6579414 ], [ 24.9650943, 58.6576232 ], [ 24.9651784, 58.6574164 ], [ 24.9656334, 58.6572712 ], [ 24.9655353, 58.6571731 ], [ 24.9648369, 58.6569981 ], [ 24.964466, 58.6570823 ], [ 24.9643258, 58.6570379 ], [ 24.9640557, 58.6565275 ], [ 24.9636823, 58.6563803 ], [ 24.9638263, 58.6562444 ], [ 24.9649019, 58.6558931 ], [ 24.9649044, 58.6557545 ], [ 24.9644087, 58.6554516 ], [ 24.9640123, 58.6549385 ], [ 24.9639856, 58.654548 ], [ 24.9632719, 58.6541263 ], [ 24.9623225, 58.6542271 ], [ 24.9615897, 58.6539487 ], [ 24.9615833, 58.6532658 ], [ 24.9611156, 58.6529953 ], [ 24.9611806, 58.6526585 ], [ 24.9603408, 58.6518769 ], [ 24.9599699, 58.6517125 ], [ 24.9593098, 58.6516104 ], [ 24.9591339, 58.6514877 ], [ 24.958879, 58.651015 ], [ 24.9596131, 58.6507266 ], [ 24.9596029, 58.6506099 ], [ 24.9581526, 58.6499309 ], [ 24.95795, 58.6493395 ], [ 24.9573778, 58.6489384 ], [ 24.9581338, 58.6481637 ] ] } },
{ "type": "Feature", "properties": { "source_fid": "w1356952507", "name": "Massu jõgi" }, "geometry": { "type": "LineString", "coordinates": [ [ 24.9696172, 58.6601175 ], [ 24.9702437, 58.6596686 ], [ 24.970719, 58.659584 ], [ 24.9706521, 58.6593877 ], [ 24.9709576, 58.6593017 ] ] } },
{ "type": "Feature", "properties": { "source_fid": "w1356952509", "name": "Massu jõgi" }, "geometry": { "type": "LineString", "coordinates": [ [ 24.9594625, 58.6406945 ], [ 24.9595776, 58.6405672 ], [ 24.9600481, 58.6404442 ], [ 24.9598274, 58.640006 ], [ 24.9605292, 58.6395509 ], [ 24.9606286, 58.6389375 ], [ 24.9609408, 58.638911 ], [ 24.9613234, 58.6391321 ], [ 24.9618934, 58.6389784 ], [ 24.9628053, 58.6390867 ], [ 24.9630707, 58.6390234 ], [ 24.9632274, 58.6388872 ], [ 24.9632268, 58.6385633 ] ] } },
{ "type": "Feature", "properties": { "source_fid": "w1356952510", "name": "Massu jõgi" }, "geometry": { "type": "LineString", "coordinates": [ [ 24.9581338, 58.6481637 ], [ 24.9581245, 58.647962 ], [ 24.9584632, 58.6475041 ], [ 24.9583121, 58.6460868 ], [ 24.9580873, 58.6457886 ], [ 24.95813, 58.6455933 ], [ 24.9592815, 58.6452496 ], [ 24.9594308, 58.6449264 ], [ 24.9593202, 58.6444738 ], [ 24.9595119, 58.6441775 ], [ 24.9607836, 58.6439828 ], [ 24.9611651, 58.64379 ], [ 24.9610821, 58.6434199 ], [ 24.9607025, 58.6430171 ], [ 24.9604666, 58.6428396 ], [ 24.9600631, 58.6427656 ], [ 24.9599209, 58.642656 ], [ 24.9599529, 58.6422433 ], [ 24.9605163, 58.6415094 ], [ 24.9595911, 58.6409004 ], [ 24.9594625, 58.6406945 ] ] } },
{ "type": "Feature", "properties": { "source_fid": "w1356952511", "name": "Massu jõgi" }, "geometry": { "type": "LineString", "coordinates": [ [ 24.9638553, 58.6335281 ], [ 24.963994, 58.6334222 ], [ 24.9653528, 58.6331521 ], [ 24.9654907, 58.6329029 ], [ 24.9653026, 58.6323613 ], [ 24.964548, 58.6320403 ], [ 24.9644427, 58.6317506 ], [ 24.9647737, 58.6315013 ], [ 24.9654205, 58.6312573 ], [ 24.9654806, 58.6309519 ], [ 24.9646433, 58.6301258 ], [ 24.9641319, 58.6294159 ], [ 24.9641494, 58.629271 ], [ 24.9646271, 58.6289843 ], [ 24.9645881, 58.6285505 ], [ 24.9653259, 58.6283457 ] ] } },
{ "type": "Feature", "properties": { "source_fid": "w1356952512", "name": "Massu jõgi" }, "geometry": { "type": "LineString", "coordinates": [ [ 24.9634374, 58.6383937 ], [ 24.9643976, 58.6376787 ], [ 24.9645305, 58.6373316 ], [ 24.9644477, 58.6371124 ], [ 24.9640692, 58.6369806 ], [ 24.9628758, 58.6369023 ], [ 24.9623644, 58.6366935 ], [ 24.9628859, 58.6360268 ], [ 24.9626728, 58.6357136 ], [ 24.9626928, 58.6354187 ], [ 24.9635853, 58.6342717 ], [ 24.9638553, 58.6335281 ] ] } },
{ "type": "Feature", "properties": { "source_fid": "w1356952514", "name": "Massu jõgi" }, "geometry": { "type": "LineString", "coordinates": [ [ 24.9653259, 58.6283457 ], [ 24.9658219, 58.6280112 ], [ 24.9660132, 58.6277108 ], [ 24.9653884, 58.6264269 ], [ 24.9655528, 58.6259803 ], [ 24.9654841, 58.6254963 ], [ 24.9656276, 58.6253468 ], [ 24.9660192, 58.6252581 ], [ 24.9661447, 58.6250402 ], [ 24.965777, 58.6246372 ], [ 24.9658787, 58.6241625 ], [ 24.9660909, 58.6238076 ], [ 24.9665064, 58.6236146 ], [ 24.9667336, 58.6233469 ], [ 24.9663898, 58.6230605 ], [ 24.9663518, 58.6228421 ] ] } },
{ "type": "Feature", "properties": { "source_fid": "w1356952516", "name": "Massu jõgi" }, "geometry": { "type": "LineString", "coordinates": [ [ 24.9663518, 58.6228421 ], [ 24.9664115, 58.622603 ], [ 24.9675362, 58.6220515 ], [ 24.9680402, 58.6219037 ] ] } },
{ "type": "Feature", "properties": { "source_fid": "w1356952518", "name": null }, "geometry": { "type": "LineString", "coordinates": [ [ 25.2602506, 58.7201646 ], [ 25.2605412, 58.7201662 ] ] } },
{ "type": "Feature", "properties": { "source_fid": "w1356952523", "name": "Lintsi jõgi" }, "geometry": { "type": "LineString", "coordinates": [ [ 25.2570965, 58.7208206 ], [ 25.2576389, 58.7205037 ], [ 25.2583377, 58.720352 ], [ 25.2602506, 58.7201646 ] ] } },
{ "type": "Feature", "properties": { "source_fid": "w1356952524", "name": "Lintsi jõgi" }, "geometry": { "type": "LineString", "coordinates": [ [ 25.2474001, 58.7222604 ], [ 25.2483727, 58.7220529 ], [ 25.2489388, 58.7220468 ], [ 25.2500193, 58.7225858 ], [ 25.2502894, 58.7226261 ], [ 25.2505783, 58.7225395 ], [ 25.2505736, 58.7222907 ], [ 25.2500545, 58.7215846 ], [ 25.250125, 58.7212444 ], [ 25.2506041, 58.7208663 ], [ 25.250882, 58.7204824 ], [ 25.251196, 58.7204114 ], [ 25.2537258, 58.7207614 ], [ 25.2540955, 58.7206621 ], [ 25.2543435, 58.7203431 ], [ 25.2548603, 58.7201126 ], [ 25.2552572, 58.7201577 ], [ 25.2554414, 58.7203335 ], [ 25.2554475, 58.7206965 ], [ 25.2551644, 58.721251 ], [ 25.2553102, 58.721439 ], [ 25.255888, 58.7215266 ], [ 25.2570965, 58.7208206 ] ] } },
{ "type": "Feature", "properties": { "source_fid": "w1356952525", "name": "Pärnu jõgi" }, "geometry": { "type": "LineString", "coordinates": [ [ 25.271886, 58.7150671 ], [ 25.2746827, 58.7147697 ], [ 25.2772839, 58.7141409 ], [ 25.2779201, 58.7134425 ], [ 25.2776985, 58.7126147 ], [ 25.2770535, 58.7124078 ], [ 25.2758089, 58.7125897 ], [ 25.2747236, 58.712476 ], [ 25.2700551, 58.7101626 ], [ 25.2694894, 58.7097588 ], [ 25.2690254, 58.7091237 ], [ 25.2688822, 58.7085079 ], [ 25.2689982, 58.7079783 ], [ 25.2693085, 58.7075503 ], [ 25.2697664, 58.7072492 ] ] } },
{ "type": "Feature", "properties": { "source_fid": "w1356952526", "name": "Pärnu jõgi" }, "geometry": { "type": "LineString", "coordinates": [ [ 25.2625766, 58.7185483 ], [ 25.2650619, 58.7183229 ], [ 25.2654738, 58.7181603 ], [ 25.265576, 58.7179614 ], [ 25.2654354, 58.7168336 ] ] } },
{ "type": "Feature", "properties": { "source_fid": "w1356952527", "name": "Pärnu jõgi" }, "geometry": { "type": "LineString", "coordinates": [ [ 25.2605412, 58.7201662 ], [ 25.2612224, 58.7197729 ], [ 25.2617263, 58.7189945 ], [ 25.2625766, 58.7185483 ] ] } },
{ "type": "Feature", "properties": { "source_fid": "w1356952531", "name": "Sauga jõgi" }, "geometry": { "type": "LineString", "coordinates": [ [ 24.9056743, 58.6339982 ], [ 24.9027877, 58.629412 ] ] } },
{ "type": "Feature", "properties": { "source_fid": "w1356952532", "name": "Sauga jõgi" }, "geometry": { "type": "LineString", "coordinates": [ [ 24.9079087, 58.637532 ], [ 24.9056743, 58.6339982 ] ] } },
{ "type": "Feature", "properties": { "source_fid": "w1356952533", "name": "Sauga jõgi" }, "geometry": { "type": "LineString", "coordinates": [ [ 24.8875523, 58.6127244 ], [ 24.8736479, 58.5996736 ] ] } },
{ "type": "Feature", "properties": { "source_fid": "w1356952534", "name": "Sauga jõgi" }, "geometry": { "type": "LineString", "coordinates": [ [ 24.7878889, 58.5537586 ], [ 24.7871881, 58.5532235 ], [ 24.7867911, 58.5531174 ], [ 24.7865904, 58.5528264 ], [ 24.7855545, 58.5528123 ], [ 24.7846395, 58.552712 ], [ 24.7845114, 58.5525235 ], [ 24.7848102, 58.5521975 ], [ 24.7848857, 58.5518456 ], [ 24.7847362, 58.5516058 ], [ 24.7842681, 58.5514195 ], [ 24.7827853, 58.5512294 ], [ 24.7819813, 58.5507639 ], [ 24.7822787, 58.5504157 ], [ 24.782061, 58.5501566 ], [ 24.7815853, 58.5500197 ], [ 24.7812006, 58.549785 ], [ 24.7808351, 58.5497419 ], [ 24.7802888, 58.5498014 ], [ 24.7797172, 58.5494702 ], [ 24.7795971, 58.5490693 ], [ 24.7799104, 58.5484773 ], [ 24.779436, 58.5482101 ], [ 24.7791954, 58.547924 ], [ 24.7793576, 58.5478283 ], [ 24.7796464, 58.5478408 ], [ 24.7798251, 58.5480091 ], [ 24.7800452, 58.5478963 ], [ 24.7799946, 58.5476566 ], [ 24.77952, 58.5471975 ], [ 24.7796455, 58.5468983 ], [ 24.7799136, 58.5467472 ], [ 24.7801548, 58.5467538 ], [ 24.7801635, 58.5466167 ], [ 24.7797543, 58.5463439 ], [ 24.7795499, 58.5463214 ], [ 24.7793613, 58.5459358 ], [ 24.7790732, 58.5457927 ], [ 24.7789329, 58.5456015 ], [ 24.7796214, 58.5452461 ] ] } },
{ "type": "Feature", "properties": { "source_fid": "w1356952535", "name": "Sauga jõgi" }, "geometry": { "type": "LineString", "coordinates": [ [ 24.811141, 58.5586524 ], [ 24.8104699, 58.5585409 ], [ 24.8099164, 58.5580874 ], [ 24.8089345, 58.5579923 ], [ 24.8086214, 58.5580874 ], [ 24.8080494, 58.5586782 ], [ 24.8076111, 58.5587369 ], [ 24.8068327, 58.5585513 ], [ 24.8057839, 58.558647 ], [ 24.8050354, 58.5589239 ], [ 24.8047082, 58.5592958 ], [ 24.8042884, 58.5593982 ], [ 24.8040208, 58.5592809 ], [ 24.8036167, 58.5588846 ], [ 24.8027643, 58.5587421 ], [ 24.8022506, 58.5584429 ], [ 24.8020713, 58.5584689 ], [ 24.8019432, 58.5586671 ], [ 24.8017156, 58.558774 ], [ 24.7998386, 58.5591748 ], [ 24.7993804, 58.5590249 ], [ 24.7991314, 58.5586411 ], [ 24.7988895, 58.5584978 ], [ 24.797364, 58.558434 ], [ 24.7970851, 58.5585862 ], [ 24.7970225, 58.5588155 ], [ 24.7968062, 58.5588964 ], [ 24.796486, 58.5586307 ], [ 24.7957674, 58.5586129 ], [ 24.7952395, 58.5583086 ], [ 24.7946404, 58.558146 ], [ 24.7931377, 58.5583241 ], [ 24.792799, 58.5581133 ], [ 24.792688, 58.5576338 ], [ 24.7924788, 58.5574193 ], [ 24.7920021, 58.557305 ], [ 24.7909548, 58.557397 ], [ 24.7905122, 58.5571914 ], [ 24.7908082, 58.5562739 ], [ 24.7901237, 58.5559621 ], [ 24.7889441, 58.5558693 ], [ 24.7889213, 58.5555694 ], [ 24.7895631, 58.5551099 ], [ 24.7891177, 58.5548531 ], [ 24.7881813, 58.5545079 ], [ 24.7878889, 58.5537586 ] ] } },
{ "type": "Feature", "properties": { "source_fid": "w1356952545", "name": "Enge jõgi" }, "geometry": { "type": "LineString", "coordinates": [ [ 24.4726488, 58.6902522 ], [ 24.4720383, 58.6903873 ], [ 24.4704619, 58.6903472 ], [ 24.4692081, 58.6906187 ], [ 24.4686448, 58.6913387 ], [ 24.4681859, 58.6914945 ], [ 24.4673477, 58.6915909 ] ] } },
{ "type": "Feature", "properties": { "source_fid": "w1356952546", "name": "Enge jõgi" }, "geometry": { "type": "LineString", "coordinates": [ [ 24.4752998, 58.6909029 ], [ 24.4742394, 58.6904159 ], [ 24.4735079, 58.689841 ], [ 24.4731922, 58.6898694 ], [ 24.4726488, 58.6902522 ] ] } },
{ "type": "Feature", "properties": { "source_fid": "w1356952553", "name": "Mõnuvere jõgi" }, "geometry": { "type": "LineString", "coordinates": [ [ 24.7226303, 58.5735237 ], [ 24.7236127, 58.57287 ] ] } },
{ "type": "Feature", "properties": { "source_fid": "w1356952554", "name": "Mõnuvere jõgi" }, "geometry": { "type": "LineString", "coordinates": [ [ 24.7236127, 58.57287 ], [ 24.723008, 58.572319 ], [ 24.7217876, 58.5700498 ] ] } },
{ "type": "Feature", "properties": { "source_fid": "w1356952555", "name": "Mõnuvere jõgi" }, "geometry": { "type": "LineString", "coordinates": [ [ 24.7217876, 58.5700498 ], [ 24.720597, 58.5679385 ], [ 24.714818, 58.5624789 ], [ 24.7145652, 58.5602481 ], [ 24.7144177, 58.5601021 ], [ 24.7132439, 58.5595808 ], [ 24.7129158, 58.5591224 ], [ 24.7121573, 58.557948 ], [ 24.7112844, 58.5554232 ], [ 24.7092892, 58.5524875 ] ] } },
{ "type": "Feature", "properties": { "source_fid": "w1356952557", "name": "Mõnuvere jõgi" }, "geometry": { "type": "LineString", "coordinates": [ [ 24.6514152, 58.5334762 ], [ 24.6491977, 58.5334005 ], [ 24.6491081, 58.5332822 ], [ 24.6493472, 58.5331483 ], [ 24.6493283, 58.5330653 ], [ 24.6486391, 58.5329618 ], [ 24.6485415, 58.5328485 ], [ 24.6487665, 58.5326883 ], [ 24.6492527, 58.5327573 ], [ 24.6493535, 58.532662 ], [ 24.6490529, 58.5324706 ], [ 24.6487039, 58.5324183 ] ] } },
{ "type": "Feature", "properties": { "source_fid": "w1356952558", "name": "Mõnuvere jõgi" }, "geometry": { "type": "LineString", "coordinates": [ [ 24.6582397, 58.5338559 ], [ 24.6581124, 58.5336037 ], [ 24.6577112, 58.5335709 ], [ 24.6572195, 58.5339919 ], [ 24.6563682, 58.5339719 ], [ 24.6561032, 58.5338325 ], [ 24.6558308, 58.5334303 ], [ 24.654839, 58.5333148 ], [ 24.6546837, 58.5330382 ], [ 24.6541154, 58.5328726 ], [ 24.6537727, 58.5329093 ], [ 24.6534492, 58.5332059 ], [ 24.6527597, 58.5334681 ], [ 24.6514152, 58.5334762 ] ] } },
{ "type": "Feature", "properties": { "source_fid": "w1356952561", "name": "Enge jõgi" }, "geometry": { "type": "LineString", "coordinates": [ [ 24.6578541, 58.6888602 ], [ 24.6576126, 58.6885564 ], [ 24.6572985, 58.6884185 ], [ 24.6574195, 58.6883225 ], [ 24.6573288, 58.6882544 ], [ 24.6575135, 58.6882195 ], [ 24.6568401, 58.6879446 ], [ 24.6570013, 58.6878573 ], [ 24.6569173, 58.6876103 ], [ 24.6571793, 58.6875684 ], [ 24.6572179, 58.6874131 ], [ 24.6573372, 58.6873947 ], [ 24.6572146, 58.6872568 ], [ 24.6573254, 58.6871975 ], [ 24.6569744, 58.6871303 ], [ 24.6565596, 58.6867917 ], [ 24.656076, 58.6867026 ], [ 24.6559803, 58.6865289 ], [ 24.6561616, 58.6864443 ], [ 24.6561264, 58.6863684 ], [ 24.6556797, 58.6863867 ], [ 24.6556511, 58.6862881 ], [ 24.6554076, 58.6863378 ], [ 24.6552548, 58.686275 ], [ 24.6553858, 58.686131 ], [ 24.6555747, 58.6861205 ], [ 24.6552934, 58.6859141 ], [ 24.6553606, 58.6856706 ], [ 24.6550575, 58.6856719 ], [ 24.6547829, 58.6854877 ], [ 24.65495, 58.6853664 ], [ 24.6549038, 58.6852665 ], [ 24.6547074, 58.6852425 ], [ 24.6549156, 58.6848584 ], [ 24.6547149, 58.684628 ], [ 24.654259, 58.6846062 ], [ 24.6546637, 58.6841964 ], [ 24.654575, 58.6840739 ] ] } },
{ "type": "Feature", "properties": { "source_fid": "w1356952562", "name": "Enge jõgi" }, "geometry": { "type": "LineString", "coordinates": [ [ 24.6702659, 58.6907296 ], [ 24.6700648, 58.69055 ], [ 24.6690151, 58.6903945 ], [ 24.6689106, 58.6903032 ], [ 24.6686209, 58.6903056 ], [ 24.6683359, 58.6902044 ], [ 24.66789, 58.6902424 ], [ 24.66766, 58.6901237 ], [ 24.6674215, 58.6901717 ], [ 24.6673174, 58.6900749 ], [ 24.667136, 58.6902093 ], [ 24.6669294, 58.6902206 ], [ 24.6666742, 58.6901106 ], [ 24.666738, 58.6899474 ], [ 24.666555, 58.6898715 ], [ 24.6660495, 58.6899448 ], [ 24.6659588, 58.6900722 ], [ 24.6655558, 58.6900085 ], [ 24.6654768, 58.6901141 ], [ 24.6651964, 58.6899797 ], [ 24.6578541, 58.6888602 ] ] } },
{ "type": "Feature", "properties": { "source_fid": "w1356952564", "name": "Mõnuvere jõgi" }, "geometry": { "type": "LineString", "coordinates": [ [ 24.5915252, 58.5188618 ], [ 24.5909765, 58.5188363 ], [ 24.5906001, 58.5185663 ], [ 24.5904014, 58.5173079 ], [ 24.5901885, 58.5167522 ], [ 24.5891386, 58.5160771 ], [ 24.5884087, 58.5157602 ], [ 24.588173, 58.5153588 ], [ 24.5875521, 58.5147948 ], [ 24.5869139, 58.5139991 ], [ 24.5866864, 58.5138174 ], [ 24.586248, 58.5136895 ] ] } },
{ "type": "Feature", "properties": { "source_fid": "w1356952566", "name": "Mõnuvere jõgi" }, "geometry": { "type": "LineString", "coordinates": [ [ 24.6180844, 58.5259254 ], [ 24.6175623, 58.5251447 ], [ 24.6174005, 58.5250767 ], [ 24.6164719, 58.5251796 ], [ 24.6154676, 58.5256424 ], [ 24.6148606, 58.5255986 ] ] } },
{ "type": "Feature", "properties": { "source_fid": "w1356952569", "name": "Pärnu jõgi" }, "geometry": { "type": "LineString", "coordinates": [ [ 24.8330194, 58.4887463 ], [ 24.8325576, 58.4885482 ], [ 24.8296022, 58.4878506 ] ] } },
{ "type": "Feature", "properties": { "source_fid": "w1356952576", "name": "Vändra jõgi" }, "geometry": { "type": "LineString", "coordinates": [ [ 25.0237295, 58.6453553 ], [ 25.0229363, 58.6448387 ], [ 25.0229763, 58.6443412 ], [ 25.0233451, 58.6440809 ] ] } },
{ "type": "Feature", "properties": { "source_fid": "w1356952577", "name": "Vändra jõgi" }, "geometry": { "type": "LineString", "coordinates": [ [ 25.0233451, 58.6440809 ], [ 25.024125, 58.6437905 ], [ 25.0242823, 58.6434548 ], [ 25.0239131, 58.6429875 ], [ 25.0232871, 58.6429226 ], [ 25.0228407, 58.6427886 ] ] } },
{ "type": "Feature", "properties": { "source_fid": "w1356952578", "name": "Vändra jõgi" }, "geometry": { "type": "LineString", "coordinates": [ [ 25.0228407, 58.6427886 ], [ 25.022579, 58.6425705 ], [ 25.0225239, 58.6424006 ], [ 25.0226577, 58.6422553 ], [ 25.0238181, 58.6419932 ], [ 25.024361, 58.6414242 ], [ 25.0244987, 58.6410884 ], [ 25.0243309, 58.6406458 ], [ 25.0237237, 58.6404047 ], [ 25.0229606, 58.6399154 ], [ 25.0230275, 58.6395141 ], [ 25.0237473, 58.6391313 ], [ 25.0237709, 58.6389307 ], [ 25.0230196, 58.6387178 ], [ 25.0225043, 58.638771 ], [ 25.0216506, 58.6390085 ], [ 25.0202699, 58.6387567 ], [ 25.0194625, 58.6384909 ], [ 25.0190819, 58.6380913 ], [ 25.0188773, 58.6374996 ], [ 25.0180106, 58.636558 ], [ 25.0179594, 58.6363819 ], [ 25.018521, 58.6359575 ], [ 25.0185364, 58.6355491 ], [ 25.018344, 58.6350026 ], [ 25.018044, 58.6348344 ], [ 25.0171478, 58.6348845 ], [ 25.0163631, 58.6348264 ], [ 25.0161285, 58.6347764 ], [ 25.0157487, 58.6345319 ] ] } },
{ "type": "Feature", "properties": { "source_fid": "w1356952580", "name": "Vändra jõgi" }, "geometry": { "type": "LineString", "coordinates": [ [ 25.0135592, 58.6300694 ], [ 25.0123012, 58.6301253 ], [ 25.0112825, 58.6302899 ], [ 25.0110014, 58.630683 ], [ 25.0110717, 58.6309299 ], [ 25.0108785, 58.6310396 ], [ 25.0103704, 58.6310484 ], [ 25.0102589, 58.6311325 ], [ 25.0103319, 58.6312466 ], [ 25.0109281, 58.6315109 ], [ 25.0105448, 58.6317528 ], [ 25.0102358, 58.6317852 ], [ 25.0099896, 58.6317291 ], [ 25.0094909, 58.6309299 ], [ 25.0088419, 58.630576 ], [ 25.0085871, 58.6305641 ], [ 25.0069682, 58.6312093 ], [ 25.0066967, 58.6318023 ], [ 25.0065511, 58.6318429 ], [ 25.0062027, 58.6318348 ], [ 25.0057451, 58.6317048 ], [ 25.0053542, 58.6317144 ], [ 25.0047777, 58.6320195 ], [ 25.0044299, 58.6320112 ], [ 25.0039035, 58.6316444 ], [ 25.0036779, 58.6316358 ], [ 25.0031829, 58.6317845 ], [ 25.0030388, 58.6320045 ], [ 25.0026333, 58.6321511 ], [ 25.0017514, 58.6321245 ], [ 25.0010075, 58.6320121 ], [ 24.9992316, 58.632096 ], [ 24.9987731, 58.6321895 ], [ 24.9980717, 58.6325496 ], [ 24.9976467, 58.6329152 ], [ 24.9970376, 58.6330728 ], [ 24.996296, 58.6330014 ], [ 24.9956507, 58.6331647 ], [ 24.9950166, 58.6331097 ], [ 24.9936959, 58.6324763 ], [ 24.9920214, 58.6321001 ], [ 24.9918914, 58.6319024 ], [ 24.9919107, 58.6315548 ] ] } },
{ "type": "Feature", "properties": { "source_fid": "w1356952581", "name": "Vändra jõgi" }, "geometry": { "type": "LineString", "coordinates": [ [ 25.0157487, 58.6345319 ], [ 25.0155708, 58.6343039 ], [ 25.0155515, 58.6338574 ], [ 25.0147015, 58.6331507 ], [ 25.0143832, 58.6315475 ], [ 25.0139171, 58.6313322 ], [ 25.0134974, 58.6312896 ], [ 25.0132437, 58.6311285 ], [ 25.0132321, 58.6309299 ], [ 25.0136536, 58.6307928 ], [ 25.0138644, 58.6305916 ], [ 25.0135592, 58.6300694 ] ] } },
{ "type": "Feature", "properties": { "source_fid": "w1356952582", "name": "Vändra jõgi" }, "geometry": { "type": "LineString", "coordinates": [ [ 24.9648283, 58.6001659 ], [ 24.9647117, 58.5997686 ], [ 24.9638403, 58.5990635 ], [ 24.9634949, 58.5989568 ], [ 24.9625111, 58.5990531 ], [ 24.9621215, 58.5989903 ], [ 24.9610252, 58.598191 ], [ 24.9593386, 58.5965673 ], [ 24.9592864, 58.5962199 ], [ 24.9595514, 58.5956403 ], [ 24.9594028, 58.595362 ], [ 24.9583828, 58.5949749 ], [ 24.957664, 58.5944643 ], [ 24.9570014, 58.5942027 ], [ 24.9576759, 58.5926628 ], [ 24.9571821, 58.5923088 ], [ 24.9557243, 58.5917856 ], [ 24.9551661, 58.5913315 ], [ 24.9549613, 58.5907434 ], [ 24.9555758, 58.5901951 ], [ 24.9557645, 58.5897095 ], [ 24.9555436, 58.58936 ], [ 24.9546561, 58.5887154 ], [ 24.9544433, 58.5884328 ], [ 24.9547124, 58.5880854 ], [ 24.9558296, 58.5874842 ] ] } },
{ "type": "Feature", "properties": { "source_fid": "w1356952583", "name": "Vändra jõgi" }, "geometry": { "type": "LineString", "coordinates": [ [ 24.9558296, 58.5874842 ], [ 24.9562384, 58.5872587 ], [ 24.9563227, 58.5870515 ], [ 24.9554191, 58.5863628 ], [ 24.9549894, 58.5858793 ], [ 24.9541903, 58.5845732 ], [ 24.9542385, 58.5843409 ], [ 24.9540538, 58.5839013 ], [ 24.9543389, 58.5833675 ], [ 24.9542546, 58.5832461 ], [ 24.9537887, 58.5829907 ], [ 24.9527125, 58.5827709 ], [ 24.9525438, 58.5826307 ], [ 24.9523591, 58.5819692 ], [ 24.9520111, 58.5817194 ], [ 24.9513391, 58.5816614 ], [ 24.9507969, 58.5818289 ], [ 24.9505319, 58.581741 ], [ 24.9503191, 58.5811988 ], [ 24.9509335, 58.580711 ], [ 24.9509335, 58.5806085 ], [ 24.9501986, 58.5797104 ], [ 24.9496002, 58.5795157 ], [ 24.9482509, 58.5797522 ], [ 24.9477289, 58.5797459 ], [ 24.946749, 58.5793461 ], [ 24.9461828, 58.5788709 ], [ 24.9461667, 58.5774744 ], [ 24.9470984, 58.5764716 ], [ 24.9468655, 58.5757974 ], [ 24.9474357, 58.5754582 ], [ 24.9474839, 58.575274 ], [ 24.9471666, 58.5746772 ], [ 24.9464277, 58.5739004 ], [ 24.9465201, 58.5730336 ], [ 24.9467369, 58.5724808 ], [ 24.9466366, 58.5721793 ], [ 24.9458053, 58.571482 ], [ 24.9455924, 58.5710485 ], [ 24.9461667, 58.5703135 ], [ 24.9463916, 58.5690173 ], [ 24.947006, 58.5681607 ], [ 24.9469418, 58.5678885 ], [ 24.9470823, 58.5677063 ], [ 24.9493565, 58.5665154 ], [ 24.9498612, 58.5656853 ], [ 24.9501464, 58.5656078 ], [ 24.9505439, 58.5656581 ], [ 24.9516455, 58.5661049 ], [ 24.953027, 58.5665364 ], [ 24.9531956, 58.5665301 ], [ 24.9535169, 58.5663353 ], [ 24.9535972, 58.5660295 ], [ 24.9542704, 58.5652439 ], [ 24.9542591, 58.5650751 ], [ 24.9539666, 58.5648663 ], [ 24.9541143, 58.5647996 ], [ 24.9546992, 58.5648307 ], [ 24.9547163, 58.5647196 ], [ 24.9544238, 58.5645538 ], [ 24.9533333, 58.5644121 ], [ 24.9526859, 58.5644175 ], [ 24.9529538, 58.56397 ], [ 24.9534952, 58.5637466 ], [ 24.9534725, 58.5636208 ], [ 24.9533249, 58.5635748 ], [ 24.9526803, 58.5635482 ], [ 24.9525582, 58.5634801 ], [ 24.9526121, 58.5631572 ], [ 24.953848, 58.5616823 ], [ 24.9543343, 58.5613421 ], [ 24.9544648, 58.5610322 ], [ 24.9536956, 58.5592928 ], [ 24.9537123, 58.5589032 ], [ 24.953107, 58.5584369 ], [ 24.9532486, 58.5578503 ], [ 24.9531153, 58.5577489 ], [ 24.9524906, 58.5576982 ], [ 24.9522046, 58.5571174 ], [ 24.9517215, 58.5566814 ], [ 24.9517493, 58.5564468 ], [ 24.9528543, 58.5558703 ], [ 24.9533986, 58.555036 ], [ 24.953965, 58.5547028 ], [ 24.9538595, 58.5537931 ], [ 24.9542371, 58.5533673 ], [ 24.9542343, 58.5527477 ] ] } },
{ "type": "Feature", "properties": { "source_fid": "w1356952601", "name": "Käru jõgi" }, "geometry": { "type": "LineString", "coordinates": [ [ 25.1200839, 58.676533 ], [ 25.1207651, 58.6762131 ], [ 25.1211842, 58.6761252 ], [ 25.1214713, 58.6758482 ], [ 25.1210151, 58.6756206 ], [ 25.1203902, 58.6749632 ], [ 25.1205887, 58.6744816 ], [ 25.1210372, 58.6743325 ], [ 25.1215886, 58.6738814 ], [ 25.1217524, 58.6735916 ], [ 25.1216106, 58.6733539 ], [ 25.1212237, 58.6732299 ], [ 25.1208681, 58.672987 ], [ 25.1206475, 58.6724442 ], [ 25.1209269, 58.6718096 ], [ 25.120797, 58.671457 ], [ 25.1211683, 58.670596 ], [ 25.1219184, 58.6696731 ], [ 25.1217846, 58.6695103 ], [ 25.1204183, 58.6688661 ], [ 25.1199876, 58.6685455 ], [ 25.1198762, 58.6682791 ], [ 25.1201064, 58.6679238 ], [ 25.1209678, 58.6673021 ], [ 25.1211312, 58.6670472 ], [ 25.1210718, 58.6668542 ], [ 25.1202178, 58.6664525 ], [ 25.1201287, 58.6662788 ], [ 25.1202475, 58.6660664 ], [ 25.1211758, 58.6656338 ], [ 25.1216585, 58.665182 ], [ 25.1223045, 58.6641084 ], [ 25.1221709, 58.6636179 ], [ 25.1211981, 58.6628262 ], [ 25.1212426, 58.662606 ], [ 25.1219258, 58.6617525 ], [ 25.1219778, 58.6614435 ], [ 25.1218218, 58.6611268 ], [ 25.1212797, 58.6608757 ], [ 25.1201584, 58.6608255 ], [ 25.1190863, 58.6609919 ], [ 25.1185395, 58.6608757 ], [ 25.1181979, 58.6606478 ], [ 25.1181979, 58.6604238 ], [ 25.1190779, 58.6597254 ], [ 25.1190395, 58.6594359 ], [ 25.1186991, 58.6591961 ], [ 25.1182796, 58.6585273 ], [ 25.1175518, 58.6580599 ], [ 25.1174701, 58.6577046 ], [ 25.1179528, 58.6571792 ], [ 25.1179528, 58.6566694 ], [ 25.1181236, 58.6563217 ], [ 25.1177375, 58.6549349 ], [ 25.1173142, 58.6546992 ], [ 25.1167572, 58.6545525 ], [ 25.1165196, 58.6543748 ], [ 25.1164379, 58.6540734 ], [ 25.1172028, 58.6536253 ], [ 25.1178043, 58.6526981 ], [ 25.1178043, 58.6522809 ], [ 25.1175444, 58.6519641 ], [ 25.1170394, 58.6516821 ], [ 25.1151903, 58.6509287 ], [ 25.1144854, 58.6500971 ], [ 25.1131636, 58.6495757 ] ] } },
{ "type": "Feature", "properties": { "source_fid": "w1356952602", "name": "Käru jõgi" }, "geometry": { "type": "LineString", "coordinates": [ [ 25.1065517, 58.6927308 ], [ 25.1068655, 58.6927645 ], [ 25.1071876, 58.6926864 ], [ 25.1074581, 58.6925407 ], [ 25.1076536, 58.6922163 ], [ 25.1081575, 58.6920209 ], [ 25.1085035, 58.691974 ], [ 25.108905, 58.6917334 ], [ 25.1096767, 58.6905085 ], [ 25.1101788, 58.6900317 ], [ 25.1103527, 58.6893286 ], [ 25.1110934, 58.688433 ], [ 25.1111312, 58.6880245 ], [ 25.110398, 58.6874392 ], [ 25.1101259, 58.6870621 ], [ 25.1102393, 58.6868343 ], [ 25.1106144, 58.6866425 ], [ 25.1115383, 58.6866028 ], [ 25.1119663, 58.6864145 ], [ 25.1123037, 58.6858494 ], [ 25.1133524, 58.6851815 ], [ 25.113911, 58.6851109 ], [ 25.1140724, 58.6851623 ], [ 25.1144407, 58.6855932 ], [ 25.1148155, 58.6856674 ], [ 25.1150011, 58.6856322 ], [ 25.1162794, 58.6843272 ], [ 25.1163712, 58.6841257 ], [ 25.1161569, 58.6837756 ], [ 25.1162283, 58.6824814 ], [ 25.1158405, 58.6815797 ], [ 25.1163814, 58.6802429 ], [ 25.1167998, 58.6800466 ], [ 25.1173611, 58.6792403 ], [ 25.1183816, 58.678747 ], [ 25.1185959, 58.6784764 ], [ 25.11876, 58.6778802 ], [ 25.1186555, 58.6773547 ], [ 25.1187449, 58.6771282 ], [ 25.1200839, 58.676533 ] ] } },
{ "type": "Feature", "properties": { "source_fid": "w1356952604", "name": "Käru jõgi" }, "geometry": { "type": "LineString", "coordinates": [ [ 25.1052169, 58.6491953 ], [ 25.1053729, 58.6489196 ], [ 25.1066873, 58.6480271 ], [ 25.1066922, 58.6478737 ], [ 25.105462, 58.6470689 ], [ 25.1053492, 58.6466235 ], [ 25.1055894, 58.6459825 ], [ 25.1053478, 58.6453113 ], [ 25.1054991, 58.6448857 ], [ 25.1059298, 58.6444761 ], [ 25.1059818, 58.6442365 ], [ 25.10541, 58.6431429 ], [ 25.1062369, 58.6416909 ], [ 25.1080492, 58.6410452 ], [ 25.1082372, 58.6408104 ], [ 25.1080492, 58.640423 ], [ 25.1078386, 58.6402978 ], [ 25.1069363, 58.640243 ], [ 25.1065979, 58.6400043 ], [ 25.1066054, 58.6397225 ], [ 25.1075002, 58.6383606 ], [ 25.1072242, 58.6380097 ] ] } },
{ "type": "Feature", "properties": { "source_fid": "w1356952605", "name": "Käru jõgi" }, "geometry": { "type": "LineString", "coordinates": [ [ 25.1131636, 58.6495757 ], [ 25.1128525, 58.6495399 ], [ 25.1125114, 58.6496101 ], [ 25.1122355, 58.6500785 ], [ 25.1118188, 58.6504265 ], [ 25.1108608, 58.6505385 ], [ 25.110289, 58.6504728 ], [ 25.1088632, 58.6500401 ], [ 25.1072294, 58.6499203 ], [ 25.1057516, 58.6496499 ], [ 25.1053506, 58.6494528 ], [ 25.1052169, 58.6491953 ] ] } },
{ "type": "Feature", "properties": { "source_fid": "w1356952607", "name": "Käru jõgi" }, "geometry": { "type": "LineString", "coordinates": [ [ 25.1054397, 58.6380402 ], [ 25.1054699, 58.6374331 ], [ 25.1057933, 58.6370613 ], [ 25.1059176, 58.636606 ], [ 25.1055282, 58.6356922 ], [ 25.1041848, 58.6350804 ], [ 25.1028548, 58.6329216 ], [ 25.1026513, 58.6322929 ], [ 25.1022713, 58.6320033 ], [ 25.102122, 58.6316148 ], [ 25.1021492, 58.6312333 ], [ 25.1024206, 58.6310426 ], [ 25.102407, 58.6306752 ], [ 25.1021356, 58.6303361 ], [ 25.102122, 58.6298699 ], [ 25.1026648, 58.6292906 ], [ 25.1019863, 58.6285135 ], [ 25.1020569, 58.6281808 ], [ 25.1023226, 58.627804 ], [ 25.1027257, 58.6275656 ], [ 25.1043472, 58.6276323 ], [ 25.1059504, 58.6272365 ], [ 25.1066191, 58.6268597 ], [ 25.1070039, 58.6265545 ], [ 25.1069388, 58.6263912 ], [ 25.106326, 58.6260346 ], [ 25.1062716, 58.6255821 ], [ 25.1069764, 58.6249519 ], [ 25.1072512, 58.6240648 ], [ 25.1075261, 58.6238168 ], [ 25.1077551, 58.6237786 ], [ 25.1087445, 58.6240028 ], [ 25.1090619, 58.623994 ] ] } },
{ "type": "Feature", "properties": { "source_fid": "w1356952609", "name": "Käru jõgi" }, "geometry": { "type": "LineString", "coordinates": [ [ 25.1072242, 58.6380097 ], [ 25.1067647, 58.6379171 ], [ 25.1060025, 58.6382731 ], [ 25.1056324, 58.638209 ], [ 25.1054397, 58.6380402 ] ] } },
{ "type": "Feature", "properties": { "source_fid": "w1356952610", "name": "Käru jõgi" }, "geometry": { "type": "LineString", "coordinates": [ [ 25.1046976, 58.6172551 ], [ 25.1048357, 58.6169993 ] ] } },
{ "type": "Feature", "properties": { "source_fid": "w1356952612", "name": "Käru jõgi" }, "geometry": { "type": "LineString", "coordinates": [ [ 25.1090619, 58.623994 ], [ 25.1093228, 58.6238892 ], [ 25.1093826, 58.6237541 ] ] } },
{ "type": "Feature", "properties": { "source_fid": "w1356952613", "name": "Käru jõgi" }, "geometry": { "type": "LineString", "coordinates": [ [ 25.1093826, 58.6237541 ], [ 25.1090926, 58.6228962 ], [ 25.1086038, 58.6226568 ], [ 25.1075256, 58.6225926 ], [ 25.1068207, 58.6222761 ], [ 25.1065367, 58.6220376 ], [ 25.1066029, 58.6213273 ], [ 25.106222, 58.621115 ], [ 25.1054497, 58.6208947 ], [ 25.1052351, 58.6205721 ], [ 25.1052296, 58.6202184 ], [ 25.1054497, 58.6190449 ], [ 25.1052451, 58.6186962 ], [ 25.1042489, 58.618005 ], [ 25.1042035, 58.6177664 ], [ 25.1046976, 58.6172551 ] ] } },
{ "type": "Feature", "properties": { "source_fid": "w1356952624", "name": "Vändra jõgi" }, "geometry": { "type": "LineString", "coordinates": [ [ 24.9919107, 58.6315548 ], [ 24.9919174, 58.6312907 ], [ 24.9917821, 58.6312162 ], [ 24.9911737, 58.6312298 ], [ 24.9909865, 58.6312798 ], [ 24.9904235, 58.631799 ], [ 24.9899161, 58.6318296 ], [ 24.9896811, 58.6317476 ] ] } },
{ "type": "Feature", "properties": { "source_fid": "w1356952625", "name": "Vändra jõgi" }, "geometry": { "type": "LineString", "coordinates": [ [ 25.030593, 58.6624916 ], [ 25.030407, 58.6622245 ], [ 25.0294816, 58.6618486 ], [ 25.0295046, 58.6617097 ], [ 25.0305681, 58.6613385 ], [ 25.0308444, 58.6611589 ], [ 25.0312541, 58.6604549 ], [ 25.0313094, 58.6598491 ], [ 25.0311667, 58.6595234 ], [ 25.029974, 58.6586427 ], [ 25.0292301, 58.6575724 ], [ 25.0291777, 58.6573107 ], [ 25.0295977, 58.6568557 ], [ 25.0294238, 58.6560234 ], [ 25.0296791, 58.6557887 ], [ 25.0297921, 58.6554681 ], [ 25.0296923, 58.6552781 ], [ 25.0292161, 58.6550507 ], [ 25.027457, 58.6546108 ], [ 25.0273007, 58.6543925 ], [ 25.0270229, 58.6542534 ], [ 25.0246685, 58.6539621 ], [ 25.0241951, 58.6537096 ], [ 25.0244706, 58.6533401 ], [ 25.0253984, 58.6529026 ], [ 25.0257319, 58.6525859 ], [ 25.0257144, 58.6523986 ], [ 25.0255601, 58.6522616 ], [ 25.0250622, 58.652115 ], [ 25.0240891, 58.6511742 ], [ 25.0230223, 58.6504687 ], [ 25.0228034, 58.6500744 ], [ 25.0230209, 58.6498481 ], [ 25.0240776, 58.6499324 ], [ 25.0244598, 58.6498969 ], [ 25.0249587, 58.6496603 ], [ 25.025011, 58.649384 ], [ 25.0244638, 58.6491371 ], [ 25.0243954, 58.6488629 ], [ 25.0240575, 58.6485614 ], [ 25.0240548, 58.6483465 ], [ 25.0241652, 58.6482672 ], [ 25.0252966, 58.6482768 ], [ 25.0259564, 58.6475651 ], [ 25.0260127, 58.6472909 ], [ 25.0259604, 58.6471443 ], [ 25.0243185, 58.64672 ], [ 25.0236921, 58.6463497 ], [ 25.0237407, 58.6461345 ], [ 25.0242233, 58.6458907 ], [ 25.0242942, 58.64572 ], [ 25.0241014, 58.6454813 ], [ 25.0237295, 58.6453553 ] ] } },
{ "type": "Feature", "properties": { "source_fid": "w1356952628", "name": "Vändra jõgi" }, "geometry": { "type": "LineString", "coordinates": [ [ 25.0643541, 58.7292657 ], [ 25.0642356, 58.7291323 ] ] } },
{ "type": "Feature", "properties": { "source_fid": "w1356952629", "name": "Vändra jõgi" }, "geometry": { "type": "LineString", "coordinates": [ [ 25.0608752, 58.7337726 ], [ 25.0643541, 58.7292657 ] ] } },
{ "type": "Feature", "properties": { "source_fid": "w1356952631", "name": "Vändra jõgi" }, "geometry": { "type": "LineString", "coordinates": [ [ 25.0642356, 58.7291323 ], [ 25.0637763, 58.7290071 ], [ 25.0635001, 58.728837 ], [ 25.0626487, 58.7278236 ], [ 25.0626326, 58.7275056 ], [ 25.0629912, 58.7263358 ], [ 25.0625465, 58.7258649 ], [ 25.062277, 58.725829 ], [ 25.0621532, 58.7259595 ], [ 25.0614575, 58.7262601 ], [ 25.0612096, 58.7262208 ], [ 25.0609913, 58.7260616 ], [ 25.0606405, 58.7246102 ], [ 25.0606635, 58.7241812 ], [ 25.0603622, 58.7237301 ], [ 25.0601004, 58.7236274 ], [ 25.0598728, 58.7233124 ], [ 25.0601094, 58.723177 ], [ 25.0596065, 58.7226377 ], [ 25.0591333, 58.7223601 ], [ 25.0594849, 58.7218845 ], [ 25.0596365, 58.72177 ], [ 25.0599576, 58.7217104 ], [ 25.0599687, 58.7216186 ], [ 25.0596509, 58.7215566 ], [ 25.0588024, 58.7216843 ], [ 25.0580361, 58.7214421 ], [ 25.0577637, 58.7216695 ], [ 25.0572762, 58.7216765 ], [ 25.0571667, 58.7214599 ], [ 25.0569041, 58.7213508 ], [ 25.0568445, 58.721224 ], [ 25.0569936, 58.7208697 ], [ 25.0568403, 58.7206805 ] ] } },
{ "type": "Feature", "properties": { "source_fid": "w1356952632", "name": null }, "geometry": { "type": "LineString", "coordinates": [ [ 25.0315011, 58.7077447 ], [ 25.0320858, 58.7078917 ], [ 25.032518, 58.7078706 ], [ 25.032826, 58.7080141 ], [ 25.0327881, 58.7081334 ], [ 25.0325279, 58.7082097 ], [ 25.0315964, 58.7082103 ], [ 25.030735, 58.7080196 ] ] } },
{ "type": "Feature", "properties": { "source_fid": "w1356952633", "name": null }, "geometry": { "type": "LineString", "coordinates": [ [ 25.030735, 58.7080196 ], [ 25.0307345, 58.7076602 ] ] } },
{ "type": "Feature", "properties": { "source_fid": "w1356952634", "name": "Vändra jõgi" }, "geometry": { "type": "LineString", "coordinates": [ [ 25.0446221, 58.7104533 ], [ 25.0439267, 58.7099391 ], [ 25.0434873, 58.7097336 ], [ 25.0414899, 58.7091286 ], [ 25.0400552, 58.7088165 ], [ 25.0395901, 58.7087889 ], [ 25.03887, 58.7091901 ], [ 25.037289, 58.7095173 ], [ 25.036927, 58.7095027 ], [ 25.0365527, 58.7093291 ], [ 25.0361985, 58.7085173 ], [ 25.0359349, 58.7084767 ], [ 25.0354403, 58.7086114 ], [ 25.0350107, 58.7086353 ], [ 25.0346877, 58.7079432 ], [ 25.0335234, 58.7074459 ], [ 25.0327622, 58.707224 ], [ 25.0323711, 58.7072674 ], [ 25.0315011, 58.7077447 ] ] } },
{ "type": "Feature", "properties": { "source_fid": "w1356952636", "name": "Vändra jõgi" }, "geometry": { "type": "LineString", "coordinates": [ [ 25.0341055, 58.6681327 ], [ 25.0335479, 58.6681501 ], [ 25.0326234, 58.6679898 ], [ 25.0323489, 58.6677945 ], [ 25.032467, 58.6676018 ] ] } },
{ "type": "Feature", "properties": { "source_fid": "w1356952637", "name": "Vändra jõgi" }, "geometry": { "type": "LineString", "coordinates": [ [ 25.0352099, 58.6713287 ], [ 25.0351177, 58.6708392 ], [ 25.0344971, 58.6703347 ], [ 25.0344291, 58.6698452 ], [ 25.034068, 58.6695247 ], [ 25.0340968, 58.6694096 ], [ 25.0348699, 58.6688549 ], [ 25.0348726, 58.6684923 ], [ 25.0345976, 58.6682528 ], [ 25.0341055, 58.6681327 ] ] } },
{ "type": "Feature", "properties": { "source_fid": "w1356952640", "name": "Vändra jõgi" }, "geometry": { "type": "LineString", "coordinates": [ [ 25.0313543, 58.664312 ], [ 25.0312011, 58.6633827 ], [ 25.0304387, 58.6630848 ], [ 25.030593, 58.6624916 ] ] } },
{ "type": "Feature", "properties": { "source_fid": "w1356952641", "name": "Vändra jõgi" }, "geometry": { "type": "LineString", "coordinates": [ [ 25.031305, 58.6643555 ], [ 25.0313543, 58.664312 ] ] } },
{ "type": "Feature", "properties": { "source_fid": "w1356952646", "name": "Aruküla jõgi" }, "geometry": { "type": "LineString", "coordinates": [ [ 25.29101, 58.6838101 ], [ 25.2895265, 58.6836395 ], [ 25.2890303, 58.6834207 ], [ 25.2882851, 58.6834104 ], [ 25.2880903, 58.6831307 ] ] } },
{ "type": "Feature", "properties": { "source_fid": "w1356952647", "name": "Aruküla jõgi" }, "geometry": { "type": "LineString", "coordinates": [ [ 25.2880903, 58.6831307 ], [ 25.2879025, 58.6829501 ] ] } },
{ "type": "Feature", "properties": { "source_fid": "w1373019167", "name": "Mõnuvere jõgi" }, "geometry": { "type": "LineString", "coordinates": [ [ 24.7248893, 58.5979168 ], [ 24.7270737, 58.5950813 ], [ 24.7269125, 58.5941148 ] ] } },
{ "type": "Feature", "properties": { "source_fid": "w1373019168", "name": "Mõnuvere jõgi" }, "geometry": { "type": "LineString", "coordinates": [ [ 24.7248161, 58.5980118 ], [ 24.7248893, 58.5979168 ] ] } },
{ "type": "Feature", "properties": { "source_fid": "w1460867045", "name": "Audri jõgi" }, "geometry": { "type": "LineString", "coordinates": [ [ 24.3615805, 58.4046353 ], [ 24.3621195, 58.4048135 ], [ 24.3625144, 58.4047832 ], [ 24.3639749, 58.4041589 ], [ 24.3655171, 58.4021237 ], [ 24.3656703, 58.4014815 ], [ 24.3653384, 58.4012638 ] ] } }
]
}
