{
"type": "FeatureCollection",
"name": "network",
"crs": { "type": "name", "properties": { "name": "urn:ogc:def:crs:OGC:1.3:CRS84" } },
"xy_coordinate_resolution": 1e-07,
"features": [
{ "type": "Feature", "properties": { "orig_fid": "w27810133", "waterway": "river", "name": "Kargaja jõgi" }, "geometry": { "type": "LineString", "coordinates": [ [ 27.1541616, 58.4390604 ], [ 27.1542464, 58.4396376 ], [ 27.1544323, 58.4405672 ], [ 27.1549693, 58.4411076 ], [ 27.156291, 58.4422101 ], [ 27.1580464, 58.4430315 ], [ 27.1598224, 58.4435395 ], [ 27.1624218, 58.4439712 ], [ 27.1640682, 58.4444786 ], [ 27.1652044, 58.4449466 ] ] } },
{ "type": "Feature", "properties": { "orig_fid": "w27810134", "waterway": "river", "name": "Koosa jõgi" }, "geometry": { "type": "LineString", "coordinates": [ [ 27.1425236, 58.3942779 ], [ 27.1423857, 58.3946442 ], [ 27.1423395, 58.394767 ], [ 27.1420751, 58.3948537 ], [ 27.1399721, 58.3960669 ], [ 27.1392234, 58.3965113 ], [ 27.1388529, 58.3967761 ], [ 27.1383868, 58.39753 ], [ 27.1379815, 58.3981851 ], [ 27.1378748, 58.3988086 ], [ 27.1378563, 58.3993811 ], [ 27.1382543, 58.3999435 ], [ 27.138961, 58.4003278 ], [ 27.1400184, 58.4004844 ], [ 27.1412675, 58.4007093 ], [ 27.1424569, 58.4010452 ], [ 27.1432664, 58.4012809 ], [ 27.1442156, 58.4016531 ], [ 27.1446527, 58.4018736 ], [ 27.144724, 58.4021519 ], [ 27.1445671, 58.4024722 ], [ 27.144083, 58.4027641 ], [ 27.1432977, 58.403319 ], [ 27.1426292, 58.4038833 ], [ 27.1422966, 58.4045731 ], [ 27.1423621, 58.4050462 ], [ 27.1427424, 58.4056698 ], [ 27.1434128, 58.4061646 ], [ 27.1449966, 58.4067586 ], [ 27.1475803, 58.4079 ], [ 27.1517422, 58.4100858 ], [ 27.1534183, 58.4106714 ], [ 27.1535602, 58.41096 ], [ 27.1535947, 58.4116043 ], [ 27.155098, 58.4125897 ], [ 27.1573759, 58.4139333 ], [ 27.1588527, 58.4141037 ], [ 27.1597551, 58.414337 ], [ 27.1614828, 58.4149759 ], [ 27.162976, 58.4153285 ], [ 27.1636206, 58.4155316 ], [ 27.1641681, 58.4159441 ], [ 27.1649657, 58.4164295 ], [ 27.1657066, 58.4169285 ], [ 27.1658881, 58.4173987 ], [ 27.1655958, 58.417759 ], [ 27.1648581, 58.4180694 ], [ 27.1645712, 58.4184904 ], [ 27.1643382, 58.4189953 ], [ 27.1644082, 58.4196448 ], [ 27.1647044, 58.4201 ], [ 27.1652808, 58.420317 ], [ 27.1660249, 58.4203351 ], [ 27.1687976, 58.4199499 ], [ 27.1716307, 58.4197213 ], [ 27.1723681, 58.4199221 ], [ 27.1727383, 58.4201685 ], [ 27.1728671, 58.420567 ], [ 27.1726905, 58.4209244 ], [ 27.172193, 58.421582 ], [ 27.1723412, 58.4227104 ], [ 27.1728048, 58.4237335 ], [ 27.1724915, 58.4241187 ], [ 27.172532, 58.4245681 ], [ 27.1734081, 58.4252767 ], [ 27.1753287, 58.4262884 ] ] } },
{ "type": "Feature", "properties": { "orig_fid": "w29360663", "waterway": "river", "name": "Emajõgi" }, "geometry": { "type": "LineString", "coordinates": [ [ 26.6724222, 58.4252943 ], [ 26.6730774, 58.4248978 ], [ 26.6740597, 58.4243034 ], [ 26.6765339, 58.4222869 ], [ 26.6820167, 58.4186339 ], [ 26.6826939, 58.4182379 ], [ 26.6835153, 58.4176501 ], [ 26.6847585, 58.4163693 ], [ 26.6857672, 58.4155362 ], [ 26.6859682, 58.4152664 ], [ 26.686396, 58.4146921 ], [ 26.6896395, 58.4103384 ], [ 26.6902679, 58.4094948 ], [ 26.69108, 58.4065908 ], [ 26.6910096, 58.4055223 ], [ 26.6915722, 58.4044004 ], [ 26.6919916, 58.4034568 ], [ 26.6922613, 58.4028499 ], [ 26.6925793, 58.4023147 ], [ 26.6927246, 58.4020702 ], [ 26.6932599, 58.4011691 ], [ 26.693738, 58.4003642 ], [ 26.6951865, 58.3988279 ], [ 26.6961084, 58.3978502 ], [ 26.6961745, 58.3977801 ], [ 26.6975227, 58.396658 ], [ 26.6976977, 58.3965262 ], [ 26.698974, 58.3962034 ], [ 26.7003632, 58.3961361 ], [ 26.7028243, 58.3956832 ], [ 26.7059155, 58.3946791 ], [ 26.7089869, 58.3933009 ], [ 26.711288, 58.3914528 ], [ 26.7126884, 58.3905407 ], [ 26.7148935, 58.3895797 ], [ 26.7172368, 58.3886408 ], [ 26.7196422, 58.3877095 ], [ 26.7214244, 58.3867891 ], [ 26.7232871, 58.3855317 ], [ 26.7245343, 58.3845267 ], [ 26.7255312, 58.3832723 ], [ 26.7256421, 58.3826529 ], [ 26.7256459, 58.3819981 ], [ 26.7256653, 58.3812598 ], [ 26.7259824, 58.3806415 ], [ 26.7265614, 58.3802302 ], [ 26.7272706, 58.3798785 ], [ 26.7282652, 58.3795252 ], [ 26.730068, 58.3793725 ], [ 26.7315837, 58.3793008 ], [ 26.7321063, 58.3793668 ], [ 26.7325139, 58.3795006 ], [ 26.7338103, 58.3800224 ], [ 26.7344244, 58.3801905 ], [ 26.7351768, 58.3802609 ], [ 26.7355135, 58.3802981 ], [ 26.7368159, 58.3799799 ], [ 26.7372964, 58.3797575 ], [ 26.7374911, 58.3795678 ], [ 26.7374141, 58.3790667 ], [ 26.7373456, 58.3782929 ], [ 26.7375056, 58.3772467 ], [ 26.737934, 58.3762513 ], [ 26.7384688, 58.3750572 ], [ 26.7395973, 58.3738445 ], [ 26.7414205, 58.3715506 ], [ 26.7435287, 58.3702659 ], [ 26.7459613, 58.3694201 ], [ 26.7483334, 58.3687676 ], [ 26.7491669, 58.3684034 ], [ 26.749776, 58.3679819 ], [ 26.7502242, 58.3675264 ], [ 26.7503678, 58.3671257 ], [ 26.7503562, 58.3666237 ], [ 26.7500585, 58.3660104 ], [ 26.7488426, 58.3649982 ], [ 26.748605, 58.3646175 ], [ 26.7485028, 58.3641033 ], [ 26.7486484, 58.3636644 ], [ 26.7498471, 58.3624423 ], [ 26.750453, 58.3620397 ], [ 26.751694, 58.3609917 ], [ 26.7519193, 58.3603807 ], [ 26.7518885, 58.3598946 ], [ 26.7515782, 58.3591312 ], [ 26.7511562, 58.3587326 ], [ 26.7500308, 58.3580118 ], [ 26.7484471, 58.3574784 ], [ 26.7477246, 58.3572296 ], [ 26.7473833, 58.3569601 ], [ 26.7467579, 58.3561075 ], [ 26.7467649, 58.3558902 ], [ 26.7469712, 58.3555232 ], [ 26.7474704, 58.3550113 ], [ 26.7488089, 58.3540596 ], [ 26.7494958, 58.3532072 ], [ 26.7500144, 58.3513143 ], [ 26.7500416, 58.3512674 ], [ 26.750522, 58.3504396 ], [ 26.7510571, 58.3499555 ], [ 26.7518338, 58.3495445 ], [ 26.7535401, 58.3492884 ], [ 26.7564756, 58.3488249 ], [ 26.7572636, 58.3481605 ], [ 26.7584439, 58.3468076 ], [ 26.7586233, 58.346602 ], [ 26.7599274, 58.3460285 ], [ 26.7609629, 58.3456845 ], [ 26.7620377, 58.3453177 ], [ 26.7660569, 58.3433431 ], [ 26.7699018, 58.3423358 ], [ 26.7723896, 58.3424709 ], [ 26.7733353, 58.3423637 ], [ 26.7736854, 58.342292 ], [ 26.7739084, 58.3421829 ], [ 26.7749385, 58.3409298 ], [ 26.7752939, 58.3395084 ], [ 26.775773, 58.3386183 ], [ 26.7770088, 58.3379634 ], [ 26.7798826, 58.3370673 ], [ 26.7822464, 58.3364648 ], [ 26.7827322, 58.3364517 ], [ 26.7844762, 58.3367148 ], [ 26.7855215, 58.336742 ], [ 26.7862588, 58.3366427 ], [ 26.7889672, 58.3363721 ], [ 26.793216, 58.3355686 ], [ 26.7968932, 58.3350897 ], [ 26.8017445, 58.3347807 ], [ 26.8042011, 58.3352596 ], [ 26.8064432, 58.3365211 ], [ 26.8067967, 58.3367429 ], [ 26.8087129, 58.3390091 ], [ 26.8092711, 58.33931 ], [ 26.8097425, 58.3394784 ], [ 26.8099855, 58.3395652 ], [ 26.8110697, 58.3396442 ], [ 26.8129304, 58.3395084 ], [ 26.8143701, 58.339423 ], [ 26.8160934, 58.3395187 ], [ 26.8183832, 58.3400164 ], [ 26.8193525, 58.3402271 ], [ 26.8207641, 58.3403441 ], [ 26.822181, 58.3404021 ], [ 26.8234366, 58.3403146 ], [ 26.8246249, 58.3399843 ], [ 26.8284407, 58.3386784 ], [ 26.8314231, 58.3380004 ], [ 26.8335085, 58.3377587 ], [ 26.8350025, 58.3378447 ], [ 26.8362373, 58.3380506 ], [ 26.8390788, 58.33892 ], [ 26.8435937, 58.3399764 ], [ 26.8453557, 58.3404321 ], [ 26.8511541, 58.3420804 ], [ 26.8529432, 58.3426225 ], [ 26.853802, 58.3428985 ], [ 26.8546178, 58.343463 ], [ 26.8552052, 58.3445606 ], [ 26.8558153, 58.3452596 ], [ 26.8564866, 58.3457231 ], [ 26.8574672, 58.3462354 ], [ 26.858922, 58.3466526 ], [ 26.8603602, 58.3468227 ], [ 26.861839, 58.3469077 ], [ 26.8639196, 58.3467244 ], [ 26.8654467, 58.3465705 ], [ 26.866401, 58.3466429 ], [ 26.8676727, 58.3470604 ], [ 26.8723809, 58.3488713 ], [ 26.8748415, 58.3498101 ], [ 26.876833, 58.3503891 ], [ 26.8784815, 58.3507819 ], [ 26.8797685, 58.3509271 ], [ 26.8809625, 58.3507774 ], [ 26.8822088, 58.3503853 ], [ 26.8837266, 58.3498217 ], [ 26.8847946, 58.3497254 ], [ 26.8859936, 58.3498162 ], [ 26.8873536, 58.3501072 ], [ 26.8917931, 58.3513338 ], [ 26.8938264, 58.351764 ], [ 26.8954696, 58.3522379 ], [ 26.8971335, 58.3528972 ], [ 26.8987769, 58.3538846 ], [ 26.9017842, 58.3564971 ], [ 26.9058516, 58.359951 ], [ 26.9066027, 58.3613195 ], [ 26.9067315, 58.361797 ], [ 26.9069577, 58.3623806 ], [ 26.9077031, 58.3627591 ], [ 26.9090807, 58.3631691 ], [ 26.9108405, 58.3634155 ], [ 26.9142696, 58.3640273 ], [ 26.9169445, 58.3646097 ], [ 26.9186199, 58.3649122 ], [ 26.9197521, 58.3649448 ], [ 26.9207259, 58.3649084 ], [ 26.9225148, 58.364704 ], [ 26.9237185, 58.3645981 ], [ 26.924703, 58.3646874 ], [ 26.9258267, 58.3649728 ], [ 26.9268697, 58.3655623 ], [ 26.9275178, 58.3661471 ], [ 26.9287507, 58.3669111 ], [ 26.9298641, 58.3674373 ], [ 26.9315392, 58.3681724 ], [ 26.9350163, 58.3691666 ], [ 26.9364915, 58.3694521 ], [ 26.9388646, 58.3695869 ], [ 26.9410619, 58.3699419 ], [ 26.941886, 58.3701966 ], [ 26.9424838, 58.3705693 ], [ 26.9431532, 58.3716146 ], [ 26.9439134, 58.3723611 ], [ 26.9448298, 58.3727696 ], [ 26.9472229, 58.3730043 ], [ 26.9490742, 58.3734572 ], [ 26.9507376, 58.374019 ], [ 26.9530701, 58.3752261 ], [ 26.9545511, 58.3756809 ], [ 26.9561021, 58.3760072 ], [ 26.9581333, 58.3762718 ], [ 26.9599875, 58.3767192 ], [ 26.9615148, 58.3773061 ], [ 26.9636004, 58.3786533 ], [ 26.9648354, 58.3793106 ], [ 26.9666424, 58.3801772 ], [ 26.9686463, 58.380697 ], [ 26.9729474, 58.3809611 ], [ 26.9785712, 58.3812547 ], [ 26.9845585, 58.3813629 ], [ 26.9879947, 58.3808697 ], [ 26.9909313, 58.3801577 ], [ 26.9951693, 58.3795481 ], [ 26.9955405, 58.3794947 ], [ 26.9964483, 58.3793641 ], [ 26.9993303, 58.3792655 ], [ 27.0010202, 58.3793852 ], [ 27.0025013, 58.379645 ], [ 27.0052079, 58.3799254 ], [ 27.0083814, 58.3801561 ], [ 27.0103562, 58.3800878 ], [ 27.0133792, 58.3795292 ], [ 27.0151837, 58.3793564 ], [ 27.0204565, 58.3793698 ], [ 27.0225096, 58.3792722 ], [ 27.0288768, 58.3785509 ], [ 27.0353408, 58.3775177 ], [ 27.0436201, 58.3771974 ], [ 27.0484155, 58.37705 ], [ 27.0509015, 58.3771767 ], [ 27.0531459, 58.3774335 ], [ 27.0545655, 58.3777451 ], [ 27.0562693, 58.3780723 ], [ 27.0582912, 58.378833 ], [ 27.0606819, 58.3794985 ], [ 27.064669, 58.3796334 ], [ 27.0741601, 58.3790729 ], [ 27.0811676, 58.379429 ], [ 27.083773, 58.3794415 ], [ 27.0878345, 58.3791466 ], [ 27.0901195, 58.3790477 ], [ 27.0923631, 58.3785088 ], [ 27.0939747, 58.3782616 ], [ 27.0952687, 58.3781749 ], [ 27.0964504, 58.378358 ], [ 27.0974235, 58.3786969 ], [ 27.099037, 58.3795133 ], [ 27.101522, 58.3806369 ], [ 27.1026945, 58.3810403 ], [ 27.1028583, 58.3810967 ], [ 27.1044074, 58.3813164 ], [ 27.1051997, 58.3814288 ], [ 27.1062176, 58.3816623 ], [ 27.1071019, 58.3821655 ], [ 27.1082934, 58.3830395 ], [ 27.1097089, 58.3837392 ], [ 27.1112092, 58.3842277 ], [ 27.1118197, 58.3843471 ], [ 27.1126381, 58.3843884 ], [ 27.1136624, 58.3843346 ], [ 27.1141659, 58.384234 ], [ 27.1145299, 58.3841614 ], [ 27.1160149, 58.38379 ], [ 27.1191403, 58.3828892 ], [ 27.1208057, 58.3826918 ], [ 27.1221387, 58.3828688 ], [ 27.1229433, 58.3832876 ], [ 27.1234007, 58.3836494 ], [ 27.1249662, 58.3852268 ], [ 27.1258865, 58.3859825 ], [ 27.1291172, 58.3879291 ], [ 27.1301063, 58.3895111 ], [ 27.1307885, 58.3901733 ], [ 27.1315873, 58.3908885 ], [ 27.1326727, 58.3914561 ], [ 27.1338746, 58.3919814 ], [ 27.1350646, 58.3921968 ], [ 27.1371165, 58.3921799 ], [ 27.1387067, 58.392363 ], [ 27.1398964, 58.3928028 ], [ 27.1415546, 58.3940165 ], [ 27.1419718, 58.3941571 ], [ 27.1425236, 58.3942779 ], [ 27.1429493, 58.3942493 ], [ 27.1435852, 58.394205 ], [ 27.1443254, 58.3937958 ], [ 27.145248, 58.3930924 ], [ 27.145868, 58.3928416 ], [ 27.1464668, 58.3927429 ], [ 27.1495289, 58.3928519 ], [ 27.1509853, 58.3927009 ], [ 27.1525743, 58.3922851 ], [ 27.1544162, 58.3914686 ], [ 27.1560764, 58.3908256 ], [ 27.1573148, 58.3906894 ], [ 27.1590374, 58.3908895 ], [ 27.1617322, 58.3913468 ], [ 27.1636105, 58.3919628 ], [ 27.164833, 58.3926536 ], [ 27.1658408, 58.3934887 ], [ 27.1667405, 58.3948823 ], [ 27.1689497, 58.3963508 ], [ 27.1711408, 58.3982097 ], [ 27.172394, 58.3992447 ], [ 27.1740836, 58.4001628 ], [ 27.1763151, 58.4012186 ], [ 27.1774065, 58.4020097 ], [ 27.1781853, 58.4027481 ], [ 27.1783378, 58.4033706 ], [ 27.1782434, 58.4040296 ], [ 27.1774346, 58.4048782 ], [ 27.1773821, 58.4057887 ], [ 27.1778308, 58.406707 ], [ 27.1785256, 58.4073666 ], [ 27.179269, 58.4077118 ], [ 27.1800509, 58.4078438 ], [ 27.1818507, 58.4077384 ], [ 27.1850709, 58.4075874 ], [ 27.1872951, 58.4077037 ], [ 27.1891424, 58.4079101 ], [ 27.1903807, 58.4081924 ], [ 27.1910648, 58.4087309 ], [ 27.1914425, 58.4092872 ], [ 27.191448, 58.4099842 ], [ 27.1908087, 58.4114246 ], [ 27.189829, 58.4122977 ], [ 27.1889884, 58.4132179 ], [ 27.1885941, 58.4139652 ], [ 27.1885574, 58.4148349 ], [ 27.1888922, 58.415554 ], [ 27.1894849, 58.4159332 ], [ 27.1903722, 58.4161636 ], [ 27.1937459, 58.4164228 ], [ 27.1967226, 58.4167625 ], [ 27.1987992, 58.4167308 ], [ 27.2034243, 58.4165643 ], [ 27.2081217, 58.4165576 ], [ 27.2108322, 58.4167219 ], [ 27.2127442, 58.4170219 ], [ 27.2134275, 58.4172607 ], [ 27.2139446, 58.4177924 ], [ 27.2142537, 58.4185993 ] ] } },
{ "type": "Feature", "properties": { "orig_fid": "w45486304", "waterway": "river", "name": "Kullavere jõgi" }, "geometry": { "type": "LineString", "coordinates": [ [ 26.8875253, 58.7762293 ], [ 26.8878745, 58.7761917 ], [ 26.8880749, 58.776156 ], [ 26.8883849, 58.7760308 ], [ 26.8884345, 58.775958 ], [ 26.8885045, 58.7759144 ], [ 26.8887237, 58.7758895 ], [ 26.8887856, 58.7758724 ], [ 26.8889385, 58.7757996 ], [ 26.889019, 58.7757054 ], [ 26.8889498, 58.7755519 ], [ 26.8887815, 58.7753199 ], [ 26.8887381, 58.7752514 ], [ 26.8887278, 58.7751732 ], [ 26.8888001, 58.7751443 ], [ 26.8889811, 58.7750664 ], [ 26.8894362, 58.7750523 ], [ 26.8897006, 58.7750994 ], [ 26.8904565, 58.7754227 ], [ 26.8907911, 58.7754944 ], [ 26.8910142, 58.7755169 ], [ 26.8912723, 58.7755116 ], [ 26.8914499, 58.7754934 ], [ 26.89164, 58.7754666 ], [ 26.8918244, 58.7754415 ], [ 26.892069, 58.7754196 ], [ 26.8922725, 58.7753883 ], [ 26.892449, 58.7753755 ], [ 26.8925781, 58.7753785 ], [ 26.892644, 58.775377 ], [ 26.892711, 58.7753576 ], [ 26.8928753, 58.7753205 ], [ 26.8929153, 58.7752745 ], [ 26.8929531, 58.7752417 ], [ 26.8929732, 58.7752183 ], [ 26.8930093, 58.7751428 ], [ 26.8930022, 58.7750526 ], [ 26.8926608, 58.7748903 ], [ 26.8925966, 58.774807 ], [ 26.8925814, 58.7747284 ], [ 26.8926209, 58.7746517 ], [ 26.8927568, 58.7745455 ], [ 26.8930603, 58.7745092 ], [ 26.8932351, 58.7745173 ], [ 26.893449, 58.7745331 ], [ 26.8936244, 58.7745456 ], [ 26.893999, 58.7745976 ], [ 26.8940688, 58.7746728 ], [ 26.8941092, 58.7747106 ], [ 26.8941247, 58.7747935 ], [ 26.8940136, 58.7748704 ], [ 26.8939888, 58.7748814 ], [ 26.8939565, 58.7749059 ], [ 26.8939346, 58.775154 ], [ 26.8939428, 58.7751936 ], [ 26.8939676, 58.7752257 ], [ 26.8940007, 58.77526 ], [ 26.8940771, 58.7752878 ], [ 26.89417, 58.775275 ], [ 26.8942981, 58.7752096 ], [ 26.8944241, 58.775123 ], [ 26.8944271, 58.7750544 ], [ 26.8944447, 58.7749916 ], [ 26.8944885, 58.7749668 ], [ 26.8945279, 58.7749585 ], [ 26.894568, 58.7749591 ], [ 26.8946948, 58.7749696 ], [ 26.894801, 58.775006 ], [ 26.8948821, 58.7750517 ], [ 26.8949494, 58.7751037 ], [ 26.8949787, 58.7751105 ], [ 26.8950405, 58.7750958 ], [ 26.8950779, 58.7750636 ], [ 26.8951467, 58.7750309 ], [ 26.8951778, 58.7749915 ], [ 26.8951677, 58.7749382 ], [ 26.8950295, 58.7747911 ], [ 26.8947493, 58.7746948 ], [ 26.8945397, 58.7746775 ], [ 26.8943931, 58.7746143 ], [ 26.8942981, 58.7745447 ], [ 26.8942113, 58.7744238 ], [ 26.8942051, 58.7741625 ], [ 26.8942878, 58.7740811 ], [ 26.8947523, 58.7738335 ], [ 26.8954023, 58.7735944 ], [ 26.8956881, 58.7735166 ], [ 26.8958585, 58.7734994 ], [ 26.8960022, 58.7735066 ], [ 26.8962272, 58.7735952 ], [ 26.8966172, 58.7739464 ], [ 26.8966815, 58.774064 ], [ 26.8967441, 58.7740953 ], [ 26.8968677, 58.7740999 ], [ 26.8969607, 58.7740814 ], [ 26.8972012, 58.7739422 ], [ 26.8972877, 58.7738138 ], [ 26.8973087, 58.7736185 ], [ 26.8971834, 58.7731464 ], [ 26.8968757, 58.772899 ], [ 26.8966278, 58.772793 ], [ 26.8965865, 58.7727213 ], [ 26.8965659, 58.7725671 ], [ 26.8966051, 58.7725179 ], [ 26.8967724, 58.7724943 ], [ 26.897076, 58.7724322 ], [ 26.8971669, 58.7723808 ], [ 26.8972102, 58.7723262 ], [ 26.8972433, 58.7722844 ], [ 26.897266, 58.7722502 ], [ 26.8971813, 58.7720521 ], [ 26.8970946, 58.7719825 ], [ 26.89695, 58.7719279 ], [ 26.8965452, 58.7718636 ], [ 26.8959475, 58.7718153 ], [ 26.8958826, 58.7717231 ], [ 26.8958815, 58.771677 ], [ 26.8963073, 58.771425 ], [ 26.8963624, 58.77133 ], [ 26.8963599, 58.7713003 ], [ 26.8962628, 58.7712356 ], [ 26.8961586, 58.7711874 ], [ 26.8956879, 58.7711405 ], [ 26.895477, 58.7710994 ], [ 26.8953685, 58.7710862 ], [ 26.8953249, 58.7710781 ], [ 26.8952653, 58.7710497 ], [ 26.8951966, 58.7709814 ], [ 26.895304, 58.7708258 ], [ 26.8955213, 58.7706514 ], [ 26.8957525, 58.7705733 ], [ 26.896024, 58.7705737 ], [ 26.8962845, 58.7705316 ], [ 26.8964379, 58.770552 ], [ 26.8965369, 58.7705706 ], [ 26.8966821, 58.7706298 ], [ 26.8968077, 58.7706706 ], [ 26.8969, 58.7706725 ], [ 26.8970275, 58.7705492 ], [ 26.897124, 58.7702614 ], [ 26.8971167, 58.7701739 ], [ 26.8970194, 58.7699693 ], [ 26.8969451, 58.7698669 ], [ 26.8967991, 58.7698051 ], [ 26.896722, 58.769683 ], [ 26.8968076, 58.7695435 ], [ 26.896968, 58.769462 ], [ 26.8971056, 58.769431 ], [ 26.8974267, 58.7694497 ], [ 26.8978654, 58.7695322 ], [ 26.8981362, 58.7695044 ], [ 26.8983433, 58.7694719 ], [ 26.8987076, 58.7694035 ], [ 26.8993165, 58.7692886 ], [ 26.8994608, 58.7692348 ], [ 26.8996512, 58.7691885 ], [ 26.8998436, 58.7690967 ], [ 26.8999955, 58.7690241 ], [ 26.9003036, 58.7687872 ] ] } },
{ "type": "Feature", "properties": { "orig_fid": "w45492903", "waterway": "river", "name": "Kääpa jõgi" }, "geometry": { "type": "LineString", "coordinates": [ [ 26.9286221, 58.7568841 ], [ 26.9289783, 58.7569282 ], [ 26.9294994, 58.7569586 ], [ 26.9295791, 58.7570013 ], [ 26.9297732, 58.7572137 ], [ 26.9297971, 58.7573047 ], [ 26.9297626, 58.7573653 ], [ 26.9294728, 58.757557 ], [ 26.9293851, 58.7577031 ], [ 26.9294515, 58.7577376 ], [ 26.929635, 58.7577487 ], [ 26.930919, 58.7576659 ], [ 26.9312646, 58.757677 ], [ 26.9316049, 58.7577459 ], [ 26.9320887, 58.7579127 ], [ 26.9323359, 58.7580451 ], [ 26.9322987, 58.7583457 ], [ 26.9324396, 58.7585828 ], [ 26.9324423, 58.7589096 ], [ 26.932546, 58.7590213 ], [ 26.932958, 58.7591233 ], [ 26.9335748, 58.7591605 ], [ 26.9340294, 58.759155 ], [ 26.9344122, 58.7592198 ], [ 26.9345823, 58.7592736 ], [ 26.9354623, 58.7598127 ], [ 26.9360259, 58.7604138 ], [ 26.9360551, 58.7606785 ], [ 26.935651, 58.7609777 ], [ 26.9353639, 58.7612934 ], [ 26.9352948, 58.7616034 ], [ 26.9354355, 58.7618162 ] ] } },
{ "type": "Feature", "properties": { "orig_fid": "w45492905", "waterway": "river", "name": "Kullavere jõgi" }, "geometry": { "type": "LineString", "coordinates": [ [ 26.950864, 58.7692434 ], [ 26.9510344, 58.769388 ], [ 26.9513726, 58.7695617 ], [ 26.9520378, 58.7697057 ], [ 26.9529926, 58.7695871 ], [ 26.9536083, 58.7694868 ], [ 26.9541497, 58.7692171 ], [ 26.9543231, 58.7690674 ], [ 26.9550293, 58.7689545 ], [ 26.9564344, 58.7690131 ], [ 26.9576928, 58.76913 ], [ 26.9587921, 58.7688891 ], [ 26.959567, 58.7686081 ], [ 26.9608152, 58.7683698 ], [ 26.9613247, 58.7682659 ], [ 26.9623251, 58.7682116 ], [ 26.9628528, 58.7681877 ], [ 26.9636356, 58.7682351 ], [ 26.9646853, 58.7682541 ], [ 26.9658768, 58.7680914 ], [ 26.9668379, 58.7679444 ], [ 26.9673496, 58.7679356 ], [ 26.968153, 58.7680227 ], [ 26.9703416, 58.7685375 ], [ 26.9709603, 58.7685724 ], [ 26.971602, 58.7685769 ], [ 26.9722447, 58.7686246 ], [ 26.9726964, 58.7688194 ], [ 26.9744802, 58.7696544 ], [ 26.9755481, 58.7699882 ], [ 26.9769121, 58.7699658 ], [ 26.9784947, 58.7698221 ], [ 26.9800544, 58.7702818 ] ] } },
{ "type": "Feature", "properties": { "orig_fid": "w45499999", "waterway": "river", "name": "Amme jõgi" }, "geometry": { "type": "LineString", "coordinates": [ [ 26.840157, 58.5137518 ], [ 26.8408449, 58.5130848 ], [ 26.8409858, 58.5129144 ], [ 26.8448083, 58.5075216 ], [ 26.8448365, 58.5072414 ], [ 26.8447729, 58.5070153 ], [ 26.8444896, 58.5065367 ], [ 26.8437781, 58.5057101 ], [ 26.8437377, 58.5047122 ], [ 26.8433055, 58.5041283 ], [ 26.8431475, 58.5038968 ], [ 26.8431646, 58.5034565 ], [ 26.8432852, 58.5031932 ], [ 26.8435331, 58.5028353 ], [ 26.8435718, 58.5024358 ], [ 26.8434785, 58.5023011 ], [ 26.8429919, 58.5021824 ], [ 26.8422471, 58.5020072 ], [ 26.8420266, 58.5018811 ], [ 26.841877, 58.5015251 ], [ 26.8417375, 58.5010488 ], [ 26.8416061, 58.5003719 ], [ 26.8408531, 58.4999157 ], [ 26.840535, 58.499777 ], [ 26.8401867, 58.4995111 ], [ 26.8397176, 58.4991913 ], [ 26.8395918, 58.4988282 ], [ 26.8395322, 58.4981647 ], [ 26.839431, 58.498106 ], [ 26.8387798, 58.4977828 ], [ 26.8384623, 58.497546 ], [ 26.8377759, 58.4967863 ], [ 26.8375394, 58.4963915 ], [ 26.8376869, 58.4958617 ], [ 26.837954, 58.49532 ], [ 26.8378952, 58.494819 ], [ 26.8376369, 58.494261 ], [ 26.8375404, 58.4939434 ], [ 26.8376175, 58.4937037 ], [ 26.8376895, 58.4935815 ], [ 26.8379006, 58.4934802 ], [ 26.838209, 58.4934303 ], [ 26.8388647, 58.4934167 ], [ 26.8391009, 58.4933319 ], [ 26.8391671, 58.4932291 ], [ 26.8391439, 58.4931181 ], [ 26.8388421, 58.4927232 ], [ 26.8386538, 58.4923258 ], [ 26.8383209, 58.4918761 ], [ 26.8382818, 58.4916266 ], [ 26.8383403, 58.4914635 ], [ 26.8384779, 58.4912053 ], [ 26.8386413, 58.4906261 ], [ 26.8386517, 58.4905224 ], [ 26.8388609, 58.4903149 ], [ 26.8390592, 58.4902451 ], [ 26.839377, 58.4900997 ], [ 26.8397796, 58.489697 ], [ 26.8397929, 58.4895499 ], [ 26.8394974, 58.4893055 ], [ 26.8392073, 58.4891293 ], [ 26.8389171, 58.4888353 ], [ 26.8384665, 58.4881691 ], [ 26.8384603, 58.4880021 ], [ 26.8386174, 58.4878737 ], [ 26.8386396, 58.4877796 ], [ 26.8385931, 58.4875244 ], [ 26.8386153, 58.487409 ], [ 26.8388193, 58.4873487 ], [ 26.839174, 58.4873095 ], [ 26.8397363, 58.487367 ], [ 26.8402135, 58.4873089 ], [ 26.8406448, 58.487268 ], [ 26.8409451, 58.4872941 ], [ 26.8413331, 58.4873509 ], [ 26.8414826, 58.4873387 ], [ 26.8417052, 58.4872118 ], [ 26.8418864, 58.4870635 ], [ 26.8418975, 58.4868843 ], [ 26.8419355, 58.4863366 ], [ 26.8422036, 58.4861348 ], [ 26.8426354, 58.4859299 ], [ 26.843037, 58.4858392 ], [ 26.8433579, 58.4857696 ], [ 26.8436624, 58.4856379 ], [ 26.8439699, 58.4856117 ], [ 26.8444942, 58.4855971 ], [ 26.8449757, 58.4855462 ], [ 26.8455289, 58.4854678 ], [ 26.8456945, 58.4853608 ], [ 26.8458989, 58.4851628 ], [ 26.8459867, 58.4848783 ], [ 26.8457891, 58.4841242 ], [ 26.8456048, 58.4834976 ], [ 26.8454462, 58.4832572 ], [ 26.8452541, 58.4830935 ], [ 26.8450865, 58.4829886 ], [ 26.8449948, 58.4828731 ], [ 26.8449588, 58.4827803 ], [ 26.844987, 58.4827068 ], [ 26.8450868, 58.4826494 ], [ 26.8452208, 58.4825158 ], [ 26.8452962, 58.4824125 ], [ 26.8453619, 58.482273 ], [ 26.8454414, 58.4821464 ], [ 26.8454478, 58.4819455 ], [ 26.8454995, 58.4817435 ], [ 26.8455028, 58.4815025 ], [ 26.8454534, 58.4813823 ], [ 26.845336, 58.481199 ], [ 26.8452798, 58.4810695 ], [ 26.8451881, 58.4809131 ], [ 26.8450043, 58.4807818 ], [ 26.8447878, 58.4806691 ], [ 26.844646, 58.4805667 ], [ 26.8444978, 58.4800428 ], [ 26.8445102, 58.479835 ], [ 26.8444868, 58.479547 ], [ 26.8444837, 58.4794042 ], [ 26.8445603, 58.4793341 ], [ 26.8446455, 58.4792541 ], [ 26.8449726, 58.4790945 ], [ 26.8450997, 58.4790158 ], [ 26.8451882, 58.4789324 ], [ 26.8451512, 58.4787721 ], [ 26.8450854, 58.4786993 ], [ 26.8448703, 58.478533 ], [ 26.8446111, 58.4783338 ], [ 26.8443179, 58.4782027 ], [ 26.8435081, 58.4779461 ], [ 26.8427099, 58.4778656 ], [ 26.8426224, 58.4778225 ], [ 26.842567, 58.4777241 ], [ 26.8427481, 58.4775837 ], [ 26.8430119, 58.4773934 ], [ 26.8431623, 58.4771944 ], [ 26.8431914, 58.4770151 ], [ 26.8431693, 58.4769199 ], [ 26.842905, 58.4768085 ], [ 26.8425178, 58.4766561 ] ] } },
{ "type": "Feature", "properties": { "orig_fid": "w45501547", "waterway": "river", "name": "Kääpa jõgi" }, "geometry": { "type": "LineString", "coordinates": [ [ 26.8965744, 58.7367561 ], [ 26.8965947, 58.7374302 ], [ 26.8964564, 58.7375534 ], [ 26.8965224, 58.7382809 ], [ 26.8964568, 58.7385483 ], [ 26.8961766, 58.7388806 ], [ 26.8961287, 58.7390989 ], [ 26.8963052, 58.7393694 ], [ 26.8961217, 58.7396451 ], [ 26.8962967, 58.74003 ], [ 26.896815, 58.7401813 ], [ 26.8973543, 58.7403865 ], [ 26.8981876, 58.7406222 ], [ 26.8983119, 58.7412942 ], [ 26.8986912, 58.7416231 ], [ 26.8997206, 58.7427294 ], [ 26.8994138, 58.7431708 ], [ 26.8993723, 58.7437293 ], [ 26.899239, 58.7441097 ], [ 26.898907, 58.7444803 ], [ 26.8989254, 58.7446686 ], [ 26.8994262, 58.7451376 ], [ 26.8998593, 58.7454538 ], [ 26.9005029, 58.7456528 ] ] } },
{ "type": "Feature", "properties": { "orig_fid": "w45518075", "waterway": "river", "name": "Kullavere jõgi" }, "geometry": { "type": "LineString", "coordinates": [ [ 26.9800544, 58.7702818 ], [ 26.9805266, 58.7705427 ], [ 26.9808643, 58.7709082 ], [ 26.9808223, 58.7711531 ], [ 26.9807417, 58.7713826 ], [ 26.980769, 58.7715678 ], [ 26.9809139, 58.7717222 ], [ 26.9813484, 58.7720482 ], [ 26.9816717, 58.7721776 ], [ 26.9821318, 58.7724674 ], [ 26.9828447, 58.7731678 ], [ 26.9833389, 58.7734212 ], [ 26.9836349, 58.7734992 ], [ 26.9841331, 58.7735976 ], [ 26.9844688, 58.7736062 ], [ 26.9849105, 58.773547 ], [ 26.9852912, 58.7733776 ], [ 26.9857742, 58.7730317 ], [ 26.9861516, 58.7726898 ], [ 26.9863537, 58.772642 ], [ 26.9869303, 58.7726866 ], [ 26.987387, 58.7727044 ], [ 26.9881152, 58.7727128 ], [ 26.9883843, 58.7727779 ], [ 26.9886552, 58.7729323 ], [ 26.9891665, 58.7731168 ], [ 26.9901582, 58.7732931 ], [ 26.9908722, 58.7733376 ], [ 26.9916478, 58.7734311 ], [ 26.9922964, 58.7736125 ], [ 26.9929764, 58.7739283 ], [ 26.9933275, 58.774414 ], [ 26.9933105, 58.7747491 ], [ 26.9931579, 58.7750739 ], [ 26.992866, 58.7753097 ], [ 26.9922716, 58.7756239 ], [ 26.9916916, 58.7758397 ], [ 26.9909729, 58.7759426 ], [ 26.9892534, 58.7760642 ], [ 26.9881456, 58.7760363 ], [ 26.9871877, 58.7760213 ], [ 26.9862861, 58.7760616 ], [ 26.9850665, 58.7762683 ], [ 26.9845204, 58.7763775 ], [ 26.9836146, 58.7767049 ], [ 26.9829107, 58.7770468 ], [ 26.9823248, 58.7771943 ], [ 26.9815096, 58.7773067 ], [ 26.9810566, 58.7773351 ], [ 26.9797053, 58.7773425 ], [ 26.9788635, 58.777411 ], [ 26.9783109, 58.7775799 ], [ 26.9775462, 58.7779159 ], [ 26.9768664, 58.7787422 ], [ 26.9768348, 58.779143 ], [ 26.9769298, 58.7794829 ], [ 26.9772362, 58.7797168 ], [ 26.9775169, 58.7800182 ], [ 26.9779329, 58.78026 ] ] } },
{ "type": "Feature", "properties": { "orig_fid": "w45518376", "waterway": "river", "name": "Kullavere jõgi" }, "geometry": { "type": "LineString", "coordinates": [ [ 26.9779329, 58.78026 ], [ 26.9794741, 58.7809673 ] ] } },
{ "type": "Feature", "properties": { "orig_fid": "w121257590", "waterway": "stream", "name": null }, "geometry": { "type": "LineString", "coordinates": [ [ 27.1613918, 58.6708175 ], [ 27.1614841, 58.6707474 ] ] } },
{ "type": "Feature", "properties": { "orig_fid": "w151709146", "waterway": "river", "name": "Uhmardu jõgi" }, "geometry": { "type": "LineString", "coordinates": [ [ 26.7727217, 58.6345251 ], [ 26.7728343, 58.6345573 ], [ 26.7729835, 58.6346613 ], [ 26.7731186, 58.6347492 ], [ 26.7733747, 58.6348474 ], [ 26.773811, 58.6350012 ], [ 26.774447, 58.6352458 ], [ 26.7774698, 58.6363298 ], [ 26.7782354, 58.6366243 ], [ 26.7787645, 58.6368074 ], [ 26.7792092, 58.6369231 ], [ 26.7804166, 58.6371487 ], [ 26.7806615, 58.6372029 ], [ 26.7808444, 58.6372747 ], [ 26.7809598, 58.6373655 ], [ 26.7810414, 58.6374548 ], [ 26.7811287, 58.6375178 ], [ 26.7814186, 58.6376086 ], [ 26.7816803, 58.637616 ], [ 26.781928, 58.6376731 ], [ 26.7821616, 58.6377786 ], [ 26.7823333, 58.6378811 ], [ 26.782429, 58.6379236 ], [ 26.782581, 58.6379455 ], [ 26.7829123, 58.6379793 ], [ 26.7830009, 58.637972 ], [ 26.7830882, 58.6379412 ], [ 26.783136, 58.6379427 ], [ 26.7831768, 58.6379676 ], [ 26.7832852, 58.6380591 ], [ 26.7834132, 58.6381155 ], [ 26.7835399, 58.6381492 ], [ 26.7836145, 58.6381785 ], [ 26.7836553, 58.6382159 ], [ 26.7836665, 58.6383265 ], [ 26.7836961, 58.6383997 ], [ 26.7837383, 58.6384429 ], [ 26.7838298, 58.6384722 ], [ 26.7839283, 58.6384949 ], [ 26.7840029, 58.6385374 ], [ 26.7841014, 58.6386348 ], [ 26.784176, 58.6386502 ], [ 26.7842703, 58.6386524 ], [ 26.7844236, 58.6386758 ], [ 26.7845967, 58.6387403 ], [ 26.7846812, 58.6387937 ], [ 26.784684, 58.6388406 ], [ 26.7846685, 58.6388963 ], [ 26.7846938, 58.6389607 ], [ 26.7847853, 58.639031 ], [ 26.7849148, 58.6390859 ], [ 26.7852413, 58.6391519 ], [ 26.7855213, 58.6391475 ], [ 26.7857605, 58.6391365 ], [ 26.7862981, 58.6390933 ], [ 26.786391, 58.6390999 ], [ 26.7864698, 58.6391343 ], [ 26.7865331, 58.6391746 ], [ 26.7865908, 58.6392405 ], [ 26.7866274, 58.6393379 ], [ 26.7866738, 58.6394155 ], [ 26.7867442, 58.6394741 ], [ 26.7868554, 58.6395356 ], [ 26.7869412, 58.639562 ], [ 26.7870116, 58.6395671 ], [ 26.7872973, 58.6394983 ], [ 26.7873803, 58.6394858 ], [ 26.7874549, 58.6394873 ], [ 26.7874971, 58.639499 ], [ 26.7876237, 58.6395869 ], [ 26.7877152, 58.6396001 ], [ 26.7878405, 58.6395847 ], [ 26.7879347, 58.639562 ], [ 26.7880361, 58.6395195 ], [ 26.7881585, 58.6394983 ], [ 26.7883668, 58.6394792 ], [ 26.788561, 58.6394668 ], [ 26.7886778, 58.639469 ], [ 26.7888832, 58.6395122 ], [ 26.7889846, 58.6395254 ], [ 26.7891098, 58.639521 ], [ 26.7892998, 58.6394939 ], [ 26.7895278, 58.6394814 ], [ 26.7896305, 58.6395005 ], [ 26.7898078, 58.6395671 ], [ 26.7902609, 58.6398205 ], [ 26.7904537, 58.6398901 ], [ 26.7906198, 58.6399311 ], [ 26.790745, 58.6399384 ], [ 26.7914599, 58.6398747 ], [ 26.7916414, 58.6398864 ], [ 26.7918005, 58.6399128 ], [ 26.7920341, 58.6400073 ], [ 26.7923549, 58.6400871 ], [ 26.7924619, 58.6401303 ], [ 26.7925505, 58.6401772 ], [ 26.7926406, 58.6401962 ], [ 26.7928165, 58.6402028 ], [ 26.793067, 58.6402248 ], [ 26.793181, 58.6401999 ], [ 26.7932443, 58.6401925 ], [ 26.7933949, 58.6402116 ], [ 26.7935469, 58.640265 ], [ 26.7936609, 58.6403156 ], [ 26.7937157, 58.6403595 ], [ 26.7937425, 58.640413 ], [ 26.7937819, 58.6404518 ], [ 26.7941801, 58.6406971 ], [ 26.7945052, 58.6408626 ], [ 26.7946164, 58.6408993 ], [ 26.7947233, 58.6409871 ], [ 26.7948627, 58.6410838 ], [ 26.7949302, 58.6411124 ], [ 26.7950357, 58.6412024 ], [ 26.7951582, 58.6412632 ], [ 26.7952285, 58.6413372 ], [ 26.7952862, 58.6413687 ], [ 26.79551, 58.6414265 ], [ 26.7955874, 58.6414771 ], [ 26.7956127, 58.6415393 ], [ 26.7956521, 58.6415737 ], [ 26.7960602, 58.641792 ], [ 26.7961348, 58.6418462 ], [ 26.7962136, 58.6419406 ], [ 26.7964374, 58.6420549 ], [ 26.7964993, 58.6420798 ], [ 26.7965894, 58.6420863 ], [ 26.7966442, 58.6420732 ], [ 26.7967442, 58.6420636 ], [ 26.7969566, 58.6420636 ], [ 26.7971621, 58.6420387 ], [ 26.7973225, 58.6420541 ], [ 26.7974998, 58.6421171 ], [ 26.7976251, 58.642172 ], [ 26.7976617, 58.6422123 ], [ 26.7976673, 58.6422548 ], [ 26.7976434, 58.6422863 ], [ 26.7975266, 58.6423873 ], [ 26.7975167, 58.6424269 ], [ 26.7975421, 58.6424686 ], [ 26.7976082, 58.6425155 ], [ 26.79787, 58.6425872 ], [ 26.7979417, 58.6426319 ], [ 26.7980065, 58.6427139 ], [ 26.7980416, 58.6427864 ], [ 26.7980909, 58.6428355 ], [ 26.7981641, 58.6428567 ], [ 26.7982879, 58.642856 ], [ 26.7984709, 58.6428333 ], [ 26.7986144, 58.6427901 ], [ 26.7987059, 58.6427784 ], [ 26.7987959, 58.642782 ], [ 26.7988705, 58.6427989 ], [ 26.79909, 58.6429029 ], [ 26.7991252, 58.6429483 ], [ 26.7991069, 58.6429966 ], [ 26.7990675, 58.6430383 ], [ 26.799076, 58.6431709 ], [ 26.7990675, 58.643209 ], [ 26.7990267, 58.6432265 ], [ 26.7989873, 58.6432302 ], [ 26.7989085, 58.6432243 ], [ 26.7988114, 58.6432331 ], [ 26.798779, 58.6432492 ], [ 26.7987734, 58.6432866 ], [ 26.7987819, 58.6433269 ], [ 26.7988213, 58.6433613 ], [ 26.798841, 58.6433942 ], [ 26.7988128, 58.6434528 ], [ 26.7988002, 58.6435224 ], [ 26.7988086, 58.6435641 ], [ 26.7988621, 58.6435854 ], [ 26.7989409, 58.6435971 ], [ 26.7990661, 58.6435839 ], [ 26.7991801, 58.6435685 ], [ 26.799356, 58.6435319 ], [ 26.79947, 58.6434865 ], [ 26.7995784, 58.6434294 ], [ 26.7996515, 58.6434374 ], [ 26.7998218, 58.6434982 ], [ 26.80013, 58.6436432 ], [ 26.8002187, 58.6436549 ], [ 26.8002876, 58.6436491 ], [ 26.8004241, 58.6436879 ], [ 26.8004804, 58.6436879 ], [ 26.800517, 58.6436725 ], [ 26.8005297, 58.6436469 ], [ 26.8005902, 58.6434367 ], [ 26.8007056, 58.6431255 ], [ 26.8007337, 58.6430955 ], [ 26.8007717, 58.6430764 ], [ 26.8008407, 58.6430698 ], [ 26.8009167, 58.6430779 ], [ 26.8009898, 58.6431028 ], [ 26.8012375, 58.6433378 ], [ 26.8013487, 58.643384 ], [ 26.8017709, 58.6434697 ], [ 26.8019411, 58.643496 ], [ 26.8021424, 58.6435107 ], [ 26.8021635, 58.6435378 ], [ 26.8021579, 58.6435692 ], [ 26.8021185, 58.6435927 ], [ 26.802065, 58.6436044 ], [ 26.8019749, 58.6436051 ], [ 26.8019454, 58.6436278 ], [ 26.8019496, 58.6436674 ], [ 26.8019791, 58.6436996 ], [ 26.8020523, 58.6437252 ], [ 26.8021663, 58.6437347 ], [ 26.8022451, 58.6437479 ], [ 26.802293, 58.6437853 ], [ 26.8023915, 58.6438285 ], [ 26.8025871, 58.6438936 ], [ 26.8026743, 58.6439141 ], [ 26.80277, 58.6439178 ], [ 26.8028882, 58.6439068 ], [ 26.8030698, 58.64392 ], [ 26.80324, 58.643983 ], [ 26.8033512, 58.6440504 ], [ 26.8035018, 58.6441038 ], [ 26.8035904, 58.6441302 ], [ 26.8037227, 58.6441412 ], [ 26.8037903, 58.6441316 ], [ 26.8038409, 58.6440979 ], [ 26.8040225, 58.6437772 ], [ 26.8041435, 58.6436784 ], [ 26.8042547, 58.6436059 ], [ 26.8043701, 58.6435788 ], [ 26.8050343, 58.643611 ], [ 26.8051623, 58.6435927 ], [ 26.8052609, 58.6435612 ], [ 26.8053143, 58.6435202 ], [ 26.8053228, 58.6434814 ], [ 26.8052243, 58.6433891 ], [ 26.805175, 58.6433195 ], [ 26.8051806, 58.6432544 ], [ 26.8052271, 58.6432053 ], [ 26.8052651, 58.6431811 ], [ 26.805358, 58.6431628 ], [ 26.8055578, 58.643154 ], [ 26.8058111, 58.6432178 ], [ 26.8059307, 58.6432243 ], [ 26.8060616, 58.643198 ], [ 26.8061193, 58.6431665 ], [ 26.8061432, 58.643116 ], [ 26.8061179, 58.643072 ], [ 26.8060377, 58.6430237 ], [ 26.8060151, 58.6429658 ], [ 26.8060348, 58.6429043 ], [ 26.8060714, 58.6428553 ], [ 26.8061657, 58.6427974 ], [ 26.8066287, 58.6426824 ], [ 26.8068693, 58.6425887 ], [ 26.8070354, 58.6424928 ], [ 26.8071424, 58.6423844 ], [ 26.8072803, 58.6422797 ], [ 26.8074111, 58.6422306 ], [ 26.8075096, 58.6422138 ], [ 26.8079937, 58.6422086 ], [ 26.8081345, 58.6422211 ], [ 26.8082555, 58.6422526 ], [ 26.8084525, 58.6423097 ], [ 26.808658, 58.6423947 ], [ 26.8088845, 58.642566 ], [ 26.8090604, 58.6426436 ], [ 26.8093278, 58.6427542 ], [ 26.8094094, 58.6427601 ], [ 26.8094953, 58.642752 ], [ 26.8095417, 58.6427344 ], [ 26.8096008, 58.642692 ], [ 26.8097148, 58.6423873 ], [ 26.8097472, 58.6423251 ], [ 26.8098091, 58.6422892 ], [ 26.8098921, 58.6422826 ], [ 26.8101018, 58.6423302 ], [ 26.8103537, 58.6424115 ], [ 26.8105015, 58.6424877 ], [ 26.8106352, 58.6426012 ], [ 26.8107393, 58.6426744 ], [ 26.8108167, 58.6426986 ], [ 26.8108969, 58.6427015 ], [ 26.8109842, 58.6426846 ], [ 26.8110728, 58.6426436 ], [ 26.8111741, 58.6425506 ], [ 26.8113008, 58.6423925 ], [ 26.8114204, 58.6422995 ], [ 26.8115217, 58.6422716 ], [ 26.8117033, 58.6422658 ], [ 26.8124238, 58.6423441 ], [ 26.8127334, 58.6423427 ], [ 26.8130402, 58.6423588 ], [ 26.8131077, 58.6423544 ], [ 26.8131907, 58.6423346 ], [ 26.8136792, 58.6422754 ] ] } },
{ "type": "Feature", "properties": { "orig_fid": "w151709208", "waterway": "river", "name": "Kullavere jõgi" }, "geometry": { "type": "LineString", "coordinates": [ [ 26.7981686, 58.7330357 ], [ 26.7982611, 58.7331806 ], [ 26.7981531, 58.733347 ], [ 26.7980451, 58.7335271 ], [ 26.7980451, 58.7337462 ], [ 26.798212, 58.7339416 ], [ 26.7985622, 58.7341929 ], [ 26.7987946, 58.7343034 ], [ 26.7992397, 58.7344375 ], [ 26.8000775, 58.7346669 ], [ 26.8005553, 58.7347705 ], [ 26.8008597, 58.7347942 ], [ 26.8010692, 58.7347416 ], [ 26.8012819, 58.7345836 ], [ 26.8016943, 58.7343407 ], [ 26.8020183, 58.7342847 ], [ 26.8027743, 58.7343135 ], [ 26.8033699, 58.734356 ], [ 26.8035205, 58.7344019 ], [ 26.8036416, 58.7344987 ], [ 26.8040245, 58.7346193 ], [ 26.8043288, 58.7346244 ], [ 26.8047249, 58.7345734 ], [ 26.8051307, 58.7344919 ], [ 26.8054056, 58.7344409 ], [ 26.8057427, 58.7344341 ], [ 26.8059358, 58.7344257 ], [ 26.8061027, 58.7344664 ], [ 26.8061387, 58.7345293 ], [ 26.8064496, 58.7347433 ], [ 26.8066525, 58.734903 ], [ 26.8068653, 58.734959 ], [ 26.8070878, 58.7349386 ], [ 26.8073594, 58.7347942 ], [ 26.8075198, 58.7347569 ], [ 26.8077064, 58.7347484 ], [ 26.8081351, 58.7348265 ], [ 26.8082955, 58.7348231 ], [ 26.8084395, 58.7347892 ], [ 26.8085376, 58.734694 ], [ 26.8085278, 58.7346193 ], [ 26.8084427, 58.7345157 ] ] } },
{ "type": "Feature", "properties": { "orig_fid": "w180157701", "waterway": "river", "name": null }, "geometry": { "type": "LineString", "coordinates": [ [ 26.8282491, 58.4681775 ], [ 26.8286533, 58.4679383 ], [ 26.8286427, 58.4677047 ], [ 26.828398, 58.4675378 ], [ 26.8281959, 58.4675489 ] ] } },
{ "type": "Feature", "properties": { "orig_fid": "w180157702", "waterway": "river", "name": null }, "geometry": { "type": "LineString", "coordinates": [ [ 26.8281622, 58.4676499 ], [ 26.8278481, 58.4675036 ], [ 26.8275999, 58.4675233 ], [ 26.8273141, 58.4675666 ], [ 26.8272689, 58.4674643 ], [ 26.8275548, 58.467366 ], [ 26.8276534, 58.467154 ] ] } },
{ "type": "Feature", "properties": { "orig_fid": "w180157703", "waterway": "river", "name": null }, "geometry": { "type": "LineString", "coordinates": [ [ 26.8287597, 58.4698853 ], [ 26.8281339, 58.4699266 ], [ 26.8277503, 58.4698873 ], [ 26.8271712, 58.469608 ], [ 26.8271636, 58.4693091 ], [ 26.8274344, 58.4691046 ], [ 26.8277202, 58.4690613 ], [ 26.8283767, 58.4690286 ] ] } },
{ "type": "Feature", "properties": { "orig_fid": "w180157704", "waterway": "river", "name": null }, "geometry": { "type": "LineString", "coordinates": [ [ 26.8264089, 58.4669759 ], [ 26.8264195, 58.4673153 ], [ 26.8263238, 58.4676157 ], [ 26.8259409, 58.4676769 ], [ 26.8256218, 58.4676268 ], [ 26.8252601, 58.4673487 ], [ 26.8251644, 58.4668758 ], [ 26.8253878, 58.4667701 ], [ 26.8259409, 58.4666922 ] ] } },
{ "type": "Feature", "properties": { "orig_fid": "w180632464", "waterway": "river", "name": "Kullavere jõgi" }, "geometry": { "type": "LineString", "coordinates": [ [ 26.8852748, 58.7746039 ], [ 26.8853862, 58.7746956 ], [ 26.8856394, 58.7749546 ], [ 26.8857589, 58.7752359 ], [ 26.8858578, 58.7754452 ], [ 26.8858451, 58.7755459 ], [ 26.8857838, 58.7757179 ], [ 26.8857825, 58.7757684 ], [ 26.8857815, 58.7758083 ], [ 26.8857809, 58.7758308 ], [ 26.8857801, 58.775865 ], [ 26.8857796, 58.7758832 ], [ 26.885824, 58.7759512 ], [ 26.8858514, 58.776007 ], [ 26.8858916, 58.776064 ], [ 26.8866286, 58.7761899 ], [ 26.8875253, 58.7762293 ] ] } },
{ "type": "Feature", "properties": { "orig_fid": "w180632465", "waterway": "river", "name": "Kullavere jõgi" }, "geometry": { "type": "LineString", "coordinates": [ [ 26.9003036, 58.7687872 ], [ 26.9004162, 58.7687108 ], [ 26.9009327, 58.7686109 ], [ 26.9012511, 58.7685006 ], [ 26.9014895, 58.7683899 ], [ 26.9016068, 58.7683319 ], [ 26.9019116, 58.7681925 ], [ 26.9022046, 58.7677662 ], [ 26.902288, 58.7677018 ], [ 26.9027115, 58.7675614 ], [ 26.904842, 58.7669126 ], [ 26.9051948, 58.7667827 ], [ 26.9068258, 58.765983 ], [ 26.9071849, 58.7658604 ], [ 26.9080957, 58.7655201 ], [ 26.9090111, 58.7651693 ], [ 26.9093505, 58.7650516 ], [ 26.9102601, 58.7647663 ], [ 26.9118505, 58.764305 ], [ 26.9128268, 58.7640645 ], [ 26.9133149, 58.7639463 ], [ 26.9136334, 58.7638841 ], [ 26.9148069, 58.7636761 ], [ 26.9156696, 58.7635169 ], [ 26.9161372, 58.7634602 ], [ 26.9171243, 58.7633843 ], [ 26.9189294, 58.7632551 ] ] } },
{ "type": "Feature", "properties": { "orig_fid": "w180632466", "waterway": "river", "name": "Kullavere jõgi" }, "geometry": { "type": "LineString", "coordinates": [ [ 26.8834998, 58.7742085 ], [ 26.8838871, 58.7744496 ], [ 26.8844054, 58.7744413 ], [ 26.8846646, 58.7743717 ], [ 26.8849526, 58.7743965 ], [ 26.8852748, 58.7746039 ] ] } },
{ "type": "Feature", "properties": { "orig_fid": "w180632467", "waterway": "river", "name": "Kullavere jõgi" }, "geometry": { "type": "LineString", "coordinates": [ [ 26.9189294, 58.7632551 ], [ 26.9237993, 58.7628146 ], [ 26.9285728, 58.7621453 ], [ 26.9326745, 58.7614668 ], [ 26.9331695, 58.7614576 ], [ 26.9336115, 58.7614668 ], [ 26.9344425, 58.7615951 ], [ 26.9354355, 58.7618162 ] ] } },
{ "type": "Feature", "properties": { "orig_fid": "w180632469", "waterway": "river", "name": "Kullavere jõgi" }, "geometry": { "type": "LineString", "coordinates": [ [ 26.9354355, 58.7618162 ], [ 26.9357711, 58.7618668 ], [ 26.9372557, 58.7620903 ], [ 26.9378755, 58.7624479 ], [ 26.9382066, 58.7627067 ], [ 26.9383552, 58.762907 ], [ 26.9381349, 58.7630786 ], [ 26.9375702, 58.7634425 ], [ 26.9374383, 58.7637802 ], [ 26.9375511, 58.763965 ], [ 26.9379555, 58.7641075 ], [ 26.9385018, 58.7643048 ], [ 26.9388878, 58.7643673 ], [ 26.9397888, 58.7643572 ], [ 26.9417288, 58.764377 ], [ 26.9426907, 58.7645113 ], [ 26.9432548, 58.7647839 ], [ 26.9435708, 58.7649329 ], [ 26.9438308, 58.7652646 ], [ 26.9439154, 58.7656226 ], [ 26.9435615, 58.7663476 ], [ 26.9435973, 58.7667706 ], [ 26.9437269, 58.7670845 ], [ 26.94398, 58.7673687 ], [ 26.9443448, 58.7676519 ], [ 26.9452637, 58.767854 ], [ 26.9459551, 58.7679365 ], [ 26.9477438, 58.7678187 ], [ 26.9486792, 58.7678949 ], [ 26.9494768, 58.7681617 ], [ 26.9503002, 58.7686505 ], [ 26.950864, 58.7692434 ] ] } },
{ "type": "Feature", "properties": { "orig_fid": "w180632470", "waterway": "river", "name": "Kääpa jõgi" }, "geometry": { "type": "LineString", "coordinates": [ [ 26.8505338, 58.7184587 ], [ 26.8509148, 58.7217099 ], [ 26.8509506, 58.722281 ], [ 26.851198, 58.7226186 ], [ 26.8520374, 58.7232062 ], [ 26.8525278, 58.7234927 ], [ 26.8534159, 58.7237362 ], [ 26.8536994, 58.7239758 ], [ 26.8558976, 58.7245161 ], [ 26.8570882, 58.7250958 ], [ 26.8582465, 58.7255506 ] ] } },
{ "type": "Feature", "properties": { "orig_fid": "w180632471", "waterway": "river", "name": "Kääpa jõgi" }, "geometry": { "type": "LineString", "coordinates": [ [ 26.8489537, 58.6858303 ], [ 26.8496468, 58.6859808 ], [ 26.8496796, 58.6862489 ], [ 26.8501214, 58.686548 ], [ 26.8503924, 58.686908 ], [ 26.8506603, 58.6870966 ], [ 26.8508746, 58.6871662 ], [ 26.8510915, 58.6875544 ], [ 26.8512513, 58.6881158 ], [ 26.8515474, 58.6886769 ], [ 26.8517746, 58.6888394 ], [ 26.8524134, 58.688728 ], [ 26.8525958, 58.6888098 ], [ 26.852616, 58.6891926 ], [ 26.8524626, 58.6894648 ], [ 26.8527329, 58.6897506 ], [ 26.8528438, 58.6898968 ], [ 26.852799, 58.6901552 ], [ 26.852392, 58.6904159 ] ] } },
{ "type": "Feature", "properties": { "orig_fid": "w180632472", "waterway": "river", "name": "Kääpa jõgi" }, "geometry": { "type": "LineString", "coordinates": [ [ 26.9005029, 58.7456528 ], [ 26.9006348, 58.745654 ], [ 26.9008063, 58.7454329 ], [ 26.9016994, 58.7452587 ], [ 26.9022692, 58.7453957 ], [ 26.9028808, 58.7457371 ], [ 26.9035896, 58.7460231 ], [ 26.9041548, 58.7463861 ], [ 26.9047988, 58.7465183 ], [ 26.9057671, 58.7463164 ], [ 26.9062146, 58.7460293 ], [ 26.9065422, 58.745997 ], [ 26.9079042, 58.7463143 ], [ 26.908349, 58.7461196 ], [ 26.9087845, 58.7461148 ], [ 26.9091875, 58.7462638 ], [ 26.9100493, 58.7461148 ], [ 26.9105033, 58.7459466 ], [ 26.9106469, 58.7460235 ], [ 26.9105867, 58.7463047 ], [ 26.9111797, 58.7464465 ], [ 26.9116013, 58.74661 ], [ 26.9120738, 58.74661 ], [ 26.9126332, 58.746512 ], [ 26.9126426, 58.7465107 ] ] } },
{ "type": "Feature", "properties": { "orig_fid": "w180632475", "waterway": "river", "name": "Kääpa jõgi" }, "geometry": { "type": "LineString", "coordinates": [ [ 26.852392, 58.6904159 ], [ 26.853434, 58.6926149 ], [ 26.8533968, 58.6927666 ], [ 26.8529877, 58.6928402 ] ] } },
{ "type": "Feature", "properties": { "orig_fid": "w180632476", "waterway": "river", "name": "Kääpa jõgi" }, "geometry": { "type": "LineString", "coordinates": [ [ 26.8524515, 58.6972784 ], [ 26.8520834, 58.6983608 ], [ 26.8519004, 58.6986223 ], [ 26.8520103, 58.6988043 ], [ 26.8514815, 58.6994608 ], [ 26.8514677, 58.6996499 ], [ 26.8509595, 58.7000067 ], [ 26.8504033, 58.7001173 ], [ 26.8500393, 58.7002671 ], [ 26.849502, 58.7005341 ], [ 26.8491739, 58.7007309 ], [ 26.8484666, 58.7009022 ], [ 26.8483018, 58.7010984 ], [ 26.8482399, 58.7013018 ], [ 26.8481163, 58.7014195 ], [ 26.8480339, 58.7017906 ], [ 26.8477661, 58.7020724 ], [ 26.8477111, 58.7023935 ], [ 26.8478416, 58.7025719 ], [ 26.8478691, 58.7028537 ], [ 26.8476562, 58.7033139 ], [ 26.8477523, 58.7035173 ], [ 26.8477721, 58.7038074 ], [ 26.8477848, 58.7040491 ], [ 26.8477123, 58.7042185 ], [ 26.8477377, 58.704385 ], [ 26.8477043, 58.7047481 ], [ 26.8475801, 58.7051827 ], [ 26.8476345, 58.7054931 ], [ 26.8475783, 58.7057038 ], [ 26.847591, 58.7058882 ], [ 26.8475584, 58.7060321 ], [ 26.8474845, 58.7072309 ], [ 26.847615, 58.7073807 ], [ 26.8478416, 58.7075269 ], [ 26.8487619, 58.7086791 ], [ 26.8490999, 58.7091735 ], [ 26.8492203, 58.7092733 ], [ 26.8492495, 58.709339 ], [ 26.8493407, 58.7095194 ], [ 26.849502, 58.709671 ], [ 26.8511656, 58.7116966 ], [ 26.8514068, 58.7123426 ], [ 26.8514604, 58.7125433 ], [ 26.8514694, 58.7126244 ], [ 26.8514265, 58.712813 ], [ 26.8511793, 58.7129093 ], [ 26.8511724, 58.7131482 ], [ 26.8509595, 58.7136832 ], [ 26.8509664, 58.7140185 ], [ 26.8508359, 58.7144536 ], [ 26.8506093, 58.715741 ], [ 26.8504788, 58.716037 ], [ 26.850259, 58.7173208 ], [ 26.8505338, 58.7184587 ] ] } },
{ "type": "Feature", "properties": { "orig_fid": "w180632477", "waterway": "river", "name": "Kääpa jõgi" }, "geometry": { "type": "LineString", "coordinates": [ [ 26.8754674, 58.7325013 ], [ 26.876213, 58.7323606 ], [ 26.8769719, 58.7319814 ], [ 26.8778067, 58.731814 ], [ 26.8786226, 58.7317106 ], [ 26.8787861, 58.731438 ], [ 26.8788532, 58.7312083 ], [ 26.8794972, 58.7308879 ], [ 26.8798862, 58.7308461 ], [ 26.8805034, 58.7310551 ], [ 26.8807717, 58.7312222 ], [ 26.881684, 58.7314102 ], [ 26.8823816, 58.7317305 ], [ 26.8834146, 58.7324547 ], [ 26.8838573, 58.7325034 ], [ 26.8848904, 58.7327263 ], [ 26.8851184, 58.7328934 ], [ 26.8852526, 58.7331371 ], [ 26.8860575, 58.7337011 ], [ 26.8868357, 58.734098 ], [ 26.8883516, 58.734655 ], [ 26.8892371, 58.7348291 ], [ 26.8895591, 58.7349893 ], [ 26.8906055, 58.7349127 ], [ 26.891491, 58.7348082 ], [ 26.8919605, 58.7348779 ], [ 26.8925106, 58.7350937 ], [ 26.8938387, 58.736159 ], [ 26.8948315, 58.7368344 ], [ 26.8951401, 58.7369388 ], [ 26.8955962, 58.7369597 ], [ 26.8959987, 58.7368552 ], [ 26.8963943, 58.7367274 ], [ 26.8965744, 58.7367561 ] ] } },
{ "type": "Feature", "properties": { "orig_fid": "w180632478", "waterway": "river", "name": "Kääpa jõgi" }, "geometry": { "type": "LineString", "coordinates": [ [ 26.9126426, 58.7465107 ], [ 26.9132049, 58.7464417 ], [ 26.9137187, 58.746601 ], [ 26.914063, 58.7467755 ], [ 26.9148813, 58.7470715 ], [ 26.9157114, 58.7472715 ], [ 26.9159967, 58.7473889 ], [ 26.9164275, 58.7477155 ], [ 26.9167088, 58.7477991 ], [ 26.9169468, 58.7478196 ], [ 26.9170707, 58.7478787 ], [ 26.91747, 58.7481441 ], [ 26.9178163, 58.7481186 ], [ 26.9179776, 58.7480594 ], [ 26.9182726, 58.7481012 ], [ 26.9184811, 58.7482441 ], [ 26.9186484, 58.748439 ], [ 26.9188549, 58.7484421 ], [ 26.9191323, 58.7483298 ], [ 26.9192995, 58.7483298 ], [ 26.9194018, 58.7484901 ], [ 26.9195886, 58.7486033 ], [ 26.9196575, 58.7486707 ], [ 26.9196752, 58.7488166 ], [ 26.9197303, 58.7488748 ], [ 26.9199742, 58.7489146 ], [ 26.9201316, 58.7488748 ], [ 26.9201808, 58.7488717 ], [ 26.921066, 58.7489666 ], [ 26.9211997, 58.7490381 ], [ 26.9212194, 58.7491289 ], [ 26.9211643, 58.7492483 ], [ 26.9212155, 58.7493738 ], [ 26.9213492, 58.7494034 ], [ 26.9214496, 58.7493698 ], [ 26.9217958, 58.7491238 ], [ 26.9221007, 58.7489789 ], [ 26.9223387, 58.7489687 ], [ 26.9227675, 58.7490626 ], [ 26.9231, 58.7490636 ], [ 26.9234836, 58.749035 ], [ 26.924359, 58.7491054 ], [ 26.9244219, 58.7491565 ], [ 26.9245871, 58.7495014 ], [ 26.9247681, 58.7496004 ], [ 26.9249943, 58.7495871 ], [ 26.9252756, 58.7494228 ], [ 26.9255078, 58.7493932 ], [ 26.9255983, 58.7494085 ], [ 26.9258658, 58.7495249 ], [ 26.9261412, 58.7495637 ], [ 26.9262297, 58.7496045 ], [ 26.9262946, 58.7496892 ], [ 26.9262854, 58.7498238 ], [ 26.9264894, 58.7501168 ], [ 26.9265444, 58.7504505 ], [ 26.9266015, 58.750528 ], [ 26.9272369, 58.7507515 ], [ 26.9276696, 58.7509638 ], [ 26.9277955, 58.7510893 ], [ 26.9277995, 58.751225 ], [ 26.927768, 58.7512668 ], [ 26.927526, 58.7513434 ], [ 26.9272605, 58.7513669 ], [ 26.9271464, 58.7514607 ], [ 26.9271169, 58.7515771 ], [ 26.9272015, 58.7518332 ], [ 26.9273234, 58.7519567 ], [ 26.9273706, 58.7521312 ], [ 26.9276657, 58.7524679 ], [ 26.9277051, 58.7526475 ], [ 26.927571, 58.7529314 ], [ 26.9279273, 58.7531944 ], [ 26.9281713, 58.7536842 ], [ 26.9285627, 58.7541271 ], [ 26.929023, 58.7542669 ], [ 26.9292335, 58.754375 ], [ 26.9294086, 58.754574 ], [ 26.929981, 58.7549638 ], [ 26.9300558, 58.7550719 ], [ 26.9299496, 58.7552311 ], [ 26.9298296, 58.7552842 ], [ 26.9288126, 58.7555872 ], [ 26.9285057, 58.7556495 ], [ 26.9282244, 58.7556546 ], [ 26.9275693, 58.7554862 ], [ 26.9271995, 58.755576 ], [ 26.9265622, 58.7559382 ], [ 26.9265385, 58.75623 ], [ 26.9266251, 58.7563514 ], [ 26.9267825, 58.7564239 ], [ 26.9273923, 58.7564555 ], [ 26.9276126, 58.7565188 ], [ 26.9278959, 58.7566759 ], [ 26.9283463, 58.7568187 ], [ 26.9286221, 58.7568841 ] ] } },
{ "type": "Feature", "properties": { "orig_fid": "w180632480", "waterway": "river", "name": "Kääpa jõgi" }, "geometry": { "type": "LineString", "coordinates": [ [ 26.8136635, 58.6547292 ], [ 26.8133994, 58.6549835 ], [ 26.8136034, 58.65561 ], [ 26.8132829, 58.6562819 ], [ 26.8129041, 58.6567416 ], [ 26.8138753, 58.6579238 ], [ 26.8141084, 58.6585754 ], [ 26.8143027, 58.6587321 ], [ 26.8147688, 58.6589089 ], [ 26.814934, 58.6591665 ], [ 26.8147591, 58.659409 ], [ 26.8152642, 58.6601768 ], [ 26.8153322, 58.6603789 ], [ 26.8159052, 58.6606719 ], [ 26.8159246, 58.660985 ], [ 26.8154099, 58.6614851 ], [ 26.8163908, 58.6630864 ], [ 26.8166142, 58.6644198 ], [ 26.8173426, 58.6658189 ], [ 26.818139, 58.6666371 ], [ 26.8188772, 58.6670209 ], [ 26.8191491, 58.6673795 ], [ 26.8241121, 58.6699198 ], [ 26.8245297, 58.6706824 ], [ 26.8257729, 58.6715711 ], [ 26.8262391, 58.6724852 ], [ 26.828133, 58.6731568 ], [ 26.8291139, 58.673384 ], [ 26.8310078, 58.6734547 ], [ 26.8316974, 58.6735355 ], [ 26.8324258, 58.6735355 ], [ 26.8328823, 58.673687 ], [ 26.8331348, 58.6738738 ], [ 26.8330377, 58.6741414 ], [ 26.8332028, 58.6743182 ], [ 26.833164, 58.6746565 ], [ 26.8337467, 58.6750251 ], [ 26.8339895, 58.6753583 ], [ 26.8338244, 58.6756966 ], [ 26.833164, 58.6762016 ], [ 26.8327949, 58.6763985 ], [ 26.8322025, 58.6764995 ], [ 26.8309204, 58.6763126 ], [ 26.8306194, 58.6762167 ], [ 26.8296481, 58.676247 ], [ 26.8293665, 58.6763631 ], [ 26.8292111, 58.6765398 ], [ 26.8293179, 58.6767115 ], [ 26.8298132, 58.6767772 ], [ 26.8299686, 58.67707 ], [ 26.8309496, 58.6773275 ], [ 26.8314255, 58.6772265 ], [ 26.8316003, 58.6773275 ], [ 26.8317848, 58.6776506 ], [ 26.8321442, 58.6777163 ], [ 26.8326201, 58.6779586 ], [ 26.8348539, 58.6779031 ], [ 26.8356795, 58.6778324 ], [ 26.8362525, 58.6780546 ], [ 26.837146, 58.6782161 ], [ 26.8377579, 58.6781858 ], [ 26.8382338, 58.6780394 ], [ 26.8395741, 58.6779687 ], [ 26.8407979, 58.6778072 ], [ 26.8412835, 58.6778425 ], [ 26.8416234, 58.678105 ], [ 26.8416428, 58.6784686 ], [ 26.8406328, 58.6800488 ], [ 26.8400403, 58.6820278 ], [ 26.838632, 58.6831334 ], [ 26.8383504, 58.6835625 ], [ 26.8387, 58.6839663 ], [ 26.8386223, 58.6842844 ], [ 26.8388457, 58.684562 ], [ 26.8397101, 58.6850315 ], [ 26.8402346, 58.6854403 ], [ 26.8406619, 58.6856523 ], [ 26.8410429, 58.6856939 ], [ 26.8425946, 58.6857785 ], [ 26.8442457, 58.6856927 ], [ 26.8454598, 58.6854858 ], [ 26.8459842, 58.6855009 ], [ 26.8463145, 58.6856221 ], [ 26.8466932, 58.6856523 ], [ 26.8469672, 58.6856416 ], [ 26.8471291, 58.6856141 ], [ 26.8472466, 58.6855739 ], [ 26.8473283, 58.6855195 ], [ 26.8474114, 58.6854733 ], [ 26.8478684, 58.6854706 ], [ 26.8480335, 58.6855817 ], [ 26.8480433, 58.685723 ], [ 26.8486551, 58.6857987 ], [ 26.8489537, 58.6858303 ] ] } },
{ "type": "Feature", "properties": { "orig_fid": "w289341585", "waterway": "river", "name": "Amme jõgi" }, "geometry": { "type": "LineString", "coordinates": [ [ 26.792759, 58.5231467 ], [ 26.7931487, 58.5229166 ], [ 26.7935323, 58.5227023 ], [ 26.7939054, 58.5226416 ], [ 26.794363, 58.5226634 ], [ 26.7952204, 58.5226438 ], [ 26.7960888, 58.5227583 ], [ 26.7970245, 58.5228413 ], [ 26.79768, 58.5227969 ], [ 26.7979479, 58.5227881 ], [ 26.79856, 58.5230011 ], [ 26.7989313, 58.523167 ], [ 26.7994273, 58.523391 ], [ 26.7997279, 58.5235481 ], [ 26.800061, 58.5236818 ], [ 26.8007863, 58.5239241 ], [ 26.8012666, 58.524019 ], [ 26.8014428, 58.5240468 ], [ 26.8017936, 58.5240703 ], [ 26.8022563, 58.5240918 ], [ 26.8026118, 58.5240565 ], [ 26.8027404, 58.5239944 ], [ 26.8029675, 58.5237434 ], [ 26.8031781, 58.5234567 ], [ 26.8039905, 58.5228715 ], [ 26.8043555, 58.5223857 ], [ 26.8048028, 58.5215009 ], [ 26.8049854, 58.5213143 ], [ 26.8049987, 58.5210283 ], [ 26.8048554, 58.5207507 ], [ 26.8048231, 58.5206186 ], [ 26.804893, 58.5204875 ], [ 26.8050025, 58.5204063 ], [ 26.805493, 58.520221 ], [ 26.8060694, 58.5201323 ], [ 26.8067132, 58.5199573 ], [ 26.8075406, 58.5198552 ], [ 26.8084432, 58.5195724 ], [ 26.8087434, 58.5193249 ], [ 26.8091289, 58.5186372 ], [ 26.8090736, 58.518387 ], [ 26.8094973, 58.5179585 ], [ 26.8098332, 58.517794 ], [ 26.8102913, 58.5177511 ], [ 26.8105837, 58.5177897 ], [ 26.810881, 58.5178329 ], [ 26.8116311, 58.5179096 ], [ 26.8121922, 58.5180641 ], [ 26.8128793, 58.5182017 ], [ 26.8131389, 58.5183073 ], [ 26.8132973, 58.5185106 ], [ 26.8134099, 58.5187618 ], [ 26.8133928, 58.5190269 ], [ 26.813179, 58.5191146 ], [ 26.8129099, 58.5193459 ], [ 26.8125644, 58.5195243 ], [ 26.8120796, 58.5197057 ], [ 26.8115495, 58.5199383 ], [ 26.8114367, 58.5201419 ], [ 26.8114367, 58.5204758 ], [ 26.8115269, 58.5207507 ], [ 26.8116924, 58.5209628 ], [ 26.8119858, 58.5210453 ], [ 26.8123455, 58.5211776 ], [ 26.8123543, 58.5214655 ], [ 26.8126694, 58.5217359 ], [ 26.8127381, 58.521994 ], [ 26.8130012, 58.5222864 ], [ 26.8130206, 58.5223946 ], [ 26.8126251, 58.5227105 ], [ 26.8123543, 58.5230443 ], [ 26.8122415, 58.5233075 ], [ 26.8120835, 58.5235706 ], [ 26.8114726, 58.5241571 ], [ 26.8113088, 58.5243168 ], [ 26.81107, 58.5245173 ], [ 26.8110606, 58.5248391 ], [ 26.811196, 58.5250433 ], [ 26.8115721, 58.5252593 ], [ 26.8122866, 58.5258287 ], [ 26.813821, 58.5274427 ], [ 26.8143701, 58.5280789 ], [ 26.8150244, 58.528448 ], [ 26.8152779, 58.5285709 ], [ 26.8156487, 58.5287464 ], [ 26.816288, 58.5287229 ], [ 26.8166716, 58.5287621 ], [ 26.8178901, 58.5291705 ], [ 26.8183339, 58.529249 ], [ 26.819259, 58.5291941 ], [ 26.8198071, 58.5292637 ], [ 26.8203109, 58.5292808 ], [ 26.8211117, 58.5291216 ], [ 26.823119, 58.5283692 ], [ 26.823374, 58.5282943 ] ] } },
{ "type": "Feature", "properties": { "orig_fid": "w300274033", "waterway": "river", "name": "Amme jõgi" }, "geometry": { "type": "LineString", "coordinates": [ [ 26.823374, 58.5282943 ], [ 26.8243266, 58.5278901 ], [ 26.8248071, 58.5275942 ], [ 26.8252012, 58.5275153 ], [ 26.8267775, 58.5268276 ], [ 26.8270258, 58.5266669 ], [ 26.8271716, 58.526526 ], [ 26.8275657, 58.5261427 ], [ 26.8281325, 58.5255902 ], [ 26.828926, 58.5247926 ], [ 26.8302205, 58.5235141 ], [ 26.8307981, 58.5229743 ], [ 26.8313028, 58.5224923 ], [ 26.8315215, 58.5222583 ], [ 26.8332867, 58.5205261 ], [ 26.8345392, 58.5192801 ], [ 26.835851, 58.5179692 ], [ 26.8376999, 58.5161635 ], [ 26.8390657, 58.5148214 ], [ 26.8399771, 58.513928 ] ] } },
{ "type": "Feature", "properties": { "orig_fid": "w300650793", "waterway": "river", "name": "Kullavere jõgi" }, "geometry": { "type": "LineString", "coordinates": [ [ 26.8084427, 58.7345157 ], [ 26.8084755, 58.7344647 ], [ 26.8085606, 58.7344494 ], [ 26.8088093, 58.7344579 ], [ 26.8091857, 58.7344257 ], [ 26.8096471, 58.7344511 ], [ 26.8099089, 58.7344307 ], [ 26.81003, 58.7344579 ], [ 26.8100889, 58.7346533 ], [ 26.810498, 58.7347025 ], [ 26.8107501, 58.7347807 ], [ 26.8107828, 58.7349267 ], [ 26.8107599, 58.7350286 ], [ 26.8103671, 58.7351509 ], [ 26.810354, 58.7352291 ], [ 26.8104948, 58.7352715 ], [ 26.8107631, 58.7352376 ], [ 26.8109071, 58.7352529 ], [ 26.8108842, 58.7353718 ], [ 26.8108057, 58.7354414 ], [ 26.8105046, 58.7355127 ], [ 26.8104097, 58.7355773 ], [ 26.8103966, 58.7357658 ], [ 26.8105471, 58.7358592 ], [ 26.8108941, 58.7359119 ], [ 26.8111133, 58.7362822 ], [ 26.8111035, 58.7367187 ], [ 26.8109202, 58.7371807 ], [ 26.8109235, 58.7373216 ], [ 26.8110348, 58.737376 ], [ 26.8112508, 58.7373981 ], [ 26.8117744, 58.73741 ], [ 26.8121639, 58.7374541 ], [ 26.8123963, 58.7375424 ], [ 26.8125075, 58.7377174 ], [ 26.8125304, 58.7378906 ], [ 26.8124879, 58.7381114 ], [ 26.8125599, 58.7382829 ], [ 26.8126515, 58.7383916 ], [ 26.812933, 58.7384035 ], [ 26.8131752, 58.7383441 ], [ 26.8134043, 58.7383509 ], [ 26.8135319, 58.7383984 ], [ 26.8139312, 58.7388247 ], [ 26.8143698, 58.739088 ], [ 26.8147396, 58.7391763 ], [ 26.8148738, 58.7392238 ], [ 26.8150243, 58.7393835 ], [ 26.8150178, 58.7395109 ], [ 26.8148541, 58.7396179 ], [ 26.8146872, 58.7397045 ], [ 26.8146152, 58.739803 ], [ 26.8146708, 58.7398539 ], [ 26.8150276, 58.7399185 ], [ 26.8153581, 58.7399372 ], [ 26.8155021, 58.7398998 ], [ 26.8156396, 58.7398811 ], [ 26.8157672, 58.7399202 ], [ 26.8159374, 58.740017 ], [ 26.8160061, 58.740107 ], [ 26.8159505, 58.7402344 ], [ 26.8159701, 58.7403057 ], [ 26.8160912, 58.7403227 ], [ 26.8162091, 58.740321 ], [ 26.8165069, 58.7401545 ], [ 26.8165625, 58.7399813 ], [ 26.8167196, 58.7399338 ], [ 26.8168931, 58.7398522 ], [ 26.8170011, 58.7397469 ], [ 26.8170731, 58.7397266 ], [ 26.8172171, 58.7397588 ], [ 26.8172367, 58.7398353 ], [ 26.8172334, 58.7399949 ], [ 26.8171614, 58.7400662 ], [ 26.8170403, 58.740124 ], [ 26.8166803, 58.7404059 ], [ 26.8167196, 58.7404687 ], [ 26.8168047, 58.7404908 ], [ 26.8177996, 58.7405774 ], [ 26.8180025, 58.740535 ], [ 26.8181662, 58.7405265 ], [ 26.8182545, 58.7405961 ], [ 26.8183167, 58.7407048 ], [ 26.8185491, 58.7408169 ], [ 26.8189156, 58.7408542 ], [ 26.8191415, 58.7408288 ], [ 26.81922, 58.7407371 ], [ 26.8192298, 58.7406216 ], [ 26.8194098, 58.7406029 ], [ 26.8196128, 58.7406844 ], [ 26.8197175, 58.7408169 ], [ 26.8196062, 58.7411531 ], [ 26.8194753, 58.7412058 ], [ 26.8190597, 58.7413009 ], [ 26.8189549, 58.7413671 ], [ 26.8189844, 58.7414809 ], [ 26.8191218, 58.7415624 ], [ 26.8193673, 58.7415845 ], [ 26.8195768, 58.7415556 ], [ 26.8196946, 58.7414996 ], [ 26.8197797, 58.7414232 ], [ 26.8199302, 58.7414164 ], [ 26.82012, 58.741452 ], [ 26.8202019, 58.7415437 ], [ 26.8202673, 58.7416626 ], [ 26.820408, 58.7417254 ], [ 26.8206175, 58.7417254 ], [ 26.8207615, 58.7416983 ], [ 26.8208793, 58.7416643 ], [ 26.820935, 58.7415947 ], [ 26.8209808, 58.7413994 ], [ 26.821043, 58.7412601 ], [ 26.8211182, 58.7411718 ], [ 26.8211706, 58.7410478 ], [ 26.8212393, 58.7409612 ], [ 26.8213179, 58.7409103 ], [ 26.821439, 58.7408984 ], [ 26.821619, 58.7409307 ], [ 26.8217826, 58.7410207 ], [ 26.8218775, 58.7411412 ], [ 26.8218219, 58.7412279 ], [ 26.8216517, 58.7414028 ], [ 26.8216026, 58.741525 ], [ 26.8216026, 58.7416558 ], [ 26.8215306, 58.741717 ], [ 26.8215895, 58.74179 ], [ 26.8217433, 58.7418222 ], [ 26.8218644, 58.7418019 ], [ 26.8220052, 58.7417339 ], [ 26.8221033, 58.7416626 ], [ 26.8221066, 58.7415658 ], [ 26.8220412, 58.7413586 ], [ 26.8220772, 58.741289 ], [ 26.8222539, 58.7412941 ], [ 26.8224372, 58.7413179 ], [ 26.8227383, 58.7412975 ], [ 26.8230066, 58.7411531 ], [ 26.8231801, 58.7411378 ], [ 26.8233143, 58.7411684 ], [ 26.8234452, 58.7412431 ], [ 26.8235794, 58.7413705 ], [ 26.8235826, 58.741469 ], [ 26.8235565, 58.7415828 ], [ 26.8234779, 58.7416813 ], [ 26.8234845, 58.7417662 ], [ 26.8235499, 58.7418477 ], [ 26.8236579, 58.7418664 ], [ 26.8239001, 58.7417781 ], [ 26.8239656, 58.7416949 ], [ 26.8239885, 58.74161 ], [ 26.8239426, 58.7415284 ], [ 26.8240016, 58.7414809 ], [ 26.8241063, 58.7414571 ], [ 26.824211, 58.7414673 ], [ 26.8244139, 58.7415794 ], [ 26.8245285, 58.7416677 ], [ 26.8246037, 58.7417628 ], [ 26.8247347, 58.7418783 ], [ 26.8246888, 58.7420379 ], [ 26.8245579, 58.742206 ], [ 26.8245285, 58.7423351 ], [ 26.8246136, 58.7424761 ], [ 26.8246332, 58.7427223 ], [ 26.8247445, 58.7427885 ], [ 26.8250096, 58.7427732 ], [ 26.8252223, 58.7427172 ], [ 26.8253958, 58.7425525 ], [ 26.8253859, 58.7424659 ], [ 26.8254776, 58.7423928 ], [ 26.825687, 58.74242 ], [ 26.825831, 58.7425066 ], [ 26.826191, 58.7426357 ], [ 26.8264758, 58.7428004 ], [ 26.826538, 58.7430416 ], [ 26.8263449, 58.7431502 ], [ 26.826191, 58.7431825 ], [ 26.8259521, 58.7432012 ], [ 26.825831, 58.7432606 ], [ 26.8257852, 58.7433744 ], [ 26.8257983, 58.7435204 ], [ 26.8258965, 58.7436563 ], [ 26.82607, 58.7437718 ], [ 26.8264856, 58.7439738 ], [ 26.8266918, 58.7439823 ], [ 26.8272743, 58.7437361 ], [ 26.8274347, 58.743748 ], [ 26.8280009, 58.7439416 ], [ 26.8282725, 58.7441284 ], [ 26.8284787, 58.744344 ], [ 26.8284755, 58.7444782 ], [ 26.8283675, 58.7446106 ], [ 26.8281973, 58.7447618 ], [ 26.8281351, 58.7449163 ], [ 26.828194, 58.7450284 ], [ 26.8281547, 58.7451693 ], [ 26.8280369, 58.7452287 ], [ 26.8276965, 58.7451472 ], [ 26.827366, 58.7451506 ], [ 26.8271565, 58.7452084 ], [ 26.8269471, 58.7453017 ], [ 26.8267769, 58.7455751 ], [ 26.8269503, 58.7457551 ], [ 26.8271303, 58.7458723 ], [ 26.8273856, 58.7459198 ], [ 26.8277031, 58.7459419 ], [ 26.8278994, 58.7459674 ], [ 26.8279682, 58.7460268 ], [ 26.8279714, 58.7461813 ], [ 26.8279125, 58.7462951 ], [ 26.8278765, 58.7464326 ], [ 26.8277849, 58.7465515 ], [ 26.8278045, 58.746689 ], [ 26.8278733, 58.7467773 ], [ 26.8277718, 58.7468402 ], [ 26.8276016, 58.7468945 ], [ 26.8275296, 58.7469658 ], [ 26.8276442, 58.7470286 ], [ 26.8278602, 58.747032 ], [ 26.8279845, 58.7470558 ], [ 26.8280238, 58.7471305 ], [ 26.8279518, 58.7472052 ], [ 26.8276442, 58.7473292 ], [ 26.8275983, 58.7474752 ], [ 26.8276933, 58.7475975 ], [ 26.82787, 58.7476756 ], [ 26.8280696, 58.7477078 ], [ 26.8282398, 58.7477112 ], [ 26.8287733, 58.7476093 ], [ 26.8288682, 58.7476246 ], [ 26.8289598, 58.7476773 ], [ 26.8289827, 58.7477961 ], [ 26.828878, 58.7479133 ], [ 26.8287536, 58.747971 ], [ 26.8286162, 58.7480627 ], [ 26.8285573, 58.7481221 ], [ 26.8285769, 58.748241 ], [ 26.8287471, 58.748426 ], [ 26.8289238, 58.7484787 ], [ 26.8293657, 58.7484176 ], [ 26.8295162, 58.7483853 ], [ 26.8296471, 58.7482749 ], [ 26.8298206, 58.7482834 ], [ 26.829958, 58.7483445 ], [ 26.8299482, 58.7484362 ], [ 26.8297518, 58.7487283 ], [ 26.8297289, 58.748752 ], [ 26.8295587, 58.7488064 ], [ 26.8294737, 58.7489048 ], [ 26.8294671, 58.7490424 ], [ 26.8295555, 58.749348 ], [ 26.829886, 58.74955 ], [ 26.8301577, 58.7496434 ], [ 26.8302133, 58.7497385 ], [ 26.8302068, 58.7498047 ], [ 26.8301348, 58.7498947 ], [ 26.8300333, 58.7499966 ], [ 26.8299384, 58.7500526 ], [ 26.8300038, 58.7501001 ], [ 26.8305929, 58.750236 ], [ 26.8308417, 58.7502512 ], [ 26.830953, 58.750219 ], [ 26.8311068, 58.7499898 ], [ 26.8313522, 58.7498573 ], [ 26.8315028, 58.7498404 ], [ 26.8318661, 58.750129 ], [ 26.8320428, 58.7501748 ], [ 26.8321475, 58.750163 ], [ 26.8321377, 58.7499524 ], [ 26.8321672, 58.7498879 ], [ 26.8322032, 58.7498743 ], [ 26.8322915, 58.7498794 ], [ 26.8324257, 58.7499083 ], [ 26.8329854, 58.7500441 ], [ 26.8329886, 58.7501477 ], [ 26.8329068, 58.7502258 ], [ 26.8329003, 58.7503039 ], [ 26.8329854, 58.7503514 ], [ 26.8331064, 58.7503616 ], [ 26.8332766, 58.7503463 ], [ 26.8335188, 58.7502173 ], [ 26.8335875, 58.7502071 ], [ 26.8336792, 58.7502495 ], [ 26.8336988, 58.7502818 ], [ 26.8336988, 58.750399 ], [ 26.833653, 58.7505025 ], [ 26.8336988, 58.7506774 ], [ 26.8336235, 58.7507555 ], [ 26.8335188, 58.7507487 ], [ 26.833185, 58.7506944 ], [ 26.8330966, 58.7506961 ], [ 26.8329984, 58.7507215 ], [ 26.8329297, 58.7507555 ], [ 26.8328577, 58.7508387 ], [ 26.8328839, 58.7509151 ], [ 26.8330672, 58.7510136 ], [ 26.8332275, 58.7510798 ], [ 26.8334403, 58.751073 ], [ 26.8337905, 58.7509541 ], [ 26.8340621, 58.7508845 ], [ 26.8344745, 58.7508659 ], [ 26.8346676, 58.7508217 ], [ 26.8347657, 58.7508132 ], [ 26.834949, 58.7508285 ], [ 26.8351847, 58.7509745 ], [ 26.835777, 58.751163 ], [ 26.8358196, 58.7512682 ], [ 26.8358065, 58.7514007 ], [ 26.8358818, 58.7514855 ], [ 26.835993, 58.7515348 ], [ 26.8361534, 58.7515365 ], [ 26.8364643, 58.7514584 ], [ 26.8365887, 58.7514737 ], [ 26.8367032, 58.7515076 ], [ 26.8368963, 58.7516536 ], [ 26.8370927, 58.7518421 ], [ 26.8371909, 58.7522784 ], [ 26.8371483, 58.7523378 ], [ 26.8370796, 58.7523667 ], [ 26.8369847, 58.7523701 ], [ 26.8367196, 58.7523293 ], [ 26.8366378, 58.7523514 ], [ 26.8365854, 58.7524329 ], [ 26.8366116, 58.7524787 ], [ 26.8367425, 58.7525296 ], [ 26.8371091, 58.7525551 ], [ 26.8373872, 58.7525161 ], [ 26.837852, 58.75255 ], [ 26.8379796, 58.7524702 ], [ 26.8379993, 58.7524159 ], [ 26.8379142, 58.7521765 ], [ 26.8379207, 58.7521307 ], [ 26.8379567, 58.752095 ], [ 26.8381498, 58.7520611 ], [ 26.8382545, 58.7520696 ], [ 26.8384051, 58.7521052 ], [ 26.8384771, 58.7521697 ], [ 26.8388044, 58.7523072 ], [ 26.838896, 58.7525449 ], [ 26.8389385, 58.7527894 ], [ 26.8390596, 58.7528624 ], [ 26.8392953, 58.7529422 ], [ 26.8393607, 58.7529778 ], [ 26.8393967, 58.7529999 ], [ 26.8394033, 58.7530457 ], [ 26.8393411, 58.7531018 ], [ 26.8392593, 58.7531306 ], [ 26.8391578, 58.7531561 ], [ 26.8387389, 58.7532155 ], [ 26.838716, 58.7532478 ], [ 26.8388731, 58.7533411 ], [ 26.8389418, 58.7534124 ], [ 26.8389189, 58.7534837 ], [ 26.8388535, 58.7535432 ], [ 26.8386996, 58.7535771 ], [ 26.8383102, 58.7536247 ], [ 26.8380483, 58.7536875 ], [ 26.8379862, 58.7538335 ], [ 26.8380385, 58.7542799 ], [ 26.8381171, 58.7543784 ], [ 26.8381793, 58.7544191 ], [ 26.8387913, 58.7546806 ], [ 26.8390727, 58.7547689 ], [ 26.8394818, 58.754813 ], [ 26.8395636, 58.7548724 ], [ 26.8399302, 58.7554835 ], [ 26.8400415, 58.7556244 ], [ 26.8403164, 58.7557467 ], [ 26.8403688, 58.7558197 ], [ 26.8403164, 58.7558808 ], [ 26.8402117, 58.7559045 ], [ 26.8399007, 58.7559181 ], [ 26.8397862, 58.7559453 ], [ 26.8397469, 58.7560251 ], [ 26.8397633, 58.7561167 ], [ 26.8398909, 58.7561931 ], [ 26.8401167, 58.7562627 ], [ 26.8404735, 58.7563187 ], [ 26.8407353, 58.7563459 ], [ 26.8408957, 58.7563866 ], [ 26.8409808, 58.7564257 ], [ 26.8410102, 58.7565122 ], [ 26.8408368, 58.7566243 ], [ 26.8406338, 58.7566803 ], [ 26.840552, 58.7567193 ], [ 26.8405128, 58.7567516 ], [ 26.8405291, 58.756794 ], [ 26.8406698, 58.7568908 ], [ 26.8408531, 58.7569909 ], [ 26.8412491, 58.7571403 ], [ 26.8415862, 58.7572269 ], [ 26.841655, 58.7572812 ], [ 26.8416844, 58.757344 ], [ 26.8416648, 58.7574374 ], [ 26.8415568, 58.7575104 ], [ 26.8415273, 58.757563 ], [ 26.8416386, 58.7576818 ], [ 26.8416942, 58.7578159 ], [ 26.8416942, 58.7580417 ], [ 26.8416026, 58.7585051 ], [ 26.8415502, 58.7585967 ], [ 26.8413964, 58.7587817 ], [ 26.8412819, 58.7589803 ], [ 26.84102, 58.7590092 ], [ 26.8405553, 58.7589871 ], [ 26.8404309, 58.7590058 ], [ 26.8403328, 58.7591246 ], [ 26.8402902, 58.7592383 ], [ 26.8401658, 58.7593996 ], [ 26.8401233, 58.7594913 ], [ 26.8401724, 58.7595608 ], [ 26.8402346, 58.7595693 ], [ 26.8404768, 58.7595642 ], [ 26.8405357, 58.7595812 ], [ 26.8406011, 58.759627 ], [ 26.840588, 58.7598443 ], [ 26.8405258, 58.7599326 ], [ 26.8404244, 58.7600242 ], [ 26.8403491, 58.7600701 ], [ 26.8402804, 58.7600887 ], [ 26.8401069, 58.7600887 ], [ 26.8396716, 58.7600412 ], [ 26.8396324, 58.7600633 ], [ 26.8396553, 58.7601481 ], [ 26.8397731, 58.7602805 ], [ 26.8397993, 58.760345 ], [ 26.8397797, 58.7605012 ], [ 26.8397469, 58.7605249 ], [ 26.8393051, 58.7606913 ], [ 26.8392756, 58.7607303 ], [ 26.8393935, 58.760788 ], [ 26.8396847, 58.7607473 ], [ 26.8401069, 58.7606522 ], [ 26.8402542, 58.7606438 ], [ 26.8403655, 58.7606505 ], [ 26.8404178, 58.7606947 ], [ 26.8404277, 58.760749 ], [ 26.8403524, 58.7610341 ], [ 26.8402673, 58.7611156 ], [ 26.8400317, 58.7611988 ], [ 26.839976, 58.7612819 ], [ 26.8400087, 58.7614007 ], [ 26.8401331, 58.7614585 ], [ 26.8403295, 58.7614805 ], [ 26.8404637, 58.7614551 ], [ 26.8406895, 58.7613532 ], [ 26.840804, 58.7613261 ], [ 26.8408564, 58.7613261 ], [ 26.8412622, 58.7614449 ], [ 26.8412589, 58.7614805 ], [ 26.8410004, 58.7616808 ], [ 26.8410593, 58.7617487 ], [ 26.8411117, 58.761764 ], [ 26.8415208, 58.7617606 ], [ 26.8415764, 58.7617911 ], [ 26.8415862, 58.7618709 ], [ 26.8414619, 58.7620593 ], [ 26.8414357, 58.762134 ], [ 26.8414455, 58.7622307 ], [ 26.8416386, 58.7623308 ], [ 26.841727, 58.762397 ], [ 26.84174, 58.7624632 ], [ 26.8417171, 58.7625481 ], [ 26.8416713, 58.7626024 ], [ 26.8416746, 58.7626397 ], [ 26.8420051, 58.7628536 ], [ 26.8422043, 58.7630385 ], [ 26.842447, 58.76321 ], [ 26.8428855, 58.7634595 ], [ 26.8431506, 58.7635613 ], [ 26.8432357, 58.76358 ], [ 26.8434484, 58.7635834 ], [ 26.8443812, 58.7637836 ], [ 26.8448754, 58.7639041 ], [ 26.8459718, 58.7640688 ], [ 26.8464103, 58.7642011 ], [ 26.8467638, 58.7643437 ], [ 26.8471631, 58.7645507 ], [ 26.8473594, 58.7647561 ], [ 26.847402, 58.7648274 ], [ 26.8474281, 58.7649326 ], [ 26.8473646, 58.7651771 ], [ 26.8478372, 58.7658473 ], [ 26.848086, 58.766331 ], [ 26.8495096, 58.7678939 ], [ 26.8497871, 58.7682792 ], [ 26.8498107, 58.7683419 ], [ 26.8502362, 58.7685388 ], [ 26.8507009, 58.7686966 ], [ 26.8512096, 58.7688236 ], [ 26.8515978, 58.7688499 ], [ 26.8517644, 58.7688931 ], [ 26.8519841, 58.7690106 ], [ 26.8521113, 58.7691161 ], [ 26.8523819, 58.769248 ], [ 26.8526247, 58.7694723 ], [ 26.853125, 58.7702985 ], [ 26.8532991, 58.7704333 ], [ 26.8533488, 58.7706138 ], [ 26.8539186, 58.7707346 ], [ 26.8539864, 58.7707721 ], [ 26.8539999, 58.7708905 ], [ 26.8537241, 58.7710581 ], [ 26.8536925, 58.7710932 ], [ 26.8537038, 58.7711694 ], [ 26.8537942, 58.7712151 ], [ 26.8539118, 58.7712304 ], [ 26.85433, 58.7712116 ], [ 26.854685, 58.771085 ], [ 26.8549269, 58.7710956 ], [ 26.8552276, 58.7711847 ], [ 26.8552886, 58.7713253 ], [ 26.8552366, 58.7714179 ], [ 26.8549924, 58.7716805 ], [ 26.8550083, 58.7717602 ], [ 26.8550874, 58.771834 ], [ 26.8553315, 58.7719864 ], [ 26.8557023, 58.7721388 ], [ 26.856012, 58.7722419 ], [ 26.8563919, 58.7722864 ], [ 26.8568938, 58.7722829 ], [ 26.8572984, 58.7722349 ], [ 26.8575155, 58.7721399 ], [ 26.8577596, 58.7719887 ], [ 26.8579428, 58.7719032 ], [ 26.8581666, 58.7718692 ], [ 26.8583813, 58.771861 ], [ 26.8586233, 58.771902 ], [ 26.8590505, 58.7720591 ], [ 26.8591432, 58.7721259 ], [ 26.8591794, 58.7721915 ], [ 26.8591297, 58.7723017 ], [ 26.8591455, 58.7723673 ], [ 26.8592133, 58.7724142 ], [ 26.8594665, 58.7725138 ], [ 26.8597378, 58.7725689 ], [ 26.8600702, 58.7726111 ], [ 26.8603414, 58.7726193 ], [ 26.860572, 58.7726052 ], [ 26.8613565, 58.7724669 ], [ 26.861985, 58.7723415 ], [ 26.8622156, 58.7723462 ], [ 26.8626068, 58.772522 ], [ 26.8627718, 58.772617 ], [ 26.8628441, 58.7727037 ], [ 26.8628894, 58.7727986 ], [ 26.8627695, 58.7729334 ], [ 26.8623897, 58.7731948 ], [ 26.8623716, 58.7732897 ], [ 26.8623852, 58.7733847 ], [ 26.8625005, 58.7734726 ], [ 26.8626294, 58.7735417 ], [ 26.8627447, 58.7735757 ], [ 26.8631426, 58.7736695 ], [ 26.8633076, 58.773673 ], [ 26.8634794, 58.7736355 ], [ 26.8636241, 58.7735534 ], [ 26.863762, 58.773448 ], [ 26.8639135, 58.7733776 ], [ 26.8641057, 58.7733776 ], [ 26.864698, 58.7734409 ], [ 26.8648314, 58.7735206 ], [ 26.8649354, 58.7736109 ], [ 26.8648947, 58.7737046 ], [ 26.864707, 58.7739367 ], [ 26.8647228, 58.7740094 ], [ 26.8648268, 58.7740527 ], [ 26.8653694, 58.7740879 ], [ 26.8657651, 58.7740234 ], [ 26.8660658, 58.773993 ], [ 26.866527, 58.7739883 ], [ 26.8668502, 58.7740047 ], [ 26.8669565, 58.7739941 ], [ 26.8670876, 58.7739578 ], [ 26.8672572, 58.77385 ], [ 26.8673612, 58.7737714 ], [ 26.8674109, 58.7736648 ], [ 26.867481, 58.7736156 ], [ 26.8676189, 58.7736085 ], [ 26.8677591, 58.7736367 ], [ 26.8679015, 58.7736425 ], [ 26.868738, 58.7739156 ], [ 26.868842, 58.7739004 ], [ 26.868955, 58.7738382 ], [ 26.8690975, 58.7736906 ], [ 26.8691653, 58.7735488 ], [ 26.8691653, 58.7734515 ], [ 26.8692761, 58.7733683 ], [ 26.8694501, 58.7733284 ], [ 26.869631, 58.7733319 ], [ 26.8698752, 58.7733776 ], [ 26.8704019, 58.7735663 ], [ 26.8706732, 58.7737257 ], [ 26.8709084, 58.7739625 ], [ 26.8710802, 58.7742953 ], [ 26.8713221, 58.7748755 ], [ 26.8714012, 58.7749681 ], [ 26.871521, 58.7750138 ], [ 26.8717448, 58.7750231 ], [ 26.8719981, 58.774961 ], [ 26.872344, 58.7749106 ], [ 26.8725361, 58.7748309 ], [ 26.872778, 58.774695 ], [ 26.8730403, 58.7746129 ], [ 26.8732076, 58.7745836 ], [ 26.8735309, 58.7745543 ], [ 26.8738994, 58.7745473 ], [ 26.8741571, 58.7745063 ], [ 26.8744239, 58.7744383 ], [ 26.8747268, 58.7743821 ], [ 26.8750139, 58.7743797 ], [ 26.8756718, 58.7744618 ], [ 26.8765739, 58.7745063 ], [ 26.876861, 58.7745567 ], [ 26.8772069, 58.7745649 ], [ 26.8775573, 58.7745497 ], [ 26.8778354, 58.7744653 ], [ 26.8781903, 58.7743012 ], [ 26.8784096, 58.7742238 ], [ 26.8788686, 58.7741348 ], [ 26.8789726, 58.7740691 ], [ 26.879158, 58.7739144 ], [ 26.8794225, 58.7737562 ], [ 26.8797548, 58.7736331 ], [ 26.879999, 58.7735687 ], [ 26.8801979, 58.7735581 ], [ 26.8804195, 58.7735921 ], [ 26.8806365, 58.7736519 ], [ 26.8807722, 58.7737726 ], [ 26.8809055, 58.7739367 ], [ 26.881109, 58.7743364 ], [ 26.8811181, 58.7745168 ], [ 26.8811429, 58.7745954 ], [ 26.8812198, 58.774634 ], [ 26.88136, 58.7746458 ], [ 26.8814888, 58.774627 ], [ 26.8816245, 58.7745813 ], [ 26.8817488, 58.7745075 ], [ 26.8818686, 58.7743129 ], [ 26.8819274, 58.7741043 ], [ 26.8820314, 58.7739367 ], [ 26.8821151, 58.7738277 ], [ 26.8822258, 58.7737773 ], [ 26.8824632, 58.7737374 ], [ 26.8827142, 58.7737175 ], [ 26.8831143, 58.7738078 ], [ 26.8832387, 58.7739203 ], [ 26.8833766, 58.7741148 ], [ 26.8834998, 58.7742085 ] ] } },
{ "type": "Feature", "properties": { "orig_fid": "w302045562", "waterway": "river", "name": "Kääpa jõgi" }, "geometry": { "type": "LineString", "coordinates": [ [ 26.8999266, 58.611852 ], [ 26.8998603, 58.6118705 ], [ 26.8996343, 58.6118988 ], [ 26.8992681, 58.6119105 ], [ 26.8990895, 58.6119412 ], [ 26.8988137, 58.6119718 ], [ 26.8984724, 58.6120918 ], [ 26.8983458, 58.6121601 ], [ 26.8981334, 58.6121778 ], [ 26.8976722, 58.6121719 ], [ 26.8972202, 58.6121319 ], [ 26.8970732, 58.6121578 ], [ 26.8969647, 58.612206 ], [ 26.8968404, 58.612292 ], [ 26.8966731, 58.612312 ], [ 26.8964109, 58.6123638 ], [ 26.8962346, 58.6124592 ], [ 26.8960967, 58.6126275 ], [ 26.8959769, 58.6127476 ], [ 26.8957825, 58.6128641 ], [ 26.8956899, 58.6129383 ], [ 26.8955429, 58.6129724 ], [ 26.8953757, 58.6129677 ], [ 26.8952333, 58.6129242 ], [ 26.8950795, 58.6129042 ], [ 26.8949326, 58.6129336 ], [ 26.8948851, 58.6129701 ], [ 26.894797, 58.6130949 ], [ 26.8947586, 58.6132326 ], [ 26.8946568, 58.613408 ], [ 26.8944805, 58.6135399 ], [ 26.8942635, 58.6136859 ], [ 26.8939154, 58.6138377 ], [ 26.8935719, 58.6139649 ], [ 26.8932893, 58.6140202 ], [ 26.8929841, 58.6140508 ], [ 26.8927129, 58.6140402 ], [ 26.8923331, 58.614039 ], [ 26.8919466, 58.6140343 ], [ 26.8917635, 58.614052 ], [ 26.8916505, 58.6140896 ], [ 26.891542, 58.6142015 ], [ 26.8915194, 58.614311 ], [ 26.8915262, 58.6144099 ], [ 26.8914855, 58.6144734 ], [ 26.8914019, 58.6145782 ], [ 26.8912504, 58.6146747 ], [ 26.8911329, 58.6147265 ], [ 26.8908978, 58.6148054 ], [ 26.8907215, 58.6148996 ], [ 26.8904095, 58.6150243 ], [ 26.890301, 58.615055 ], [ 26.8901292, 58.6150644 ], [ 26.8899755, 58.6150973 ], [ 26.889797, 58.615175 ], [ 26.8896455, 58.6152174 ], [ 26.8893381, 58.6153622 ], [ 26.8892884, 58.6154446 ], [ 26.8891776, 58.6155458 ], [ 26.8891369, 58.6156906 ], [ 26.8891098, 58.6157283 ], [ 26.8890126, 58.6157554 ], [ 26.8889697, 58.6158048 ], [ 26.888999, 58.615866 ], [ 26.8890397, 58.6159331 ], [ 26.8890397, 58.615999 ], [ 26.88899, 58.6160862 ], [ 26.8887707, 58.6161792 ], [ 26.8883141, 58.6162933 ], [ 26.8882282, 58.6163651 ], [ 26.8881062, 58.6164111 ], [ 26.8879231, 58.6164405 ], [ 26.8877083, 58.6164534 ], [ 26.8875863, 58.6164487 ], [ 26.8875682, 58.6164369 ], [ 26.8875863, 58.6164016 ], [ 26.8874461, 58.6163086 ], [ 26.8873761, 58.6162168 ], [ 26.8873738, 58.6161615 ], [ 26.8872879, 58.6161238 ], [ 26.8871704, 58.6160732 ], [ 26.8870867, 58.6160438 ], [ 26.886829, 58.6160344 ], [ 26.8865465, 58.6160591 ], [ 26.886438, 58.616072 ], [ 26.8863069, 58.6161591 ], [ 26.8862843, 58.6162204 ], [ 26.8862775, 58.6163392 ], [ 26.8863611, 58.6164181 ], [ 26.886499, 58.6164864 ], [ 26.886664, 58.6165382 ], [ 26.886716, 58.6166076 ], [ 26.8866866, 58.6167359 ], [ 26.8867183, 58.6168901 ], [ 26.8867567, 58.6169737 ], [ 26.8867409, 58.6170467 ], [ 26.8866776, 58.6170726 ], [ 26.8865736, 58.6170714 ], [ 26.8864945, 58.6170185 ], [ 26.8863747, 58.6169502 ], [ 26.886221, 58.6169266 ], [ 26.8860221, 58.6169196 ], [ 26.8858526, 58.6169525 ], [ 26.8857418, 58.6170302 ], [ 26.8857169, 58.6171126 ], [ 26.8857893, 58.6171915 ], [ 26.8860176, 58.6172645 ], [ 26.886273, 58.6173528 ], [ 26.8864357, 58.6174505 ], [ 26.8866234, 58.6174869 ], [ 26.8867725, 58.6174811 ], [ 26.8868584, 58.6175117 ], [ 26.8868946, 58.6175705 ], [ 26.8867409, 58.6176564 ], [ 26.8865827, 58.6177518 ], [ 26.8865081, 58.6178189 ], [ 26.8865442, 58.6179131 ], [ 26.8865781, 58.6180213 ], [ 26.8865894, 58.6180908 ], [ 26.8866279, 58.6181155 ], [ 26.8866889, 58.6181073 ], [ 26.8867748, 58.6180896 ], [ 26.8868833, 58.6180461 ], [ 26.8868923, 58.6179954 ], [ 26.8869556, 58.6179331 ], [ 26.8871568, 58.6178201 ], [ 26.8872359, 58.6178165 ], [ 26.8872902, 58.6178707 ], [ 26.8873286, 58.6179189 ], [ 26.8873738, 58.6179613 ], [ 26.8873467, 58.6180084 ], [ 26.8872902, 58.6180484 ], [ 26.8871387, 58.6182003 ], [ 26.8870506, 58.6183015 ], [ 26.8869918, 58.618458 ], [ 26.8869195, 58.6185652 ], [ 26.8868245, 58.6185887 ], [ 26.8867454, 58.6186322 ], [ 26.8867025, 58.618664 ], [ 26.886707, 58.6186946 ], [ 26.8867454, 58.6187158 ], [ 26.8867635, 58.6187488 ], [ 26.8867974, 58.6188241 ], [ 26.8869172, 58.6188653 ], [ 26.8870031, 58.6189618 ], [ 26.887098, 58.618996 ], [ 26.8872111, 58.618996 ], [ 26.8873738, 58.618996 ], [ 26.8875185, 58.6190277 ], [ 26.8875976, 58.619076 ], [ 26.8876609, 58.6191407 ], [ 26.8876744, 58.6192255 ], [ 26.8876338, 58.6192949 ], [ 26.8875727, 58.6193538 ], [ 26.8874981, 58.6194032 ], [ 26.8873218, 58.6194515 ], [ 26.8872156, 58.6194738 ], [ 26.8871026, 58.6194738 ], [ 26.8870099, 58.619468 ], [ 26.886863, 58.6194738 ], [ 26.8867929, 58.6194891 ], [ 26.8867793, 58.6195303 ], [ 26.8868064, 58.6195963 ], [ 26.8868991, 58.6196528 ], [ 26.8870641, 58.6196786 ], [ 26.887254, 58.6196739 ], [ 26.8873376, 58.6196928 ], [ 26.8874145, 58.6197657 ], [ 26.8875027, 58.6198128 ], [ 26.8875614, 58.6198611 ], [ 26.8875931, 58.6199046 ], [ 26.8875682, 58.6199447 ], [ 26.887523, 58.6199811 ], [ 26.8874823, 58.6200235 ], [ 26.8874326, 58.6200423 ], [ 26.8873399, 58.6200459 ], [ 26.8872495, 58.6200141 ], [ 26.8871591, 58.6199588 ], [ 26.8870867, 58.6199482 ], [ 26.886924, 58.619947 ], [ 26.886863, 58.6199882 ], [ 26.8868539, 58.6200659 ], [ 26.8868765, 58.6201059 ], [ 26.8869556, 58.6201483 ], [ 26.8870777, 58.6202083 ], [ 26.8871229, 58.6202389 ], [ 26.8870687, 58.6203201 ], [ 26.8869828, 58.6203625 ], [ 26.8869149, 58.6204425 ], [ 26.8869149, 58.6205473 ], [ 26.8870596, 58.6206638 ], [ 26.887141, 58.620758 ], [ 26.8871726, 58.6207886 ], [ 26.8871252, 58.6208545 ], [ 26.8871252, 58.6209051 ], [ 26.8870867, 58.6209333 ], [ 26.8869534, 58.6209545 ], [ 26.8868019, 58.6210028 ], [ 26.8867228, 58.6210605 ], [ 26.886664, 58.6211734 ], [ 26.886603, 58.6213217 ], [ 26.8865646, 58.6214288 ], [ 26.8864651, 58.62147 ], [ 26.8863951, 58.6215948 ], [ 26.8863611, 58.6217596 ], [ 26.8863702, 58.6219043 ], [ 26.886334, 58.6219926 ], [ 26.886273, 58.6220656 ], [ 26.8861148, 58.6221256 ], [ 26.886004, 58.6221962 ], [ 26.8859226, 58.6222986 ], [ 26.8858865, 58.6223398 ], [ 26.8859, 58.6224799 ], [ 26.8859181, 58.6226399 ], [ 26.8858797, 58.622727 ], [ 26.8857915, 58.6227718 ], [ 26.8857079, 58.6228494 ], [ 26.885579, 58.6228906 ], [ 26.8854073, 58.6229071 ], [ 26.8852852, 58.6228953 ], [ 26.8851699, 58.6228588 ], [ 26.8850591, 58.6228459 ], [ 26.8849393, 58.6228518 ], [ 26.8848308, 58.6228706 ], [ 26.8847653, 58.6229083 ], [ 26.8847223, 58.6229624 ], [ 26.8847201, 58.6230307 ], [ 26.8848082, 58.6230695 ], [ 26.8849529, 58.6230872 ], [ 26.8850501, 58.6230695 ], [ 26.8852038, 58.6230648 ], [ 26.8853236, 58.6230848 ], [ 26.8853982, 58.6230954 ], [ 26.8854457, 58.6231154 ], [ 26.8855587, 58.6232602 ], [ 26.8855338, 58.6233143 ], [ 26.8853711, 58.6233885 ], [ 26.8852106, 58.6234873 ], [ 26.8850026, 58.6235285 ], [ 26.884815, 58.6236097 ], [ 26.8846975, 58.6236792 ], [ 26.8846771, 58.6237321 ], [ 26.8846952, 58.6237968 ], [ 26.884806, 58.6238439 ], [ 26.8849891, 58.6238486 ], [ 26.8851134, 58.6238569 ], [ 26.8851812, 58.6238828 ], [ 26.8851744, 58.6239381 ], [ 26.8850591, 58.6240263 ], [ 26.8849303, 58.6240781 ], [ 26.8847992, 58.6241205 ], [ 26.8846704, 58.6241193 ], [ 26.8845257, 58.624124 ], [ 26.8843991, 58.6241405 ], [ 26.8842748, 58.6241558 ], [ 26.8842364, 58.624177 ], [ 26.884207, 58.6242311 ], [ 26.884207, 58.6242982 ], [ 26.8842251, 58.624357 ], [ 26.8842703, 58.6244065 ], [ 26.884216, 58.6244771 ], [ 26.8841301, 58.62453 ], [ 26.8839651, 58.62455 ], [ 26.8838657, 58.62453 ], [ 26.8836758, 58.6244936 ], [ 26.8835062, 58.6244677 ], [ 26.8833458, 58.6244641 ], [ 26.8831875, 58.6244947 ], [ 26.8829705, 58.6245642 ], [ 26.8828937, 58.624603 ], [ 26.8828914, 58.624663 ], [ 26.8829524, 58.624703 ], [ 26.8830994, 58.6247372 ], [ 26.8832712, 58.6247642 ], [ 26.8833751, 58.6248254 ], [ 26.8834023, 58.6248796 ], [ 26.8833458, 58.6249502 ], [ 26.8832327, 58.6249867 ], [ 26.8831807, 58.6250125 ], [ 26.8831559, 58.6250643 ], [ 26.8831129, 58.6251032 ], [ 26.8830496, 58.6251102 ], [ 26.8829683, 58.6250938 ], [ 26.8828914, 58.6250843 ], [ 26.8828213, 58.6250938 ], [ 26.8827648, 58.6251161 ], [ 26.8827535, 58.6251561 ], [ 26.8827761, 58.6251997 ], [ 26.8827603, 58.6252409 ], [ 26.8827128, 58.625282 ], [ 26.8826631, 58.6253138 ], [ 26.8825659, 58.6253244 ], [ 26.8824981, 58.6253115 ], [ 26.8824416, 58.6252868 ], [ 26.8824213, 58.6252397 ], [ 26.8824506, 58.6252067 ], [ 26.8824506, 58.6251691 ], [ 26.8824167, 58.6251396 ], [ 26.8823557, 58.6251232 ], [ 26.8822879, 58.6251208 ], [ 26.8822043, 58.6251514 ], [ 26.8821251, 58.625215 ], [ 26.8820686, 58.6253021 ], [ 26.8820392, 58.6254209 ], [ 26.8821161, 58.6255127 ], [ 26.8822156, 58.6255763 ], [ 26.8822495, 58.625608 ], [ 26.8822743, 58.6256563 ], [ 26.8822223, 58.6256881 ], [ 26.8821161, 58.6257139 ], [ 26.8819194, 58.6257398 ], [ 26.8818381, 58.6257587 ], [ 26.8818064, 58.6257904 ], [ 26.8818222, 58.6258246 ], [ 26.8818855, 58.625874 ], [ 26.8819805, 58.6259505 ], [ 26.8820664, 58.6260117 ], [ 26.8820935, 58.6260905 ], [ 26.8821297, 58.6261835 ], [ 26.8821477, 58.6262588 ], [ 26.8821138, 58.6263047 ], [ 26.8820844, 58.6263259 ], [ 26.8820099, 58.6263471 ], [ 26.8819172, 58.6263741 ], [ 26.8818675, 58.6264389 ], [ 26.8818064, 58.6264977 ], [ 26.8817318, 58.6265177 ], [ 26.8816437, 58.6265048 ], [ 26.8815668, 58.6264742 ], [ 26.8814176, 58.6264471 ], [ 26.8813001, 58.6264589 ], [ 26.8812142, 58.6264906 ], [ 26.8811125, 58.626553 ], [ 26.881117, 58.6266166 ], [ 26.8811599, 58.6266695 ], [ 26.8812662, 58.6267495 ], [ 26.8812526, 58.6268249 ], [ 26.8812142, 58.6268813 ], [ 26.8811373, 58.6269084 ], [ 26.8810627, 58.6269578 ], [ 26.8810085, 58.6270178 ], [ 26.8809045, 58.6270579 ], [ 26.8807915, 58.6271049 ], [ 26.8806446, 58.6272603 ], [ 26.8805361, 58.6273674 ], [ 26.8804027, 58.627438 ], [ 26.8803417, 58.6274909 ], [ 26.8803439, 58.6275345 ], [ 26.8803733, 58.6275509 ], [ 26.8804502, 58.6275533 ], [ 26.8805677, 58.6275592 ], [ 26.8806943, 58.6275686 ], [ 26.8808277, 58.6276298 ], [ 26.8808548, 58.6277204 ], [ 26.8808435, 58.6277816 ], [ 26.8809, 58.6278416 ], [ 26.8808299, 58.627904 ], [ 26.8807779, 58.6279863 ], [ 26.8806513, 58.6280181 ], [ 26.8805881, 58.6280758 ], [ 26.880475, 58.6281181 ], [ 26.8803145, 58.6281593 ], [ 26.8801586, 58.6281946 ], [ 26.8800275, 58.628204 ], [ 26.8799461, 58.6281923 ], [ 26.8798579, 58.6281475 ], [ 26.8797381, 58.6280746 ], [ 26.8794624, 58.6279487 ], [ 26.879372, 58.6279181 ], [ 26.8792974, 58.6279287 ], [ 26.8791798, 58.6279687 ], [ 26.8790532, 58.6279981 ], [ 26.8789176, 58.6279946 ], [ 26.8787865, 58.6279628 ], [ 26.878617, 58.6279569 ], [ 26.878452, 58.6279781 ], [ 26.8783073, 58.6279793 ], [ 26.8782305, 58.6279546 ], [ 26.8781265, 58.6279475 ], [ 26.8780202, 58.627984 ], [ 26.8779434, 58.6280487 ], [ 26.8778846, 58.6281205 ], [ 26.8778168, 58.6281781 ], [ 26.8777241, 58.6282158 ], [ 26.8776382, 58.6282805 ], [ 26.8775094, 58.6283288 ], [ 26.8774122, 58.6283276 ], [ 26.8773172, 58.6283029 ], [ 26.8772585, 58.6282523 ], [ 26.8771568, 58.6282193 ], [ 26.8770799, 58.6282134 ], [ 26.8770076, 58.6282334 ], [ 26.876933, 58.628297 ], [ 26.8768493, 58.6283146 ], [ 26.876716, 58.6283217 ], [ 26.8766504, 58.6283029 ], [ 26.8765758, 58.6283052 ], [ 26.8764764, 58.6283464 ], [ 26.8763701, 58.6283829 ], [ 26.8762458, 58.6283923 ], [ 26.8760039, 58.6284382 ], [ 26.8759226, 58.6284982 ], [ 26.8757508, 58.6286194 ], [ 26.8756423, 58.6286983 ], [ 26.8755609, 58.6287194 ], [ 26.8754614, 58.62871 ], [ 26.8754185, 58.6286912 ], [ 26.8753914, 58.6286606 ], [ 26.8753439, 58.6286194 ], [ 26.8752512, 58.6285712 ], [ 26.8750862, 58.6285288 ], [ 26.8749303, 58.6285265 ], [ 26.874885, 58.6285135 ], [ 26.8748285, 58.6284747 ], [ 26.8747585, 58.628437 ], [ 26.8746839, 58.6284441 ], [ 26.8745573, 58.6284888 ], [ 26.8744465, 58.6285206 ], [ 26.8743719, 58.6285206 ], [ 26.8743109, 58.6284923 ], [ 26.8742702, 58.6284205 ], [ 26.8742273, 58.6283629 ], [ 26.8741662, 58.6283511 ], [ 26.8740623, 58.6283664 ], [ 26.8738905, 58.6284123 ], [ 26.873635, 58.6284594 ], [ 26.8734316, 58.6284723 ], [ 26.8733525, 58.6284876 ], [ 26.8733367, 58.6285253 ], [ 26.8733638, 58.6285606 ], [ 26.8734293, 58.6285723 ], [ 26.8735265, 58.6285606 ], [ 26.8735921, 58.6285806 ], [ 26.8735785, 58.6286124 ], [ 26.8734542, 58.628683 ], [ 26.8733728, 58.6287124 ], [ 26.8732756, 58.6287206 ], [ 26.8731762, 58.6286841 ], [ 26.8730519, 58.628683 ], [ 26.8729479, 58.6287171 ], [ 26.8728755, 58.62879 ], [ 26.8727738, 58.6288642 ], [ 26.8725749, 58.6289324 ], [ 26.8723873, 58.6290124 ], [ 26.8722517, 58.6291348 ], [ 26.8720505, 58.6292525 ], [ 26.8719262, 58.6293678 ], [ 26.8718493, 58.6294078 ], [ 26.8717996, 58.6294831 ], [ 26.8716346, 58.6295278 ], [ 26.8714447, 58.6295396 ], [ 26.8712797, 58.6295325 ], [ 26.8710695, 58.6295443 ], [ 26.870753, 58.6296161 ], [ 26.8704682, 58.6296479 ], [ 26.870206, 58.6296361 ], [ 26.8698059, 58.6296102 ], [ 26.8695979, 58.6296196 ], [ 26.8695505, 58.6296008 ], [ 26.8693968, 58.6295584 ], [ 26.8692634, 58.6295043 ], [ 26.8691255, 58.6294278 ], [ 26.8689356, 58.6293961 ], [ 26.8686734, 58.6293878 ], [ 26.8685717, 58.6293702 ], [ 26.8685107, 58.6293278 ], [ 26.8685107, 58.6292796 ], [ 26.8685107, 58.6292243 ], [ 26.8684474, 58.6291984 ], [ 26.8683547, 58.6291925 ], [ 26.8682394, 58.629209 ], [ 26.8681829, 58.6292619 ], [ 26.8680767, 58.6293266 ], [ 26.8677738, 58.6294019 ], [ 26.8674664, 58.6295078 ], [ 26.867177, 58.6296726 ], [ 26.8669194, 58.6299091 ], [ 26.8667611, 58.6300421 ], [ 26.866621, 58.6301127 ], [ 26.8665803, 58.6302562 ], [ 26.8665351, 58.6302821 ], [ 26.8664628, 58.6302762 ], [ 26.8664062, 58.6302186 ], [ 26.8662797, 58.6301515 ], [ 26.866196, 58.6300879 ], [ 26.8661373, 58.6300056 ], [ 26.866074, 58.6299703 ], [ 26.8658818, 58.6299409 ], [ 26.8656987, 58.6299185 ], [ 26.8655315, 58.6299444 ], [ 26.8654094, 58.630002 ], [ 26.865371, 58.6300738 ], [ 26.8654049, 58.6301362 ], [ 26.8654953, 58.6301609 ], [ 26.865588, 58.6301433 ], [ 26.8657055, 58.6301256 ], [ 26.8657553, 58.6301338 ], [ 26.8658027, 58.6301621 ], [ 26.8658321, 58.6302056 ], [ 26.8657869, 58.6302374 ], [ 26.8656987, 58.6302468 ], [ 26.8656354, 58.6302668 ], [ 26.8655902, 58.630335 ], [ 26.865484, 58.6304927 ], [ 26.8654139, 58.630661 ], [ 26.8653529, 58.6307563 ], [ 26.8653167, 58.6307763 ], [ 26.8653213, 58.6308163 ], [ 26.8653732, 58.6308445 ], [ 26.8653371, 58.6308563 ], [ 26.8652105, 58.6308975 ], [ 26.8651472, 58.630981 ], [ 26.8651834, 58.6310316 ], [ 26.8653054, 58.6310763 ], [ 26.865371, 58.6311093 ], [ 26.8653326, 58.6311681 ], [ 26.8651653, 58.6312905 ], [ 26.8651314, 58.6313846 ], [ 26.8651992, 58.6315035 ], [ 26.8652354, 58.6316882 ], [ 26.8653167, 58.631727 ], [ 26.8654365, 58.6317835 ], [ 26.8654659, 58.6318635 ], [ 26.8654117, 58.6319282 ], [ 26.8653416, 58.6319518 ], [ 26.8652534, 58.6319482 ], [ 26.865059, 58.6319094 ], [ 26.8649754, 58.6318753 ], [ 26.8649144, 58.631827 ], [ 26.8647991, 58.6318094 ], [ 26.8645052, 58.6317894 ], [ 26.8643493, 58.6317953 ], [ 26.8642995, 58.63182 ], [ 26.8642634, 58.6318623 ], [ 26.8641097, 58.6320318 ], [ 26.8640057, 58.6321624 ], [ 26.8640215, 58.6322365 ], [ 26.8639967, 58.6323224 ], [ 26.8639469, 58.632353 ], [ 26.8638701, 58.6323624 ], [ 26.8637842, 58.6323848 ], [ 26.8637299, 58.6324412 ], [ 26.8637277, 58.6325295 ], [ 26.8637616, 58.6326213 ] ] } },
{ "type": "Feature", "properties": { "orig_fid": "w302045576", "waterway": "river", "name": "Kääpa jõgi" }, "geometry": { "type": "LineString", "coordinates": [ [ 26.8408379, 58.6363556 ], [ 26.840941, 58.6363686 ], [ 26.8410692, 58.6363597 ], [ 26.8411223, 58.6363678 ], [ 26.8411395, 58.6363947 ], [ 26.8411497, 58.6364138 ] ] } },
{ "type": "Feature", "properties": { "orig_fid": "w302045596", "waterway": "river", "name": "Kääpa jõgi" }, "geometry": { "type": "LineString", "coordinates": [ [ 26.9847462, 58.5391227 ], [ 26.9832278, 58.5389943 ], [ 26.9817348, 58.5388752 ], [ 26.9797821, 58.5387298 ], [ 26.979621, 58.5386996 ], [ 26.9788742, 58.5382888 ], [ 26.9782394, 58.5378908 ], [ 26.9769495, 58.5370519 ], [ 26.9759514, 58.5363599 ], [ 26.9753858, 58.5359658 ], [ 26.9753269, 58.5359378 ], [ 26.9728034, 58.5353901 ], [ 26.971534, 58.5350948 ], [ 26.9713881, 58.5350708 ], [ 26.9713293, 58.5350708 ], [ 26.9712934, 58.5350815 ], [ 26.970907, 58.5350401 ], [ 26.9707355, 58.535008 ], [ 26.9703593, 58.5349666 ], [ 26.9702262, 58.5349425 ], [ 26.9700726, 58.5349105 ], [ 26.9699779, 58.5349065 ], [ 26.9698653, 58.5349118 ], [ 26.9698193, 58.5349318 ], [ 26.9697706, 58.5349746 ], [ 26.969763, 58.5350574 ], [ 26.9697757, 58.5351402 ], [ 26.9697527, 58.5351923 ], [ 26.9697092, 58.5352525 ], [ 26.9696196, 58.5352885 ], [ 26.9695121, 58.5352832 ], [ 26.9692148, 58.5352606 ], [ 26.9689144, 58.5352549 ], [ 26.9686249, 58.5352247 ], [ 26.968205, 58.5352247 ], [ 26.9677707, 58.5351605 ], [ 26.9675644, 58.5351529 ], [ 26.9673653, 58.5351699 ], [ 26.9665582, 58.5352984 ], [ 26.9664478, 58.5353126 ], [ 26.9664025, 58.535305 ], [ 26.9663645, 58.5352889 ], [ 26.9662994, 58.5351964 ], [ 26.966274, 58.5351529 ], [ 26.966265, 58.5350679 ], [ 26.9662451, 58.535032 ], [ 26.9661655, 58.5349734 ], [ 26.9659211, 58.534878 ], [ 26.9658017, 58.5348743 ], [ 26.9654542, 58.5349262 ], [ 26.9653076, 58.5349989 ], [ 26.9652678, 58.5350282 ], [ 26.9652606, 58.5350896 ], [ 26.9651936, 58.5351416 ], [ 26.9651068, 58.5351718 ], [ 26.9650181, 58.5352162 ], [ 26.9649765, 58.5352342 ], [ 26.9649005, 58.5352361 ], [ 26.9648426, 58.5352275 ], [ 26.9647575, 58.5351624 ], [ 26.9647104, 58.5350726 ], [ 26.9647239, 58.5349897 ], [ 26.9645217, 58.5349549 ], [ 26.964276, 58.5348988 ], [ 26.9638639, 58.534812 ], [ 26.9636029, 58.5346851 ], [ 26.9635056, 58.534621 ], [ 26.9634237, 58.534498 ], [ 26.9631371, 58.534108 ], [ 26.9629093, 58.5338528 ], [ 26.9628863, 58.5337285 ], [ 26.9628095, 58.5336577 ], [ 26.9627429, 58.533603 ], [ 26.962661, 58.5334667 ], [ 26.96251, 58.5332984 ], [ 26.9619104, 58.5325238 ], [ 26.9619091, 58.5324966 ], [ 26.9620063, 58.5324244 ], [ 26.9620127, 58.532393 ], [ 26.9619577, 58.5321292 ], [ 26.9620856, 58.5319394 ], [ 26.9622239, 58.5318539 ], [ 26.9621931, 58.5317978 ], [ 26.9620805, 58.5317711 ], [ 26.9620549, 58.5317043 ], [ 26.9621088, 58.5313298 ], [ 26.9620545, 58.5312844 ], [ 26.9618844, 58.5312429 ], [ 26.9618301, 58.5311994 ], [ 26.9618497, 58.5311234 ], [ 26.9619483, 58.5309676 ], [ 26.9619281, 58.5308976 ], [ 26.9617839, 58.530854 ], [ 26.9615462, 58.5308065 ], [ 26.961392, 58.530791 ] ] } },
{ "type": "Feature", "properties": { "orig_fid": "w302045597", "waterway": "river", "name": "Kääpa jõgi" }, "geometry": { "type": "LineString", "coordinates": [ [ 26.9913543, 58.5392451 ], [ 26.991209, 58.5392138 ], [ 26.9911253, 58.5392124 ], [ 26.9885734, 58.5393709 ], [ 26.9881102, 58.5392848 ], [ 26.9875765, 58.5392965 ], [ 26.9872363, 58.5392975 ], [ 26.986907, 58.5392861 ], [ 26.9864781, 58.5392493 ], [ 26.9863188, 58.5392276 ], [ 26.9861885, 58.5391841 ], [ 26.9860039, 58.539169 ], [ 26.9858845, 58.5391917 ], [ 26.985642, 58.5391794 ], [ 26.984985, 58.539135 ] ] } },
{ "type": "Feature", "properties": { "orig_fid": "w302045598", "waterway": "ditch", "name": null }, "geometry": { "type": "LineString", "coordinates": [ [ 27.01512, 58.5185306 ], [ 27.0153737, 58.5186077 ] ] } },
{ "type": "Feature", "properties": { "orig_fid": "w302045599", "waterway": "river", "name": "Kääpa jõgi" }, "geometry": { "type": "LineString", "coordinates": [ [ 27.0177938, 58.5283373 ], [ 27.017716, 58.5284745 ] ] } },
{ "type": "Feature", "properties": { "orig_fid": "w302045600", "waterway": "river", "name": "Kääpa jõgi" }, "geometry": { "type": "LineString", "coordinates": [ [ 26.9914959, 58.5392731 ], [ 26.9913543, 58.5392451 ] ] } },
{ "type": "Feature", "properties": { "orig_fid": "w302045601", "waterway": "ditch", "name": null }, "geometry": { "type": "LineString", "coordinates": [ [ 27.0201681, 58.520241 ], [ 27.0203233, 58.5202929 ] ] } },
{ "type": "Feature", "properties": { "orig_fid": "w302045602", "waterway": "river", "name": "Kääpa jõgi" }, "geometry": { "type": "LineString", "coordinates": [ [ 26.9044653, 58.5572923 ], [ 26.9044184, 58.5573699 ] ] } },
{ "type": "Feature", "properties": { "orig_fid": "w302045603", "waterway": "ditch", "name": null }, "geometry": { "type": "LineString", "coordinates": [ [ 27.0153737, 58.5186077 ], [ 27.0201681, 58.520241 ] ] } },
{ "type": "Feature", "properties": { "orig_fid": "w302045604", "waterway": "river", "name": "Kääpa jõgi" }, "geometry": { "type": "LineString", "coordinates": [ [ 26.984985, 58.539135 ], [ 26.9847462, 58.5391227 ] ] } },
{ "type": "Feature", "properties": { "orig_fid": "w302045605", "waterway": "river", "name": "Kääpa jõgi" }, "geometry": { "type": "LineString", "coordinates": [ [ 26.9431002, 58.5294743 ], [ 26.9427132, 58.5294903 ] ] } },
{ "type": "Feature", "properties": { "orig_fid": "w302045606", "waterway": "river", "name": "Kääpa jõgi" }, "geometry": { "type": "LineString", "coordinates": [ [ 26.9663645, 58.5352889 ], [ 26.9652606, 58.5350896 ] ] } },
{ "type": "Feature", "properties": { "orig_fid": "w302045607", "waterway": "river", "name": "Kääpa jõgi" }, "geometry": { "type": "LineString", "coordinates": [ [ 26.9652606, 58.5350896 ], [ 26.9647239, 58.5349897 ] ] } },
{ "type": "Feature", "properties": { "orig_fid": "w302045608", "waterway": "river", "name": "Kääpa jõgi" }, "geometry": { "type": "LineString", "coordinates": [ [ 26.9354015, 58.5295942 ], [ 26.9353879, 58.5296728 ] ] } },
{ "type": "Feature", "properties": { "orig_fid": "w302045609", "waterway": "river", "name": "Kääpa jõgi" }, "geometry": { "type": "LineString", "coordinates": [ [ 26.8226322, 58.6438516 ], [ 26.8225677, 58.6438984 ], [ 26.8223577, 58.6439364 ], [ 26.8220837, 58.6439536 ], [ 26.8218848, 58.6439881 ], [ 26.8217323, 58.644064 ], [ 26.821509, 58.6441411 ], [ 26.8213565, 58.6441284 ], [ 26.8210725, 58.6441184 ], [ 26.8209068, 58.644162 ] ] } },
{ "type": "Feature", "properties": { "orig_fid": "w302045610", "waterway": "river", "name": "Kääpa jõgi" }, "geometry": { "type": "LineString", "coordinates": [ [ 27.0008041, 58.5375068 ], [ 27.0004922, 58.5379716 ], [ 27.0001406, 58.5385164 ], [ 26.9998019, 58.5390592 ], [ 26.9994077, 58.5396446 ], [ 26.9990246, 58.5402521 ], [ 26.9986008, 58.5408597 ], [ 26.997309, 58.5405544 ], [ 26.9961097, 58.5402869 ], [ 26.9944663, 58.5399189 ], [ 26.9928081, 58.5395538 ], [ 26.9916588, 58.5393059 ], [ 26.9914959, 58.5392731 ] ] } },
{ "type": "Feature", "properties": { "orig_fid": "w302045611", "waterway": "river", "name": "Kääpa jõgi" }, "geometry": { "type": "LineString", "coordinates": [ [ 26.8529877, 58.6928402 ], [ 26.8529026, 58.692909 ], [ 26.8529219, 58.6929966 ], [ 26.8529665, 58.693061 ], [ 26.8531912, 58.6931496 ], [ 26.8534896, 58.6933016 ], [ 26.853788, 58.6934164 ], [ 26.8540999, 58.6936016 ], [ 26.8541406, 58.6936993 ], [ 26.8540863, 58.6937688 ], [ 26.8539856, 58.6938292 ], [ 26.8538597, 58.6938785 ], [ 26.8538248, 58.6939188 ], [ 26.8537415, 58.6940567 ], [ 26.8536155, 58.6942298 ], [ 26.853478, 58.6944624 ], [ 26.853414, 58.6945932 ], [ 26.8534237, 58.6947644 ], [ 26.8533656, 58.6949335 ], [ 26.8533114, 58.6951973 ], [ 26.8532319, 58.6954197 ], [ 26.8531544, 58.6955889 ], [ 26.8530014, 58.695918 ], [ 26.8528735, 58.696213 ], [ 26.8527805, 58.6964254 ], [ 26.8527204, 58.6966116 ], [ 26.8526565, 58.6967918 ], [ 26.852579, 58.696978 ], [ 26.8525082, 58.6971558 ], [ 26.8524515, 58.6972784 ] ] } },
{ "type": "Feature", "properties": { "orig_fid": "w302045612", "waterway": "river", "name": "Kääpa jõgi" }, "geometry": { "type": "LineString", "coordinates": [ [ 26.9427132, 58.5294903 ], [ 26.9423891, 58.5295323 ], [ 26.9420502, 58.529531 ], [ 26.9417593, 58.5295587 ], [ 26.9415013, 58.5295825 ], [ 26.9414204, 58.5295877 ], [ 26.9413622, 58.5295759 ], [ 26.9412332, 58.5295653 ], [ 26.941041, 58.5295706 ], [ 26.9406692, 58.5296036 ], [ 26.9404289, 58.5296023 ], [ 26.9401683, 58.5295494 ], [ 26.9401152, 58.5294808 ], [ 26.9401734, 58.5292774 ], [ 26.9401506, 58.5292325 ], [ 26.9400166, 58.5291652 ], [ 26.93988, 58.5291467 ], [ 26.9395942, 58.5291916 ], [ 26.9393918, 58.5291784 ], [ 26.9392274, 58.5291876 ], [ 26.9391161, 58.5291995 ], [ 26.93902, 58.5291731 ], [ 26.9388076, 58.5291005 ], [ 26.9386988, 58.529082 ], [ 26.9386255, 58.5290807 ], [ 26.9385041, 58.5291124 ], [ 26.9384079, 58.5291335 ], [ 26.9383371, 58.5291322 ], [ 26.9383042, 58.5291005 ], [ 26.9382688, 58.5290463 ], [ 26.9383068, 58.5289698 ], [ 26.938284, 58.5289077 ], [ 26.9382233, 58.5288839 ], [ 26.9381322, 58.5288813 ], [ 26.937983, 58.5289156 ], [ 26.9378237, 58.5289433 ], [ 26.9377554, 58.5289381 ], [ 26.9374063, 58.52881 ], [ 26.9372596, 58.5287941 ], [ 26.9371053, 58.5288087 ], [ 26.9369232, 58.5289222 ], [ 26.9366526, 58.5291586 ], [ 26.9364343, 58.5292782 ], [ 26.9361983, 58.5293461 ], [ 26.9358598, 58.5293764 ], [ 26.935682, 58.5294014 ], [ 26.9355247, 58.5294853 ], [ 26.9354015, 58.5295942 ] ] } },
{ "type": "Feature", "properties": { "orig_fid": "w302045613", "waterway": "river", "name": "Kääpa jõgi" }, "geometry": { "type": "LineString", "coordinates": [ [ 26.9353879, 58.5296728 ], [ 26.93534, 58.5297406 ], [ 26.935063, 58.5298959 ], [ 26.9350083, 58.5299584 ], [ 26.9348989, 58.5300013 ], [ 26.934615, 58.5300209 ], [ 26.9343449, 58.5300031 ], [ 26.9342731, 58.530037 ], [ 26.9341431, 58.5301227 ], [ 26.9341329, 58.5302155 ], [ 26.9339961, 58.5303083 ], [ 26.9338559, 58.5303226 ], [ 26.9336883, 58.5303119 ], [ 26.9336439, 58.5302476 ], [ 26.9336815, 58.5301512 ], [ 26.9336849, 58.5300762 ], [ 26.9336097, 58.5300459 ], [ 26.9334489, 58.5300548 ], [ 26.9333327, 58.5301048 ], [ 26.9332677, 58.5301762 ], [ 26.9333258, 58.5302905 ], [ 26.9333532, 58.5304119 ], [ 26.9332848, 58.5304922 ], [ 26.9331206, 58.5304993 ], [ 26.9327274, 58.5304654 ], [ 26.9325974, 58.5304137 ], [ 26.9324162, 58.5303476 ], [ 26.9322999, 58.530328 ], [ 26.9321324, 58.5303726 ], [ 26.9224856, 58.532322 ], [ 26.9172549, 58.5333877 ], [ 26.9168866, 58.5334485 ] ] } },
{ "type": "Feature", "properties": { "orig_fid": "w302045614", "waterway": "ditch", "name": null }, "geometry": { "type": "LineString", "coordinates": [ [ 27.007257, 58.5158648 ], [ 27.0075746, 58.5159598 ], [ 27.0085245, 58.5162973 ], [ 27.0139276, 58.5181402 ], [ 27.0146247, 58.5183799 ], [ 27.0150576, 58.5185128 ], [ 27.01512, 58.5185306 ] ] } },
{ "type": "Feature", "properties": { "orig_fid": "w302045615", "waterway": "river", "name": "Kääpa jõgi" }, "geometry": { "type": "LineString", "coordinates": [ [ 27.0216669, 58.5207787 ], [ 27.0216749, 58.5208276 ], [ 27.0205875, 58.5229033 ], [ 27.0181817, 58.5276073 ], [ 27.0177938, 58.5283373 ] ] } },
{ "type": "Feature", "properties": { "orig_fid": "w305134960", "waterway": "stream", "name": "Kitseoja" }, "geometry": { "type": "LineString", "coordinates": [ [ 26.8087532, 58.4096805 ], [ 26.8094909, 58.4097494 ], [ 26.8105039, 58.409863 ], [ 26.8116742, 58.4099573 ], [ 26.8127203, 58.4100697 ], [ 26.8138468, 58.4102299 ], [ 26.8164592, 58.4104491 ], [ 26.8205415, 58.4108594 ], [ 26.8209921, 58.4108875 ], [ 26.8211316, 58.4108762 ], [ 26.8230521, 58.410154 ], [ 26.824994, 58.409429 ], [ 26.8251603, 58.4094262 ], [ 26.8266516, 58.4096426 ], [ 26.8305033, 58.4101821 ], [ 26.8347733, 58.4104013 ], [ 26.8382548, 58.4105503 ], [ 26.8403577, 58.4106655 ], [ 26.8407761, 58.4105952 ], [ 26.8421172, 58.4102974 ], [ 26.8433832, 58.410036 ], [ 26.8436515, 58.4100754 ], [ 26.8467145, 58.4106879 ], [ 26.84709, 58.4106936 ], [ 26.8474977, 58.4105924 ], [ 26.8481844, 58.4102524 ], [ 26.8488442, 58.4098618 ], [ 26.850239, 58.409134 ], [ 26.8519663, 58.4086815 ], [ 26.8534844, 58.4082853 ], [ 26.8540852, 58.4081054 ], [ 26.8544071, 58.4078272 ], [ 26.8550777, 58.4071612 ], [ 26.8553942, 58.4068521 ], [ 26.8556892, 58.4063237 ], [ 26.8559682, 58.4059977 ], [ 26.8562042, 58.4057363 ], [ 26.8569123, 58.405267 ], [ 26.8583768, 58.4046009 ], [ 26.8596642, 58.4040304 ], [ 26.8611395, 58.4033755 ], [ 26.8621694, 58.4028977 ], [ 26.8625449, 58.4022681 ], [ 26.8631672, 58.4013209 ], [ 26.8637466, 58.4010988 ], [ 26.8640792, 58.4009302 ], [ 26.8642133, 58.4006575 ], [ 26.8643045, 58.4003793 ], [ 26.8646639, 58.4002022 ], [ 26.8667131, 58.3991874 ] ] } },
{ "type": "Feature", "properties": { "orig_fid": "w313530798", "waterway": "river", "name": "Kargaja jõgi" }, "geometry": { "type": "LineString", "coordinates": [ [ 27.101746, 58.5182499 ], [ 27.1017156, 58.5181367 ], [ 27.1016873, 58.5179456 ], [ 27.1016426, 58.517498 ], [ 27.1016241, 58.517381 ], [ 27.101631, 58.517305 ], [ 27.1016479, 58.5172697 ], [ 27.101661, 58.5172423 ], [ 27.1016749, 58.5171748 ], [ 27.101661, 58.5171 ], [ 27.1015802, 58.5170059 ], [ 27.1014463, 58.5168974 ], [ 27.1012939, 58.516784 ], [ 27.1011923, 58.5167153 ], [ 27.1011068, 58.5166912 ], [ 27.1010375, 58.5166369 ], [ 27.1010029, 58.5165718 ], [ 27.1009683, 58.5165066 ], [ 27.1008597, 58.5164102 ], [ 27.1007489, 58.5163414 ], [ 27.1006473, 58.5162498 ], [ 27.1005457, 58.5161135 ], [ 27.1004487, 58.5158964 ], [ 27.1003586, 58.5157806 ], [ 27.1002708, 58.5156455 ], [ 27.1002408, 58.515543 ], [ 27.1001461, 58.5154453 ], [ 27.1000861, 58.5153368 ], [ 27.0999937, 58.5152391 ], [ 27.0999129, 58.5151076 ], [ 27.0998529, 58.5149677 ], [ 27.0997351, 58.5148314 ], [ 27.0996035, 58.514624 ], [ 27.0994811, 58.5144394 ], [ 27.0993933, 58.5142875 ], [ 27.0993748, 58.5142453 ], [ 27.0993748, 58.5142175 ], [ 27.0994395, 58.5141717 ], [ 27.0995734, 58.5140607 ], [ 27.099712, 58.5139317 ], [ 27.0998182, 58.5137954 ], [ 27.0999037, 58.5136265 ], [ 27.1000261, 58.5134794 ], [ 27.1001207, 58.5134142 ], [ 27.10019, 58.5133431 ], [ 27.1002755, 58.5132466 ], [ 27.100414, 58.5131875 ], [ 27.1006657, 58.5130982 ], [ 27.1008274, 58.5130584 ], [ 27.1009798, 58.5129824 ], [ 27.1011276, 58.5128847 ], [ 27.1013331, 58.5128148 ], [ 27.1014786, 58.5127702 ], [ 27.1022938, 58.51243 ], [ 27.103235, 58.5120215 ], [ 27.1033493, 58.5119976 ], [ 27.1035812, 58.5120181 ], [ 27.1065511, 58.5123449 ], [ 27.1067774, 58.5124028 ], [ 27.107073, 58.5125017 ], [ 27.1080475, 58.5129987 ], [ 27.1081261, 58.5130951 ], [ 27.1081907, 58.5132133 ], [ 27.1083016, 58.5132809 ], [ 27.1085602, 58.5133267 ], [ 27.1088235, 58.5133557 ], [ 27.1089528, 58.5134208 ], [ 27.1089759, 58.513498 ], [ 27.1090729, 58.5138188 ], [ 27.1091283, 58.513884 ], [ 27.1092068, 58.513937 ], [ 27.1100335, 58.514241 ], [ 27.1102037, 58.5142479 ] ] } },
{ "type": "Feature", "properties": { "orig_fid": "w313530799", "waterway": "river", "name": "Kargaja jõgi" }, "geometry": { "type": "LineString", "coordinates": [ [ 27.100486, 58.5293614 ], [ 27.1005562, 58.5293022 ], [ 27.1007031, 58.5292018 ], [ 27.1007884, 58.5291223 ], [ 27.1008335, 58.5290618 ], [ 27.1009251, 58.5290094 ], [ 27.1009947, 58.5289811 ], [ 27.1010941, 58.5289702 ], [ 27.1012178, 58.5289794 ], [ 27.101337, 58.5289973 ], [ 27.1014232, 58.5289967 ], [ 27.1015943, 58.528984 ], [ 27.1018505, 58.5289633 ], [ 27.1019996, 58.5289575 ], [ 27.1021067, 58.5289471 ], [ 27.1022525, 58.5289442 ], [ 27.1024203, 58.5289402 ], [ 27.1025816, 58.5289229 ], [ 27.1027075, 58.5289119 ], [ 27.1027991, 58.5289119 ], [ 27.1028742, 58.5288941 ], [ 27.1029118, 58.528875 ], [ 27.102946, 58.5288422 ], [ 27.1029725, 58.5287989 ], [ 27.1030343, 58.5287724 ], [ 27.1031138, 58.5287252 ], [ 27.1031702, 58.5286946 ], [ 27.1032861, 58.52863 ], [ 27.1034201, 58.5285515 ], [ 27.1035263, 58.5285091 ], [ 27.1036231, 58.5284389 ], [ 27.1037824, 58.5283786 ], [ 27.1040448, 58.5282351 ], [ 27.1043259, 58.5280916 ], [ 27.1046445, 58.5279367 ], [ 27.1049412, 58.5277785 ], [ 27.1051411, 58.5276856 ], [ 27.1051869, 58.5276499 ], [ 27.105209, 58.5276297 ], [ 27.1052145, 58.5276015 ], [ 27.1051902, 58.5275525 ], [ 27.1051725, 58.527492 ], [ 27.1051825, 58.5274401 ], [ 27.1052195, 58.5273451 ], [ 27.1052289, 58.5272677 ], [ 27.1052539, 58.5272 ], [ 27.1052601, 58.5271323 ], [ 27.1052445, 58.5270671 ], [ 27.1051961, 58.5270027 ], [ 27.1051258, 58.5269619 ], [ 27.1050727, 58.5268885 ], [ 27.1050071, 58.5268372 ], [ 27.1049478, 58.5267776 ], [ 27.104826, 58.526661 ], [ 27.1047791, 58.5266072 ], [ 27.1047229, 58.5265616 ], [ 27.1046448, 58.5264833 ], [ 27.1044949, 58.5263381 ], [ 27.104459, 58.5262786 ], [ 27.1043918, 58.5261628 ], [ 27.1043606, 58.5261025 ], [ 27.104295, 58.5260601 ], [ 27.1042512, 58.5259883 ], [ 27.104206, 58.525928 ], [ 27.104181, 58.5258685 ], [ 27.1040873, 58.5257119 ], [ 27.1040435, 58.5256385 ], [ 27.1039795, 58.5256116 ], [ 27.1039561, 58.5255456 ], [ 27.1038535, 58.5254108 ], [ 27.1037545, 58.5252774 ], [ 27.1035884, 58.5249805 ], [ 27.1034287, 58.5247621 ], [ 27.1032978, 58.5245453 ], [ 27.1031636, 58.5243835 ], [ 27.1031125, 58.5243068 ], [ 27.103103, 58.5242284 ], [ 27.103103, 58.5241567 ], [ 27.1031509, 58.52408 ], [ 27.1031764, 58.5240233 ], [ 27.1031477, 58.5239533 ], [ 27.1031573, 58.5238666 ], [ 27.1032116, 58.5237682 ], [ 27.1032371, 58.5237048 ], [ 27.1031924, 58.5236464 ], [ 27.1032084, 58.5235664 ], [ 27.1032211, 58.5234146 ], [ 27.1031956, 58.5231478 ], [ 27.1031668, 58.522891 ], [ 27.1031381, 58.5226775 ], [ 27.1031285, 58.5224757 ], [ 27.1030455, 58.5220704 ], [ 27.1030071, 58.5218253 ], [ 27.1030103, 58.5217336 ], [ 27.1030519, 58.5216268 ], [ 27.1030071, 58.5215201 ], [ 27.102972, 58.5213533 ], [ 27.102873, 58.5210998 ], [ 27.1028347, 58.5210248 ], [ 27.1028411, 58.5209514 ], [ 27.1028123, 58.520893 ], [ 27.1027676, 58.5208346 ], [ 27.1026047, 58.5204277 ], [ 27.1025472, 58.5202392 ], [ 27.1023141, 58.5196204 ], [ 27.1020681, 58.5189516 ], [ 27.1018804, 58.5184351 ] ] } },
{ "type": "Feature", "properties": { "orig_fid": "w313530800", "waterway": "river", "name": "Kargaja jõgi" }, "geometry": { "type": "LineString", "coordinates": [ [ 27.1266327, 58.5069103 ], [ 27.1266886, 58.5068675 ], [ 27.1267363, 58.5068323 ], [ 27.1270027, 58.5066354 ], [ 27.127076, 58.5065813 ], [ 27.1277411, 58.5060771 ], [ 27.1278683, 58.5059312 ] ] } },
{ "type": "Feature", "properties": { "orig_fid": "w313530801", "waterway": "river", "name": "Kargaja jõgi" }, "geometry": { "type": "LineString", "coordinates": [ [ 27.0859154, 58.5567589 ], [ 27.0859226, 58.5567193 ], [ 27.0859389, 58.5566757 ], [ 27.0859626, 58.5566411 ], [ 27.0859489, 58.5566091 ], [ 27.0859401, 58.5565733 ], [ 27.0859251, 58.5565374 ], [ 27.0858926, 58.5565283 ], [ 27.0858401, 58.5565257 ], [ 27.0857926, 58.5565133 ], [ 27.0857608, 58.5564997 ] ] } },
{ "type": "Feature", "properties": { "orig_fid": "w313530802", "waterway": "river", "name": "Kargaja jõgi" }, "geometry": { "type": "LineString", "coordinates": [ [ 27.0861762, 58.5560557 ], [ 27.0861726, 58.5560152 ], [ 27.0861567, 58.5559704 ], [ 27.086147, 58.5559529 ], [ 27.0861352, 58.5559479 ], [ 27.0861143, 58.5559391 ], [ 27.0860834, 58.5559349 ], [ 27.0860542, 58.5559216 ], [ 27.0860374, 58.5558985 ], [ 27.0860409, 58.5558708 ], [ 27.0860383, 58.5558653 ] ] } },
{ "type": "Feature", "properties": { "orig_fid": "w313530803", "waterway": "river", "name": "Kargaja jõgi" }, "geometry": { "type": "LineString", "coordinates": [ [ 27.0854991, 58.558709 ], [ 27.0855739, 58.5587135 ], [ 27.0856296, 58.5587126 ], [ 27.0856879, 58.5587071 ], [ 27.0857074, 58.5586946 ], [ 27.0857082, 58.5586707 ], [ 27.0857074, 58.5586439 ], [ 27.0857118, 58.5586084 ], [ 27.0857047, 58.55859 ], [ 27.0856914, 58.5585761 ], [ 27.0856634, 58.5585656 ] ] } },
{ "type": "Feature", "properties": { "orig_fid": "w313530804", "waterway": "river", "name": null }, "geometry": { "type": "LineString", "coordinates": [ [ 27.085082, 58.5475935 ], [ 27.085345, 58.5475489 ], [ 27.0856098, 58.5474479 ], [ 27.0857915, 58.5473592 ], [ 27.0866688, 58.5470994 ], [ 27.087151, 58.5468891 ], [ 27.0873288, 58.5467715 ], [ 27.0875027, 58.5466581 ], [ 27.0876866, 58.5466232 ], [ 27.0897209, 58.5465008 ], [ 27.0923476, 58.5464366 ], [ 27.0955603, 58.5464361 ] ] } },
{ "type": "Feature", "properties": { "orig_fid": "w313530805", "waterway": "river", "name": "Kargaja jõgi" }, "geometry": { "type": "LineString", "coordinates": [ [ 27.0852208, 58.5600026 ], [ 27.085233, 58.559983 ], [ 27.085228, 58.5599546 ], [ 27.0852086, 58.559936 ], [ 27.085203, 58.5599132 ], [ 27.085198, 58.559891 ], [ 27.0851973, 58.5598731 ], [ 27.0851917, 58.5598539 ], [ 27.0851698, 58.5598366 ], [ 27.0851361, 58.55982 ], [ 27.0851023, 58.5598102 ], [ 27.0850493, 58.5598016 ] ] } },
{ "type": "Feature", "properties": { "orig_fid": "w313530806", "waterway": "river", "name": "Kargaja jõgi" }, "geometry": { "type": "LineString", "coordinates": [ [ 27.0155601, 58.5783268 ], [ 27.0155886, 58.5782666 ], [ 27.0155772, 58.5782385 ], [ 27.0155303, 58.5781891 ], [ 27.0155075, 58.5781509 ], [ 27.0154819, 58.5780326 ], [ 27.0154124, 58.5779438 ], [ 27.0153843, 58.57788 ], [ 27.0153909, 58.5778352 ], [ 27.0154488, 58.5777878 ], [ 27.0154935, 58.5777507 ], [ 27.0155001, 58.5777007 ], [ 27.0154868, 58.5776266 ], [ 27.0154753, 58.5775758 ], [ 27.015462, 58.5775542 ], [ 27.0154372, 58.5775378 ], [ 27.0153976, 58.5775335 ], [ 27.0153612, 58.5775353 ], [ 27.0153149, 58.5775559 ], [ 27.0152669, 58.5775516 ], [ 27.0152107, 58.577543 ], [ 27.0151595, 58.5775413 ], [ 27.0150933, 58.577562 ], [ 27.015057, 58.5775534 ], [ 27.0150289, 58.5775232 ], [ 27.0150024, 58.5774999 ], [ 27.0149693, 58.5774913 ], [ 27.0149396, 58.5774792 ], [ 27.0149313, 58.5774611 ], [ 27.0149363, 58.5774456 ], [ 27.0149594, 58.5774318 ], [ 27.0149479, 58.5774034 ], [ 27.0149164, 58.5773835 ], [ 27.0149049, 58.5773689 ], [ 27.0149082, 58.5773508 ], [ 27.0149313, 58.5773336 ], [ 27.0149644, 58.5773327 ], [ 27.0149925, 58.5773275 ], [ 27.0150057, 58.5773137 ], [ 27.0149875, 58.5772827 ], [ 27.0149776, 58.5772611 ], [ 27.0149545, 58.5772336 ], [ 27.0149644, 58.5772163 ], [ 27.0149991, 58.5772094 ], [ 27.0150487, 58.5772181 ], [ 27.0150933, 58.5772215 ], [ 27.0151347, 58.5772137 ], [ 27.0151529, 58.5771974 ], [ 27.0151644, 58.5771724 ], [ 27.0151429, 58.5770853 ], [ 27.0151396, 58.5768845 ], [ 27.0151181, 58.5768405 ], [ 27.0150785, 58.5767672 ], [ 27.0150917, 58.5767198 ], [ 27.0151347, 58.5765819 ], [ 27.0151496, 58.5765336 ], [ 27.0151215, 58.5764992 ], [ 27.0150619, 58.5764371 ], [ 27.0150223, 58.5764112 ], [ 27.0149611, 58.5763845 ], [ 27.0148569, 58.5763509 ], [ 27.0148189, 58.5763406 ], [ 27.014761, 58.5763492 ], [ 27.0146982, 58.5763673 ], [ 27.0146469, 58.5763742 ], [ 27.0145874, 58.5763604 ], [ 27.0145659, 58.5763431 ], [ 27.0144981, 58.5762863 ], [ 27.0144502, 58.5762457 ], [ 27.0144188, 58.5762087 ], [ 27.0144072, 58.5761544 ], [ 27.014394, 58.5760949 ], [ 27.0144089, 58.5760518 ], [ 27.0144899, 58.5759104 ], [ 27.0145296, 58.5758759 ], [ 27.0145626, 58.5758173 ], [ 27.0145775, 58.5757716 ], [ 27.0145759, 58.5756984 ], [ 27.0145973, 58.575638 ], [ 27.0146519, 58.5755923 ], [ 27.0147362, 58.5755579 ], [ 27.0148057, 58.5755355 ], [ 27.0149908, 58.5755053 ], [ 27.0150801, 58.5754932 ], [ 27.015176, 58.5755018 ], [ 27.0152769, 58.5754993 ], [ 27.0153711, 58.5754906 ], [ 27.0154405, 58.5754536 ], [ 27.0155133, 58.5753915 ], [ 27.0155282, 58.5753493 ], [ 27.0155431, 58.5752941 ], [ 27.0155431, 58.5752734 ], [ 27.0155629, 58.5752596 ], [ 27.0156125, 58.575232 ], [ 27.0156522, 58.5752157 ], [ 27.0157563, 58.5752044 ], [ 27.0158654, 58.5751932 ], [ 27.0159498, 58.5751751 ], [ 27.0160953, 58.5751251 ], [ 27.0161746, 58.5750872 ], [ 27.0162474, 58.5750364 ], [ 27.0162689, 58.574995 ], [ 27.0163152, 58.5749045 ], [ 27.0163466, 58.5748717 ], [ 27.0165053, 58.5748053 ], [ 27.0165962, 58.5747709 ], [ 27.0167698, 58.574726 ], [ 27.016831, 58.5747071 ], [ 27.0169649, 58.5739295 ], [ 27.0172741, 58.5721843 ], [ 27.0174824, 58.571005 ], [ 27.0185901, 58.5710826 ], [ 27.0204485, 58.5712343 ], [ 27.0209809, 58.5712688 ], [ 27.0211032, 58.5712757 ], [ 27.0212752, 58.5712722 ], [ 27.0216488, 58.5712498 ], [ 27.0224622, 58.5711877 ], [ 27.0225251, 58.5711877 ], [ 27.0226309, 58.5712119 ], [ 27.0242478, 58.5715533 ], [ 27.0243504, 58.5715929 ], [ 27.0255143, 58.5721429 ], [ 27.0265987, 58.5726386 ], [ 27.0266021, 58.5726572 ] ] } },
{ "type": "Feature", "properties": { "orig_fid": "w313530808", "waterway": "river", "name": "Kargaja jõgi" }, "geometry": { "type": "LineString", "coordinates": [ [ 27.0860954, 58.5568468 ], [ 27.0861523, 58.5568346 ], [ 27.0862027, 58.5568359 ], [ 27.0862557, 58.5568244 ], [ 27.0863185, 58.5568027 ], [ 27.0863441, 58.5567815 ], [ 27.0863477, 58.5567529 ], [ 27.0863256, 58.5567322 ], [ 27.0862434, 58.5567138 ], [ 27.0861656, 58.556711 ], [ 27.086094, 58.5566995 ], [ 27.0860304, 58.5566792 ], [ 27.0859726, 58.5566561 ] ] } },
{ "type": "Feature", "properties": { "orig_fid": "w313530809", "waterway": "river", "name": "Kargaja jõgi" }, "geometry": { "type": "LineString", "coordinates": [ [ 27.08533, 58.5588351 ], [ 27.0852954, 58.5588098 ], [ 27.0852618, 58.5587969 ], [ 27.0852194, 58.5587918 ], [ 27.0851796, 58.5587946 ], [ 27.0851443, 58.5587881 ], [ 27.0851186, 58.5587664 ], [ 27.0851142, 58.5587517 ], [ 27.0850577, 58.5587365 ], [ 27.0850179, 58.5587213 ], [ 27.0850055, 58.5587079 ], [ 27.0850082, 58.5586765 ], [ 27.0850099, 58.5586535 ], [ 27.0849936, 58.5586215 ] ] } },
{ "type": "Feature", "properties": { "orig_fid": "w313530812", "waterway": "river", "name": "Kargaja jõgi" }, "geometry": { "type": "LineString", "coordinates": [ [ 27.08725, 58.5617065 ], [ 27.0872429, 58.5616788 ], [ 27.087231, 58.5616578 ], [ 27.0872354, 58.5616292 ], [ 27.0872586, 58.5616085 ], [ 27.0872779, 58.5615784 ], [ 27.0872811, 58.5615246 ], [ 27.0872218, 58.5614741 ], [ 27.0871463, 58.5614362 ], [ 27.0871143, 58.5614055 ], [ 27.0871234, 58.5613716 ], [ 27.0871262, 58.5613388 ], [ 27.0871104, 58.5613061 ], [ 27.0870752, 58.5612714 ] ] } },
{ "type": "Feature", "properties": { "orig_fid": "w313530814", "waterway": "river", "name": "Kargaja jõgi" }, "geometry": { "type": "LineString", "coordinates": [ [ 27.0885921, 58.565093 ], [ 27.0885908, 58.5650678 ], [ 27.0885785, 58.565034 ], [ 27.0885883, 58.5650009 ], [ 27.0886066, 58.5649735 ], [ 27.0886128, 58.5649276 ], [ 27.0886286, 58.5648893 ], [ 27.0886348, 58.5648587 ], [ 27.0886763, 58.5648281 ], [ 27.0887118, 58.564823 ], [ 27.0887656, 58.5648275 ], [ 27.0888083, 58.5648166 ], [ 27.0888413, 58.564809 ], [ 27.0888829, 58.5647982 ] ] } },
{ "type": "Feature", "properties": { "orig_fid": "w313530815", "waterway": "river", "name": "Kargaja jõgi" }, "geometry": { "type": "LineString", "coordinates": [ [ 27.0886078, 58.5676437 ], [ 27.0886036, 58.567623 ], [ 27.0885483, 58.5676076 ], [ 27.0884998, 58.5675842 ], [ 27.088467, 58.5675472 ], [ 27.0884635, 58.5674977 ], [ 27.088448, 58.5674643 ], [ 27.08841, 58.5674318 ], [ 27.0883322, 58.5674048 ], [ 27.0882734, 58.5673723 ], [ 27.0882388, 58.5673327 ], [ 27.088187, 58.5672885 ], [ 27.0881437, 58.5672407 ], [ 27.0881319, 58.5672249 ] ] } },
{ "type": "Feature", "properties": { "orig_fid": "w313530816", "waterway": "river", "name": "Kargaja jõgi" }, "geometry": { "type": "LineString", "coordinates": [ [ 27.0879576, 58.565203 ], [ 27.0879661, 58.565224 ], [ 27.087982, 58.5652425 ], [ 27.0880272, 58.5652616 ], [ 27.0881214, 58.5652846 ], [ 27.0881727, 58.5652929 ], [ 27.0882412, 58.5652878 ], [ 27.0882998, 58.5652852 ], [ 27.0883463, 58.5652744 ], [ 27.0883854, 58.5652546 ], [ 27.0883842, 58.5652304 ], [ 27.0883732, 58.5651998 ], [ 27.0883756, 58.5651622 ], [ 27.0883797, 58.5651411 ] ] } },
{ "type": "Feature", "properties": { "orig_fid": "w313530817", "waterway": "river", "name": "Kargaja jõgi" }, "geometry": { "type": "LineString", "coordinates": [ [ 27.0854312, 58.5600323 ], [ 27.0854404, 58.5600039 ], [ 27.085436, 58.5599716 ], [ 27.0854051, 58.5599527 ], [ 27.0854033, 58.5599357 ], [ 27.0854457, 58.5599085 ], [ 27.0854404, 58.5598854 ], [ 27.0854289, 58.5598527 ], [ 27.0854263, 58.5598273 ], [ 27.0854086, 58.5598006 ], [ 27.0853927, 58.5597835 ], [ 27.0853627, 58.5597757 ], [ 27.0853406, 58.5597609 ], [ 27.085337, 58.5597397 ], [ 27.0852955, 58.5597278 ], [ 27.085261, 58.5597172 ], [ 27.0852231, 58.559691 ] ] } },
{ "type": "Feature", "properties": { "orig_fid": "w313530818", "waterway": "river", "name": "Kargaja jõgi" }, "geometry": { "type": "LineString", "coordinates": [ [ 27.1004147, 58.5294381 ], [ 27.100486, 58.5293614 ] ] } },
{ "type": "Feature", "properties": { "orig_fid": "w313530819", "waterway": "river", "name": "Kargaja jõgi" }, "geometry": { "type": "LineString", "coordinates": [ [ 27.0155132, 58.5784257 ], [ 27.0155601, 58.5783268 ] ] } },
{ "type": "Feature", "properties": { "orig_fid": "w313530820", "waterway": "river", "name": "Kargaja jõgi" }, "geometry": { "type": "LineString", "coordinates": [ [ 27.0266021, 58.5726572 ], [ 27.0265996, 58.5727076 ] ] } },
{ "type": "Feature", "properties": { "orig_fid": "w313530822", "waterway": "river", "name": "Kargaja jõgi" }, "geometry": { "type": "LineString", "coordinates": [ [ 27.0955603, 58.5464361 ], [ 27.0957128, 58.5464635 ] ] } },
{ "type": "Feature", "properties": { "orig_fid": "w313530823", "waterway": "river", "name": "Kargaja jõgi" }, "geometry": { "type": "LineString", "coordinates": [ [ 27.1018804, 58.5184351 ], [ 27.101746, 58.5182499 ] ] } },
{ "type": "Feature", "properties": { "orig_fid": "w313530824", "waterway": "river", "name": "Kargaja jõgi" }, "geometry": { "type": "LineString", "coordinates": [ [ 27.1015206, 58.5463449 ], [ 27.1016009, 58.5462846 ] ] } },
{ "type": "Feature", "properties": { "orig_fid": "w313530825", "waterway": "river", "name": "Kargaja jõgi" }, "geometry": { "type": "LineString", "coordinates": [ [ 27.0553721, 58.5774941 ], [ 27.0555124, 58.5774932 ] ] } },
{ "type": "Feature", "properties": { "orig_fid": "w313530826", "waterway": "river", "name": "Kargaja jõgi" }, "geometry": { "type": "LineString", "coordinates": [ [ 27.0332136, 58.5773137 ], [ 27.0333521, 58.5773332 ] ] } },
{ "type": "Feature", "properties": { "orig_fid": "w313530827", "waterway": "river", "name": "Kargaja jõgi" }, "geometry": { "type": "LineString", "coordinates": [ [ 27.0879183, 58.5630939 ], [ 27.0878284, 58.5629828 ] ] } },
{ "type": "Feature", "properties": { "orig_fid": "w313530829", "waterway": "river", "name": "Kargaja jõgi" }, "geometry": { "type": "LineString", "coordinates": [ [ 27.0849087, 58.5476156 ], [ 27.085082, 58.5475935 ] ] } },
{ "type": "Feature", "properties": { "orig_fid": "w313530830", "waterway": "river", "name": "Kargaja jõgi" }, "geometry": { "type": "LineString", "coordinates": [ [ 27.0886763, 58.5648281 ], [ 27.0886775, 58.564788 ], [ 27.0886421, 58.5647446 ], [ 27.0886091, 58.564721 ], [ 27.0885626, 58.5646758 ], [ 27.088515, 58.5646464 ], [ 27.0884832, 58.5646337 ], [ 27.0884086, 58.5646445 ], [ 27.0883597, 58.5646445 ], [ 27.0883231, 58.564626 ], [ 27.0882962, 58.5645916 ], [ 27.0882937, 58.5645266 ], [ 27.0883292, 58.5644635 ], [ 27.0883756, 58.564438 ], [ 27.0884367, 58.564429 ], [ 27.0884869, 58.564438 ], [ 27.0885321, 58.5644329 ], [ 27.0885736, 58.5644112 ], [ 27.0886238, 58.5643678 ], [ 27.0886458, 58.564336 ] ] } },
{ "type": "Feature", "properties": { "orig_fid": "w313530831", "waterway": "river", "name": "Kargaja jõgi" }, "geometry": { "type": "LineString", "coordinates": [ [ 27.0857245, 58.5565256 ], [ 27.0857117, 58.5565213 ], [ 27.0856768, 58.5565153 ], [ 27.0856208, 58.5565133 ], [ 27.085573, 58.5565099 ], [ 27.0855125, 58.556508 ], [ 27.0854798, 58.5565039 ], [ 27.0854489, 58.5565014 ], [ 27.0854285, 58.5564958 ], [ 27.0854219, 58.556482 ], [ 27.0854453, 58.5564479 ], [ 27.0854882, 58.5564027 ], [ 27.0855408, 58.5563501 ], [ 27.0855803, 58.5563025 ], [ 27.0855856, 58.5562679 ], [ 27.0856183, 58.5562444 ], [ 27.0856608, 58.5562232 ], [ 27.0857527, 58.5561817 ], [ 27.0857978, 58.5561513 ], [ 27.0858546, 58.5561347 ] ] } },
{ "type": "Feature", "properties": { "orig_fid": "w313530832", "waterway": "river", "name": "Kargaja jõgi" }, "geometry": { "type": "LineString", "coordinates": [ [ 27.0333521, 58.5773332 ], [ 27.0334678, 58.5773698 ], [ 27.033566, 58.5773928 ], [ 27.0336201, 58.5773936 ], [ 27.0337266, 58.5773945 ], [ 27.0337841, 58.5774069 ], [ 27.0338839, 58.5774412 ], [ 27.0340935, 58.5775981 ], [ 27.0341358, 58.5776166 ], [ 27.034391, 58.5776387 ], [ 27.034408, 58.5776325 ], [ 27.0344485, 58.5774809 ], [ 27.0344208, 58.5774358 ], [ 27.0344046, 58.577398 ], [ 27.034408, 58.5773408 ], [ 27.0344232, 58.5773267 ], [ 27.0344976, 58.5773126 ], [ 27.0345449, 58.5773161 ], [ 27.0345905, 58.5773258 ], [ 27.0347393, 58.5773628 ], [ 27.0348458, 58.5773795 ], [ 27.0353243, 58.5774227 ], [ 27.0354612, 58.5774315 ], [ 27.0354883, 58.5774298 ], [ 27.0356218, 58.5773998 ], [ 27.0356489, 58.5773857 ], [ 27.0358213, 58.5773011 ], [ 27.0358738, 58.5772826 ], [ 27.0359448, 58.5772658 ], [ 27.0359836, 58.577265 ], [ 27.0360191, 58.5772729 ], [ 27.036058, 58.5772958 ], [ 27.0361815, 58.5773928 ], [ 27.0362068, 58.577406 ], [ 27.0362423, 58.5774122 ], [ 27.0362964, 58.5774077 ], [ 27.0364469, 58.5773707 ], [ 27.0366768, 58.5773046 ], [ 27.0369524, 58.5772526 ], [ 27.0370099, 58.5772544 ], [ 27.0373463, 58.5772755 ], [ 27.037632, 58.5772791 ], [ 27.0376658, 58.5772746 ], [ 27.0377842, 58.5772244 ], [ 27.0378112, 58.5772077 ], [ 27.0378704, 58.5770913 ], [ 27.0379313, 58.5769344 ], [ 27.0379397, 58.5769115 ], [ 27.038053, 58.5768516 ], [ 27.0380817, 58.5768286 ], [ 27.0381037, 58.5767952 ], [ 27.038102, 58.5767784 ], [ 27.0380446, 58.5767079 ], [ 27.0380057, 58.5766409 ], [ 27.0380124, 58.5766303 ], [ 27.0380243, 58.5766127 ], [ 27.038053, 58.5766065 ], [ 27.0380885, 58.5766012 ], [ 27.0381037, 58.5765854 ], [ 27.0381375, 58.5765387 ], [ 27.0381714, 58.5765087 ], [ 27.0381967, 58.5765016 ], [ 27.0382677, 58.5765016 ], [ 27.0385179, 58.5765219 ], [ 27.0385568, 58.5765201 ], [ 27.038572, 58.576506 ], [ 27.0386042, 58.5763712 ], [ 27.0386177, 58.5763544 ], [ 27.0386853, 58.576313 ], [ 27.0387276, 58.5762919 ], [ 27.0387631, 58.5762945 ], [ 27.0388578, 58.5763192 ], [ 27.0392145, 58.5763976 ], [ 27.0393176, 58.5764188 ], [ 27.0393497, 58.5764205 ], [ 27.0393785, 58.5764117 ], [ 27.0394444, 58.5763606 ], [ 27.0394562, 58.5763403 ], [ 27.0394985, 58.5762672 ], [ 27.0395222, 58.5762531 ], [ 27.0395695, 58.5762443 ], [ 27.0395949, 58.5762434 ], [ 27.039906, 58.5762901 ], [ 27.0399651, 58.5762998 ], [ 27.0400987, 58.5763024 ], [ 27.0403168, 58.5763042 ], [ 27.0403675, 58.5762989 ], [ 27.0405552, 58.5762548 ], [ 27.0405873, 58.5762416 ], [ 27.0407936, 58.5761402 ], [ 27.0408155, 58.5761173 ], [ 27.040851, 58.5759957 ], [ 27.0408612, 58.575964 ], [ 27.0408443, 58.5758141 ], [ 27.0408493, 58.5757938 ], [ 27.0409204, 58.5757418 ], [ 27.0409677, 58.5757339 ], [ 27.0411807, 58.5757295 ], [ 27.0414478, 58.5757022 ], [ 27.0416778, 58.5756546 ], [ 27.0417285, 58.575659 ], [ 27.0419533, 58.5757198 ], [ 27.0423946, 58.5758987 ], [ 27.0427919, 58.5760583 ], [ 27.0428477, 58.5760821 ], [ 27.0432298, 58.5761922 ], [ 27.0435933, 58.5762971 ], [ 27.0439585, 58.5763844 ], [ 27.0447074, 58.5765739 ], [ 27.0454395, 58.5767573 ], [ 27.0461343, 58.5769141 ], [ 27.0467447, 58.5770455 ], [ 27.0468917, 58.5770834 ], [ 27.0476694, 58.5772033 ], [ 27.0485976, 58.577354 ], [ 27.0491166, 58.5774404 ], [ 27.0491555, 58.5774439 ], [ 27.0492181, 58.5774359 ], [ 27.0493888, 58.5774192 ], [ 27.0494396, 58.5774042 ], [ 27.0495697, 58.5773478 ], [ 27.0497963, 58.5773081 ], [ 27.0498233, 58.5773117 ], [ 27.0500381, 58.577346 ], [ 27.0500786, 58.5773452 ], [ 27.0501158, 58.5773311 ], [ 27.0501767, 58.5772967 ], [ 27.0502443, 58.5771962 ], [ 27.0502477, 58.5771786 ], [ 27.0502392, 58.5770869 ], [ 27.0502494, 58.5770737 ], [ 27.0503001, 58.5770516 ], [ 27.0503542, 58.5770234 ], [ 27.0506822, 58.5769609 ], [ 27.0509662, 58.5769327 ], [ 27.0510744, 58.5769415 ], [ 27.0511218, 58.5769309 ], [ 27.0512012, 58.5769009 ], [ 27.0512164, 58.5768859 ], [ 27.0512384, 58.5768463 ], [ 27.0512959, 58.5767907 ], [ 27.0513331, 58.5767758 ], [ 27.051514, 58.5767758 ], [ 27.0519722, 58.5767978 ], [ 27.0520432, 58.5768048 ], [ 27.0520804, 58.5768225 ], [ 27.052148, 58.576856 ], [ 27.0521852, 58.5768903 ], [ 27.0522968, 58.5770746 ], [ 27.0523255, 58.5770896 ], [ 27.0524591, 58.5770984 ], [ 27.0525504, 58.5771028 ], [ 27.0525825, 58.5771116 ], [ 27.0526383, 58.5771724 ], [ 27.0526687, 58.5772923 ], [ 27.0526839, 58.5773029 ], [ 27.0527279, 58.5773152 ], [ 27.0527718, 58.5773178 ], [ 27.0531539, 58.5773637 ], [ 27.0532317, 58.5773839 ], [ 27.0532807, 58.577406 ], [ 27.053323, 58.5774421 ], [ 27.0533653, 58.5774738 ], [ 27.0534143, 58.5774976 ], [ 27.0534633, 58.5775056 ], [ 27.0535512, 58.5775091 ], [ 27.0536746, 58.5775003 ], [ 27.053722, 58.5774906 ], [ 27.0538555, 58.5774686 ], [ 27.0539113, 58.5774395 ], [ 27.053957, 58.5774104 ], [ 27.0539874, 58.5774033 ], [ 27.0540314, 58.5774007 ], [ 27.0540635, 58.5774095 ], [ 27.0540736, 58.5774289 ], [ 27.0540703, 58.5774545 ], [ 27.0540821, 58.5774853 ], [ 27.0541345, 58.5775408 ], [ 27.0541683, 58.5775497 ], [ 27.0542157, 58.5775505 ], [ 27.0542647, 58.5775391 ], [ 27.0542951, 58.5775241 ], [ 27.0543188, 58.5774959 ], [ 27.0543205, 58.5774747 ], [ 27.0543019, 58.5774606 ], [ 27.0542698, 58.5774439 ], [ 27.0542241, 58.5774307 ], [ 27.0542089, 58.5774166 ], [ 27.0542241, 58.5773892 ], [ 27.0542512, 58.5773813 ], [ 27.054285, 58.5773769 ], [ 27.054307, 58.5773769 ], [ 27.0543594, 58.5773831 ], [ 27.0543949, 58.5773857 ], [ 27.0545487, 58.5773892 ], [ 27.0546113, 58.5773892 ], [ 27.0546451, 58.5773822 ], [ 27.054689, 58.5773654 ], [ 27.0547313, 58.5773434 ], [ 27.05476, 58.5773346 ], [ 27.0547989, 58.5773381 ], [ 27.0548108, 58.5773531 ], [ 27.0548108, 58.5773681 ], [ 27.0547685, 58.5774333 ], [ 27.0547668, 58.5774562 ], [ 27.054782, 58.577473 ], [ 27.0548074, 58.5774853 ], [ 27.0548429, 58.5774844 ], [ 27.0548818, 58.5774835 ], [ 27.0549325, 58.5774712 ], [ 27.0549579, 58.5774694 ], [ 27.0549967, 58.57748 ], [ 27.0550086, 58.5775012 ], [ 27.0549984, 58.5775241 ], [ 27.0549748, 58.5775408 ], [ 27.0549409, 58.577577 ], [ 27.0549494, 58.5776025 ], [ 27.0549748, 58.5776166 ], [ 27.0550103, 58.5776228 ], [ 27.0550491, 58.5776184 ], [ 27.055088, 58.5776131 ], [ 27.0551354, 58.5775902 ], [ 27.0551658, 58.5775593 ], [ 27.0551759, 58.5775355 ], [ 27.0551945, 58.5775153 ], [ 27.0552216, 58.5775021 ], [ 27.0553197, 58.577495 ], [ 27.0553721, 58.5774941 ] ] } },
{ "type": "Feature", "properties": { "orig_fid": "w313530833", "waterway": "river", "name": "Kargaja jõgi" }, "geometry": { "type": "LineString", "coordinates": [ [ 27.1652044, 58.4449466 ], [ 27.1659283, 58.4452933 ], [ 27.1669254, 58.4455184 ], [ 27.1679361, 58.4456114 ], [ 27.1687174, 58.4455901 ], [ 27.1695684, 58.4453791 ], [ 27.1706884, 58.444893 ], [ 27.1760161, 58.4421502 ], [ 27.1770661, 58.4418724 ], [ 27.1782639, 58.4417697 ], [ 27.1800502, 58.4420724 ], [ 27.1821258, 58.4425804 ], [ 27.183211, 58.4425938 ], [ 27.1849344, 58.442402 ], [ 27.1867001, 58.4416671 ], [ 27.1889386, 58.4408858 ], [ 27.1909441, 58.4406943 ], [ 27.1936577, 58.4407528 ], [ 27.1944903, 58.4406008 ], [ 27.1951859, 58.4404177 ], [ 27.1958261, 58.4401016 ], [ 27.1968587, 58.4395206 ], [ 27.1977467, 58.4392693 ], [ 27.1985289, 58.4390983 ], [ 27.1989098, 58.4389486 ] ] } },
{ "type": "Feature", "properties": { "orig_fid": "w313530834", "waterway": "river", "name": "Kargaja jõgi" }, "geometry": { "type": "LineString", "coordinates": [ [ 27.1012366, 58.53418 ], [ 27.1012427, 58.5341449 ], [ 27.1012382, 58.5340979 ], [ 27.1012183, 58.5340668 ], [ 27.1011771, 58.5340461 ], [ 27.1011496, 58.5340205 ], [ 27.1011496, 58.5339903 ], [ 27.1011587, 58.53396 ], [ 27.1011603, 58.5339281 ], [ 27.1012061, 58.5338938 ], [ 27.1012626, 58.5338667 ], [ 27.1012702, 58.5338436 ], [ 27.1012458, 58.5337925 ], [ 27.1012015, 58.5337559 ], [ 27.1011419, 58.5337287 ], [ 27.101116, 58.5336969 ], [ 27.1010976, 58.5336442 ], [ 27.1010732, 58.5336259 ], [ 27.1010747, 58.5336036 ], [ 27.1010778, 58.5335709 ], [ 27.1010213, 58.5335167 ], [ 27.1009602, 58.5334672 ], [ 27.1009403, 58.533417 ], [ 27.1009464, 58.5333588 ], [ 27.1009892, 58.5333317 ], [ 27.1010484, 58.533299 ] ] } },
{ "type": "Feature", "properties": { "orig_fid": "w313530836", "waterway": "river", "name": "Kargaja jõgi" }, "geometry": { "type": "LineString", "coordinates": [ [ 27.0858932, 58.5569703 ], [ 27.0858661, 58.5569585 ], [ 27.085814, 58.5569532 ], [ 27.0857808, 58.5569359 ], [ 27.085745, 58.5569299 ], [ 27.0857026, 58.5569322 ], [ 27.0856885, 58.5569468 ], [ 27.0856814, 58.5569631 ], [ 27.0856469, 58.5569747 ], [ 27.0856041, 58.5569756 ], [ 27.0855882, 58.5569694 ], [ 27.0855504, 58.5569437 ], [ 27.0854876, 58.5569266 ], [ 27.0854425, 58.5569082 ], [ 27.0854258, 58.5568713 ], [ 27.0854364, 58.5568321 ], [ 27.0854169, 58.5567865 ], [ 27.0854072, 58.5567339 ], [ 27.0854019, 58.5566906 ], [ 27.0853851, 58.556674 ], [ 27.0853577, 58.5566579 ], [ 27.085355, 58.5566413 ], [ 27.0853913, 58.5566164 ], [ 27.0854178, 58.5565938 ], [ 27.0854275, 58.5565578 ], [ 27.0854364, 58.5565163 ], [ 27.0854489, 58.5565014 ] ] } },
{ "type": "Feature", "properties": { "orig_fid": "w313530839", "waterway": "river", "name": "Kargaja jõgi" }, "geometry": { "type": "LineString", "coordinates": [ [ 27.1014226, 58.5370444 ], [ 27.1013707, 58.5370476 ], [ 27.101305, 58.5370516 ], [ 27.1012424, 58.5370588 ], [ 27.1011889, 58.5370628 ], [ 27.1011462, 58.5370572 ], [ 27.101108, 58.5370436 ], [ 27.1010805, 58.5370197 ], [ 27.1010652, 58.5369958 ], [ 27.1010255, 58.5369806 ], [ 27.1009797, 58.5369695 ], [ 27.1009384, 58.5369631 ], [ 27.100914, 58.5369496 ], [ 27.1009003, 58.536932 ], [ 27.1009003, 58.5369193 ], [ 27.1009262, 58.5369033 ], [ 27.1009537, 58.536885 ], [ 27.1009537, 58.5368627 ], [ 27.1009339, 58.5368419 ], [ 27.1009171, 58.5368212 ], [ 27.1009033, 58.5368013 ], [ 27.1008972, 58.5367782 ], [ 27.100911, 58.5367566 ], [ 27.1009476, 58.5367399 ], [ 27.1010255, 58.5367295 ], [ 27.1010713, 58.5367343 ], [ 27.1011431, 58.5367375 ], [ 27.1011981, 58.5367439 ], [ 27.1012409, 58.5367399 ], [ 27.1012775, 58.5367247 ], [ 27.1012989, 58.5367008 ], [ 27.1013371, 58.5366833 ], [ 27.1014135, 58.5366761 ], [ 27.1014623, 58.5366825 ] ] } },
{ "type": "Feature", "properties": { "orig_fid": "w313530840", "waterway": "river", "name": "Kargaja jõgi" }, "geometry": { "type": "LineString", "coordinates": [ [ 27.1010484, 58.5349964 ], [ 27.1009984, 58.5349597 ], [ 27.1009312, 58.5349079 ], [ 27.100893, 58.5348696 ], [ 27.1008456, 58.5348425 ], [ 27.1008273, 58.534813 ], [ 27.1008227, 58.5347907 ], [ 27.1008197, 58.5347469 ], [ 27.1008395, 58.5347189 ], [ 27.1008303, 58.5346719 ], [ 27.1007876, 58.5346281 ], [ 27.1007937, 58.5345922 ], [ 27.1007952, 58.5345372 ], [ 27.1008013, 58.5344861 ], [ 27.1008334, 58.5344511 ], [ 27.1008701, 58.534416 ], [ 27.1009144, 58.5343937 ], [ 27.1009571, 58.5343698 ], [ 27.10098, 58.5343482 ], [ 27.1010182, 58.5343418 ], [ 27.1010579, 58.5343251 ], [ 27.1010976, 58.5342868 ], [ 27.1011175, 58.5342565 ], [ 27.1011373, 58.5342183 ], [ 27.1011771, 58.5341936 ], [ 27.1012366, 58.53418 ], [ 27.1012916, 58.5341824 ], [ 27.101368, 58.5342023 ], [ 27.1014657, 58.5342159 ], [ 27.1015283, 58.534239 ], [ 27.1015833, 58.5342486 ], [ 27.101649, 58.5342486 ], [ 27.1017101, 58.5342557 ], [ 27.1017345, 58.5342717 ], [ 27.10173, 58.534306 ], [ 27.1017055, 58.5343307 ], [ 27.1016994, 58.5343562 ], [ 27.1017101, 58.5343761 ], [ 27.1017327, 58.534471 ] ] } },
{ "type": "Feature", "properties": { "orig_fid": "w313530841", "waterway": "river", "name": "Kargaja jõgi" }, "geometry": { "type": "LineString", "coordinates": [ [ 27.0853079, 58.5589823 ], [ 27.0851161, 58.5589788 ], [ 27.0849256, 58.5589262 ], [ 27.0849159, 58.5589026 ], [ 27.0849088, 58.5588455 ], [ 27.0848337, 58.5587809 ], [ 27.0848169, 58.5587459 ], [ 27.0848187, 58.5587109 ], [ 27.0848637, 58.5586749 ], [ 27.0849327, 58.5586463 ], [ 27.0849936, 58.5586215 ], [ 27.0850175, 58.5585334 ], [ 27.0849786, 58.5584476 ], [ 27.0849017, 58.5583992 ], [ 27.0847833, 58.5583637 ], [ 27.0847276, 58.5583134 ], [ 27.0847373, 58.5582904 ], [ 27.0847373, 58.5582484 ], [ 27.0847736, 58.5582143 ], [ 27.0848072, 58.558177 ], [ 27.0848161, 58.5581554 ], [ 27.0846711, 58.5580677 ], [ 27.0846481, 58.5580456 ], [ 27.0846649, 58.5580239 ], [ 27.0847029, 58.5579861 ], [ 27.0847286, 58.5579663 ], [ 27.0847179, 58.5578141 ], [ 27.0847312, 58.557745 ], [ 27.084725, 58.5576906 ], [ 27.0847559, 58.5576606 ], [ 27.0848275, 58.5575947 ], [ 27.0848743, 58.5575564 ], [ 27.0849512, 58.5575144 ], [ 27.0850049, 58.557474 ], [ 27.0849928, 58.5574494 ], [ 27.084991, 58.557419 ], [ 27.0850078, 58.5573743 ], [ 27.0850524, 58.5572862 ], [ 27.0853812, 58.5572069 ] ] } },
{ "type": "Feature", "properties": { "orig_fid": "w313530842", "waterway": "river", "name": "Kargaja jõgi" }, "geometry": { "type": "LineString", "coordinates": [ [ 27.1671804, 58.4619876 ], [ 27.1670825, 58.4618187 ], [ 27.1667751, 58.4614758 ], [ 27.1665257, 58.4610132 ] ] } },
{ "type": "Feature", "properties": { "orig_fid": "w313530843", "waterway": "river", "name": "Kargaja jõgi" }, "geometry": { "type": "LineString", "coordinates": [ [ 27.0860841, 58.5562513 ], [ 27.0860648, 58.556218 ], [ 27.0860356, 58.5561798 ], [ 27.0860179, 58.5561446 ] ] } },
{ "type": "Feature", "properties": { "orig_fid": "w313530844", "waterway": "river", "name": "Kargaja jõgi" }, "geometry": { "type": "LineString", "coordinates": [ [ 27.0887888, 58.5650112 ], [ 27.0887484, 58.5649958 ], [ 27.0886873, 58.5649837 ], [ 27.0886396, 58.564976 ], [ 27.0886066, 58.5649735 ] ] } },
{ "type": "Feature", "properties": { "orig_fid": "w313530845", "waterway": "river", "name": "Kargaja jõgi" }, "geometry": { "type": "LineString", "coordinates": [ [ 27.0888055, 58.5645872 ], [ 27.0887387, 58.5645954 ], [ 27.0886384, 58.5646139 ], [ 27.0885443, 58.564626 ], [ 27.0884832, 58.5646337 ] ] } },
{ "type": "Feature", "properties": { "orig_fid": "w313530846", "waterway": "river", "name": "Kargaja jõgi" }, "geometry": { "type": "LineString", "coordinates": [ [ 27.0859694, 58.5571027 ], [ 27.0859154, 58.5570905 ], [ 27.085858, 58.5570873 ], [ 27.0858058, 58.5570642 ], [ 27.0857713, 58.5570555 ] ] } },
{ "type": "Feature", "properties": { "orig_fid": "w313530847", "waterway": "river", "name": "Kargaja jõgi" }, "geometry": { "type": "LineString", "coordinates": [ [ 27.0878284, 58.5629828 ], [ 27.0875363, 58.5626441 ], [ 27.087524, 58.5626017 ], [ 27.0875381, 58.5625529 ], [ 27.0875628, 58.5624939 ], [ 27.0875628, 58.5624496 ], [ 27.0875416, 58.562421 ], [ 27.0874939, 58.5624026 ], [ 27.087432, 58.562398 ], [ 27.087379, 58.5623777 ], [ 27.0873366, 58.5623049 ], [ 27.0872924, 58.5622228 ], [ 27.0872853, 58.5621841 ], [ 27.0873065, 58.5621454 ], [ 27.087303, 58.5620937 ], [ 27.0872517, 58.5620467 ], [ 27.0872111, 58.56202 ], [ 27.0871881, 58.5619941 ], [ 27.0871881, 58.5619702 ], [ 27.0872075, 58.5619397 ], [ 27.087227, 58.5618854 ], [ 27.0872323, 58.5618134 ], [ 27.0872075, 58.5617572 ], [ 27.0872146, 58.5617249 ], [ 27.08725, 58.5617065 ], [ 27.0872977, 58.5617074 ], [ 27.0873649, 58.5617249 ], [ 27.0874267, 58.5617258 ], [ 27.0874603, 58.5617194 ], [ 27.0874851, 58.561701 ], [ 27.0874992, 58.5616797 ], [ 27.087508, 58.5616659 ], [ 27.0875452, 58.5616493 ], [ 27.087577, 58.56163 ], [ 27.0876123, 58.5616244 ], [ 27.0876724, 58.5616309 ], [ 27.0877184, 58.5616244 ], [ 27.087775, 58.5616041 ], [ 27.0877979, 58.5615839 ], [ 27.0877962, 58.5615553 ], [ 27.0877661, 58.5615083 ], [ 27.087699, 58.5614603 ], [ 27.0875805, 58.5614031 ], [ 27.087455, 58.5613644 ], [ 27.0873525, 58.5613211 ], [ 27.0872606, 58.5612943 ], [ 27.0871704, 58.5612814 ], [ 27.0870752, 58.5612714 ], [ 27.0870131, 58.5612648 ], [ 27.0868381, 58.5612685 ], [ 27.0866702, 58.5613036 ], [ 27.0865641, 58.5613358 ], [ 27.0864828, 58.5613552 ], [ 27.0864527, 58.5613497 ], [ 27.0863873, 58.5613211 ], [ 27.0863113, 58.5612962 ], [ 27.0862477, 58.5612814 ], [ 27.0860992, 58.5612584 ], [ 27.0860428, 58.5612372 ], [ 27.0859367, 58.5611837 ], [ 27.0858519, 58.5611357 ], [ 27.08576, 58.561073 ], [ 27.0857087, 58.5610454 ], [ 27.0856168, 58.5610177 ], [ 27.085539, 58.5609956 ], [ 27.0854488, 58.5609744 ], [ 27.0854135, 58.560955 ], [ 27.0853905, 58.5609274 ], [ 27.085364, 58.5608886 ], [ 27.085318, 58.56079 ], [ 27.0852615, 58.5607033 ], [ 27.0852261, 58.5606526 ], [ 27.0851925, 58.5606074 ], [ 27.0851625, 58.5605632 ], [ 27.0851483, 58.5605383 ], [ 27.0851483, 58.5605088 ], [ 27.0851925, 58.5604765 ], [ 27.0852615, 58.5604488 ], [ 27.0853852, 58.5604037 ], [ 27.0855372, 58.5603576 ], [ 27.085668, 58.5603345 ], [ 27.0857511, 58.5603179 ], [ 27.0857688, 58.5603041 ], [ 27.0857776, 58.5602792 ], [ 27.0857564, 58.5602377 ], [ 27.0857264, 58.5601685 ], [ 27.085691, 58.5601289 ], [ 27.0856504, 58.5601031 ], [ 27.0856079, 58.5600791 ], [ 27.085509, 58.5600413 ], [ 27.0854312, 58.5600323 ], [ 27.0853569, 58.5600238 ], [ 27.0852208, 58.5600026 ], [ 27.0851165, 58.5599989 ], [ 27.0850052, 58.560009 ], [ 27.084938, 58.5600081 ], [ 27.0849168, 58.5599869 ], [ 27.0849044, 58.5599509 ], [ 27.084862, 58.5599021 ], [ 27.0848673, 58.5598523 ], [ 27.0848637, 58.5598025 ], [ 27.0848938, 58.5597665 ], [ 27.0849539, 58.5597379 ], [ 27.0850281, 58.5597306 ], [ 27.0851095, 58.5597241 ], [ 27.0851908, 58.5597038 ], [ 27.0852231, 58.559691 ], [ 27.085235, 58.5596863 ], [ 27.085265, 58.5596586 ], [ 27.0852685, 58.5596402 ], [ 27.0852469, 58.5596291 ], [ 27.0852292, 58.5596098 ], [ 27.0852407, 58.5595817 ], [ 27.0852769, 58.559566 ], [ 27.0853026, 58.5595448 ], [ 27.0853079, 58.5595153 ], [ 27.0852911, 58.5594724 ], [ 27.0852522, 58.5594208 ], [ 27.0852071, 58.559388 ], [ 27.0851346, 58.5593392 ], [ 27.0850878, 58.5593064 ], [ 27.0850807, 58.5592848 ], [ 27.0850966, 58.5592589 ], [ 27.0851691, 58.559235 ], [ 27.0852283, 58.5592239 ], [ 27.0853494, 58.5592179 ], [ 27.0854342, 58.5592096 ], [ 27.0855253, 58.5591884 ], [ 27.0855836, 58.5591607 ], [ 27.0856331, 58.5591358 ], [ 27.0856561, 58.5591156 ], [ 27.0856437, 58.5590902 ], [ 27.0856031, 58.5590736 ], [ 27.0855253, 58.5590501 ], [ 27.085368, 58.5590068 ], [ 27.0853079, 58.5589823 ], [ 27.085276, 58.558951 ], [ 27.085269, 58.5589007 ], [ 27.0852999, 58.5588565 ], [ 27.08533, 58.5588351 ], [ 27.0853538, 58.5588182 ], [ 27.0854404, 58.5587804 ], [ 27.0854784, 58.5587347 ], [ 27.0854991, 58.558709 ], [ 27.0855173, 58.5586863 ], [ 27.0855739, 58.5586246 ], [ 27.0856437, 58.5585808 ], [ 27.0856634, 58.5585656 ], [ 27.0856888, 58.5585462 ], [ 27.0857003, 58.5585088 ], [ 27.0857038, 58.5584586 ], [ 27.0857056, 58.5584088 ], [ 27.0857082, 58.5583618 ], [ 27.0857127, 58.558324 ], [ 27.0857135, 58.5582862 ], [ 27.0856897, 58.5582654 ], [ 27.0856552, 58.5582566 ], [ 27.0853105, 58.5583 ], [ 27.085238, 58.5583055 ], [ 27.0851815, 58.5583027 ], [ 27.0851452, 58.5582898 ], [ 27.0851196, 58.5582562 ], [ 27.0850789, 58.5581981 ], [ 27.0850507, 58.5581428 ], [ 27.0850277, 58.5581022 ], [ 27.0850277, 58.5580607 ], [ 27.0850329, 58.5580403 ], [ 27.0850692, 58.5580252 ], [ 27.0851222, 58.5579985 ], [ 27.0851558, 58.5579749 ], [ 27.085177, 58.5579477 ], [ 27.0851806, 58.5579026 ], [ 27.0851505, 58.5578675 ], [ 27.0850887, 58.5578329 ], [ 27.0850436, 58.557797 ], [ 27.0850286, 58.5577758 ], [ 27.0850268, 58.5577366 ], [ 27.0850666, 58.5576965 ], [ 27.0850807, 58.5576642 ], [ 27.0851205, 58.5576421 ], [ 27.0851691, 58.5576448 ], [ 27.0852106, 58.5576605 ], [ 27.0852495, 58.557678 ], [ 27.0852769, 58.5576905 ], [ 27.0853132, 58.5576946 ], [ 27.085375, 58.5576868 ], [ 27.0854015, 58.5576716 ], [ 27.0854334, 58.5576402 ], [ 27.0854422, 58.5576163 ], [ 27.085442, 58.5576071 ], [ 27.0853989, 58.5575748 ], [ 27.0853777, 58.557548 ], [ 27.0853909, 58.5575208 ], [ 27.085413, 58.5575024 ], [ 27.0854395, 58.5574816 ], [ 27.0854519, 58.557465 ], [ 27.0854502, 58.5574586 ], [ 27.0854387, 58.5574521 ], [ 27.0854166, 58.5574493 ], [ 27.0853467, 58.5574489 ], [ 27.0853123, 58.5574452 ], [ 27.085276, 58.55743 ], [ 27.0852566, 58.5574074 ], [ 27.0852575, 58.5573807 ], [ 27.0852831, 58.5573396 ], [ 27.0853087, 58.5573069 ], [ 27.085352, 58.5572949 ], [ 27.0853927, 58.5572834 ], [ 27.0854139, 58.557264 ], [ 27.0854086, 58.5572437 ], [ 27.0853954, 58.5572248 ], [ 27.0853812, 58.5572069 ], [ 27.0853847, 58.5572013 ], [ 27.0853954, 58.5571806 ], [ 27.0854325, 58.5571681 ], [ 27.0854643, 58.5571676 ], [ 27.0855023, 58.5571681 ], [ 27.0855553, 58.5571672 ], [ 27.0856101, 58.557175 ], [ 27.0856582, 58.55719 ], [ 27.0857032, 58.5571933 ], [ 27.0857644, 58.5571972 ], [ 27.0858007, 58.55719 ], [ 27.0858382, 58.5571744 ], [ 27.0859244, 58.5571561 ], [ 27.0859594, 58.5571444 ], [ 27.0859744, 58.5571216 ], [ 27.0859694, 58.5571027 ], [ 27.0859619, 58.5570851 ], [ 27.0859682, 58.5570629 ], [ 27.0859857, 58.5570348 ], [ 27.0859832, 58.5570192 ], [ 27.0859644, 58.5570101 ], [ 27.0859194, 58.5570022 ], [ 27.0858994, 58.5569964 ], [ 27.0858907, 58.5569853 ], [ 27.0858932, 58.5569703 ], [ 27.0858982, 58.5569566 ], [ 27.0859107, 58.5569494 ], [ 27.0859457, 58.5569475 ], [ 27.0859957, 58.5569455 ], [ 27.0860419, 58.5569416 ], [ 27.0860732, 58.5569338 ], [ 27.0860919, 58.5569175 ], [ 27.0860894, 58.556892 ], [ 27.0860982, 58.5568673 ], [ 27.0860954, 58.5568468 ], [ 27.0860931, 58.5568299 ], [ 27.0860648, 58.5568114 ], [ 27.0860188, 58.5568114 ], [ 27.0859658, 58.5568059 ], [ 27.0859481, 58.556781 ], [ 27.085934, 58.5567616 ], [ 27.0859154, 58.5567589 ], [ 27.0858907, 58.5567658 ], [ 27.0858765, 58.5567796 ], [ 27.0858359, 58.5567902 ], [ 27.0858138, 58.5567838 ], [ 27.0857837, 58.5567718 ], [ 27.0857784, 58.5567395 ], [ 27.0857466, 58.556698 ], [ 27.0857033, 58.55665 ], [ 27.0856821, 58.556627 ], [ 27.0856777, 58.5565864 ], [ 27.0856865, 58.5565564 ], [ 27.0857245, 58.5565256 ], [ 27.0857608, 58.5564997 ], [ 27.0857873, 58.5564864 ], [ 27.085782, 58.5564702 ], [ 27.0857475, 58.5564495 ], [ 27.0857139, 58.5564075 ], [ 27.0856971, 58.5563702 ], [ 27.0857113, 58.5563485 ], [ 27.0857351, 58.5563411 ], [ 27.0857669, 58.5563416 ], [ 27.08582, 58.5563397 ], [ 27.0858615, 58.5563467 ], [ 27.0858933, 58.5563527 ], [ 27.0859437, 58.5563573 ], [ 27.0859782, 58.5563508 ], [ 27.0859985, 58.5563453 ], [ 27.0860144, 58.5563291 ], [ 27.0860321, 58.556301 ], [ 27.0860683, 58.5562632 ], [ 27.0860841, 58.5562513 ], [ 27.0861196, 58.5562245 ], [ 27.0862098, 58.5561807 ], [ 27.0863105, 58.5561355 ], [ 27.0863538, 58.5561032 ], [ 27.0863759, 58.5560732 ], [ 27.0863706, 58.5560557 ], [ 27.086345, 58.5560433 ], [ 27.0863019, 58.5560444 ], [ 27.0862425, 58.556046 ], [ 27.0861762, 58.5560557 ], [ 27.0861311, 58.556076 ], [ 27.0861028, 58.5561078 ], [ 27.086033, 58.5561419 ], [ 27.0860179, 58.5561446 ], [ 27.08598, 58.5561512 ], [ 27.0859305, 58.5561521 ], [ 27.0858757, 58.5561415 ], [ 27.0858546, 58.5561347 ], [ 27.0858244, 58.5561249 ], [ 27.0858058, 58.5561014 ], [ 27.0858014, 58.5560719 ], [ 27.0858288, 58.5560267 ], [ 27.0858969, 58.5559626 ], [ 27.0860383, 58.5558653 ], [ 27.0860787, 58.5558411 ], [ 27.0861325, 58.5557902 ], [ 27.0861625, 58.5557609 ], [ 27.0861537, 58.5556911 ], [ 27.0861, 58.5556168 ], [ 27.08601, 58.5555268 ], [ 27.08593, 58.5554642 ], [ 27.0858563, 58.5554062 ], [ 27.0858488, 58.5553572 ], [ 27.0858213, 58.5553077 ], [ 27.0857575, 58.5552836 ], [ 27.085745, 58.5552679 ], [ 27.08575, 58.555247 ], [ 27.0857813, 58.5552144 ], [ 27.085835, 58.5551375 ], [ 27.085835, 58.5550879 ], [ 27.0857913, 58.5550443 ], [ 27.085641, 58.5549507 ], [ 27.085546, 58.5549129 ], [ 27.0854185, 58.5548881 ], [ 27.085276, 58.5548829 ], [ 27.085131, 58.5548894 ], [ 27.084971, 58.5548816 ], [ 27.0849085, 58.5548555 ], [ 27.084881, 58.554819 ], [ 27.0848835, 58.5547577 ], [ 27.084936, 58.5547003 ], [ 27.0849985, 58.5546507 ], [ 27.085091, 58.5545947 ], [ 27.0851135, 58.5545268 ], [ 27.0850926, 58.5544617 ], [ 27.0850484, 58.5543916 ], [ 27.0848557, 58.5541832 ], [ 27.0848133, 58.5541546 ], [ 27.0847055, 58.5541223 ], [ 27.08461, 58.5540965 ], [ 27.0845163, 58.554079 ], [ 27.0843996, 58.5540808 ], [ 27.0843289, 58.5540882 ], [ 27.0842406, 58.554091 ], [ 27.0841416, 58.5540716 ], [ 27.0840585, 58.5540365 ], [ 27.0837102, 58.5538447 ], [ 27.0836059, 58.5537912 ], [ 27.0834946, 58.5537617 ], [ 27.0833479, 58.5537627 ], [ 27.0832489, 58.5537719 ], [ 27.0831587, 58.5538023 ], [ 27.0831234, 58.5538244 ], [ 27.0830933, 58.5538742 ], [ 27.0830527, 58.5539121 ], [ 27.0830138, 58.5539342 ], [ 27.0828971, 58.5539609 ], [ 27.0827734, 58.5539637 ], [ 27.0826761, 58.5539526 ], [ 27.0826125, 58.5539268 ], [ 27.0826001, 58.5538982 ], [ 27.0825895, 58.5538696 ], [ 27.0826001, 58.5538281 ], [ 27.0825913, 58.5537331 ], [ 27.0825966, 58.5537082 ], [ 27.0826355, 58.5536797 ], [ 27.0827292, 58.5536354 ], [ 27.0829219, 58.5535847 ], [ 27.0830067, 58.5535478 ], [ 27.0830827, 58.5535007 ], [ 27.0832082, 58.5534177 ], [ 27.0832524, 58.5533762 ], [ 27.0832754, 58.5533274 ], [ 27.0832913, 58.5532905 ], [ 27.0832736, 58.553213 ], [ 27.0832312, 58.5531042 ], [ 27.0831587, 58.5530018 ], [ 27.0830668, 58.552857 ], [ 27.0830562, 58.5527805 ], [ 27.0830721, 58.5527095 ], [ 27.0831022, 58.5526505 ], [ 27.0831499, 58.5525877 ], [ 27.0832011, 58.5525564 ], [ 27.08324, 58.552478 ], [ 27.0832736, 58.5524291 ], [ 27.0833249, 58.5523932 ], [ 27.0833991, 58.5523563 ], [ 27.0834274, 58.5523194 ], [ 27.083438, 58.5522889 ], [ 27.0834044, 58.5522576 ], [ 27.0832789, 58.5522041 ], [ 27.0831676, 58.5521783 ], [ 27.0830898, 58.5521774 ], [ 27.0830208, 58.5522023 ], [ 27.082989, 58.5522281 ], [ 27.082959, 58.5522355 ], [ 27.0829059, 58.5522364 ], [ 27.0828423, 58.5522262 ], [ 27.0827875, 58.5521903 ], [ 27.0827769, 58.5521626 ], [ 27.0827663, 58.5521174 ], [ 27.0828436, 58.5520576 ], [ 27.0829024, 58.5520335 ], [ 27.0829713, 58.5520003 ], [ 27.0830032, 58.5519726 ], [ 27.0829996, 58.551909 ], [ 27.0829908, 58.5518564 ], [ 27.0829678, 58.5518269 ], [ 27.0829254, 58.5517965 ], [ 27.0828724, 58.5517771 ], [ 27.0827557, 58.5517633 ], [ 27.0826072, 58.5517586 ], [ 27.0825259, 58.5517503 ], [ 27.0824676, 58.5517245 ], [ 27.0824393, 58.5516895 ], [ 27.0824251, 58.5516517 ], [ 27.082441, 58.5516092 ], [ 27.0824817, 58.5515641 ], [ 27.0825383, 58.5515299 ], [ 27.0826196, 58.551494 ], [ 27.0827009, 58.5514395 ], [ 27.0827362, 58.5514156 ], [ 27.082837, 58.5513842 ], [ 27.0829112, 58.5513418 ], [ 27.082959, 58.5512948 ], [ 27.0830014, 58.5512357 ], [ 27.0831375, 58.5511684 ], [ 27.0833284, 58.5510937 ], [ 27.0834522, 58.5510614 ], [ 27.0834928, 58.5510347 ], [ 27.083537, 58.5510042 ], [ 27.0835883, 58.550995 ], [ 27.0836413, 58.5509922 ], [ 27.0837986, 58.5510005 ], [ 27.0838782, 58.5509904 ], [ 27.0839825, 58.5509784 ], [ 27.0841504, 58.5509498 ], [ 27.0842847, 58.550936 ], [ 27.0843501, 58.5509194 ], [ 27.0843996, 58.5508954 ], [ 27.0844456, 58.5508548 ], [ 27.0844668, 58.5508244 ], [ 27.0844721, 58.5507912 ], [ 27.0844739, 58.5507285 ], [ 27.0844863, 58.5506768 ], [ 27.0845181, 58.5506335 ], [ 27.0845428, 58.5505837 ], [ 27.0845411, 58.5504942 ], [ 27.0845145, 58.5503651 ], [ 27.084488, 58.5502895 ], [ 27.0844739, 58.5502507 ], [ 27.0844103, 58.5502138 ], [ 27.0842847, 58.5501336 ], [ 27.0842653, 58.550105 ], [ 27.08426, 58.5500672 ], [ 27.0842865, 58.5500469 ], [ 27.0843378, 58.5500211 ], [ 27.0843555, 58.5500036 ], [ 27.0843767, 58.549975 ], [ 27.0843802, 58.5499528 ], [ 27.084359, 58.5499298 ], [ 27.0842724, 58.5498689 ], [ 27.084207, 58.5497951 ], [ 27.0841681, 58.5497647 ], [ 27.0841345, 58.5497425 ], [ 27.084115, 58.5497066 ], [ 27.0841186, 58.5496715 ], [ 27.0841504, 58.5496272 ], [ 27.084161, 58.5496023 ], [ 27.084138, 58.5495037 ], [ 27.0841257, 58.5494566 ], [ 27.084115, 58.5494373 ], [ 27.0840938, 58.5494225 ], [ 27.0840214, 58.5493884 ], [ 27.0839789, 58.5493764 ], [ 27.0839347, 58.5493625 ], [ 27.0838764, 58.5493257 ], [ 27.0838552, 58.5492943 ], [ 27.0838287, 58.5492399 ], [ 27.0837792, 58.5491375 ], [ 27.0837226, 58.5490047 ], [ 27.0837262, 58.5489798 ], [ 27.0837403, 58.5489429 ], [ 27.0837739, 58.5489198 ], [ 27.0838128, 58.5489088 ], [ 27.0838835, 58.5488626 ], [ 27.0839153, 58.5488193 ], [ 27.083933, 58.5487898 ], [ 27.0839347, 58.548752 ], [ 27.0838976, 58.5487003 ], [ 27.0838304, 58.5486487 ], [ 27.0837756, 58.5486136 ], [ 27.0837032, 58.5485813 ], [ 27.083659, 58.5485647 ], [ 27.0834363, 58.5485361 ], [ 27.0832277, 58.5485232 ], [ 27.0831605, 58.5485048 ], [ 27.0831216, 58.5484808 ], [ 27.0831092, 58.548455 ], [ 27.0831092, 58.5484264 ], [ 27.0831357, 58.5483987 ], [ 27.0832082, 58.5483627 ], [ 27.0833514, 58.5483175 ], [ 27.0834734, 58.5482926 ], [ 27.0835458, 58.5482723 ], [ 27.0836042, 58.5482391 ], [ 27.0836607, 58.5481755 ], [ 27.0836696, 58.5480897 ], [ 27.0836537, 58.5479532 ], [ 27.0836289, 58.5478711 ], [ 27.0836289, 58.5478158 ], [ 27.0836431, 58.5477374 ], [ 27.0837049, 58.5476608 ], [ 27.0837438, 58.547623 ], [ 27.0838057, 58.5475999 ], [ 27.0838941, 58.5475926 ], [ 27.0841292, 58.5476046 ], [ 27.0841898, 58.5476064 ], [ 27.0842882, 58.5476144 ], [ 27.0844456, 58.5476341 ], [ 27.0845994, 58.5476359 ], [ 27.0847779, 58.5476304 ], [ 27.0849087, 58.5476156 ] ] } },
{ "type": "Feature", "properties": { "orig_fid": "w313530848", "waterway": "river", "name": "Kargaja jõgi" }, "geometry": { "type": "LineString", "coordinates": [ [ 27.0265996, 58.5727076 ], [ 27.0266012, 58.5727205 ], [ 27.0269369, 58.5728774 ], [ 27.0270162, 58.5729326 ], [ 27.0271435, 58.5730602 ], [ 27.0272295, 58.573143 ], [ 27.0273518, 58.5732852 ], [ 27.0273915, 58.5733128 ], [ 27.0278594, 58.5735947 ], [ 27.0279388, 58.5736481 ], [ 27.0280545, 58.5736955 ], [ 27.0283934, 58.5738171 ], [ 27.0286943, 58.573936 ], [ 27.0289357, 58.5740507 ], [ 27.0289738, 58.5740593 ], [ 27.029068, 58.5740714 ], [ 27.0292284, 58.5740852 ], [ 27.0292664, 58.5741024 ], [ 27.0295012, 58.5742809 ], [ 27.0297426, 58.5744731 ], [ 27.0302038, 58.5748127 ], [ 27.0302832, 58.5748403 ], [ 27.0303526, 58.5748696 ], [ 27.0305345, 58.5749291 ], [ 27.0305725, 58.5749481 ], [ 27.0306585, 58.5750403 ], [ 27.0308222, 58.5752222 ], [ 27.0309826, 58.5754506 ], [ 27.0310041, 58.5754722 ], [ 27.0312025, 58.575598 ], [ 27.031214, 58.5756196 ], [ 27.0312322, 58.5757928 ], [ 27.0312868, 58.5760937 ], [ 27.0313496, 58.5764419 ], [ 27.0313761, 58.576654 ], [ 27.0313794, 58.5766712 ], [ 27.0315215, 58.5767574 ], [ 27.0316422, 58.5768212 ], [ 27.0317977, 58.5768729 ], [ 27.0318423, 58.5768841 ], [ 27.031958, 58.5768919 ], [ 27.0320043, 58.5768893 ], [ 27.0320473, 58.5768807 ], [ 27.0320671, 58.5768815 ], [ 27.0322308, 58.5769315 ], [ 27.0324044, 58.5769841 ], [ 27.0324805, 58.5770246 ], [ 27.0325119, 58.5770496 ], [ 27.0325631, 58.5771134 ], [ 27.0325813, 58.5771272 ], [ 27.032869, 58.5772591 ], [ 27.0329103, 58.5772685 ], [ 27.0332136, 58.5773137 ] ] } },
{ "type": "Feature", "properties": { "orig_fid": "w313530849", "waterway": "river", "name": "Kargaja jõgi" }, "geometry": { "type": "LineString", "coordinates": [ [ 27.1016009, 58.5462846 ], [ 27.1016137, 58.5462712 ], [ 27.101673, 58.5462391 ], [ 27.1018045, 58.546197 ], [ 27.1018823, 58.5461828 ], [ 27.1019231, 58.546175 ], [ 27.1019352, 58.5461664 ], [ 27.1019695, 58.5461418 ], [ 27.1020381, 58.5460904 ], [ 27.1021138, 58.5460457 ], [ 27.1021238, 58.5460345 ], [ 27.1021281, 58.5460199 ], [ 27.1021324, 58.5459987 ], [ 27.1021266, 58.5459827 ], [ 27.1021145, 58.5459655 ], [ 27.1021031, 58.5459476 ], [ 27.1020695, 58.545932 ], [ 27.1017616, 58.5458593 ], [ 27.1017116, 58.5458459 ], [ 27.1016809, 58.5458351 ], [ 27.1016659, 58.5458209 ], [ 27.1016509, 58.5457967 ], [ 27.1016445, 58.5457754 ], [ 27.1016509, 58.5457531 ], [ 27.101738, 58.5456013 ], [ 27.1018252, 58.5454985 ], [ 27.1018695, 58.5454448 ], [ 27.1019381, 58.545368 ], [ 27.1019938, 58.5453397 ], [ 27.1020523, 58.5453203 ], [ 27.1022352, 58.5452927 ], [ 27.1023352, 58.5452838 ], [ 27.1023867, 58.5452696 ], [ 27.1024581, 58.5452435 ], [ 27.1024981, 58.5452219 ], [ 27.1025067, 58.545204 ], [ 27.1024952, 58.5451846 ], [ 27.1024681, 58.545122 ], [ 27.1024609, 58.5450579 ], [ 27.1024038, 58.5450012 ], [ 27.1023181, 58.5449647 ], [ 27.1022295, 58.5449304 ], [ 27.1021195, 58.5448916 ], [ 27.1020581, 58.5448528 ], [ 27.1019981, 58.54482 ], [ 27.1019895, 58.5448051 ], [ 27.1019909, 58.5447925 ], [ 27.1020209, 58.544782 ], [ 27.1020981, 58.5447693 ], [ 27.1021352, 58.5447492 ], [ 27.1021538, 58.5447313 ], [ 27.1021666, 58.5446978 ], [ 27.1021795, 58.5446724 ], [ 27.1021852, 58.5446456 ], [ 27.1021566, 58.5446299 ], [ 27.1021295, 58.5446269 ], [ 27.1020981, 58.5446351 ], [ 27.1020623, 58.5446456 ], [ 27.1020323, 58.5446553 ], [ 27.1019938, 58.5446575 ], [ 27.1019466, 58.5446553 ], [ 27.1019266, 58.5446359 ], [ 27.1019366, 58.5446165 ], [ 27.1019609, 58.5445874 ], [ 27.1020009, 58.5445487 ], [ 27.1020166, 58.5445203 ], [ 27.1020209, 58.5444726 ], [ 27.1020066, 58.5444324 ], [ 27.1019338, 58.5443779 ], [ 27.1017866, 58.5442974 ], [ 27.1017323, 58.5442587 ], [ 27.1016895, 58.5441752 ], [ 27.1016552, 58.5440805 ], [ 27.101628, 58.5440499 ], [ 27.1015952, 58.5440328 ], [ 27.1015352, 58.5440246 ], [ 27.1014652, 58.544029 ], [ 27.101408, 58.5440447 ], [ 27.1013366, 58.5440536 ], [ 27.1012894, 58.544038 ], [ 27.1012451, 58.5440156 ], [ 27.1011851, 58.543956 ], [ 27.1011266, 58.5438702 ], [ 27.1011294, 58.5438203 ], [ 27.101138, 58.543789 ], [ 27.1011737, 58.5437763 ], [ 27.1012409, 58.5437651 ], [ 27.1013694, 58.5437457 ], [ 27.1014694, 58.5437211 ], [ 27.1015123, 58.543692 ], [ 27.1015395, 58.5436443 ], [ 27.1015452, 58.5435966 ], [ 27.1015152, 58.543566 ], [ 27.1014323, 58.5435221 ], [ 27.1013209, 58.5434945 ], [ 27.1011751, 58.543484 ], [ 27.1010794, 58.5434661 ], [ 27.1010066, 58.543446 ], [ 27.1009694, 58.5434154 ], [ 27.1009723, 58.5433849 ], [ 27.1010008, 58.5433573 ], [ 27.101128, 58.5433125 ], [ 27.1012166, 58.5432663 ], [ 27.1012837, 58.5432194 ], [ 27.1013266, 58.5431791 ], [ 27.1014152, 58.5431418 ], [ 27.1014837, 58.5431083 ], [ 27.101508, 58.5430852 ], [ 27.1015195, 58.5430553 ], [ 27.1014923, 58.5430307 ], [ 27.1014494, 58.5430113 ], [ 27.1013566, 58.5429957 ], [ 27.101238, 58.5429524 ], [ 27.1011623, 58.5429301 ], [ 27.1011366, 58.5429047 ], [ 27.1011551, 58.5428824 ], [ 27.1011923, 58.5428458 ], [ 27.1012051, 58.5428115 ], [ 27.1011909, 58.542781 ], [ 27.101138, 58.5427571 ], [ 27.1011037, 58.5427564 ], [ 27.1010123, 58.5427564 ], [ 27.100968, 58.5427743 ], [ 27.1009551, 58.5428003 ], [ 27.1009608, 58.5428145 ], [ 27.1009437, 58.5428287 ], [ 27.1009123, 58.5428354 ], [ 27.1008923, 58.5428332 ], [ 27.100868, 58.5428175 ], [ 27.1008494, 58.5428048 ], [ 27.1007865, 58.5427936 ], [ 27.100718, 58.5427817 ], [ 27.1006322, 58.5427586 ], [ 27.1005794, 58.5427444 ], [ 27.1005537, 58.5427243 ], [ 27.1005394, 58.5426967 ], [ 27.1005551, 58.5426758 ], [ 27.100588, 58.5426579 ], [ 27.1006394, 58.5426341 ], [ 27.1006922, 58.5426095 ], [ 27.1007337, 58.5425804 ], [ 27.100738, 58.5425565 ], [ 27.1007265, 58.5425215 ], [ 27.100688, 58.5424939 ], [ 27.1006108, 58.5424507 ], [ 27.1005422, 58.5424276 ], [ 27.1004779, 58.5424164 ], [ 27.1004365, 58.5424052 ], [ 27.1004294, 58.5423933 ], [ 27.1004337, 58.5423694 ], [ 27.1004479, 58.5423426 ], [ 27.1004822, 58.5423135 ], [ 27.1005351, 58.5422874 ], [ 27.1005508, 58.5422605 ], [ 27.1005251, 58.542224 ], [ 27.1004879, 58.5421949 ], [ 27.1004322, 58.5421741 ], [ 27.1003608, 58.5421599 ], [ 27.1003265, 58.5421554 ], [ 27.1002694, 58.5421547 ], [ 27.1002408, 58.542145 ], [ 27.1002222, 58.5421129 ], [ 27.1002251, 58.5420876 ], [ 27.1002408, 58.5420518 ], [ 27.1002494, 58.5420175 ], [ 27.1002222, 58.541975 ], [ 27.1001636, 58.5419176 ], [ 27.1000536, 58.5418773 ], [ 27.1000036, 58.5418617 ], [ 27.0999593, 58.5418363 ], [ 27.0999136, 58.5418035 ], [ 27.099875, 58.5417744 ], [ 27.0998579, 58.5417334 ], [ 27.0998636, 58.5416909 ], [ 27.0998808, 58.5416596 ], [ 27.0998893, 58.5416268 ], [ 27.0998736, 58.5415977 ], [ 27.0998436, 58.5415843 ], [ 27.099785, 58.5415783 ], [ 27.0997093, 58.5415821 ], [ 27.099665, 58.5415731 ], [ 27.0996365, 58.5415567 ], [ 27.0995893, 58.5415269 ], [ 27.0995636, 58.5415 ], [ 27.0995465, 58.5414739 ], [ 27.0995279, 58.5414404 ], [ 27.0995322, 58.5414001 ], [ 27.0995507, 58.5413487 ], [ 27.0995693, 58.5413032 ], [ 27.099555, 58.5412637 ], [ 27.0995322, 58.5412219 ], [ 27.0995264, 58.5411824 ], [ 27.0995536, 58.5411518 ], [ 27.0996107, 58.5411228 ], [ 27.0996893, 58.541084 ], [ 27.0997279, 58.5410542 ], [ 27.099755, 58.5410161 ], [ 27.0997822, 58.5409751 ], [ 27.0997822, 58.5409401 ], [ 27.099785, 58.5409125 ], [ 27.0998065, 58.5408804 ], [ 27.0998583, 58.5408591 ], [ 27.099937, 58.5408533 ], [ 27.1000027, 58.5408437 ], [ 27.1000619, 58.540821 ], [ 27.1001011, 58.5408056 ], [ 27.1001305, 58.5407944 ], [ 27.1001466, 58.5407865 ], [ 27.1001611, 58.5407775 ], [ 27.1001801, 58.5407692 ], [ 27.1002016, 58.5407617 ], [ 27.1002324, 58.5407485 ], [ 27.1002872, 58.5407308 ], [ 27.1003524, 58.5407082 ], [ 27.1004074, 58.5406853 ], [ 27.1004391, 58.5406632 ], [ 27.1004798, 58.5406309 ], [ 27.1005293, 58.5405736 ], [ 27.1005886, 58.5404878 ], [ 27.1007299, 58.5403751 ], [ 27.1008325, 58.5403198 ], [ 27.1007365, 58.5402123 ], [ 27.1007168, 58.540131 ], [ 27.1007071, 58.5400823 ], [ 27.1007208, 58.5400513 ], [ 27.1007436, 58.5399999 ], [ 27.1007856, 58.5398867 ], [ 27.1008047, 58.5398353 ], [ 27.10081, 58.5397894 ], [ 27.1008406, 58.5396303 ], [ 27.1008816, 58.5395469 ], [ 27.1008989, 58.5394702 ], [ 27.1009118, 58.5393936 ], [ 27.1009464, 58.5393383 ], [ 27.1010198, 58.5392842 ], [ 27.1010825, 58.5392312 ], [ 27.1011732, 58.5391455 ], [ 27.1012963, 58.5390711 ], [ 27.1014648, 58.5390012 ], [ 27.1015426, 58.5389528 ], [ 27.1015922, 58.5389144 ], [ 27.1016117, 58.5388795 ], [ 27.1015771, 58.5388434 ], [ 27.1015166, 58.5388197 ], [ 27.1014367, 58.5387949 ], [ 27.1014065, 58.5387668 ], [ 27.1013762, 58.5387205 ], [ 27.1013633, 58.53868 ], [ 27.1013698, 58.5386382 ], [ 27.1013914, 58.5385977 ], [ 27.1014, 58.5385447 ], [ 27.101389, 58.5385187 ], [ 27.1013653, 58.5384852 ], [ 27.1013241, 58.5384533 ], [ 27.1012874, 58.5384374 ], [ 27.101237, 58.5384226 ], [ 27.1011606, 58.5384115 ], [ 27.1011308, 58.5384107 ], [ 27.101098, 58.5384214 ], [ 27.1010736, 58.5384378 ], [ 27.1010453, 58.5384422 ], [ 27.1010201, 58.5384406 ], [ 27.1010094, 58.5384346 ], [ 27.1010003, 58.5384254 ], [ 27.1009995, 58.5384158 ], [ 27.1010048, 58.5384019 ], [ 27.1010163, 58.538384 ], [ 27.1010201, 58.5383636 ], [ 27.101027, 58.5383409 ], [ 27.1010354, 58.538317 ], [ 27.1010415, 58.5382967 ], [ 27.1010468, 58.5382807 ], [ 27.1010736, 58.5382732 ], [ 27.1011064, 58.538272 ], [ 27.1011392, 58.5382787 ], [ 27.1011545, 58.5382887 ], [ 27.1011713, 58.5383086 ], [ 27.1011797, 58.5383294 ], [ 27.1011935, 58.5383521 ], [ 27.1012286, 58.5383724 ], [ 27.1012729, 58.5383796 ], [ 27.1013531, 58.5383804 ], [ 27.1014394, 58.5383672 ], [ 27.1014768, 58.5383485 ], [ 27.1015157, 58.538311 ], [ 27.1015997, 58.5382588 ], [ 27.1016639, 58.5382078 ], [ 27.1017989, 58.538172 ], [ 27.1018809, 58.5381449 ], [ 27.1019436, 58.5381196 ], [ 27.1019663, 58.5380953 ], [ 27.1019781, 58.5380621 ], [ 27.1019943, 58.5380356 ], [ 27.1019706, 58.5380192 ], [ 27.1018907, 58.5380153 ], [ 27.1017967, 58.5380265 ], [ 27.1017492, 58.5380192 ], [ 27.101666, 58.5380198 ], [ 27.1016088, 58.5380299 ], [ 27.1015764, 58.5380491 ], [ 27.1015332, 58.5380626 ], [ 27.101504, 58.5380564 ], [ 27.1014889, 58.5380316 ], [ 27.1014813, 58.5379955 ], [ 27.1014489, 58.5379307 ], [ 27.101409, 58.5379121 ], [ 27.1013561, 58.537902 ], [ 27.1013064, 58.5379037 ], [ 27.1012459, 58.5379178 ], [ 27.1011746, 58.5379313 ], [ 27.1011055, 58.5379279 ], [ 27.1010493, 58.5379132 ], [ 27.101018, 58.5378806 ], [ 27.1009953, 58.5378276 ], [ 27.1009867, 58.5377548 ], [ 27.1009651, 58.5376906 ], [ 27.100977, 58.5376523 ], [ 27.1010061, 58.5376162 ], [ 27.1010515, 58.5375965 ], [ 27.1011757, 58.537579 ], [ 27.1012481, 58.5375728 ], [ 27.101315, 58.5375762 ], [ 27.1013733, 58.5375711 ], [ 27.1014003, 58.5375626 ], [ 27.1014079, 58.5375519 ], [ 27.1014047, 58.5375305 ], [ 27.1013841, 58.5375102 ], [ 27.1013669, 58.5374916 ], [ 27.1013355, 58.5374775 ], [ 27.1012502, 58.5374741 ], [ 27.1011984, 58.5374623 ], [ 27.1011746, 58.5374414 ], [ 27.1011541, 58.5373941 ], [ 27.1011228, 58.5373687 ], [ 27.1011152, 58.5373394 ], [ 27.1011249, 58.5373135 ], [ 27.1011422, 58.5372853 ], [ 27.1011887, 58.5372656 ], [ 27.1012653, 58.5372503 ], [ 27.1013193, 58.5372475 ], [ 27.1013777, 58.5372509 ], [ 27.101423, 58.5372577 ], [ 27.1014867, 58.5372718 ], [ 27.1015451, 58.5372825 ], [ 27.1016105, 58.5373115 ], [ 27.1016532, 58.5373537 ], [ 27.1016899, 58.5373745 ], [ 27.1017388, 58.5373777 ], [ 27.1017739, 58.5373721 ], [ 27.101806, 58.5373633 ], [ 27.1018381, 58.537341 ], [ 27.1018579, 58.5373091 ], [ 27.1018701, 58.5372764 ], [ 27.1018457, 58.5372326 ], [ 27.1018228, 58.5371799 ], [ 27.1017754, 58.5371241 ], [ 27.1017266, 58.5370915 ], [ 27.1016441, 58.5370731 ], [ 27.1015479, 58.5370659 ], [ 27.1014715, 58.537058 ], [ 27.1014226, 58.5370444 ], [ 27.1014028, 58.5370141 ], [ 27.1013814, 58.536944 ], [ 27.1013707, 58.5369137 ], [ 27.1013737, 58.536885 ], [ 27.1013982, 58.5368738 ], [ 27.101444, 58.5368475 ], [ 27.1014654, 58.5368252 ], [ 27.1014654, 58.5367973 ], [ 27.1014486, 58.5367614 ], [ 27.1014379, 58.5367192 ], [ 27.1014623, 58.5366825 ], [ 27.1014975, 58.5366729 ], [ 27.1015341, 58.5366522 ], [ 27.1015555, 58.5366243 ], [ 27.1015479, 58.5366052 ], [ 27.1015265, 58.5365892 ], [ 27.1015341, 58.5365677 ], [ 27.1015662, 58.5365581 ], [ 27.1016273, 58.5365486 ], [ 27.1016868, 58.5365278 ], [ 27.1017281, 58.5365079 ], [ 27.1017281, 58.5364856 ], [ 27.1017159, 58.5364657 ], [ 27.1016746, 58.5364385 ], [ 27.101638, 58.536413 ], [ 27.1016273, 58.5363796 ], [ 27.1016471, 58.5363341 ], [ 27.1016975, 58.5363054 ], [ 27.1017877, 58.5362863 ], [ 27.1019083, 58.5362855 ], [ 27.1019679, 58.5363038 ], [ 27.1020336, 58.5363118 ], [ 27.1021328, 58.5363078 ], [ 27.1022123, 58.5363078 ], [ 27.1022932, 58.5362927 ], [ 27.1023283, 58.5362711 ], [ 27.1023329, 58.5362424 ], [ 27.1023222, 58.5362018 ], [ 27.1022779, 58.5361523 ], [ 27.1022275, 58.5361205 ], [ 27.1021344, 58.5361005 ], [ 27.1019969, 58.5360878 ], [ 27.1018121, 58.5360774 ], [ 27.1016685, 58.5360694 ], [ 27.1015479, 58.5360702 ], [ 27.1014791, 58.5360575 ], [ 27.1014257, 58.5360415 ], [ 27.1013921, 58.5360168 ], [ 27.1013829, 58.5359913 ], [ 27.1014073, 58.5359658 ], [ 27.1014471, 58.5359227 ], [ 27.1014577, 58.5358837 ], [ 27.1014043, 58.5358422 ], [ 27.1013249, 58.5357904 ], [ 27.1012714, 58.535749 ], [ 27.1012653, 58.5357147 ], [ 27.1012622, 58.5356836 ], [ 27.1012332, 58.5356692 ], [ 27.1011966, 58.5356652 ], [ 27.101163, 58.5356724 ], [ 27.1011126, 58.5356979 ], [ 27.1010515, 58.5357203 ], [ 27.1010072, 58.5357171 ], [ 27.1009843, 58.5357035 ], [ 27.1009782, 58.5356724 ], [ 27.1009858, 58.5356334 ], [ 27.1010255, 58.535572 ], [ 27.1010561, 58.5355225 ], [ 27.1010897, 58.5354739 ], [ 27.1011309, 58.5354333 ], [ 27.1011752, 58.5354181 ], [ 27.1012516, 58.5354157 ], [ 27.1013142, 58.5354181 ], [ 27.1013799, 58.535399 ], [ 27.1013967, 58.5353663 ], [ 27.1013768, 58.535332 ], [ 27.1013203, 58.5352977 ], [ 27.1012363, 58.5352682 ], [ 27.1011752, 58.53523 ], [ 27.101111, 58.5351622 ], [ 27.1010698, 58.5350968 ], [ 27.1010316, 58.5350585 ], [ 27.1010209, 58.5350306 ], [ 27.1010484, 58.5349964 ], [ 27.1010866, 58.5349661 ], [ 27.101137, 58.5349134 ], [ 27.1011675, 58.5348361 ], [ 27.1011828, 58.5347349 ], [ 27.101218, 58.5346759 ], [ 27.1012897, 58.5346376 ], [ 27.1013982, 58.5346376 ], [ 27.1014547, 58.5346392 ], [ 27.1014929, 58.534624 ], [ 27.1015143, 58.5345961 ], [ 27.101557, 58.5345619 ], [ 27.1016532, 58.5345069 ], [ 27.1017327, 58.534471 ], [ 27.1017953, 58.534471 ], [ 27.1018533, 58.5344774 ], [ 27.101893, 58.534471 ], [ 27.1019434, 58.5344487 ], [ 27.1020412, 58.5343841 ], [ 27.1020931, 58.5343498 ], [ 27.1021069, 58.5343067 ], [ 27.1020565, 58.5342493 ], [ 27.1020168, 58.5341784 ], [ 27.102003, 58.5341138 ], [ 27.1019587, 58.5340827 ], [ 27.1019343, 58.5340381 ], [ 27.1019419, 58.533991 ], [ 27.1019648, 58.5339623 ], [ 27.1019786, 58.5339384 ], [ 27.1019755, 58.5339025 ], [ 27.1019098, 58.5338714 ], [ 27.1018396, 58.5338276 ], [ 27.1017938, 58.5337821 ], [ 27.10178, 58.5337479 ], [ 27.1017922, 58.5337016 ], [ 27.1018045, 58.5336466 ], [ 27.1017877, 58.5336251 ], [ 27.1017235, 58.5336179 ], [ 27.1016487, 58.5336139 ], [ 27.1016074, 58.5336147 ], [ 27.1015494, 58.5335972 ], [ 27.1015387, 58.5335669 ], [ 27.1015387, 58.5335238 ], [ 27.1015173, 58.533468 ], [ 27.1014669, 58.5334274 ], [ 27.1014089, 58.5333827 ], [ 27.1013783, 58.5333699 ], [ 27.1013264, 58.5333612 ], [ 27.1012409, 58.5333532 ], [ 27.1011233, 58.5333293 ], [ 27.1010484, 58.533299 ], [ 27.1010118, 58.5332679 ], [ 27.1009873, 58.5332384 ], [ 27.1009827, 58.5331993 ], [ 27.1009919, 58.5331571 ], [ 27.100998, 58.5330885 ], [ 27.1010316, 58.5330399 ], [ 27.1010744, 58.5330056 ], [ 27.1011614, 58.5329769 ], [ 27.1012531, 58.5329721 ], [ 27.1013707, 58.5329745 ], [ 27.1014684, 58.5329641 ], [ 27.1015754, 58.5329593 ], [ 27.10167, 58.532933 ], [ 27.1017143, 58.5328972 ], [ 27.101725, 58.5328501 ], [ 27.101725, 58.5327903 ], [ 27.1016823, 58.5327281 ], [ 27.1016258, 58.5326723 ], [ 27.1015479, 58.5326141 ], [ 27.1014822, 58.5325647 ], [ 27.1013707, 58.5325137 ], [ 27.1012714, 58.5324594 ], [ 27.1012118, 58.5324116 ], [ 27.101166, 58.5323478 ], [ 27.1011233, 58.5322745 ], [ 27.1011217, 58.532237 ], [ 27.1011553, 58.5321804 ], [ 27.101195, 58.5321421 ], [ 27.1012103, 58.5321166 ], [ 27.1011752, 58.5320807 ], [ 27.1011065, 58.5320417 ], [ 27.1010133, 58.5320201 ], [ 27.1008514, 58.5319755 ], [ 27.1007491, 58.5319404 ], [ 27.1006605, 58.5319101 ], [ 27.1006269, 58.5318798 ], [ 27.1006208, 58.5318559 ], [ 27.1006391, 58.5318144 ], [ 27.1006345, 58.5317945 ], [ 27.1006085, 58.5317746 ], [ 27.1005536, 58.531761 ], [ 27.1004634, 58.531761 ], [ 27.1003917, 58.5317602 ], [ 27.1003245, 58.5317474 ], [ 27.1002985, 58.5317187 ], [ 27.1003015, 58.5316948 ], [ 27.1003168, 58.5316645 ], [ 27.1003626, 58.5316255 ], [ 27.1004818, 58.5315274 ], [ 27.1006167, 58.5314277 ], [ 27.1007225, 58.5313364 ], [ 27.10077, 58.5313172 ], [ 27.1008478, 58.5313116 ], [ 27.1009212, 58.531315 ], [ 27.1010292, 58.5313195 ], [ 27.1011027, 58.5313161 ], [ 27.1011545, 58.5312924 ], [ 27.1012042, 58.5312518 ], [ 27.1012668, 58.5311988 ], [ 27.101256, 58.5311549 ], [ 27.1012279, 58.5310951 ], [ 27.1011178, 58.5310308 ], [ 27.1009752, 58.5309767 ], [ 27.1008067, 58.5309 ], [ 27.1007333, 58.5308527 ], [ 27.1006879, 58.5307952 ], [ 27.1006253, 58.5307478 ], [ 27.1005281, 58.5307106 ], [ 27.1003553, 58.530661 ], [ 27.1002365, 58.5306238 ], [ 27.1001631, 58.5305877 ], [ 27.1001328, 58.5305212 ], [ 27.1001263, 58.5304242 ], [ 27.1001501, 58.5303306 ], [ 27.1002106, 58.5302415 ], [ 27.1002862, 58.5301738 ], [ 27.1003855, 58.53014 ], [ 27.1004957, 58.5300949 ], [ 27.1005605, 58.5300351 ], [ 27.1005735, 58.5299743 ], [ 27.1005389, 58.5299134 ], [ 27.1004352, 58.5298277 ], [ 27.1004028, 58.5297555 ], [ 27.1003531, 58.5296698 ], [ 27.100351, 58.5295852 ], [ 27.1003791, 58.5294961 ], [ 27.1004147, 58.5294381 ] ] } },
{ "type": "Feature", "properties": { "orig_fid": "w313530855", "waterway": "river", "name": "Kargaja jõgi" }, "geometry": { "type": "LineString", "coordinates": [ [ 27.0957128, 58.5464635 ], [ 27.0957646, 58.5464799 ], [ 27.095873, 58.5465279 ], [ 27.0959541, 58.5465411 ], [ 27.0960379, 58.5465411 ], [ 27.0961203, 58.5465207 ], [ 27.0962628, 58.5464886 ], [ 27.0963774, 58.5464718 ], [ 27.0965171, 58.5464747 ], [ 27.09677, 58.5464944 ], [ 27.0969991, 58.5465134 ], [ 27.0972353, 58.5465097 ], [ 27.0976055, 58.5465476 ], [ 27.0977396, 58.54656 ], [ 27.0978039, 58.5465586 ], [ 27.0979283, 58.5465389 ], [ 27.0979758, 58.5465192 ], [ 27.098061, 58.5464295 ], [ 27.0982021, 58.5463573 ], [ 27.0983949, 58.5462662 ], [ 27.0985318, 58.5462553 ], [ 27.0986604, 58.546256 ], [ 27.0987386, 58.5462742 ], [ 27.0987889, 58.5463019 ], [ 27.0989091, 58.5463588 ], [ 27.0990069, 58.5464128 ], [ 27.0992011, 58.5464944 ], [ 27.0992667, 58.5465163 ], [ 27.0993198, 58.5465316 ], [ 27.0994386, 58.5466089 ], [ 27.0994805, 58.5466271 ], [ 27.0997027, 58.5466584 ], [ 27.0999542, 58.5466774 ], [ 27.1000534, 58.5466738 ], [ 27.1001372, 58.5466796 ], [ 27.1003272, 58.5467007 ], [ 27.1004306, 58.5467044 ], [ 27.1004529, 58.5467087 ], [ 27.1005032, 58.5467386 ], [ 27.1005493, 58.5467751 ], [ 27.1005703, 58.5468057 ], [ 27.1005731, 58.5468225 ], [ 27.1005591, 58.546848 ], [ 27.1005647, 58.5468691 ], [ 27.1005759, 58.5468874 ], [ 27.100629, 58.5469143 ], [ 27.1006988, 58.5469457 ], [ 27.1007254, 58.5469501 ], [ 27.1007883, 58.5469537 ], [ 27.1008218, 58.5469479 ], [ 27.1008609, 58.5469406 ], [ 27.1008777, 58.5469275 ], [ 27.1009671, 58.5468349 ], [ 27.1009839, 58.546821 ], [ 27.1010733, 58.5467744 ], [ 27.1010928, 58.5467554 ], [ 27.1011683, 58.5466701 ], [ 27.1013346, 58.5465112 ], [ 27.1015206, 58.5463449 ] ] } },
{ "type": "Feature", "properties": { "orig_fid": "w313530856", "waterway": "river", "name": "Kargaja jõgi" }, "geometry": { "type": "LineString", "coordinates": [ [ 27.085934, 58.5567616 ], [ 27.0859551, 58.556735 ], [ 27.0859814, 58.5567102 ], [ 27.0859826, 58.5566867 ], [ 27.0859726, 58.5566561 ], [ 27.0859626, 58.5566411 ] ] } },
{ "type": "Feature", "properties": { "orig_fid": "w313530857", "waterway": "river", "name": "Kargaja jõgi" }, "geometry": { "type": "LineString", "coordinates": [ [ 27.0850329, 58.5580403 ], [ 27.0849984, 58.5580297 ], [ 27.0848738, 58.5580048 ], [ 27.0848013, 58.5579901 ], [ 27.0847518, 58.5579753 ], [ 27.0847286, 58.5579663 ] ] } },
{ "type": "Feature", "properties": { "orig_fid": "w313530858", "waterway": "river", "name": "Kargaja jõgi" }, "geometry": { "type": "LineString", "coordinates": [ [ 27.0093768, 58.5816896 ], [ 27.0093962, 58.5817318 ], [ 27.0094382, 58.581757 ], [ 27.0095256, 58.5817823 ], [ 27.0096323, 58.5817857 ], [ 27.0097681, 58.5817452 ], [ 27.0098295, 58.5817031 ], [ 27.0099104, 58.5816272 ], [ 27.0102499, 58.5815194 ], [ 27.01068, 58.5813558 ], [ 27.0110164, 58.5811839 ], [ 27.0111392, 58.5810929 ], [ 27.0113139, 58.5809816 ], [ 27.0113947, 58.5808855 ], [ 27.0116243, 58.5807877 ], [ 27.0117149, 58.5807658 ], [ 27.0119477, 58.5807709 ], [ 27.0121644, 58.5807894 ], [ 27.0122743, 58.5808248 ], [ 27.012339, 58.580899 ], [ 27.0123843, 58.5809513 ], [ 27.0124393, 58.5809934 ], [ 27.0125169, 58.5810153 ], [ 27.0126495, 58.5810001 ], [ 27.0128015, 58.5810035 ], [ 27.0129049, 58.5810136 ], [ 27.0129858, 58.5809715 ], [ 27.0132089, 58.5807776 ], [ 27.0132898, 58.5807034 ], [ 27.01339, 58.5806832 ], [ 27.0135485, 58.5806596 ], [ 27.0136875, 58.580631 ], [ 27.0138331, 58.5805821 ], [ 27.0139301, 58.5805467 ], [ 27.0139495, 58.5804944 ], [ 27.0139333, 58.5803865 ], [ 27.0139527, 58.5802702 ], [ 27.0139786, 58.5801134 ], [ 27.0139592, 58.5799718 ], [ 27.0139624, 58.5797914 ], [ 27.0139204, 58.5797071 ], [ 27.0138233, 58.5796313 ], [ 27.0137587, 58.579552 ], [ 27.013791, 58.5794998 ], [ 27.0139365, 58.579466 ], [ 27.0140271, 58.5794323 ], [ 27.0140594, 58.5793565 ], [ 27.0141209, 58.5793126 ], [ 27.0141952, 58.5793093 ], [ 27.0143181, 58.5793109 ], [ 27.0143925, 58.5793076 ], [ 27.0144863, 58.5792722 ], [ 27.014538, 58.5791997 ], [ 27.0145671, 58.5791306 ], [ 27.014635, 58.5790918 ], [ 27.0147612, 58.5790834 ], [ 27.0148258, 58.5790479 ], [ 27.014952, 58.5789097 ], [ 27.0150457, 58.5788288 ], [ 27.0151201, 58.5788069 ], [ 27.0152333, 58.5786872 ], [ 27.015353, 58.5786012 ], [ 27.0154467, 58.5785371 ], [ 27.0155132, 58.5784257 ] ] } },
{ "type": "Feature", "properties": { "orig_fid": "w313530859", "waterway": "river", "name": "Kargaja jõgi" }, "geometry": { "type": "LineString", "coordinates": [ [ 27.1010561, 58.5355225 ], [ 27.1011633, 58.5355377 ], [ 27.1012168, 58.5355313 ], [ 27.1012824, 58.5355106 ], [ 27.1013664, 58.5355178 ], [ 27.1014123, 58.5355393 ], [ 27.1014978, 58.5355513 ], [ 27.101591, 58.5355688 ], [ 27.1016704, 58.5355768 ], [ 27.1017498, 58.5355792 ], [ 27.1017605, 58.5355927 ], [ 27.1017727, 58.5356127 ], [ 27.1018369, 58.5356469 ], [ 27.1018628, 58.5356597 ], [ 27.101901, 58.5356645 ], [ 27.1019346, 58.5356629 ], [ 27.1019606, 58.5356589 ], [ 27.101982, 58.5356469 ], [ 27.1019927, 58.5356286 ], [ 27.1020003, 58.5356063 ], [ 27.1020079, 58.5355824 ], [ 27.1020171, 58.5355592 ], [ 27.1020034, 58.5355258 ], [ 27.1019545, 58.5355018 ], [ 27.1019194, 58.5354779 ], [ 27.1018857, 58.5354397 ], [ 27.1018735, 58.5354038 ], [ 27.1018766, 58.5353767 ], [ 27.101901, 58.5353528 ], [ 27.1019453, 58.535336 ], [ 27.102011, 58.5353185 ], [ 27.1020721, 58.5353057 ], [ 27.1021179, 58.5353089 ], [ 27.1021607, 58.5353145 ], [ 27.1021897, 58.5353129 ], [ 27.1022095, 58.5353049 ], [ 27.1022233, 58.5352906 ], [ 27.1022233, 58.5352762 ], [ 27.1021927, 58.5352643 ], [ 27.1021332, 58.5352587 ], [ 27.102095, 58.5352571 ], [ 27.1020538, 58.5352411 ], [ 27.101982, 58.5352124 ], [ 27.1018506, 58.535179 ], [ 27.1018094, 58.5351598 ], [ 27.1017743, 58.5351216 ], [ 27.1017483, 58.5350929 ], [ 27.1016811, 58.5350665 ], [ 27.1016292, 58.5350506 ], [ 27.1015665, 58.5350283 ], [ 27.1014734, 58.5350028 ], [ 27.1014321, 58.534994 ], [ 27.1014153, 58.5349765 ], [ 27.1013985, 58.5349486 ], [ 27.1014077, 58.534935 ], [ 27.1014184, 58.534931 ], [ 27.1014443, 58.5349055 ], [ 27.1014673, 58.5348792 ], [ 27.1015192, 58.5348561 ], [ 27.1015558, 58.5348345 ], [ 27.1015619, 58.5348058 ], [ 27.101539, 58.5347827 ], [ 27.1015009, 58.5347676 ], [ 27.1014795, 58.5347492 ], [ 27.1014871, 58.5347237 ], [ 27.1015054, 58.534695 ], [ 27.1015253, 58.5346751 ], [ 27.1015131, 58.5346504 ], [ 27.1014929, 58.534624 ] ] } },
{ "type": "Feature", "properties": { "orig_fid": "w313530860", "waterway": "river", "name": "Kargaja jõgi" }, "geometry": { "type": "LineString", "coordinates": [ [ 27.0858926, 58.5565283 ], [ 27.0859301, 58.5565061 ], [ 27.0859651, 58.5564663 ], [ 27.0859864, 58.5564318 ], [ 27.0859764, 58.5564077 ], [ 27.0859864, 58.5563783 ], [ 27.0859985, 58.5563453 ] ] } },
{ "type": "Feature", "properties": { "orig_fid": "w313530861", "waterway": "river", "name": "Kargaja jõgi" }, "geometry": { "type": "LineString", "coordinates": [ [ 27.1366529, 58.4967213 ], [ 27.1365218, 58.4966466 ], [ 27.1364572, 58.4965863 ], [ 27.136471, 58.4964415 ], [ 27.1365034, 58.4961712 ], [ 27.1366003, 58.4960771 ], [ 27.1366696, 58.4960336 ], [ 27.1368128, 58.4960119 ], [ 27.1369975, 58.4960312 ], [ 27.1371915, 58.496065 ], [ 27.1373162, 58.4960698 ], [ 27.137561, 58.4960119 ], [ 27.1376488, 58.4959684 ], [ 27.1376903, 58.4959178 ], [ 27.1376441, 58.4958478 ], [ 27.137501, 58.4957657 ], [ 27.1373809, 58.4957102 ], [ 27.1373486, 58.4956426 ], [ 27.1373439, 58.4955895 ], [ 27.1374548, 58.4955413 ], [ 27.1376811, 58.4954978 ], [ 27.1379397, 58.4954978 ], [ 27.1381753, 58.4955244 ], [ 27.1382815, 58.4955388 ], [ 27.1383508, 58.4955292 ], [ 27.1384016, 58.4954785 ], [ 27.1383785, 58.4954037 ], [ 27.1383092, 58.495283 ], [ 27.1381753, 58.4951406 ], [ 27.1380783, 58.4950272 ], [ 27.1380922, 58.4948935 ], [ 27.1380783, 58.4948122 ], [ 27.138104, 58.4947834 ], [ 27.1381217, 58.4947276 ], [ 27.1380921, 58.4947062 ], [ 27.1378935, 58.4946603 ], [ 27.1377781, 58.4946265 ], [ 27.1377227, 58.494571 ], [ 27.1377227, 58.4944793 ], [ 27.1379536, 58.4941824 ], [ 27.1381568, 58.4940111 ], [ 27.1383277, 58.4939531 ], [ 27.1383923, 58.4939073 ], [ 27.1384616, 58.4937914 ], [ 27.1385448, 58.493637 ], [ 27.1385586, 58.4935042 ], [ 27.1385909, 58.4933835 ], [ 27.1386926, 58.4932846 ], [ 27.1388681, 58.4931518 ], [ 27.1389004, 58.4930939 ], [ 27.1388542, 58.4930215 ], [ 27.138748, 58.4929877 ], [ 27.1386464, 58.4929418 ], [ 27.1385863, 58.4928911 ], [ 27.1385817, 58.4928211 ], [ 27.1386371, 58.4927656 ], [ 27.1388634, 58.4926763 ], [ 27.1390851, 58.4926474 ], [ 27.1394038, 58.4926425 ], [ 27.13951, 58.4926256 ], [ 27.1396301, 58.4925749 ], [ 27.1396625, 58.492476 ], [ 27.1396347, 58.4923746 ], [ 27.1396347, 58.4922708 ], [ 27.1396855, 58.4921984 ], [ 27.1397872, 58.4921574 ], [ 27.1398841, 58.4920946 ], [ 27.1399396, 58.4919932 ], [ 27.1399396, 58.4918967 ], [ 27.1398795, 58.4918315 ], [ 27.139838, 58.4917784 ], [ 27.1398564, 58.4917012 ], [ 27.1399904, 58.4916046 ], [ 27.1401289, 58.4915612 ], [ 27.1402952, 58.491566 ], [ 27.1406647, 58.4916336 ], [ 27.1410942, 58.4916674 ], [ 27.1412051, 58.4916553 ], [ 27.141279, 58.491607 ], [ 27.141279, 58.4915539 ], [ 27.1412189, 58.4914743 ], [ 27.1411866, 58.4913826 ], [ 27.1412097, 58.4912715 ], [ 27.1412605, 58.4911339 ], [ 27.1412143, 58.491006 ], [ 27.1410388, 58.4907115 ], [ 27.1409233, 58.4906222 ], [ 27.1407801, 58.4905763 ], [ 27.1406324, 58.4905884 ], [ 27.1403829, 58.4906681 ], [ 27.140189, 58.4907453 ], [ 27.1400643, 58.4907767 ], [ 27.1399119, 58.4907646 ], [ 27.1398149, 58.4907163 ], [ 27.1397687, 58.4906415 ], [ 27.1396717, 58.4905039 ], [ 27.1396255, 58.4903036 ], [ 27.1396486, 58.4902118 ], [ 27.1397641, 58.4901225 ], [ 27.1398795, 58.490038 ], [ 27.1398703, 58.4899029 ], [ 27.1398657, 58.4897846 ], [ 27.1399442, 58.4897025 ], [ 27.1401659, 58.4896156 ], [ 27.1403922, 58.4895529 ], [ 27.1405169, 58.489507 ], [ 27.1406416, 58.489408 ], [ 27.1408171, 58.4892704 ], [ 27.1410018, 58.4891884 ], [ 27.1411034, 58.4891884 ], [ 27.1412605, 58.4892366 ], [ 27.1416069, 58.4894491 ], [ 27.1416992, 58.4894804 ], [ 27.1418101, 58.4894877 ], [ 27.1419717, 58.4894732 ], [ 27.1421472, 58.489437 ], [ 27.1424151, 58.4893308 ], [ 27.1425352, 58.4892004 ], [ 27.1425906, 58.4890942 ], [ 27.1425167, 58.4890073 ], [ 27.1424336, 58.4889542 ], [ 27.1424567, 58.4888721 ], [ 27.1425814, 58.4888069 ], [ 27.1427477, 58.4887538 ], [ 27.1428354, 58.4886597 ], [ 27.1428585, 58.4885269 ], [ 27.1429047, 58.4884618 ], [ 27.1429786, 58.4884231 ], [ 27.1430987, 58.4884231 ], [ 27.1431818, 58.4884642 ], [ 27.1432742, 58.488539 ], [ 27.1434358, 58.4886452 ], [ 27.1435374, 58.4886814 ], [ 27.1436621, 58.4886838 ], [ 27.1437499, 58.4886476 ], [ 27.1438515, 58.4885269 ], [ 27.1439208, 58.4883748 ], [ 27.1438931, 58.4883121 ], [ 27.1438145, 58.4882759 ], [ 27.143639, 58.4882759 ], [ 27.143579, 58.4882566 ], [ 27.1435282, 58.488189 ], [ 27.1435467, 58.4880972 ], [ 27.1437083, 58.4880393 ], [ 27.1439208, 58.4880127 ], [ 27.1441332, 58.4880176 ], [ 27.1442856, 58.4880586 ], [ 27.1444288, 58.4881479 ], [ 27.1445535, 58.4882276 ], [ 27.1446644, 58.4882469 ], [ 27.144826, 58.4882469 ], [ 27.1450939, 58.4882614 ], [ 27.1452925, 58.4883483 ], [ 27.1454911, 58.4884183 ], [ 27.1457867, 58.4884424 ], [ 27.1460268, 58.4884424 ], [ 27.1463178, 58.488399 ], [ 27.146558, 58.4883483 ], [ 27.1466503, 58.4882783 ], [ 27.1467289, 58.488259 ], [ 27.1468074, 58.4882662 ], [ 27.1468443, 58.4883 ], [ 27.1468443, 58.4883604 ], [ 27.1468351, 58.4884183 ], [ 27.146775, 58.4884955 ], [ 27.1466827, 58.4885824 ], [ 27.1466827, 58.488679 ], [ 27.146775, 58.4887538 ], [ 27.1469044, 58.4887997 ], [ 27.1471676, 58.4888238 ], [ 27.1473616, 58.4888166 ], [ 27.147514, 58.4887635 ], [ 27.1477172, 58.4886573 ], [ 27.1477957, 58.4885704 ], [ 27.1478696, 58.4884111 ], [ 27.1479251, 58.4883531 ], [ 27.1480221, 58.4883024 ], [ 27.1480451, 58.4882324 ], [ 27.147999, 58.4881334 ], [ 27.1478696, 58.4880465 ], [ 27.1476941, 58.4879645 ], [ 27.1475233, 58.4879427 ], [ 27.1472831, 58.4879162 ], [ 27.147103, 58.4878824 ], [ 27.1470106, 58.4878027 ], [ 27.1470014, 58.4877062 ], [ 27.1471261, 58.4876072 ], [ 27.1473801, 58.4875396 ], [ 27.1476249, 58.4874961 ], [ 27.1482899, 58.4874841 ], [ 27.1483962, 58.4874575 ], [ 27.1484285, 58.4873923 ], [ 27.1484239, 58.4873296 ], [ 27.1483684, 58.4872572 ], [ 27.1482207, 58.4871702 ], [ 27.1479528, 58.4871244 ], [ 27.1475833, 58.4870833 ], [ 27.1473624, 58.4870823 ], [ 27.1472769, 58.4870763 ], [ 27.1472007, 58.4870497 ], [ 27.1471499, 58.4870014 ], [ 27.14718, 58.4869393 ], [ 27.147225, 58.4869073 ], [ 27.1473266, 58.4868626 ], [ 27.1475402, 58.4868463 ], [ 27.1477711, 58.4868687 ], [ 27.1478554, 58.4868626 ], [ 27.1478993, 58.4868536 ], [ 27.1479259, 58.4868337 ], [ 27.147942, 58.486795 ], [ 27.1479282, 58.4867793 ], [ 27.147805, 58.4867092 ], [ 27.147708, 58.4866295 ], [ 27.1476476, 58.4865675 ], [ 27.147636, 58.4864643 ], [ 27.147671, 58.4863519 ], [ 27.1477588, 58.4862167 ], [ 27.147768, 58.4861249 ], [ 27.1477357, 58.4860525 ], [ 27.1476018, 58.4860091 ], [ 27.1474632, 58.4860211 ], [ 27.1473154, 58.4860791 ], [ 27.147223, 58.4860911 ], [ 27.1471584, 58.4860646 ], [ 27.1471353, 58.4859922 ], [ 27.1471399, 58.4858859 ], [ 27.1471676, 58.485758 ], [ 27.1472092, 58.4856276 ], [ 27.1472923, 58.4855552 ], [ 27.1474494, 58.4855141 ], [ 27.1478142, 58.4855359 ], [ 27.1478808, 58.485526 ], [ 27.1480493, 58.4854864 ], [ 27.1481219, 58.485453 ], [ 27.1481202, 58.485397 ], [ 27.1479772, 58.485316 ], [ 27.1477203, 58.4851877 ], [ 27.147573, 58.4850905 ], [ 27.1475343, 58.485023 ], [ 27.1475174, 58.4849239 ], [ 27.147538, 58.4848438 ], [ 27.1475887, 58.4847857 ], [ 27.147608, 58.4847176 ], [ 27.1476032, 58.4846507 ], [ 27.1475319, 58.4846046 ], [ 27.1473376, 58.4845308 ], [ 27.147084, 58.4844475 ], [ 27.1469054, 58.4844222 ], [ 27.1467677, 58.4843995 ], [ 27.1466784, 58.4843528 ], [ 27.1466277, 58.4842821 ], [ 27.1466132, 58.4841887 ], [ 27.146647, 58.4840776 ], [ 27.1467919, 58.4838631 ], [ 27.1468353, 58.4837469 ], [ 27.1468015, 58.4836535 ], [ 27.1467919, 58.4835185 ], [ 27.146845, 58.4834491 ], [ 27.1469005, 58.4834264 ], [ 27.1470092, 58.4834352 ], [ 27.1471806, 58.4834667 ], [ 27.1473545, 58.4835059 ], [ 27.1475259, 58.4835084 ], [ 27.1476563, 58.4834869 ], [ 27.1477263, 58.4834478 ], [ 27.1477456, 58.4833796 ], [ 27.1477166, 58.4832812 ], [ 27.1476756, 58.483208 ], [ 27.1475138, 58.4830994 ], [ 27.1472048, 58.4829669 ], [ 27.1470454, 58.4829076 ], [ 27.1469464, 58.4828407 ], [ 27.1468764, 58.4827675 ], [ 27.146874, 58.4826779 ], [ 27.146816, 58.4826223 ], [ 27.1466977, 58.4825592 ], [ 27.1465818, 58.4824797 ], [ 27.1465697, 58.482409 ], [ 27.1466953, 58.4823219 ], [ 27.1468522, 58.4822323 ], [ 27.1469874, 58.4821843 ], [ 27.1471082, 58.482178 ], [ 27.1472506, 58.482202 ], [ 27.1473376, 58.4822247 ], [ 27.1474704, 58.4822184 ], [ 27.1475911, 58.4821704 ], [ 27.1475959, 58.4820985 ], [ 27.1475307, 58.4820051 ], [ 27.147439, 58.4819319 ], [ 27.1472337, 58.4818751 ], [ 27.1470237, 58.4818271 ], [ 27.1467581, 58.481812 ], [ 27.1463573, 58.4818322 ], [ 27.1461689, 58.4818132 ], [ 27.146012, 58.4817766 ], [ 27.1458623, 58.4817236 ], [ 27.1457584, 58.4816491 ], [ 27.1457029, 58.4815418 ], [ 27.1457053, 58.4814219 ], [ 27.1457367, 58.4813298 ], [ 27.1458526, 58.4812364 ], [ 27.1460941, 58.481172 ], [ 27.1463307, 58.4811695 ], [ 27.1465915, 58.4811745 ], [ 27.1468112, 58.4812048 ], [ 27.146944, 58.4812124 ], [ 27.1470768, 58.4811935 ], [ 27.1472651, 58.4811278 ], [ 27.1473762, 58.4810533 ], [ 27.1474704, 58.4809864 ], [ 27.1476515, 58.4808033 ], [ 27.1479026, 58.4806746 ], [ 27.1480426, 58.4805988 ], [ 27.1480668, 58.4805281 ], [ 27.147975, 58.4804448 ], [ 27.1478205, 58.4803489 ], [ 27.1475404, 58.4802479 ], [ 27.1473762, 58.4802403 ], [ 27.1470285, 58.4802555 ], [ 27.1468208, 58.4802555 ], [ 27.1467387, 58.4802075 ], [ 27.1467049, 58.4801343 ], [ 27.1467339, 58.4800283 ], [ 27.1469561, 58.4798743 ], [ 27.1472941, 58.4797152 ], [ 27.1477287, 58.4794375 ], [ 27.147806, 58.4793643 ], [ 27.1477818, 58.4792911 ], [ 27.1476804, 58.4792279 ], [ 27.1475066, 58.4791472 ], [ 27.1474293, 58.479079 ], [ 27.1474003, 58.4790032 ], [ 27.1474728, 58.4789553 ], [ 27.1478205, 58.4788997 ], [ 27.1482647, 58.478877 ], [ 27.1484483, 58.4788442 ], [ 27.1487621, 58.4787129 ], [ 27.1490471, 58.4786574 ], [ 27.1493996, 58.478574 ], [ 27.1496217, 58.4784806 ], [ 27.1497618, 58.4783721 ], [ 27.149839, 58.4781701 ], [ 27.1498873, 58.4778974 ], [ 27.1499936, 58.4775919 ], [ 27.1500757, 58.4773899 ], [ 27.1500467, 58.4771829 ], [ 27.1499598, 58.4769935 ], [ 27.1497859, 58.4768673 ], [ 27.1495976, 58.4766779 ], [ 27.1494962, 58.4765113 ], [ 27.1494382, 58.4763573 ], [ 27.1494817, 58.4762765 ], [ 27.1496217, 58.4762234 ], [ 27.1497763, 58.4762133 ], [ 27.150066, 58.4762411 ], [ 27.150235, 58.476226 ], [ 27.1503992, 58.4761578 ], [ 27.1504427, 58.4760871 ], [ 27.1504861, 58.4759962 ], [ 27.1504378, 58.4758472 ], [ 27.1503271, 58.4756985 ], [ 27.1501818, 58.4755786 ], [ 27.1498567, 58.4754344 ], [ 27.1495108, 58.4751721 ], [ 27.1493367, 58.4750121 ], [ 27.149274, 58.4749509 ], [ 27.1491968, 58.4748549 ], [ 27.1491203, 58.4746788 ], [ 27.1490239, 58.4746265 ], [ 27.148932, 58.4746064 ], [ 27.1487237, 58.4745872 ], [ 27.1484821, 58.4745721 ], [ 27.1482213, 58.4745544 ], [ 27.1480861, 58.4745368 ], [ 27.1479798, 58.4744863 ], [ 27.1479557, 58.4744383 ], [ 27.1479798, 58.4743625 ], [ 27.1480692, 58.4742605 ], [ 27.1481896, 58.4741505 ], [ 27.1486009, 58.4739221 ], [ 27.1489715, 58.4737873 ], [ 27.1493141, 58.4737055 ], [ 27.1498849, 58.4736045 ], [ 27.1504698, 58.4735833 ], [ 27.1513722, 58.4734685 ], [ 27.1516982, 58.4734282 ], [ 27.1518952, 58.4733743 ], [ 27.1519782, 58.4733051 ], [ 27.1519921, 58.4732161 ], [ 27.1519595, 58.473136 ], [ 27.1518499, 58.4730256 ], [ 27.1516429, 58.4727843 ], [ 27.1516271, 58.4726729 ], [ 27.1516617, 58.4725754 ], [ 27.1517567, 58.4724945 ], [ 27.1519598, 58.4723784 ], [ 27.1521285, 58.4723367 ], [ 27.1522907, 58.4723249 ], [ 27.1526286, 58.4723235 ], [ 27.1529596, 58.4724011 ], [ 27.1531936, 58.4724701 ], [ 27.1533942, 58.4724997 ], [ 27.1536106, 58.4725015 ], [ 27.1537798, 58.4724821 ], [ 27.1538582, 58.4724262 ], [ 27.1538667, 58.4723598 ], [ 27.1538303, 58.4722686 ], [ 27.1537527, 58.4721623 ], [ 27.1536154, 58.4720596 ], [ 27.1534236, 58.4719422 ], [ 27.1533408, 58.471813 ], [ 27.1533443, 58.4717482 ], [ 27.1534523, 58.4716864 ], [ 27.1536703, 58.47165 ], [ 27.1539678, 58.471665 ], [ 27.1542572, 58.4717098 ], [ 27.1548006, 58.4718297 ], [ 27.1551093, 58.4719496 ], [ 27.1552621, 58.4720722 ], [ 27.1554408, 58.4722591 ], [ 27.1561364, 58.4726648 ], [ 27.1563414, 58.4727297 ], [ 27.1564979, 58.472749 ], [ 27.156728, 58.4727351 ], [ 27.156866, 58.4726842 ], [ 27.1569603, 58.4725915 ], [ 27.1569716, 58.472398 ], [ 27.1570585, 58.4722111 ], [ 27.1571841, 58.4719611 ], [ 27.1572952, 58.4717339 ], [ 27.157329, 58.4715445 ], [ 27.1572903, 58.4713601 ], [ 27.1571841, 58.4711758 ], [ 27.1568316, 58.4707389 ], [ 27.156706, 58.4706177 ], [ 27.1565032, 58.4705091 ], [ 27.1562907, 58.4704535 ], [ 27.155943, 58.4703828 ], [ 27.1555036, 58.4703071 ], [ 27.1551704, 58.4702136 ], [ 27.1548999, 58.4700747 ], [ 27.1547744, 58.4699055 ], [ 27.1546826, 58.4696934 ], [ 27.154813, 58.4694813 ], [ 27.1549289, 58.4692616 ], [ 27.1548951, 58.4688626 ], [ 27.1548855, 58.468605 ], [ 27.1549675, 58.4684459 ], [ 27.1551993, 58.468307 ], [ 27.1558126, 58.4681302 ], [ 27.1564549, 58.4680039 ], [ 27.1567833, 58.4678877 ], [ 27.1570392, 58.467769 ], [ 27.1574497, 58.4674407 ], [ 27.1576815, 58.4672109 ], [ 27.1579906, 58.4670215 ], [ 27.1582948, 58.4669583 ], [ 27.1586763, 58.4669583 ], [ 27.1590819, 58.4670316 ], [ 27.1593379, 58.4672033 ], [ 27.1595021, 58.4674281 ], [ 27.159618, 58.4678852 ], [ 27.1597435, 58.4681049 ], [ 27.159927, 58.4681984 ], [ 27.160212, 58.4682438 ], [ 27.1605645, 58.4682211 ], [ 27.1610232, 58.4681453 ], [ 27.1620229, 58.4679206 ], [ 27.1623271, 58.4678221 ], [ 27.1625299, 58.4676806 ], [ 27.1626603, 58.467524 ], [ 27.1626313, 58.4673296 ], [ 27.1625058, 58.4671553 ], [ 27.1622836, 58.4669103 ], [ 27.1621194, 58.4667209 ], [ 27.1620422, 58.4665643 ], [ 27.1620229, 58.4664204 ], [ 27.162105, 58.4662815 ], [ 27.1624333, 58.466135 ], [ 27.1634716, 58.4659228 ], [ 27.1644084, 58.465842 ], [ 27.1650362, 58.4658976 ], [ 27.1655964, 58.4659582 ], [ 27.1661276, 58.4659834 ], [ 27.1666588, 58.465943 ], [ 27.1677405, 58.4658167 ], [ 27.1681945, 58.4657006 ], [ 27.1686244, 58.4655003 ], [ 27.168717, 58.4653266 ], [ 27.1686967, 58.4650742 ], [ 27.1685898, 58.4648889 ], [ 27.1685917, 58.4648326 ] ] } },
{ "type": "Feature", "properties": { "orig_fid": "w313530862", "waterway": "river", "name": "Kargaja jõgi" }, "geometry": { "type": "LineString", "coordinates": [ [ 27.0555124, 58.5774932 ], [ 27.0555597, 58.5774968 ], [ 27.0555935, 58.57751 ], [ 27.0556206, 58.5775417 ], [ 27.0556341, 58.5775638 ], [ 27.0556358, 58.5775902 ], [ 27.055622, 58.5776498 ], [ 27.055641, 58.5777165 ], [ 27.0556755, 58.5777777 ], [ 27.0557015, 58.5778138 ], [ 27.0557654, 58.5778336 ], [ 27.0559884, 58.5778769 ], [ 27.0561077, 58.5779147 ], [ 27.0561682, 58.5779301 ], [ 27.0562374, 58.5779247 ], [ 27.0563342, 58.577903 ], [ 27.0564586, 58.577903 ], [ 27.0565762, 58.5779183 ], [ 27.0567024, 58.5779265 ], [ 27.0568061, 58.5779219 ], [ 27.056953, 58.5779057 ], [ 27.0570326, 58.5778904 ], [ 27.0570879, 58.5779021 ], [ 27.0571225, 58.5779517 ], [ 27.0572175, 58.5780157 ], [ 27.0572504, 58.5780301 ], [ 27.0573074, 58.5780265 ], [ 27.0573627, 58.5780166 ], [ 27.057425, 58.5780166 ], [ 27.0574751, 58.578022 ], [ 27.0574993, 58.5780319 ], [ 27.0575114, 58.5780508 ], [ 27.057501, 58.5780661 ], [ 27.0574457, 58.5781058 ], [ 27.0574492, 58.5781202 ], [ 27.057463, 58.5781319 ], [ 27.0575183, 58.5781464 ], [ 27.0575667, 58.578159 ], [ 27.057629, 58.5781932 ], [ 27.0576843, 58.5782329 ], [ 27.0577154, 58.5782878 ], [ 27.0577517, 58.5783275 ], [ 27.0577984, 58.5783518 ], [ 27.0578502, 58.5783581 ], [ 27.0579107, 58.5783509 ], [ 27.0579885, 58.5783311 ], [ 27.0580871, 58.5783059 ], [ 27.0581424, 58.5782951 ], [ 27.0581856, 58.578296 ], [ 27.0582029, 58.5783068 ], [ 27.0582115, 58.5783149 ], [ 27.0582046, 58.5783338 ], [ 27.0581683, 58.5783554 ], [ 27.0581579, 58.5783924 ], [ 27.05817, 58.5784203 ], [ 27.0581769, 58.5784537 ], [ 27.0582081, 58.5784897 ], [ 27.0582375, 58.5785159 ], [ 27.0583222, 58.5785591 ], [ 27.0583878, 58.5785916 ], [ 27.0584207, 58.578633 ], [ 27.0584656, 58.5786853 ], [ 27.0585019, 58.5787015 ], [ 27.05854, 58.578706 ], [ 27.0585987, 58.5787042 ], [ 27.0586281, 58.5787096 ], [ 27.0586437, 58.5787231 ], [ 27.0586489, 58.5787394 ], [ 27.058642, 58.5787655 ], [ 27.0586472, 58.5787799 ], [ 27.058699, 58.5787952 ], [ 27.058744, 58.5787925 ], [ 27.0589116, 58.578788 ], [ 27.0591779, 58.5787619 ], [ 27.0593006, 58.5787592 ], [ 27.0594026, 58.5787673 ], [ 27.0594493, 58.5787862 ], [ 27.0595219, 58.578843 ], [ 27.0595513, 58.5788574 ], [ 27.0595893, 58.5788565 ], [ 27.0596135, 58.5788529 ], [ 27.0596342, 58.5788457 ], [ 27.0596463, 58.5788286 ], [ 27.0596671, 58.5787763 ], [ 27.0596705, 58.5787493 ], [ 27.0596896, 58.5787376 ], [ 27.0597449, 58.5787276 ], [ 27.0597898, 58.5787339 ], [ 27.0599264, 58.5787601 ], [ 27.0599592, 58.5787817 ], [ 27.0599938, 58.5788069 ], [ 27.0600422, 58.5788232 ], [ 27.060082, 58.5788241 ], [ 27.0600958, 58.5788187 ], [ 27.0600958, 58.5788087 ], [ 27.060082, 58.5787862 ], [ 27.0600474, 58.5787547 ], [ 27.0600111, 58.5787195 ], [ 27.0600232, 58.578697 ], [ 27.0600578, 58.5786763 ], [ 27.0601304, 58.5786591 ], [ 27.0601736, 58.5786456 ], [ 27.0601926, 58.5786249 ], [ 27.0602099, 58.5785852 ], [ 27.060222, 58.5785573 ], [ 27.0602756, 58.5785267 ], [ 27.0603655, 58.578515 ], [ 27.0604934, 58.5784951 ], [ 27.0605504, 58.5784951 ], [ 27.0606109, 58.5784762 ], [ 27.0606818, 58.5784726 ], [ 27.0607717, 58.578469 ], [ 27.0608236, 58.5784564 ], [ 27.0609048, 58.578423 ], [ 27.0609515, 58.5784104 ], [ 27.0610293, 58.578396 ], [ 27.061299, 58.5783798 ], [ 27.0615911, 58.5783473 ], [ 27.0619178, 58.5782987 ], [ 27.0620198, 58.5782942 ], [ 27.0621184, 58.5783203 ], [ 27.062165, 58.5783572 ], [ 27.0623431, 58.5785744 ], [ 27.0623811, 58.5786069 ], [ 27.0624399, 58.5786231 ], [ 27.0625229, 58.5786258 ], [ 27.0625937, 58.5786123 ], [ 27.0626767, 58.5785907 ], [ 27.062834, 58.5785429 ], [ 27.0629101, 58.5785177 ], [ 27.0629741, 58.5785104 ], [ 27.0630553, 58.5785095 ], [ 27.063121, 58.5785213 ], [ 27.0631625, 58.5785438 ], [ 27.0632022, 58.5785771 ], [ 27.0632403, 58.5786204 ], [ 27.0632921, 58.5786673 ], [ 27.0633319, 58.5786943 ], [ 27.0634598, 58.5787484 ], [ 27.0635635, 58.5788051 ], [ 27.0636292, 58.5788565 ], [ 27.0636949, 58.5789052 ], [ 27.0637623, 58.5790025 ], [ 27.063828, 58.5790683 ], [ 27.0638712, 58.579107 ], [ 27.0639041, 58.5791305 ], [ 27.0639542, 58.5791431 ], [ 27.0642446, 58.5791764 ], [ 27.0646025, 58.5792071 ], [ 27.0647269, 58.5792269 ], [ 27.0648099, 58.5792557 ], [ 27.064848, 58.5792711 ], [ 27.064943, 58.5792828 ], [ 27.0650208, 58.5792846 ], [ 27.06509, 58.5792783 ], [ 27.0651971, 58.5792557 ], [ 27.0652974, 58.5792476 ], [ 27.0653631, 58.5792557 ], [ 27.0654098, 58.5792593 ], [ 27.0654565, 58.5792657 ], [ 27.0655239, 58.5792575 ], [ 27.0655809, 58.5792449 ], [ 27.0658471, 58.5792143 ], [ 27.06667, 58.5791206 ], [ 27.067581, 58.5790142 ], [ 27.0677297, 58.5789881 ], [ 27.0680529, 58.5789439 ], [ 27.0682483, 58.5789196 ], [ 27.0684004, 58.578898 ], [ 27.0687444, 58.578852 ], [ 27.0688205, 58.5788601 ], [ 27.0688568, 58.5788538 ], [ 27.0690279, 58.5788223 ], [ 27.0692544, 58.5787961 ], [ 27.0697436, 58.5787385 ], [ 27.0702466, 58.5786763 ], [ 27.07099, 58.5785807 ], [ 27.0717575, 58.5784708 ], [ 27.0722277, 58.578405 ], [ 27.0725095, 58.5783834 ], [ 27.0731249, 58.5783374 ], [ 27.0736262, 58.5782851 ], [ 27.0739115, 58.5782446 ], [ 27.0741258, 58.5782221 ], [ 27.0743868, 58.5782212 ], [ 27.0744767, 58.5782266 ], [ 27.0745493, 58.5782383 ], [ 27.0746029, 58.5782554 ], [ 27.0746755, 58.5782797 ], [ 27.0747516, 58.5782951 ], [ 27.0748657, 58.5783167 ], [ 27.0750213, 58.5783329 ], [ 27.0751233, 58.5783437 ], [ 27.0751924, 58.5783672 ], [ 27.0752823, 58.5784077 ], [ 27.0753774, 58.5784474 ], [ 27.0754811, 58.578487 ], [ 27.0756955, 58.5785618 ], [ 27.0758735, 58.5786366 ], [ 27.0759842, 58.5786925 ], [ 27.0760879, 58.5787709 ], [ 27.0761622, 58.5788484 ], [ 27.0762175, 58.5789007 ], [ 27.0763022, 58.5789304 ], [ 27.0764146, 58.5789547 ], [ 27.076527, 58.5789583 ], [ 27.076667, 58.5789502 ], [ 27.0767672, 58.5789214 ], [ 27.0768226, 58.5788817 ], [ 27.0768762, 58.5788313 ], [ 27.0769263, 58.5787772 ], [ 27.0769401, 58.5787484 ], [ 27.076966, 58.5787276 ], [ 27.0770231, 58.5787096 ], [ 27.077094, 58.5786979 ], [ 27.0771648, 58.5786979 ], [ 27.0772219, 58.5787033 ], [ 27.0772859, 58.5786961 ], [ 27.0773446, 58.5786781 ], [ 27.0774121, 58.5786628 ], [ 27.077495, 58.5786492 ], [ 27.0776005, 58.578651 ], [ 27.0777388, 58.5786564 ], [ 27.0778062, 58.5786781 ], [ 27.0778598, 58.578688 ], [ 27.0778961, 58.578688 ], [ 27.0780966, 58.57867 ], [ 27.0781744, 58.5786709 ], [ 27.0782366, 58.5786979 ], [ 27.0782695, 58.5787412 ], [ 27.0782729, 58.5787673 ], [ 27.0782695, 58.5788105 ], [ 27.0782816, 58.5788556 ], [ 27.07833, 58.5789133 ], [ 27.078387, 58.5789502 ], [ 27.0784302, 58.5789656 ], [ 27.0784856, 58.5789773 ], [ 27.0785322, 58.5789773 ], [ 27.0785685, 58.5789565 ], [ 27.0785997, 58.5789367 ], [ 27.0786308, 58.5789214 ], [ 27.0787017, 58.5789052 ], [ 27.0787466, 58.5789052 ], [ 27.0787846, 58.5789034 ], [ 27.078814, 58.5788899 ], [ 27.0788624, 58.5788646 ], [ 27.0789143, 58.5788439 ], [ 27.0789852, 58.5788394 ], [ 27.0790457, 58.5788403 ], [ 27.0791321, 58.5788421 ], [ 27.0792099, 58.5788304 ], [ 27.0792842, 58.5788069 ], [ 27.0793274, 58.5787727 ], [ 27.0794018, 58.5787394 ], [ 27.0795435, 58.5787096 ], [ 27.0800016, 58.5786321 ], [ 27.0802903, 58.5785807 ], [ 27.081146, 58.5784329 ], [ 27.0814278, 58.5783789 ], [ 27.0814658, 58.5783708 ], [ 27.0814883, 58.5783599 ], [ 27.0815039, 58.5783401 ], [ 27.0815125, 58.578314 ], [ 27.0815695, 58.5781959 ], [ 27.0816214, 58.5780995 ], [ 27.0816508, 58.5780734 ], [ 27.0816715, 58.5780364 ], [ 27.0817009, 58.5779949 ], [ 27.0817044, 58.5779589 ], [ 27.0817234, 58.5779219 ], [ 27.0817562, 58.5778859 ], [ 27.0818012, 58.5778444 ], [ 27.0818496, 58.577748 ], [ 27.0819066, 58.577611 ], [ 27.0820069, 58.5774434 ], [ 27.082038, 58.5773857 ], [ 27.0820968, 58.5773388 ], [ 27.0821659, 58.5772442 ], [ 27.0822783, 58.5771045 ], [ 27.0823492, 58.577018 ], [ 27.0824719, 58.5768765 ], [ 27.0825307, 58.5768368 ], [ 27.0825791, 58.5767774 ], [ 27.0826379, 58.5766629 ], [ 27.0827036, 58.5765394 ], [ 27.0828004, 58.5764466 ], [ 27.0828591, 58.5763493 ], [ 27.0829767, 58.5762672 ], [ 27.0830908, 58.5761672 ], [ 27.0831841, 58.5760618 ], [ 27.0831928, 58.5760014 ], [ 27.0832567, 58.5757346 ], [ 27.0832861, 58.5755715 ], [ 27.0833172, 58.5755048 ], [ 27.0833345, 58.5754696 ], [ 27.0833, 58.5754273 ], [ 27.0832567, 58.575393 ], [ 27.0831651, 58.5753146 ], [ 27.0830234, 58.5752091 ], [ 27.0829006, 58.5750541 ], [ 27.0828107, 58.5748973 ], [ 27.0827433, 58.5748081 ], [ 27.0825929, 58.5746377 ], [ 27.0824823, 58.5744683 ], [ 27.0824598, 58.5743403 ], [ 27.0824512, 58.5740951 ], [ 27.0824391, 58.5740329 ], [ 27.0824304, 58.5739897 ], [ 27.0824546, 58.5739518 ], [ 27.0824909, 58.5739121 ], [ 27.0825826, 58.5738049 ], [ 27.0826586, 58.5737301 ], [ 27.0827779, 58.5735795 ], [ 27.0828764, 58.5734344 ], [ 27.0829162, 58.5733912 ], [ 27.0829542, 58.573365 ], [ 27.0830268, 58.573347 ], [ 27.0831081, 58.5733227 ], [ 27.0832049, 58.5732821 ], [ 27.083255, 58.5732614 ], [ 27.083376, 58.5732046 ], [ 27.0835039, 58.5731469 ], [ 27.0835886, 58.5731172 ], [ 27.0837529, 58.5730685 ], [ 27.083886, 58.573009 ], [ 27.0840312, 58.5729603 ], [ 27.0841245, 58.5729324 ], [ 27.0841954, 58.5728882 ], [ 27.0842646, 58.5728368 ], [ 27.0843233, 58.5728143 ], [ 27.0843994, 58.5727963 ], [ 27.0844962, 58.5727503 ], [ 27.0846068, 58.572707 ], [ 27.0846795, 58.5726737 ], [ 27.0847158, 58.5726539 ], [ 27.0847417, 58.5726187 ], [ 27.0847469, 58.5726025 ], [ 27.0847434, 58.5725826 ], [ 27.0847158, 58.5725691 ], [ 27.0846898, 58.5725592 ], [ 27.084657, 58.5725484 ], [ 27.0846086, 58.5725214 ], [ 27.0845775, 58.5724889 ], [ 27.0845325, 58.5724592 ], [ 27.0844841, 58.572433 ], [ 27.0844564, 58.5724069 ], [ 27.0844599, 58.5723645 ], [ 27.0844824, 58.5723267 ], [ 27.0845187, 58.5722789 ], [ 27.0845757, 58.5722293 ], [ 27.0846259, 58.5721383 ], [ 27.0847037, 58.5720788 ], [ 27.0847503, 58.5720499 ], [ 27.0847814, 58.571985 ], [ 27.0848108, 58.571903 ], [ 27.0848281, 58.5718697 ], [ 27.0848506, 58.5718561 ], [ 27.0848765, 58.5718462 ], [ 27.0849146, 58.571821 ], [ 27.0849232, 58.5717984 ], [ 27.0849301, 58.571775 ], [ 27.0849197, 58.5717624 ], [ 27.0848921, 58.571757 ], [ 27.0848419, 58.571766 ], [ 27.0848022, 58.5717687 ], [ 27.0847693, 58.5717597 ], [ 27.08474, 58.5717408 ], [ 27.0846449, 58.5716885 ], [ 27.084593, 58.5716461 ], [ 27.0845723, 58.5715929 ], [ 27.0845861, 58.5715425 ], [ 27.0846414, 58.5715046 ], [ 27.0847261, 58.5714739 ], [ 27.0849111, 58.5714442 ], [ 27.0850183, 58.5714361 ], [ 27.0850909, 58.5714127 ], [ 27.0851739, 58.5714036 ], [ 27.0852672, 58.5713874 ], [ 27.0853139, 58.5713577 ], [ 27.0853485, 58.5713162 ], [ 27.0853899, 58.571272 ], [ 27.0854435, 58.5712603 ], [ 27.0855109, 58.5712549 ], [ 27.0855836, 58.5712504 ], [ 27.0856389, 58.5712441 ], [ 27.0856925, 58.571227 ], [ 27.085727, 58.5712071 ], [ 27.085772, 58.5711621 ], [ 27.0857875, 58.5711287 ], [ 27.0857633, 58.5710945 ], [ 27.0857149, 58.5710638 ], [ 27.0856371, 58.5710323 ], [ 27.0855438, 58.5710016 ], [ 27.0854332, 58.570971 ], [ 27.0853727, 58.5709448 ], [ 27.0853156, 58.5709259 ], [ 27.0852395, 58.5709016 ], [ 27.0852067, 58.5708727 ], [ 27.0851946, 58.5708574 ], [ 27.0851687, 58.5708466 ], [ 27.0851445, 58.5708412 ], [ 27.0850822, 58.5708348 ], [ 27.0850338, 58.570815 ], [ 27.085001, 58.5707727 ], [ 27.0850062, 58.5707465 ], [ 27.0850217, 58.5707204 ], [ 27.0850822, 58.5706681 ], [ 27.0851583, 58.5706302 ], [ 27.0852534, 58.5705978 ], [ 27.0853329, 58.57055 ], [ 27.0854072, 58.5705148 ], [ 27.0855092, 58.5704896 ], [ 27.0856043, 58.570459 ], [ 27.0856804, 58.5704337 ], [ 27.0857893, 58.5704031 ], [ 27.0858705, 58.5703787 ], [ 27.0859034, 58.5703472 ], [ 27.0859293, 58.5702976 ], [ 27.0859362, 58.5702489 ], [ 27.0859431, 58.5701912 ], [ 27.0859206, 58.5701263 ], [ 27.0858774, 58.5700407 ], [ 27.0858273, 58.5699857 ], [ 27.0857582, 58.5699199 ], [ 27.0857599, 58.5698703 ], [ 27.0857893, 58.5698325 ], [ 27.085829, 58.5698189 ], [ 27.0858843, 58.5698135 ], [ 27.0859569, 58.5698081 ], [ 27.0860451, 58.5697928 ], [ 27.0861333, 58.5697612 ], [ 27.086218, 58.5697252 ], [ 27.0863148, 58.5696945 ], [ 27.086377, 58.5696828 ], [ 27.0864306, 58.5696603 ], [ 27.0864842, 58.5696341 ], [ 27.0865862, 58.5696197 ], [ 27.0866882, 58.5696035 ], [ 27.086766, 58.5695846 ], [ 27.0868282, 58.5695575 ], [ 27.0868749, 58.5695422 ], [ 27.0869267, 58.5695296 ], [ 27.0870408, 58.5695125 ], [ 27.0871307, 58.5695025 ], [ 27.0871999, 58.569498 ], [ 27.0872569, 58.5694845 ], [ 27.0872673, 58.5694647 ], [ 27.0872673, 58.5694214 ], [ 27.0872535, 58.5693754 ], [ 27.087269, 58.5693358 ], [ 27.0873122, 58.5693006 ], [ 27.0873399, 58.5692763 ], [ 27.087371, 58.5692691 ], [ 27.0874021, 58.5692673 ], [ 27.0875128, 58.5692817 ], [ 27.0875906, 58.569288 ], [ 27.087639, 58.5692988 ], [ 27.0876718, 58.5693114 ], [ 27.0877254, 58.5693304 ], [ 27.0877721, 58.5693349 ], [ 27.0878084, 58.5693331 ], [ 27.0878343, 58.5693249 ], [ 27.0878758, 58.5693078 ], [ 27.0879121, 58.569288 ], [ 27.0879709, 58.5692519 ], [ 27.0880089, 58.5692096 ], [ 27.0880677, 58.5691645 ], [ 27.0881455, 58.5691248 ], [ 27.0881887, 58.5690987 ], [ 27.0882596, 58.569059 ], [ 27.0882976, 58.5690212 ], [ 27.0883287, 58.5689914 ], [ 27.0883546, 58.5689572 ], [ 27.0883875, 58.5689517 ], [ 27.0884324, 58.5689517 ], [ 27.0884774, 58.5689626 ], [ 27.0885171, 58.5689779 ], [ 27.0885379, 58.5690013 ], [ 27.0885465, 58.5690302 ], [ 27.0885776, 58.5690473 ], [ 27.0886209, 58.5690536 ], [ 27.0886606, 58.5690554 ], [ 27.0887332, 58.5690536 ], [ 27.0888024, 58.5690527 ], [ 27.0888577, 58.5690428 ], [ 27.0889078, 58.5690302 ], [ 27.0889752, 58.5690176 ], [ 27.0890565, 58.5690094 ], [ 27.0891325, 58.5689977 ], [ 27.0891654, 58.5689779 ], [ 27.0891896, 58.5689572 ], [ 27.0892138, 58.5689328 ], [ 27.0892, 58.5688895 ], [ 27.089181, 58.5688688 ], [ 27.089136, 58.5688562 ], [ 27.0890962, 58.5688409 ], [ 27.0890738, 58.5688138 ], [ 27.089072, 58.5687832 ], [ 27.0891049, 58.5687507 ], [ 27.0891671, 58.5687102 ], [ 27.0892553, 58.5686561 ], [ 27.0892985, 58.5686128 ], [ 27.0892968, 58.5685659 ], [ 27.089276, 58.5685344 ], [ 27.0892, 58.5684803 ], [ 27.0891274, 58.5684406 ], [ 27.0890565, 58.5684208 ], [ 27.0890133, 58.5684037 ], [ 27.0890029, 58.5683793 ], [ 27.0890064, 58.5683622 ], [ 27.0890271, 58.5683424 ], [ 27.0890582, 58.5683297 ], [ 27.089098, 58.5683162 ], [ 27.0891464, 58.5682946 ], [ 27.0891827, 58.5682675 ], [ 27.0891982, 58.5682423 ], [ 27.0891948, 58.5682125 ], [ 27.0891585, 58.5681738 ], [ 27.0890686, 58.5681053 ], [ 27.0889234, 58.5680268 ], [ 27.0888197, 58.5680079 ], [ 27.0887142, 58.5679818 ], [ 27.0886537, 58.5679349 ], [ 27.088607, 58.5678664 ], [ 27.088588, 58.5677834 ], [ 27.0885776, 58.5677158 ], [ 27.0885863, 58.567668 ], [ 27.0886078, 58.5676437 ], [ 27.0886451, 58.5676266 ], [ 27.0887713, 58.5675986 ], [ 27.0888853, 58.5675725 ], [ 27.0889268, 58.5675599 ], [ 27.0889458, 58.5675499 ], [ 27.0889528, 58.5675346 ], [ 27.0889545, 58.5675094 ], [ 27.0889545, 58.567467 ], [ 27.0889822, 58.5673976 ], [ 27.0889839, 58.5673525 ], [ 27.088977, 58.5673228 ], [ 27.0889424, 58.5672777 ], [ 27.0888577, 58.567238 ], [ 27.0887246, 58.5672164 ], [ 27.0886589, 58.5672065 ], [ 27.0885171, 58.5672074 ], [ 27.0884376, 58.5672155 ], [ 27.088384, 58.5672398 ], [ 27.0883391, 58.5672461 ], [ 27.088282, 58.5672362 ], [ 27.0882388, 58.5672227 ], [ 27.0881939, 58.5672146 ], [ 27.0881489, 58.5672173 ], [ 27.0881319, 58.5672249 ], [ 27.0881109, 58.5672281 ], [ 27.0880677, 58.5672164 ], [ 27.0880296, 58.567183 ], [ 27.0879894, 58.5671529 ], [ 27.0879405, 58.5671204 ], [ 27.0878121, 58.5670828 ], [ 27.0877522, 58.5670529 ], [ 27.0877363, 58.5670376 ], [ 27.0876825, 58.5670337 ], [ 27.0876312, 58.5670293 ], [ 27.0875896, 58.5670203 ], [ 27.0874637, 58.5669764 ], [ 27.0873635, 58.5669528 ], [ 27.0873097, 58.5669464 ], [ 27.0872388, 58.5669483 ], [ 27.0871447, 58.5669515 ], [ 27.0869858, 58.5669209 ], [ 27.0868171, 58.5668667 ], [ 27.0866912, 58.5668215 ], [ 27.0866394, 58.5667927 ] ] } },
{ "type": "Feature", "properties": { "orig_fid": "w313530863", "waterway": "river", "name": "Kargaja jõgi" }, "geometry": { "type": "LineString", "coordinates": [ [ 27.0849044, 58.5599509 ], [ 27.0849238, 58.5599205 ], [ 27.0849733, 58.5598919 ], [ 27.0849892, 58.5598615 ], [ 27.0850211, 58.5598246 ], [ 27.0850493, 58.5598016 ], [ 27.0850723, 58.5597674 ], [ 27.0851095, 58.5597241 ] ] } },
{ "type": "Feature", "properties": { "orig_fid": "w313530864", "waterway": "river", "name": "Kargaja jõgi" }, "geometry": { "type": "LineString", "coordinates": [ [ 27.0863019, 58.5560444 ], [ 27.0863034, 58.5560092 ], [ 27.0863229, 58.5559801 ], [ 27.0863061, 58.5559483 ], [ 27.0862672, 58.5559289 ], [ 27.0862159, 58.5559243 ], [ 27.0861735, 58.5559317 ], [ 27.0861435, 58.5559446 ], [ 27.0861352, 58.5559479 ] ] } },
{ "type": "Feature", "properties": { "orig_fid": "w313530865", "waterway": "river", "name": "Kargaja jõgi" }, "geometry": { "type": "LineString", "coordinates": [ [ 27.0885129, 58.563554 ], [ 27.0885704, 58.5635572 ], [ 27.0886315, 58.5635496 ], [ 27.0886755, 58.5635292 ], [ 27.0886939, 58.5635024 ], [ 27.088678, 58.5634508 ], [ 27.0886327, 58.5634112 ], [ 27.0885655, 58.5633813 ], [ 27.0884783, 58.5633464 ] ] } },
{ "type": "Feature", "properties": { "orig_fid": "w313530866", "waterway": "river", "name": "Kargaja jõgi" }, "geometry": { "type": "LineString", "coordinates": [ [ 27.0858382, 58.5571744 ], [ 27.0858283, 58.5571604 ], [ 27.0858204, 58.5571424 ], [ 27.0857718, 58.5571249 ], [ 27.0857625, 58.557103 ], [ 27.0857713, 58.5570555 ], [ 27.0857377, 58.5570186 ], [ 27.0856741, 58.5569992 ], [ 27.0856469, 58.5569747 ] ] } },
{ "type": "Feature", "properties": { "orig_fid": "w313530867", "waterway": "river", "name": "Kargaja jõgi" }, "geometry": { "type": "LineString", "coordinates": [ [ 27.0876123, 58.5616244 ], [ 27.0876231, 58.5616032 ], [ 27.0876001, 58.5615838 ], [ 27.087563, 58.5615534 ], [ 27.0875011, 58.5615165 ], [ 27.0874481, 58.5614907 ], [ 27.0873686, 58.5614796 ], [ 27.0873138, 58.5614695 ], [ 27.0872218, 58.5614741 ] ] } },
{ "type": "Feature", "properties": { "orig_fid": "w313530879", "waterway": "drain", "name": null }, "geometry": { "type": "LineString", "coordinates": [ [ 27.0945597, 58.557794 ], [ 27.0912337, 58.55771 ], [ 27.0873823, 58.5576392 ], [ 27.085442, 58.5576071 ] ] } },
{ "type": "Feature", "properties": { "orig_fid": "w313530880", "waterway": "drain", "name": null }, "geometry": { "type": "LineString", "coordinates": [ [ 27.0758405, 58.5605669 ], [ 27.076149, 58.5604298 ], [ 27.077297, 58.5601276 ], [ 27.081186, 58.5591323 ], [ 27.0821686, 58.5588782 ] ] } },
{ "type": "Feature", "properties": { "orig_fid": "w313530881", "waterway": "drain", "name": null }, "geometry": { "type": "LineString", "coordinates": [ [ 27.0838094, 58.5629704 ], [ 27.0819104, 58.5628921 ], [ 27.0819747, 58.5619016 ], [ 27.0821476, 58.5591139 ], [ 27.0821686, 58.5588782 ], [ 27.0822961, 58.5574504 ] ] } },
{ "type": "Feature", "properties": { "orig_fid": "w313530882", "waterway": "drain", "name": null }, "geometry": { "type": "LineString", "coordinates": [ [ 27.0730054, 58.5572231 ], [ 27.0754409, 58.5572959 ], [ 27.0771682, 58.5573182 ], [ 27.0817446, 58.5574348 ], [ 27.0822961, 58.5574504 ], [ 27.0836325, 58.5574984 ], [ 27.084085, 58.557491 ], [ 27.0844456, 58.5574394 ], [ 27.0850524, 58.5572862 ] ] } },
{ "type": "Feature", "properties": { "orig_fid": "w315778149", "waterway": "stream", "name": "Viira oja" }, "geometry": { "type": "LineString", "coordinates": [ [ 27.1119935, 58.4324535 ], [ 27.1120847, 58.432358 ], [ 27.1122456, 58.4323749 ], [ 27.112369, 58.4321839 ], [ 27.1125192, 58.4321502 ], [ 27.1125836, 58.4320379 ], [ 27.1126909, 58.431948 ], [ 27.1128304, 58.431875 ], [ 27.1129591, 58.4317683 ], [ 27.1130127, 58.431684 ], [ 27.1131683, 58.4316307 ], [ 27.1133561, 58.4316391 ], [ 27.1135385, 58.4317121 ], [ 27.1137155, 58.4317374 ], [ 27.1138603, 58.4317908 ], [ 27.1140213, 58.4317739 ], [ 27.1140159, 58.4316812 ], [ 27.1140374, 58.4315689 ], [ 27.1142251, 58.4315661 ], [ 27.1143002, 58.4315605 ], [ 27.1143667, 58.4314855 ], [ 27.1142439, 58.4313337 ], [ 27.1142841, 58.4312785 ], [ 27.1144182, 58.4313021 ], [ 27.1145585, 58.4313446 ], [ 27.1146006, 58.4313189 ], [ 27.1145792, 58.4312515 ], [ 27.1144504, 58.4311954 ], [ 27.1143699, 58.4311364 ], [ 27.1143742, 58.4310696 ], [ 27.1145041, 58.4310774 ], [ 27.1147508, 58.431128 ], [ 27.1149654, 58.4311392 ], [ 27.1155662, 58.4311729 ], [ 27.1156628, 58.4311224 ], [ 27.1158237, 58.4311111 ] ] } },
{ "type": "Feature", "properties": { "orig_fid": "w315778150", "waterway": "stream", "name": "Lodu pkr" }, "geometry": { "type": "LineString", "coordinates": [ [ 27.0804454, 58.410601 ], [ 27.0855523, 58.4132255 ], [ 27.0868076, 58.4136245 ], [ 27.0872153, 58.4138324 ], [ 27.0915175, 58.4161532 ], [ 27.0928264, 58.4167938 ], [ 27.0951224, 58.4189009 ], [ 27.0981909, 58.4218731 ], [ 27.0998413, 58.4233718 ], [ 27.1013183, 58.424713 ], [ 27.1023483, 58.4251231 ], [ 27.1048257, 58.4260759 ], [ 27.1069231, 58.4268862 ], [ 27.1072418, 58.42702 ] ] } },
{ "type": "Feature", "properties": { "orig_fid": "w315778151", "waterway": "stream", "name": null }, "geometry": { "type": "LineString", "coordinates": [ [ 27.1225241, 58.4406808 ], [ 27.1234844, 58.4403074 ], [ 27.1239454, 58.4401558 ], [ 27.1241303, 58.4400665 ] ] } },
{ "type": "Feature", "properties": { "orig_fid": "w315778152", "waterway": "stream", "name": "Lodu pkr" }, "geometry": { "type": "LineString", "coordinates": [ [ 27.1158237, 58.4311111 ], [ 27.1162421, 58.4314706 ], [ 27.1164352, 58.4317346 ], [ 27.1170468, 58.4319199 ], [ 27.1175403, 58.4321502 ], [ 27.1179158, 58.432403 ], [ 27.1182377, 58.4326445 ], [ 27.1184308, 58.4328972 ], [ 27.1185971, 58.4330067 ], [ 27.1187634, 58.4333128 ], [ 27.1188492, 58.4336498 ], [ 27.1191282, 58.4338857 ], [ 27.119434, 58.4339166 ], [ 27.1198792, 58.433852 ], [ 27.1202333, 58.4338408 ], [ 27.1204317, 58.4339391 ], [ 27.120641, 58.4341834 ], [ 27.120641, 58.4344586 ], [ 27.1205873, 58.4347057 ], [ 27.1208877, 58.4348349 ], [ 27.1213061, 58.4349303 ], [ 27.1216441, 58.4352477 ], [ 27.1215958, 58.4356548 ], [ 27.1216495, 58.4358795 ], [ 27.1219821, 58.4360143 ], [ 27.1226204, 58.4362585 ], [ 27.1236772, 58.436413 ], [ 27.1241922, 58.4364523 ], [ 27.1249647, 58.4366432 ], [ 27.1254367, 58.4366376 ], [ 27.1258088, 58.4365831 ] ] } },
{ "type": "Feature", "properties": { "orig_fid": "w315778153", "waterway": "stream", "name": "Põdraoja" }, "geometry": { "type": "LineString", "coordinates": [ [ 27.1268479, 58.4418965 ], [ 27.1271158, 58.4416888 ], [ 27.1274645, 58.4414108 ], [ 27.1275879, 58.4411778 ], [ 27.1275667, 58.4409925 ], [ 27.1273521, 58.4408521 ], [ 27.1264828, 58.4404338 ], [ 27.1257157, 58.4400716 ], [ 27.1254746, 58.440007 ], [ 27.1252275, 58.4399845 ], [ 27.124911, 58.4401249 ], [ 27.1244178, 58.4401642 ], [ 27.1241761, 58.4401334 ], [ 27.1241303, 58.4400665 ], [ 27.1240742, 58.4399845 ], [ 27.1242461, 58.4398385 ], [ 27.1247504, 58.4396897 ], [ 27.1255228, 58.4395887 ], [ 27.1259305, 58.4395999 ], [ 27.1263007, 58.4396336 ], [ 27.1266545, 58.4396336 ], [ 27.1269549, 58.4395353 ], [ 27.1271912, 58.4393416 ], [ 27.1271912, 58.4391394 ], [ 27.1270678, 58.4389597 ], [ 27.1266545, 58.4387632 ], [ 27.126188, 58.4385779 ], [ 27.1255387, 58.4383224 ], [ 27.1253509, 58.4380416 ], [ 27.1257371, 58.4376597 ], [ 27.1262521, 58.4373901 ], [ 27.1264131, 58.4371374 ], [ 27.1261663, 58.4369128 ], [ 27.1257908, 58.4366657 ], [ 27.1258088, 58.4365831 ], [ 27.1258337, 58.4364691 ], [ 27.1260268, 58.4363512 ], [ 27.1264345, 58.4362726 ], [ 27.1268422, 58.4362164 ], [ 27.1273197, 58.4361912 ], [ 27.1278507, 58.4361266 ], [ 27.1281243, 58.4360451 ], [ 27.1283335, 58.4358402 ], [ 27.1283979, 58.4355706 ], [ 27.1283121, 58.4352392 ], [ 27.1283228, 58.4348798 ], [ 27.1283711, 58.4346523 ], [ 27.1286125, 58.4343856 ], [ 27.1287573, 58.4342367 ], [ 27.1287305, 58.4340711 ], [ 27.1284784, 58.4339728 ], [ 27.1281619, 58.4338633 ], [ 27.1276469, 58.4336386 ], [ 27.1276576, 58.433487 ], [ 27.1277166, 58.433282 ], [ 27.1279044, 58.4331163 ], [ 27.128237, 58.4329422 ], [ 27.1287734, 58.4326501 ], [ 27.1288592, 58.4324367 ], [ 27.1289129, 58.4323019 ], [ 27.1286983, 58.4320997 ], [ 27.1282692, 58.4319256 ], [ 27.1278293, 58.4318188 ], [ 27.1274216, 58.431684 ], [ 27.127207, 58.4315324 ], [ 27.1272714, 58.4313639 ], [ 27.1275235, 58.4311701 ], [ 27.1280438, 58.4310156 ], [ 27.1286983, 58.4307854 ], [ 27.1290953, 58.4304652 ], [ 27.129224, 58.4301338 ], [ 27.1295781, 58.429954 ], [ 27.1308763, 58.4299484 ], [ 27.1321423, 58.429926 ], [ 27.1326143, 58.4298754 ], [ 27.1327544, 58.4298109 ] ] } },
{ "type": "Feature", "properties": { "orig_fid": "w315778154", "waterway": "stream", "name": null }, "geometry": { "type": "LineString", "coordinates": [ [ 27.1105344, 58.4269938 ], [ 27.1107597, 58.4267972 ], [ 27.1110065, 58.4268196 ], [ 27.1111459, 58.4269882 ], [ 27.1114142, 58.4270556 ], [ 27.1116448, 58.4269179 ], [ 27.1119023, 58.4269404 ], [ 27.1122188, 58.4271117 ], [ 27.1124763, 58.4272072 ], [ 27.1126694, 58.4273589 ], [ 27.1128196, 58.4274825 ], [ 27.11312, 58.4275611 ], [ 27.1134419, 58.4276622 ], [ 27.1135814, 58.4278869 ], [ 27.1137209, 58.428179 ], [ 27.1137638, 58.4283588 ], [ 27.1136457, 58.4285498 ], [ 27.1137852, 58.4287014 ], [ 27.1143431, 58.4288475 ], [ 27.1146435, 58.4289374 ], [ 27.1147508, 58.4290666 ], [ 27.1147186, 58.4293249 ], [ 27.1147615, 58.429544 ], [ 27.115019, 58.4297013 ], [ 27.115062, 58.4298586 ], [ 27.1150083, 58.4301057 ], [ 27.1148688, 58.4302742 ], [ 27.1147401, 58.4304652 ], [ 27.1147501, 58.4306567 ] ] } },
{ "type": "Feature", "properties": { "orig_fid": "w318374483", "waterway": "river", "name": "Haavakivi jõgi" }, "geometry": { "type": "LineString", "coordinates": [ [ 26.9838994, 58.6529026 ], [ 26.9838917, 58.652975 ], [ 26.9838736, 58.6530655 ], [ 26.983807, 58.6531373 ], [ 26.9837501, 58.6531551 ], [ 26.983677, 58.6531669 ], [ 26.9836055, 58.6531694 ], [ 26.9835015, 58.6531644 ], [ 26.9833911, 58.6531356 ], [ 26.9831805, 58.6529995 ] ] } },
{ "type": "Feature", "properties": { "orig_fid": "w318374484", "waterway": "river", "name": "Haavakivi jõgi" }, "geometry": { "type": "LineString", "coordinates": [ [ 26.9625798, 58.6792179 ], [ 26.9624961, 58.6791789 ], [ 26.9624151, 58.6791545 ], [ 26.9623164, 58.6791533 ], [ 26.9622612, 58.6791447 ], [ 26.9621014, 58.6790935 ], [ 26.9619957, 58.679069 ], [ 26.9616985, 58.6790422 ], [ 26.9616433, 58.6790269 ], [ 26.9615567, 58.6790145 ] ] } },
{ "type": "Feature", "properties": { "orig_fid": "w318374485", "waterway": "river", "name": "Haavakivi jõgi" }, "geometry": { "type": "LineString", "coordinates": [ [ 26.9937508, 58.6497846 ], [ 26.9934699, 58.6498479 ], [ 26.9925795, 58.650093 ], [ 26.9924658, 58.6501471 ], [ 26.9923748, 58.6502452 ], [ 26.9922871, 58.6503703 ], [ 26.9922123, 58.6505005 ], [ 26.9921961, 58.6505563 ], [ 26.9921311, 58.6505867 ], [ 26.9912927, 58.6508555 ], [ 26.9911433, 58.650918 ], [ 26.9903657, 58.6510136 ], [ 26.9900911, 58.651071 ], [ 26.989992, 58.6511158 ], [ 26.98994, 58.651131 ], [ 26.9898864, 58.651137 ], [ 26.9898441, 58.6511327 ], [ 26.9897174, 58.6510955 ], [ 26.9896687, 58.6510922 ], [ 26.9896118, 58.6510972 ], [ 26.9895322, 58.6511167 ], [ 26.9894916, 58.6511708 ], [ 26.9894493, 58.6511936 ], [ 26.989373, 58.651219 ], [ 26.9892771, 58.6512316 ], [ 26.9891075, 58.6512429 ], [ 26.9890248, 58.6512346 ], [ 26.9889076, 58.6512118 ], [ 26.9888387, 58.6512154 ], [ 26.9887215, 58.6512501 ], [ 26.9885928, 58.6513469 ], [ 26.9885446, 58.6514091 ], [ 26.9884963, 58.6515167 ], [ 26.9884297, 58.6515406 ], [ 26.9882941, 58.6515573 ], [ 26.9881287, 58.6515991 ], [ 26.9881172, 58.6516398 ], [ 26.9881266, 58.6517457 ], [ 26.988131, 58.6517641 ], [ 26.9880827, 58.6518322 ], [ 26.9880414, 58.6518585 ], [ 26.987915, 58.6519255 ], [ 26.9876668, 58.6520319 ], [ 26.9874692, 58.6521072 ], [ 26.9873337, 58.6521203 ], [ 26.9870327, 58.6521813 ], [ 26.9868466, 58.6522458 ], [ 26.9866972, 58.6522769 ], [ 26.9865456, 58.6522913 ], [ 26.9864743, 58.652308 ], [ 26.9863571, 58.6523713 ], [ 26.986302, 58.6523881 ], [ 26.9861366, 58.6523737 ], [ 26.9859321, 58.6524 ], [ 26.9858493, 58.6524383 ], [ 26.9857023, 58.6524921 ], [ 26.9855598, 58.6525052 ], [ 26.9855139, 58.6525196 ], [ 26.9854771, 58.6525411 ], [ 26.9854185, 58.6526194 ], [ 26.9853898, 58.6526283 ], [ 26.9853599, 58.6526325 ], [ 26.9853289, 58.6526248 ], [ 26.9852462, 58.6525853 ], [ 26.9852267, 58.6525829 ], [ 26.9851439, 58.6525925 ], [ 26.9851256, 58.6526038 ], [ 26.9851037, 58.6526415 ], [ 26.985121, 58.6526851 ], [ 26.9851474, 58.6527126 ], [ 26.9852117, 58.6528286 ], [ 26.9852129, 58.6528513 ], [ 26.9851933, 58.652877 ], [ 26.9851325, 58.6528812 ], [ 26.9850336, 58.6528423 ], [ 26.9849073, 58.6528351 ], [ 26.9848682, 58.6528477 ], [ 26.9848441, 58.652868 ], [ 26.9847981, 58.6529439 ], [ 26.9847717, 58.652963 ], [ 26.9847326, 58.6529726 ], [ 26.9846074, 58.6529798 ], [ 26.9845707, 58.6529917 ], [ 26.9844581, 58.6530521 ], [ 26.9844225, 58.6530628 ], [ 26.9843799, 58.6530628 ], [ 26.9842731, 58.6530114 ], [ 26.9841984, 58.6529887 ], [ 26.9840008, 58.6529122 ], [ 26.9838994, 58.6529026 ], [ 26.9838744, 58.6529009 ], [ 26.9837653, 58.6528686 ], [ 26.9835367, 58.6528238 ], [ 26.9834965, 58.652825 ], [ 26.9834723, 58.652831 ], [ 26.9831805, 58.6529995 ], [ 26.9828956, 58.6531465 ], [ 26.9828106, 58.6532236 ], [ 26.9828072, 58.6532409 ], [ 26.9828198, 58.6532619 ], [ 26.983044, 58.653443 ], [ 26.9836396, 58.6539267 ] ] } },
{ "type": "Feature", "properties": { "orig_fid": "w318374486", "waterway": "river", "name": "Haavakivi jõgi" }, "geometry": { "type": "LineString", "coordinates": [ [ 26.9806779, 58.6601042 ], [ 26.9806263, 58.6601125 ], [ 26.9805378, 58.6601257 ], [ 26.9804034, 58.6601615 ], [ 26.9803597, 58.6601633 ], [ 26.980308, 58.6601544 ], [ 26.9800219, 58.6600325 ], [ 26.9799553, 58.6599673 ], [ 26.9799013, 58.6599434 ], [ 26.9798669, 58.6599315 ], [ 26.9797393, 58.6599207 ], [ 26.979683, 58.6598986 ], [ 26.9796141, 58.6598645 ], [ 26.9795647, 58.6597636 ], [ 26.979544, 58.6596751 ], [ 26.9795233, 58.6596536 ], [ 26.979436, 58.6596405 ], [ 26.9790615, 58.6594785 ], [ 26.9789524, 58.6593967 ], [ 26.9788788, 58.6593746 ], [ 26.9788019, 58.6593202 ], [ 26.97871, 58.6592688 ], [ 26.9786433, 58.6592013 ], [ 26.9785905, 58.6591839 ], [ 26.9783251, 58.6591786 ], [ 26.9782562, 58.6591714 ], [ 26.9781872, 58.6591541 ], [ 26.9781183, 58.659117 ], [ 26.9780988, 58.6590865 ], [ 26.9781171, 58.6590244 ], [ 26.9780884, 58.6589981 ], [ 26.9780333, 58.6589742 ], [ 26.9779954, 58.6589336 ], [ 26.9779954, 58.6588947 ], [ 26.9779747, 58.6588266 ], [ 26.9779287, 58.6587919 ], [ 26.9778724, 58.6587764 ], [ 26.9776829, 58.6586539 ], [ 26.9776323, 58.6586306 ], [ 26.9775783, 58.6586234 ], [ 26.9775094, 58.6586258 ], [ 26.9774474, 58.6586593 ], [ 26.9773325, 58.6586742 ], [ 26.9772279, 58.6586784 ], [ 26.9771303, 58.6587155 ], [ 26.9770338, 58.6587979 ], [ 26.9765581, 58.6591475 ], [ 26.9764777, 58.6591827 ], [ 26.9763858, 58.659212 ], [ 26.9762767, 58.6592736 ], [ 26.9762238, 58.6593154 ], [ 26.9762077, 58.6593387 ], [ 26.97621, 58.6593728 ], [ 26.9763134, 58.6594499 ], [ 26.9763192, 58.6594708 ], [ 26.9762904, 58.6594875 ], [ 26.9761675, 58.6595138 ], [ 26.9760228, 58.6595293 ], [ 26.9756747, 58.6595933 ], [ 26.9754414, 58.6596231 ], [ 26.975407, 58.6596357 ], [ 26.9750991, 58.6599679 ], [ 26.9750727, 58.6600062 ], [ 26.9750195, 58.6601276 ], [ 26.9749998, 58.6601315 ], [ 26.9749365, 58.6601214 ], [ 26.9748845, 58.6601222 ], [ 26.9748487, 58.6602101 ], [ 26.974839, 58.6602693 ], [ 26.9748812, 58.660331 ], [ 26.9748991, 58.6603783 ], [ 26.9749576, 58.6604307 ], [ 26.9749576, 58.6604628 ], [ 26.9749332, 58.6604974 ], [ 26.9750258, 58.6606521 ], [ 26.9750876, 58.6607983 ], [ 26.9751964, 58.6608608 ], [ 26.9752208, 58.6609047 ], [ 26.9752143, 58.6609301 ], [ 26.9751444, 58.6609918 ], [ 26.9751461, 58.6610408 ], [ 26.9752127, 58.6611591 ], [ 26.9752192, 58.6612461 ], [ 26.9752403, 58.6612858 ], [ 26.9752858, 58.6613509 ], [ 26.9752923, 58.6614008 ], [ 26.9752825, 58.6614413 ], [ 26.9753638, 58.6615013 ], [ 26.9754807, 58.6616298 ], [ 26.9755197, 58.6616576 ], [ 26.9756757, 58.6616779 ], [ 26.975744, 58.6617303 ], [ 26.9757943, 58.6617498 ], [ 26.9760202, 58.6617667 ], [ 26.9760851, 58.6617937 ], [ 26.9761469, 58.6618402 ], [ 26.9762751, 58.6619238 ], [ 26.9764615, 58.6620634 ], [ 26.9764638, 58.6620819 ], [ 26.9763994, 58.662141 ], [ 26.9762099, 58.6621649 ], [ 26.9761318, 58.6621859 ], [ 26.975964, 58.6622689 ], [ 26.9759422, 58.662294 ], [ 26.9759399, 58.6623275 ], [ 26.9759525, 58.6623896 ], [ 26.9760045, 58.6624931 ], [ 26.9760789, 58.6626208 ], [ 26.9760663, 58.6626931 ] ] } },
{ "type": "Feature", "properties": { "orig_fid": "w318374487", "waterway": "river", "name": "Haavakivi jõgi" }, "geometry": { "type": "LineString", "coordinates": [ [ 27.018586, 58.6200471 ], [ 27.0185974, 58.6200716 ], [ 27.0185828, 58.6200987 ], [ 27.0179605, 58.6208212 ], [ 27.0161473, 58.622783 ], [ 27.016131, 58.6228092 ], [ 27.0183244, 58.6245163 ], [ 27.020781, 58.6263908 ], [ 27.0207891, 58.6264077 ], [ 27.0197646, 58.6291794 ], [ 27.018806, 58.6320454 ] ] } },
{ "type": "Feature", "properties": { "orig_fid": "w318374488", "waterway": "river", "name": "Haavakivi jõgi" }, "geometry": { "type": "LineString", "coordinates": [ [ 26.9823518, 58.65961 ], [ 26.9823358, 58.6596196 ], [ 26.9822806, 58.6596267 ], [ 26.9821014, 58.65961 ], [ 26.9820738, 58.659616 ], [ 26.9820416, 58.6596351 ], [ 26.982021, 58.6596602 ], [ 26.9819681, 58.6596853 ], [ 26.9819199, 58.6596936 ], [ 26.9818394, 58.6596829 ], [ 26.9817039, 58.6596435 ] ] } },
{ "type": "Feature", "properties": { "orig_fid": "w318374489", "waterway": "river", "name": "Haavakivi jõgi" }, "geometry": { "type": "LineString", "coordinates": [ [ 26.9764615, 58.6620634 ], [ 26.9765431, 58.6621327 ], [ 26.9766039, 58.6622121 ], [ 26.9765902, 58.6623089 ], [ 26.9764937, 58.6625694 ], [ 26.97645, 58.6625993 ], [ 26.9763914, 58.6626059 ], [ 26.9762892, 58.6625766 ], [ 26.9761191, 58.6624977 ], [ 26.9760617, 58.6624918 ], [ 26.9760045, 58.6624931 ] ] } },
{ "type": "Feature", "properties": { "orig_fid": "w318374490", "waterway": "river", "name": "Haavakivi jõgi" }, "geometry": { "type": "LineString", "coordinates": [ [ 26.963404, 58.6835543 ], [ 26.9634788, 58.6836052 ], [ 26.963532, 58.6836372 ], [ 26.9635353, 58.6836562 ], [ 26.9635751, 58.6836829 ], [ 26.9636433, 58.683689 ], [ 26.9636682, 58.683695 ], [ 26.9636765, 58.6837036 ], [ 26.9636898, 58.6838159 ], [ 26.9636632, 58.6838384 ], [ 26.9635353, 58.6838945 ] ] } },
{ "type": "Feature", "properties": { "orig_fid": "w318374491", "waterway": "river", "name": "Haavakivi jõgi" }, "geometry": { "type": "LineString", "coordinates": [ [ 27.0186348, 58.6147043 ], [ 27.0185958, 58.6148922 ], [ 27.0185275, 58.615168 ], [ 27.0185048, 58.6156334 ], [ 27.018456, 58.6162494 ], [ 27.0161564, 58.6192478 ], [ 27.0161472, 58.6192766 ], [ 27.016161, 58.6193017 ], [ 27.0162437, 58.6193364 ], [ 27.0175494, 58.6197222 ], [ 27.0184853, 58.6199819 ] ] } },
{ "type": "Feature", "properties": { "orig_fid": "w318374492", "waterway": "river", "name": "Haavakivi jõgi" }, "geometry": { "type": "LineString", "coordinates": [ [ 26.9691115, 58.6747311 ], [ 26.9690059, 58.6746999 ], [ 26.9689457, 58.6746754 ], [ 26.968871, 58.6746703 ], [ 26.968819, 58.6746754 ], [ 26.9687443, 58.6746948 ], [ 26.9687118, 58.6747193 ], [ 26.9686842, 58.6747649 ], [ 26.9686825, 58.6748688 ], [ 26.9686435, 58.6749364 ], [ 26.968611, 58.6749896 ] ] } },
{ "type": "Feature", "properties": { "orig_fid": "w318374493", "waterway": "river", "name": "Haavakivi jõgi" }, "geometry": { "type": "LineString", "coordinates": [ [ 26.962879, 58.6830871 ], [ 26.9628558, 58.6831095 ], [ 26.9627578, 58.6831484 ], [ 26.9627162, 58.6831916 ], [ 26.9627013, 58.6832477 ], [ 26.9627079, 58.6833038 ], [ 26.9627279, 58.6833496 ], [ 26.9627229, 58.6833971 ], [ 26.9627544, 58.6834368 ], [ 26.9630635, 58.6835335 ], [ 26.9631166, 58.6835569 ], [ 26.9632645, 58.683581 ] ] } },
{ "type": "Feature", "properties": { "orig_fid": "w318374494", "waterway": "river", "name": "Haavakivi jõgi" }, "geometry": { "type": "LineString", "coordinates": [ [ 26.9970161, 58.6503346 ], [ 26.996995, 58.6501123 ], [ 26.996982, 58.6500032 ], [ 26.9969641, 58.6499492 ], [ 26.9968943, 58.6498579 ], [ 26.9967221, 58.6497099 ], [ 26.9966213, 58.6496525 ], [ 26.9965238, 58.6496262 ], [ 26.9962233, 58.6496017 ], [ 26.9958479, 58.6496296 ], [ 26.9950112, 58.6496279 ], [ 26.994748, 58.6496651 ], [ 26.9939588, 58.6497373 ] ] } },
{ "type": "Feature", "properties": { "orig_fid": "w318374495", "waterway": "river", "name": "Haavakivi jõgi" }, "geometry": { "type": "LineString", "coordinates": [ [ 27.0186712, 58.6321866 ], [ 27.0184312, 58.6323027 ], [ 27.0179969, 58.6325192 ], [ 27.0168618, 58.633061 ], [ 27.0158075, 58.6335856 ], [ 27.0156418, 58.6338094 ], [ 27.0140866, 58.6357574 ], [ 27.0135902, 58.6371896 ], [ 27.0134708, 58.6373546 ], [ 27.0127585, 58.6382826 ], [ 27.012593, 58.6384333 ], [ 27.0121519, 58.6387705 ], [ 27.0117762, 58.6389588 ] ] } },
{ "type": "Feature", "properties": { "orig_fid": "w318374496", "waterway": "river", "name": "Haavakivi jõgi" }, "geometry": { "type": "LineString", "coordinates": [ [ 26.9838129, 58.6588509 ], [ 26.98375, 58.6588476 ], [ 26.9836363, 58.6588257 ], [ 26.9835925, 58.6588012 ], [ 26.9835502, 58.658764 ], [ 26.983521, 58.6587496 ], [ 26.9834933, 58.6587513 ], [ 26.9833975, 58.6588054 ], [ 26.9833032, 58.6587868 ], [ 26.9832561, 58.6587843 ], [ 26.9832041, 58.6588054 ], [ 26.9831343, 58.6588696 ], [ 26.9829832, 58.6589085 ], [ 26.9828873, 58.6589474 ], [ 26.9827265, 58.6589491 ] ] } },
{ "type": "Feature", "properties": { "orig_fid": "w318374497", "waterway": "river", "name": "Haavakivi jõgi" }, "geometry": { "type": "LineString", "coordinates": [ [ 26.9717598, 58.671114 ], [ 26.9717013, 58.6711469 ], [ 26.9716363, 58.671179 ], [ 26.9715421, 58.6712069 ], [ 26.9715096, 58.6712432 ], [ 26.9715112, 58.6712787 ], [ 26.9714722, 58.6713421 ], [ 26.9714706, 58.6713733 ], [ 26.9715047, 58.6714324 ], [ 26.9715209, 58.6715262 ], [ 26.9715193, 58.6715701 ], [ 26.9714543, 58.6716605 ], [ 26.971456, 58.6717881 ], [ 26.9714446, 58.6718878 ], [ 26.9714641, 58.6719283 ] ] } },
{ "type": "Feature", "properties": { "orig_fid": "w318374498", "waterway": "river", "name": "Haavakivi jõgi" }, "geometry": { "type": "LineString", "coordinates": [ [ 26.9696475, 58.6744635 ], [ 26.9697029, 58.674487 ], [ 26.9697614, 58.6745132 ], [ 26.9698962, 58.6745183 ], [ 26.969906, 58.6745461 ], [ 26.9698816, 58.6745732 ], [ 26.9697874, 58.6746086 ], [ 26.9697597, 58.674683 ], [ 26.9697012, 58.674721 ], [ 26.9696541, 58.674737 ], [ 26.9695046, 58.6747539 ], [ 26.9694527, 58.6747801 ], [ 26.9693925, 58.6747995 ], [ 26.9692934, 58.6747928 ], [ 26.9690993, 58.6748152 ] ] } },
{ "type": "Feature", "properties": { "orig_fid": "w318374499", "waterway": "river", "name": "Haavakivi jõgi" }, "geometry": { "type": "LineString", "coordinates": [ [ 26.9685233, 58.6750133 ], [ 26.9684989, 58.675096 ], [ 26.9684713, 58.6752531 ], [ 26.9685006, 58.6752945 ], [ 26.9685591, 58.675314 ], [ 26.968624, 58.6753072 ], [ 26.968663, 58.6752928 ], [ 26.9688239, 58.6752768 ], [ 26.9689132, 58.6752599 ], [ 26.9689912, 58.6752582 ], [ 26.9690124, 58.6752776 ], [ 26.9690026, 58.675308 ], [ 26.9689522, 58.6753689 ], [ 26.968949, 58.6754204 ], [ 26.9689652, 58.6754837 ], [ 26.9689929, 58.6755175 ] ] } },
{ "type": "Feature", "properties": { "orig_fid": "w318374500", "waterway": "river", "name": "Haavakivi jõgi" }, "geometry": { "type": "LineString", "coordinates": [ [ 26.9839873, 58.6583626 ], [ 26.9840453, 58.6583862 ], [ 26.9841877, 58.6584364 ], [ 26.9842842, 58.6584985 ], [ 26.9843233, 58.6585643 ], [ 26.9843532, 58.6586431 ], [ 26.984406, 58.658673 ], [ 26.9844198, 58.6587005 ], [ 26.9844083, 58.658728 ], [ 26.984298, 58.6587901 ], [ 26.9842681, 58.6588248 ], [ 26.9842681, 58.6588714 ], [ 26.9842544, 58.6588965 ], [ 26.9841969, 58.658918 ], [ 26.9841349, 58.658936 ], [ 26.983997, 58.658918 ], [ 26.9839212, 58.6589156 ], [ 26.9838037, 58.6589271 ] ] } },
{ "type": "Feature", "properties": { "orig_fid": "w318374501", "waterway": "river", "name": "Haavakivi jõgi" }, "geometry": { "type": "LineString", "coordinates": [ [ 26.9607733, 58.6810004 ], [ 26.960804, 58.6810053 ], [ 26.9609168, 58.6810511 ], [ 26.9609544, 58.6810505 ], [ 26.9610249, 58.6810126 ], [ 26.9610542, 58.6810114 ], [ 26.9610801, 58.6810181 ], [ 26.9611376, 58.6810553 ], [ 26.9612017, 58.6811599 ], [ 26.9612887, 58.6812082 ], [ 26.961385, 58.6812607 ], [ 26.9614285, 58.6813004 ], [ 26.9614461, 58.6813431 ], [ 26.9614343, 58.6813834 ], [ 26.9614038, 58.6813987 ], [ 26.9613556, 58.6813993 ], [ 26.9613063, 58.681417 ], [ 26.9612299, 58.6814823 ], [ 26.9610831, 58.6815428 ] ] } },
{ "type": "Feature", "properties": { "orig_fid": "w318374502", "waterway": "river", "name": "Haavakivi jõgi" }, "geometry": { "type": "LineString", "coordinates": [ [ 26.9549626, 58.6907949 ], [ 26.955024, 58.6908925 ] ] } },
{ "type": "Feature", "properties": { "orig_fid": "w318374503", "waterway": "river", "name": "Haavakivi jõgi" }, "geometry": { "type": "LineString", "coordinates": [ [ 27.0184853, 58.6199819 ], [ 27.018586, 58.6200471 ] ] } },
{ "type": "Feature", "properties": { "orig_fid": "w318374504", "waterway": "river", "name": "Haavakivi jõgi" }, "geometry": { "type": "LineString", "coordinates": [ [ 26.9808124, 58.660103 ], [ 26.9806779, 58.6601042 ] ] } },
{ "type": "Feature", "properties": { "orig_fid": "w318374505", "waterway": "river", "name": "Haavakivi jõgi" }, "geometry": { "type": "LineString", "coordinates": [ [ 26.9841757, 58.6580152 ], [ 26.9841449, 58.6580643 ] ] } },
{ "type": "Feature", "properties": { "orig_fid": "w318374506", "waterway": "river", "name": "Haavakivi jõgi" }, "geometry": { "type": "LineString", "coordinates": [ [ 27.0117762, 58.6389588 ], [ 27.0116406, 58.6390222 ] ] } },
{ "type": "Feature", "properties": { "orig_fid": "w318374507", "waterway": "river", "name": "Haavakivi jõgi" }, "geometry": { "type": "LineString", "coordinates": [ [ 27.0067774, 58.6456293 ], [ 27.0067924, 58.6457345 ] ] } },
{ "type": "Feature", "properties": { "orig_fid": "w318374508", "waterway": "river", "name": "Haavakivi jõgi" }, "geometry": { "type": "LineString", "coordinates": [ [ 27.0186575, 58.6145893 ], [ 27.0186348, 58.6147043 ] ] } },
{ "type": "Feature", "properties": { "orig_fid": "w318374509", "waterway": "river", "name": "Haavakivi jõgi" }, "geometry": { "type": "LineString", "coordinates": [ [ 26.9760663, 58.6626931 ], [ 26.9759836, 58.6628568 ] ] } },
{ "type": "Feature", "properties": { "orig_fid": "w318374510", "waterway": "river", "name": "Haavakivi jõgi" }, "geometry": { "type": "LineString", "coordinates": [ [ 26.997034, 58.6504445 ], [ 26.9970161, 58.6503346 ] ] } },
{ "type": "Feature", "properties": { "orig_fid": "w318374511", "waterway": "river", "name": "Haavakivi jõgi" }, "geometry": { "type": "LineString", "coordinates": [ [ 26.9463999, 58.7064238 ], [ 26.9462238, 58.7065257 ] ] } },
{ "type": "Feature", "properties": { "orig_fid": "w318374512", "waterway": "river", "name": "Haavakivi jõgi" }, "geometry": { "type": "LineString", "coordinates": [ [ 26.9836396, 58.6539267 ], [ 26.9838119, 58.6539766 ] ] } },
{ "type": "Feature", "properties": { "orig_fid": "w318374513", "waterway": "river", "name": "Haavakivi jõgi" }, "geometry": { "type": "LineString", "coordinates": [ [ 26.9939588, 58.6497373 ], [ 26.9937508, 58.6497846 ] ] } },
{ "type": "Feature", "properties": { "orig_fid": "w318374514", "waterway": "river", "name": "Haavakivi jõgi" }, "geometry": { "type": "LineString", "coordinates": [ [ 27.018806, 58.6320454 ], [ 27.0186712, 58.6321866 ] ] } },
{ "type": "Feature", "properties": { "orig_fid": "w318374515", "waterway": "river", "name": "Haavakivi jõgi" }, "geometry": { "type": "LineString", "coordinates": [ [ 27.0067924, 58.6457345 ], [ 27.0068617, 58.6466131 ], [ 27.0070826, 58.6490105 ], [ 27.0070664, 58.6491069 ], [ 27.0067804, 58.6502159 ], [ 27.0065356, 58.650989 ], [ 27.0034273, 58.6517068 ], [ 27.0029724, 58.6517558 ], [ 27.0022023, 58.651815 ], [ 27.0014354, 58.6518268 ], [ 27.0009837, 58.651793 ], [ 27.0006198, 58.6517457 ], [ 27.0001389, 58.6516696 ], [ 26.9997619, 58.6515851 ], [ 26.9992258, 58.6513991 ], [ 26.9983419, 58.6510796 ], [ 26.997692, 58.6508599 ], [ 26.9971347, 58.6506474 ], [ 26.9970665, 58.6505721 ], [ 26.997034, 58.6504445 ] ] } },
{ "type": "Feature", "properties": { "orig_fid": "w318374516", "waterway": "river", "name": "Haavakivi jõgi" }, "geometry": { "type": "LineString", "coordinates": [ [ 26.9891075, 58.6512429 ], [ 26.9891029, 58.6512692 ], [ 26.9890868, 58.6513039 ], [ 26.9889949, 58.6513386 ], [ 26.9889513, 58.6513888 ], [ 26.9888984, 58.651427 ], [ 26.9888892, 58.6514557 ], [ 26.9888984, 58.6514856 ], [ 26.9889674, 58.6515525 ], [ 26.9889605, 58.6515705 ], [ 26.9889306, 58.6515872 ], [ 26.9888272, 58.6516219 ], [ 26.9887881, 58.6516494 ], [ 26.9886778, 58.6517844 ], [ 26.9886663, 58.6518119 ], [ 26.9886732, 58.6518358 ], [ 26.9886595, 58.6518418 ], [ 26.9886181, 58.6518334 ], [ 26.9885652, 58.6518322 ], [ 26.9883998, 58.6518 ], [ 26.9882298, 58.6517498 ], [ 26.9881266, 58.6517457 ] ] } },
{ "type": "Feature", "properties": { "orig_fid": "w318374517", "waterway": "river", "name": "Haavakivi jõgi" }, "geometry": { "type": "LineString", "coordinates": [ [ 26.955024, 58.6908925 ], [ 26.9550406, 58.6909434 ], [ 26.9551852, 58.6910945 ], [ 26.9554992, 58.6913406 ], [ 26.9555922, 58.691388 ], [ 26.9556803, 58.6914088 ], [ 26.9558198, 58.6914165 ], [ 26.9560125, 58.6914433 ], [ 26.9561438, 58.6914839 ], [ 26.9562252, 58.691521 ], [ 26.9562933, 58.6915676 ], [ 26.9563116, 58.6916419 ], [ 26.9562983, 58.6917385 ], [ 26.9562568, 58.6918292 ], [ 26.956285, 58.6918715 ], [ 26.9563415, 58.6919224 ], [ 26.9564727, 58.691982 ], [ 26.9566422, 58.6920839 ], [ 26.9567934, 58.6922047 ], [ 26.9571223, 58.6925216 ], [ 26.9574147, 58.6927616 ], [ 26.9574745, 58.6928289 ], [ 26.9574995, 58.6928807 ], [ 26.9574745, 58.69298 ], [ 26.9574114, 58.6930663 ], [ 26.9572453, 58.6931915 ], [ 26.9570509, 58.6932484 ], [ 26.9569147, 58.6933002 ], [ 26.9565558, 58.6933477 ], [ 26.9563897, 58.6933564 ], [ 26.9561471, 58.6933805 ], [ 26.9559893, 58.6934176 ], [ 26.9558863, 58.6934884 ], [ 26.9557999, 58.6935351 ], [ 26.9556985, 58.6935644 ], [ 26.9555756, 58.6935774 ], [ 26.9555091, 58.693605 ], [ 26.9554643, 58.6936594 ], [ 26.9554593, 58.6937604 ], [ 26.9554909, 58.6939365 ], [ 26.9554826, 58.6939658 ], [ 26.9553596, 58.6940306 ], [ 26.9550024, 58.6941946 ], [ 26.954406, 58.6943897 ], [ 26.9542482, 58.6944561 ], [ 26.9542033, 58.6944976 ], [ 26.954185, 58.6945865 ], [ 26.9541767, 58.6947194 ], [ 26.9541684, 58.6949033 ], [ 26.9541767, 58.6950293 ], [ 26.9542349, 58.6951398 ], [ 26.9542847, 58.6952831 ], [ 26.9542631, 58.6953608 ], [ 26.9542332, 58.6954178 ], [ 26.9541718, 58.6954825 ], [ 26.9540737, 58.6955801 ], [ 26.9539691, 58.6956673 ], [ 26.953778, 58.6957605 ], [ 26.9537431, 58.6957933 ], [ 26.9537348, 58.6958537 ], [ 26.9537631, 58.6959487 ], [ 26.9538744, 58.6961766 ], [ 26.953999, 58.6963259 ], [ 26.954004, 58.6964959 ], [ 26.9539807, 58.6965753 ], [ 26.9539807, 58.6966435 ], [ 26.9540172, 58.6966884 ], [ 26.9541252, 58.6967385 ], [ 26.9541917, 58.6967989 ], [ 26.9542116, 58.6968274 ], [ 26.9542133, 58.6968688 ], [ 26.9541767, 58.6968973 ], [ 26.9541219, 58.696912 ], [ 26.9540538, 58.6969129 ], [ 26.9539292, 58.6968913 ], [ 26.9535903, 58.6967808 ], [ 26.9534009, 58.6967316 ], [ 26.9533278, 58.6967376 ], [ 26.9532597, 58.6967549 ], [ 26.9531317, 58.6968688 ], [ 26.9530919, 58.6969344 ], [ 26.9531002, 58.697013 ], [ 26.9531268, 58.6970915 ], [ 26.9531268, 58.697133 ], [ 26.9530985, 58.6971459 ], [ 26.9530121, 58.6971399 ], [ 26.952831, 58.6970751 ], [ 26.9527978, 58.6970561 ], [ 26.9527446, 58.6970475 ], [ 26.9526931, 58.6970518 ], [ 26.9526499, 58.6970622 ], [ 26.9526151, 58.6971071 ], [ 26.9525619, 58.6972063 ], [ 26.9525038, 58.6972478 ], [ 26.9523908, 58.6972849 ], [ 26.9521183, 58.6973194 ], [ 26.9520286, 58.6973367 ], [ 26.9519638, 58.6973591 ], [ 26.9519306, 58.6973841 ], [ 26.951904, 58.6974299 ], [ 26.951914, 58.6974765 ], [ 26.9519372, 58.6975283 ], [ 26.9520037, 58.6976017 ], [ 26.9520203, 58.6976474 ], [ 26.952007, 58.6977182 ], [ 26.9519738, 58.6977933 ], [ 26.9518857, 58.6979271 ], [ 26.9518093, 58.697978 ], [ 26.9516997, 58.6980082 ], [ 26.9515435, 58.6980332 ], [ 26.9514704, 58.6980186 ], [ 26.9514006, 58.6979858 ], [ 26.9511946, 58.69794 ], [ 26.9511182, 58.6979141 ], [ 26.9510351, 58.6978753 ], [ 26.9509603, 58.697858 ], [ 26.9509039, 58.6978528 ], [ 26.9508474, 58.6978623 ], [ 26.9508042, 58.6978917 ], [ 26.950766, 58.6979331 ], [ 26.9507294, 58.6980868 ], [ 26.9504736, 58.6983164 ], [ 26.9504104, 58.698331 ], [ 26.9503506, 58.6983302 ], [ 26.9502294, 58.698268 ], [ 26.9501197, 58.6981886 ], [ 26.9500267, 58.6981411 ], [ 26.9499436, 58.6981101 ], [ 26.9498472, 58.6980885 ], [ 26.9497276, 58.6980963 ], [ 26.9496396, 58.6981152 ], [ 26.9495449, 58.6981558 ], [ 26.9493704, 58.698262 ], [ 26.949186, 58.6984087 ], [ 26.9489019, 58.6986772 ], [ 26.9488737, 58.6987255 ], [ 26.9488587, 58.6987885 ], [ 26.948882, 58.6988731 ], [ 26.9489435, 58.6988947 ], [ 26.9492558, 58.6989689 ], [ 26.9494535, 58.6990371 ], [ 26.9495399, 58.6990768 ], [ 26.9495798, 58.6991199 ], [ 26.9495781, 58.6991571 ], [ 26.9495349, 58.6991959 ], [ 26.9494336, 58.6992339 ], [ 26.9492442, 58.6992874 ], [ 26.9489385, 58.6994039 ], [ 26.9489019, 58.6994324 ], [ 26.9488837, 58.6994807 ], [ 26.9487524, 58.699624 ], [ 26.9486295, 58.6997146 ], [ 26.9485564, 58.6998165 ], [ 26.9485663, 58.6998553 ], [ 26.9485962, 58.699889 ], [ 26.9485863, 58.6999304 ], [ 26.9485547, 58.6999813 ], [ 26.9484633, 58.7000556 ], [ 26.9483703, 58.7001565 ], [ 26.948362, 58.7002748 ], [ 26.9483337, 58.7003516 ], [ 26.9483304, 58.7004232 ], [ 26.9483437, 58.7004845 ], [ 26.9482125, 58.7007788 ], [ 26.9481776, 58.7008021 ], [ 26.9481028, 58.7008194 ], [ 26.9479599, 58.700841 ], [ 26.9477689, 58.70086 ], [ 26.9476991, 58.7008815 ], [ 26.947636, 58.7009238 ], [ 26.9475346, 58.7010429 ], [ 26.947513, 58.7010999 ], [ 26.947528, 58.7011413 ], [ 26.9475296, 58.7012018 ], [ 26.9474864, 58.7016393 ], [ 26.947518, 58.701698 ], [ 26.9476011, 58.7017282 ], [ 26.9478569, 58.7019319 ], [ 26.9478968, 58.7019846 ], [ 26.9478686, 58.7021106 ], [ 26.9479051, 58.7021606 ], [ 26.9479051, 58.7021831 ], [ 26.9478802, 58.7022081 ], [ 26.9478536, 58.7022633 ], [ 26.9478121, 58.7022909 ], [ 26.9477788, 58.7023298 ], [ 26.9477473, 58.7023419 ], [ 26.9477207, 58.7023695 ], [ 26.9476858, 58.7024437 ], [ 26.9476626, 58.7024696 ], [ 26.9475413, 58.7025196 ], [ 26.9474233, 58.7025973 ], [ 26.9474117, 58.7026413 ], [ 26.9474433, 58.7027846 ], [ 26.9474632, 58.7028062 ], [ 26.9475346, 58.7028243 ], [ 26.9475645, 58.7028631 ], [ 26.9475679, 58.7028847 ], [ 26.9475247, 58.7029788 ], [ 26.947425, 58.7030703 ], [ 26.947415, 58.7031359 ], [ 26.94742, 58.7032066 ], [ 26.9473785, 58.7033076 ], [ 26.9473103, 58.7033715 ], [ 26.9472489, 58.7033999 ], [ 26.9471758, 58.7033999 ], [ 26.9471193, 58.7033896 ], [ 26.9469764, 58.7033861 ], [ 26.9469249, 58.7034181 ], [ 26.9469066, 58.7034724 ], [ 26.9468933, 58.7036148 ], [ 26.9469316, 58.7036692 ], [ 26.946988, 58.7037167 ], [ 26.9470562, 58.7037521 ], [ 26.9471077, 58.7037961 ], [ 26.9471176, 58.7038254 ], [ 26.9470877, 58.703866 ], [ 26.9469598, 58.7039169 ], [ 26.9468917, 58.7039523 ], [ 26.9468551, 58.7039946 ], [ 26.9468634, 58.7040394 ], [ 26.9471309, 58.7042983 ], [ 26.9474482, 58.7045098 ], [ 26.9475662, 58.7045659 ], [ 26.9477124, 58.7046125 ], [ 26.9478601, 58.7046858 ], [ 26.9480413, 58.7047773 ], [ 26.9484434, 58.7049499 ], [ 26.948455, 58.7049723 ], [ 26.9484434, 58.7050491 ], [ 26.9483753, 58.7052399 ], [ 26.9483819, 58.7055108 ], [ 26.9484135, 58.7057559 ], [ 26.9485298, 58.7058405 ], [ 26.9485597, 58.7058854 ], [ 26.9485431, 58.705963 ], [ 26.9484118, 58.7060252 ], [ 26.9482989, 58.7060882 ], [ 26.9482191, 58.706152 ], [ 26.9481344, 58.7061908 ], [ 26.94793, 58.7062426 ], [ 26.9478353, 58.7062728 ], [ 26.9476692, 58.7064195 ], [ 26.9475197, 58.7064773 ], [ 26.9474449, 58.7064886 ], [ 26.9473319, 58.706486 ], [ 26.9471841, 58.7064627 ], [ 26.9470545, 58.7064273 ], [ 26.9467139, 58.7063833 ], [ 26.946571, 58.7063772 ], [ 26.9464846, 58.7063876 ], [ 26.9463999, 58.7064238 ] ] } },
{ "type": "Feature", "properties": { "orig_fid": "w318374518", "waterway": "river", "name": "Haavakivi jõgi" }, "geometry": { "type": "LineString", "coordinates": [ [ 26.9750195, 58.6601276 ], [ 26.9750646, 58.6601538 ], [ 26.9751152, 58.6601717 ], [ 26.9751772, 58.6602219 ], [ 26.9751772, 58.6602524 ], [ 26.9751554, 58.6602876 ], [ 26.9751531, 58.6603133 ], [ 26.9752392, 58.660397 ], [ 26.9754885, 58.660682 ], [ 26.9755173, 58.6607459 ], [ 26.9755414, 58.6608433 ], [ 26.9755793, 58.6608947 ], [ 26.9755873, 58.6609264 ], [ 26.9755724, 58.6609574 ], [ 26.9755184, 58.6609789 ], [ 26.9754667, 58.6609861 ], [ 26.975353, 58.6610746 ], [ 26.9753576, 58.661099 ], [ 26.9753851, 58.6611253 ], [ 26.975634, 58.6612145 ], [ 26.9756845, 58.661245 ], [ 26.975711, 58.6613017 ], [ 26.9756949, 58.6613967 ], [ 26.9757546, 58.6614756 ], [ 26.9758856, 58.6615748 ], [ 26.9760143, 58.6616537 ], [ 26.9761188, 58.6617732 ], [ 26.9761469, 58.6618402 ] ] } },
{ "type": "Feature", "properties": { "orig_fid": "w318374519", "waterway": "river", "name": "Haavakivi jõgi" }, "geometry": { "type": "LineString", "coordinates": [ [ 26.9640099, 58.6844679 ], [ 26.963967, 58.6844709 ], [ 26.9639138, 58.684483 ], [ 26.9637809, 58.6845779 ], [ 26.9637111, 58.6845831 ], [ 26.9636297, 58.6845676 ], [ 26.9635384, 58.6845762 ], [ 26.9635068, 58.6845883 ], [ 26.9634802, 58.6846142 ], [ 26.9634669, 58.6846513 ], [ 26.9634752, 58.6846755 ], [ 26.9635417, 58.6847627 ], [ 26.96355, 58.6847955 ], [ 26.9635217, 58.6848404 ], [ 26.9634852, 58.6848638 ], [ 26.9634187, 58.6848793 ], [ 26.9633839, 58.6849035 ], [ 26.9633473, 58.6849682 ], [ 26.9632543, 58.6850416 ], [ 26.9630964, 58.6850865 ], [ 26.9629585, 58.6851038 ], [ 26.9627658, 58.6851478 ], [ 26.9627044, 58.6851893 ], [ 26.9626429, 58.6853438 ], [ 26.9626213, 58.6853611 ], [ 26.9625249, 58.6853775 ], [ 26.962495, 58.6853948 ], [ 26.9624203, 58.6854621 ], [ 26.962387, 58.6855174 ] ] } },
{ "type": "Feature", "properties": { "orig_fid": "w318374520", "waterway": "river", "name": "Haavakivi jõgi" }, "geometry": { "type": "LineString", "coordinates": [ [ 26.9411829, 58.7242032 ], [ 26.9411882, 58.7242392 ], [ 26.9410952, 58.7243133 ] ] } },
{ "type": "Feature", "properties": { "orig_fid": "w318374521", "waterway": "river", "name": "Haavakivi jõgi" }, "geometry": { "type": "LineString", "coordinates": [ [ 27.019269, 58.6118389 ], [ 27.0187803, 58.6122598 ], [ 27.018666, 58.6126632 ], [ 27.0186575, 58.6145893 ] ] } },
{ "type": "Feature", "properties": { "orig_fid": "w318374522", "waterway": "river", "name": "Haavakivi jõgi" }, "geometry": { "type": "LineString", "coordinates": [ [ 26.9630056, 58.6791065 ], [ 26.9629668, 58.6790459 ], [ 26.9629178, 58.6790049 ], [ 26.9628305, 58.6789566 ], [ 26.96275, 58.6789367 ], [ 26.9627259, 58.6789384 ], [ 26.9625938, 58.6789743 ], [ 26.9625049, 58.6789842 ], [ 26.9623089, 58.6789743 ], [ 26.9622399, 58.6789794 ], [ 26.9621436, 58.678998 ], [ 26.9621004, 58.6789928 ], [ 26.9620364, 58.6789691 ], [ 26.9619475, 58.6789082 ], [ 26.9618628, 58.6788883 ], [ 26.9618196, 58.6788853 ], [ 26.9617629, 58.6788859 ], [ 26.9616818, 58.678914 ], [ 26.9615567, 58.6790145 ], [ 26.9614293, 58.6790835 ], [ 26.9613746, 58.6791879 ], [ 26.9613494, 58.6792132 ], [ 26.9612889, 58.6792487 ], [ 26.9611784, 58.6792752 ], [ 26.9610533, 58.6792816 ], [ 26.961014, 58.6792996 ], [ 26.9609752, 58.6793525 ], [ 26.9609617, 58.679358 ], [ 26.9608444, 58.6793725 ], [ 26.9605454, 58.6793893 ], [ 26.960503, 58.6794152 ], [ 26.9604939, 58.6794606 ], [ 26.9605005, 58.6794765 ], [ 26.9605146, 58.6794904 ], [ 26.9605412, 58.6795003 ], [ 26.9605985, 58.6795046 ], [ 26.960758, 58.6794994 ], [ 26.9607971, 58.6795111 ], [ 26.9608095, 58.6795344 ], [ 26.9608004, 58.6795918 ], [ 26.960817, 58.6796065 ], [ 26.960881, 58.6796355 ], [ 26.9609798, 58.679654 ], [ 26.9610413, 58.679676 ], [ 26.9611102, 58.6797283 ], [ 26.961112, 58.6797834 ] ] } },
{ "type": "Feature", "properties": { "orig_fid": "w318374523", "waterway": "river", "name": "Haavakivi jõgi" }, "geometry": { "type": "LineString", "coordinates": [ [ 26.968226, 58.6752058 ], [ 26.9682731, 58.6752329 ], [ 26.9683381, 58.675254 ], [ 26.9684177, 58.6752574 ], [ 26.9684713, 58.6752531 ] ] } },
{ "type": "Feature", "properties": { "orig_fid": "w318374524", "waterway": "river", "name": "Haavakivi jõgi" }, "geometry": { "type": "LineString", "coordinates": [ [ 26.9838119, 58.6539766 ], [ 26.9840247, 58.6541118 ], [ 26.9849964, 58.6559185 ], [ 26.9842358, 58.657935 ], [ 26.9841757, 58.6580152 ] ] } },
{ "type": "Feature", "properties": { "orig_fid": "w318374525", "waterway": "river", "name": "Haavakivi jõgi" }, "geometry": { "type": "LineString", "coordinates": [ [ 26.9718784, 58.6720964 ], [ 26.9718361, 58.6721361 ], [ 26.9717712, 58.6722459 ], [ 26.9716704, 58.672289 ], [ 26.9716525, 58.6723245 ], [ 26.9716379, 58.6723828 ], [ 26.9716412, 58.6724149 ], [ 26.9716948, 58.6724647 ], [ 26.9716997, 58.6725019 ], [ 26.9716493, 58.6725484 ], [ 26.9715794, 58.6725822 ], [ 26.9715713, 58.6726159 ], [ 26.9715989, 58.6726404 ], [ 26.9715729, 58.672659 ], [ 26.9714381, 58.672708 ], [ 26.9713471, 58.6728314 ], [ 26.9713633, 58.6728668 ], [ 26.9714365, 58.6729251 ], [ 26.9714495, 58.6729623 ], [ 26.9714202, 58.673029 ], [ 26.971365, 58.6730696 ], [ 26.971352, 58.6731051 ], [ 26.9714495, 58.6731895 ], [ 26.9714186, 58.6732115 ], [ 26.9713438, 58.6732258 ], [ 26.9713162, 58.6732495 ], [ 26.971313, 58.6732909 ], [ 26.9712252, 58.6733458 ], [ 26.9711115, 58.6733847 ], [ 26.9710741, 58.6734108 ], [ 26.9709393, 58.6734522 ], [ 26.9708629, 58.6734894 ], [ 26.9707801, 58.6735595 ], [ 26.9707476, 58.6736051 ], [ 26.970655, 58.6736322 ], [ 26.9704909, 58.6736491 ], [ 26.9703511, 58.6736465 ], [ 26.9702666, 58.6736676 ], [ 26.9701887, 58.6737631 ], [ 26.9702098, 58.6737969 ], [ 26.9702666, 58.6738273 ], [ 26.9702829, 58.6738585 ], [ 26.9702374, 58.6739413 ], [ 26.9702195, 58.6740055 ], [ 26.9701935, 58.6740309 ], [ 26.9701578, 58.6740461 ], [ 26.9700701, 58.6740604 ], [ 26.9700018, 58.6740883 ], [ 26.9699888, 58.6741441 ], [ 26.969945, 58.674199 ], [ 26.9698312, 58.6743062 ] ] } },
{ "type": "Feature", "properties": { "orig_fid": "w318374526", "waterway": "river", "name": "Haavakivi jõgi" }, "geometry": { "type": "LineString", "coordinates": [ [ 26.9753851, 58.6611253 ], [ 26.9753502, 58.6611373 ], [ 26.9753353, 58.6611606 ], [ 26.9753364, 58.6612515 ], [ 26.9752801, 58.6612801 ], [ 26.9752403, 58.6612858 ] ] } },
{ "type": "Feature", "properties": { "orig_fid": "w318374527", "waterway": "river", "name": "Haavakivi jõgi" }, "geometry": { "type": "LineString", "coordinates": [ [ 26.9685006, 58.6752945 ], [ 26.9684616, 58.6753224 ], [ 26.9684226, 58.6753511 ], [ 26.9684177, 58.6753722 ], [ 26.9684307, 58.675395 ], [ 26.9684681, 58.6754153 ] ] } },
{ "type": "Feature", "properties": { "orig_fid": "w318374528", "waterway": "river", "name": "Haavakivi jõgi" }, "geometry": { "type": "LineString", "coordinates": [ [ 26.9694283, 58.6745276 ], [ 26.9694153, 58.6745841 ], [ 26.9694088, 58.6746179 ], [ 26.9694234, 58.6746627 ], [ 26.9695111, 58.6747269 ], [ 26.9695046, 58.6747539 ] ] } },
{ "type": "Feature", "properties": { "orig_fid": "w318374529", "waterway": "river", "name": "Haavakivi jõgi" }, "geometry": { "type": "LineString", "coordinates": [ [ 26.9841449, 58.6580643 ], [ 26.9840409, 58.6583465 ], [ 26.9839873, 58.6583626 ], [ 26.9838752, 58.6583989 ], [ 26.9838557, 58.6584175 ], [ 26.983854, 58.6584344 ], [ 26.9838687, 58.6584437 ], [ 26.9839401, 58.6584606 ], [ 26.9839629, 58.6584758 ], [ 26.9839824, 58.6585029 ], [ 26.9840035, 58.6585823 ], [ 26.9839808, 58.6586431 ], [ 26.9838898, 58.6586837 ], [ 26.9838557, 58.6587082 ], [ 26.9838475, 58.6587978 ], [ 26.9838129, 58.6588509 ], [ 26.9837939, 58.6588924 ], [ 26.9838037, 58.6589271 ], [ 26.9837647, 58.6589558 ], [ 26.9836379, 58.6589989 ], [ 26.9834836, 58.6590936 ], [ 26.9834641, 58.6591223 ], [ 26.983443, 58.659135 ], [ 26.9833894, 58.6591392 ], [ 26.9833715, 58.6591468 ], [ 26.983339, 58.6592043 ], [ 26.983287, 58.6592169 ], [ 26.9831993, 58.6592051 ], [ 26.983183, 58.6591899 ], [ 26.9831863, 58.6591713 ], [ 26.983157, 58.6591181 ], [ 26.9831408, 58.6591088 ], [ 26.9831002, 58.6591029 ], [ 26.9830352, 58.6591029 ], [ 26.9827346, 58.6590353 ], [ 26.9827362, 58.6589651 ], [ 26.9827265, 58.6589491 ], [ 26.9827005, 58.658944 ], [ 26.9826631, 58.6589457 ], [ 26.9826046, 58.6589829 ], [ 26.982551, 58.6590403 ], [ 26.9825035, 58.6591176 ], [ 26.9824185, 58.6591869 ], [ 26.9823656, 58.6592766 ], [ 26.9822737, 58.6593112 ], [ 26.9821382, 58.6593507 ], [ 26.9821152, 58.6593805 ], [ 26.9821336, 58.6594534 ], [ 26.9823518, 58.65961 ], [ 26.9824116, 58.6596626 ], [ 26.9824277, 58.6596877 ], [ 26.9824139, 58.6597092 ], [ 26.9822507, 58.6597618 ], [ 26.982145, 58.6598299 ], [ 26.9821037, 58.6598371 ], [ 26.9820348, 58.6598813 ], [ 26.9819222, 58.6598932 ], [ 26.9818601, 58.6599124 ], [ 26.9817866, 58.6599458 ], [ 26.9816372, 58.6599363 ], [ 26.9815798, 58.6599028 ], [ 26.9815247, 58.6598908 ], [ 26.9814465, 58.659904 ], [ 26.9813753, 58.6598992 ], [ 26.9813271, 58.6599028 ], [ 26.9812397, 58.6599841 ], [ 26.9811019, 58.6600582 ], [ 26.9810123, 58.6600856 ], [ 26.9808124, 58.660103 ] ] } },
{ "type": "Feature", "properties": { "orig_fid": "w318374530", "waterway": "river", "name": "Haavakivi jõgi" }, "geometry": { "type": "LineString", "coordinates": [ [ 26.9462238, 58.7065257 ], [ 26.9461025, 58.7065999 ], [ 26.9458783, 58.7067371 ], [ 26.9457271, 58.7068536 ], [ 26.9456872, 58.7069571 ], [ 26.9456075, 58.7070391 ], [ 26.9455659, 58.7071159 ], [ 26.9455825, 58.7071694 ], [ 26.9456423, 58.7072592 ], [ 26.945644, 58.7073049 ], [ 26.9456108, 58.7073472 ], [ 26.9454446, 58.7074749 ], [ 26.9453865, 58.7074896 ], [ 26.9451938, 58.7074973 ], [ 26.9451456, 58.7075189 ], [ 26.9451074, 58.7075457 ], [ 26.9450609, 58.7075957 ], [ 26.9450343, 58.7076406 ], [ 26.9450443, 58.7077597 ], [ 26.9450077, 58.7078037 ], [ 26.9449446, 58.707852 ], [ 26.9448881, 58.7078839 ], [ 26.944795, 58.7079219 ], [ 26.9446173, 58.7079599 ], [ 26.9443963, 58.7079564 ], [ 26.9442618, 58.7079297 ], [ 26.9442019, 58.7079262 ], [ 26.9441538, 58.7079271 ], [ 26.9441156, 58.7079391 ], [ 26.9440956, 58.7079581 ], [ 26.9440807, 58.708009 ], [ 26.9440973, 58.7080582 ], [ 26.9441255, 58.7080927 ], [ 26.9442618, 58.7081782 ], [ 26.944285, 58.7082196 ], [ 26.9442601, 58.7082541 ], [ 26.9441704, 58.7082929 ], [ 26.9441039, 58.7083111 ], [ 26.9440258, 58.7083637 ], [ 26.9440325, 58.708393 ], [ 26.9441887, 58.7084931 ], [ 26.9442584, 58.7085164 ], [ 26.9443199, 58.7085182 ], [ 26.9445326, 58.7084526 ], [ 26.9448166, 58.7084008 ], [ 26.9451439, 58.7084051 ], [ 26.9452669, 58.7084215 ], [ 26.9452785, 58.7084439 ], [ 26.9452453, 58.7084647 ], [ 26.9451473, 58.7085009 ], [ 26.9448465, 58.7085717 ], [ 26.9447053, 58.7086631 ], [ 26.9446073, 58.7087037 ], [ 26.9445641, 58.7088176 ], [ 26.9444894, 58.7088987 ], [ 26.9444694, 58.7089289 ], [ 26.9444644, 58.7089686 ], [ 26.9444013, 58.7090324 ], [ 26.9443614, 58.7090557 ], [ 26.944295, 58.7090764 ], [ 26.9440856, 58.7091248 ], [ 26.9440458, 58.7091437 ], [ 26.9440142, 58.7091731 ], [ 26.9440042, 58.709199 ], [ 26.9440142, 58.7092266 ], [ 26.9440474, 58.7092482 ], [ 26.9440856, 58.7092594 ], [ 26.9441072, 58.7092766 ], [ 26.9441156, 58.7093094 ], [ 26.9441006, 58.7093439 ], [ 26.9440125, 58.7094199 ], [ 26.9438547, 58.7095018 ], [ 26.9437932, 58.7095165 ], [ 26.9437185, 58.7095208 ], [ 26.9433613, 58.709444 ], [ 26.9432865, 58.7094423 ], [ 26.9432134, 58.7094527 ], [ 26.9431702, 58.7094699 ], [ 26.943127, 58.7095389 ], [ 26.9431254, 58.7095795 ], [ 26.9431553, 58.7096459 ], [ 26.9431952, 58.7097003 ], [ 26.9432035, 58.7097969 ], [ 26.9431619, 58.7098634 ], [ 26.9430988, 58.7099117 ], [ 26.9430623, 58.7099531 ], [ 26.9430539, 58.7099954 ], [ 26.9430722, 58.7100308 ], [ 26.9431021, 58.7100532 ], [ 26.9431636, 58.7100679 ], [ 26.9432417, 58.7100748 ], [ 26.9433148, 58.7100731 ], [ 26.9434876, 58.7100221 ], [ 26.9435573, 58.7100101 ], [ 26.943647, 58.7100101 ], [ 26.9437368, 58.7100273 ], [ 26.94377, 58.710048 ], [ 26.9437866, 58.7101084 ], [ 26.9437019, 58.7101861 ], [ 26.9436404, 58.7102215 ], [ 26.9435557, 58.7102603 ], [ 26.9434759, 58.7102845 ], [ 26.9433497, 58.710287 ], [ 26.9432832, 58.7102724 ], [ 26.9431819, 58.710243 ], [ 26.9429941, 58.7101723 ], [ 26.9429476, 58.7101637 ], [ 26.9426718, 58.7101585 ], [ 26.9424359, 58.7102154 ], [ 26.9423313, 58.7102922 ], [ 26.942107, 58.7104993 ], [ 26.9421219, 58.7105312 ], [ 26.9421502, 58.7105597 ], [ 26.9421983, 58.7105813 ], [ 26.9422847, 58.7106615 ], [ 26.9422764, 58.710728 ], [ 26.9422498, 58.7107668 ], [ 26.942205, 58.7107996 ], [ 26.9420239, 58.7108746 ], [ 26.9419707, 58.7109048 ], [ 26.941876, 58.7109998 ], [ 26.9417946, 58.7110973 ], [ 26.9418046, 58.7111231 ], [ 26.9418262, 58.7111352 ], [ 26.9418561, 58.7111421 ], [ 26.9420538, 58.7111559 ], [ 26.9421136, 58.7111732 ], [ 26.9421485, 58.7111913 ], [ 26.9421734, 58.7112137 ], [ 26.9421219, 58.7113035 ], [ 26.9421269, 58.7113388 ], [ 26.9421551, 58.7113621 ], [ 26.9422449, 58.7113992 ], [ 26.9422665, 58.7114148 ], [ 26.942313, 58.7114993 ], [ 26.9423429, 58.71152 ], [ 26.9424924, 58.7115554 ], [ 26.942524, 58.7115735 ], [ 26.9425439, 58.7116141 ], [ 26.9425389, 58.7116426 ], [ 26.9423362, 58.7118401 ], [ 26.9423246, 58.7118678 ], [ 26.9423977, 58.7120067 ], [ 26.9423994, 58.7120334 ], [ 26.9423661, 58.7120576 ], [ 26.9423329, 58.7120628 ], [ 26.9421801, 58.7120472 ], [ 26.9420737, 58.7120628 ], [ 26.9419059, 58.7121171 ], [ 26.9418827, 58.7121361 ], [ 26.9418794, 58.7121585 ], [ 26.9419109, 58.7121801 ], [ 26.9420854, 58.7122457 ], [ 26.9422017, 58.7122759 ], [ 26.9423794, 58.7123026 ], [ 26.942519, 58.7123475 ], [ 26.9426037, 58.7123949 ], [ 26.9427001, 58.7124665 ], [ 26.9427782, 58.7125977 ], [ 26.9427582, 58.712671 ], [ 26.9427217, 58.712684 ], [ 26.9426569, 58.7126788 ], [ 26.942607, 58.7126589 ], [ 26.9424941, 58.7126331 ], [ 26.9424127, 58.712627 ], [ 26.942298, 58.712627 ], [ 26.9421635, 58.7126564 ], [ 26.9420837, 58.712684 ], [ 26.9419641, 58.7127478 ], [ 26.9419026, 58.7128056 ], [ 26.9418777, 58.7128513 ], [ 26.9418777, 58.713212 ], [ 26.9418993, 58.7132603 ], [ 26.9419691, 58.7133431 ], [ 26.9420006, 58.7134234 ], [ 26.9419874, 58.7134829 ], [ 26.9419043, 58.7135899 ], [ 26.9419043, 58.7136322 ], [ 26.9419325, 58.7136675 ], [ 26.941984, 58.7136788 ], [ 26.9421236, 58.7136503 ], [ 26.9421934, 58.7136451 ], [ 26.9422748, 58.7136477 ], [ 26.9423296, 58.7136675 ], [ 26.9423628, 58.7137098 ], [ 26.9423728, 58.7137547 ], [ 26.9423562, 58.7138047 ], [ 26.9422964, 58.7138582 ], [ 26.9421934, 58.7139005 ], [ 26.9420272, 58.7139488 ], [ 26.941778, 58.7140903 ], [ 26.9416916, 58.7142594 ], [ 26.9415953, 58.714312 ], [ 26.9415072, 58.7143319 ], [ 26.9414109, 58.7143448 ], [ 26.941366, 58.7143672 ], [ 26.941356, 58.7144035 ], [ 26.9413826, 58.7145596 ], [ 26.9414341, 58.714702 ], [ 26.9414657, 58.7148547 ], [ 26.9414557, 58.7150221 ], [ 26.9414026, 58.7151817 ], [ 26.9413029, 58.7153318 ], [ 26.9413062, 58.7153991 ], [ 26.9413361, 58.7154301 ], [ 26.9413776, 58.7154526 ], [ 26.941459, 58.7154681 ], [ 26.9416086, 58.7154715 ], [ 26.9416667, 58.7154836 ], [ 26.9417082, 58.7155 ], [ 26.9417282, 58.7155207 ], [ 26.9417315, 58.7155483 ], [ 26.9417249, 58.7155785 ], [ 26.9416966, 58.715613 ], [ 26.9416468, 58.7156406 ], [ 26.9415587, 58.7156613 ], [ 26.9414607, 58.715676 ], [ 26.941273, 58.715745 ], [ 26.941248, 58.7157597 ], [ 26.9412248, 58.7157907 ], [ 26.9412248, 58.7158166 ], [ 26.9412597, 58.7158555 ], [ 26.9413162, 58.7158865 ], [ 26.9413544, 58.7159176 ], [ 26.9413793, 58.7159667 ], [ 26.941376, 58.7160651 ], [ 26.9413228, 58.716122 ], [ 26.9412846, 58.716185 ], [ 26.9412863, 58.7162411 ], [ 26.9413394, 58.7163092 ], [ 26.9413959, 58.7163558 ], [ 26.9414557, 58.7164654 ], [ 26.9414673, 58.716524 ], [ 26.9414491, 58.7165784 ], [ 26.9413693, 58.7166457 ], [ 26.9412663, 58.7167156 ], [ 26.9412414, 58.7167596 ], [ 26.9412597, 58.7168036 ], [ 26.9413012, 58.7168251 ], [ 26.941484, 58.7168812 ], [ 26.941572, 58.7169494 ], [ 26.9416684, 58.7171003 ], [ 26.9418511, 58.7173315 ], [ 26.9418827, 58.7173971 ], [ 26.941876, 58.7175946 ], [ 26.9418279, 58.7177335 ], [ 26.9417697, 58.7178422 ], [ 26.9416484, 58.7179639 ], [ 26.9416268, 58.7180294 ], [ 26.9417448, 58.7184711 ], [ 26.941788, 58.7185168 ], [ 26.9418445, 58.7185565 ], [ 26.9418727, 58.7186316 ], [ 26.9418212, 58.7187264 ], [ 26.9418196, 58.7188075 ], [ 26.9418345, 58.7188498 ], [ 26.9419043, 58.7188903 ], [ 26.9420355, 58.71893 ], [ 26.9421518, 58.7189438 ], [ 26.9422382, 58.7189447 ], [ 26.9424392, 58.7189171 ], [ 26.9425223, 58.7189128 ], [ 26.9426253, 58.7189214 ], [ 26.9426984, 58.7189387 ], [ 26.9427383, 58.7189576 ], [ 26.9427549, 58.7189878 ], [ 26.9427466, 58.719012 ], [ 26.9426203, 58.7191293 ], [ 26.9425987, 58.7191681 ], [ 26.9426087, 58.7192069 ], [ 26.9426452, 58.7192458 ], [ 26.9426951, 58.7192656 ], [ 26.942823, 58.7192949 ], [ 26.9429725, 58.7193795 ], [ 26.9430689, 58.7194666 ], [ 26.9431503, 58.7195252 ], [ 26.9434277, 58.7196598 ], [ 26.9435357, 58.7197055 ], [ 26.9436354, 58.7197375 ], [ 26.9437268, 58.7197504 ], [ 26.9437899, 58.7197478 ], [ 26.9438564, 58.7197349 ], [ 26.9439278, 58.7197107 ], [ 26.9439993, 58.7196684 ], [ 26.9441305, 58.7195528 ], [ 26.9443448, 58.7194735 ], [ 26.9446621, 58.7194019 ], [ 26.9450509, 58.7193579 ], [ 26.9453832, 58.719345 ], [ 26.9455427, 58.7193544 ], [ 26.9456506, 58.719376 ], [ 26.9465029, 58.719696 ], [ 26.9467422, 58.719753 ], [ 26.9468501, 58.7197651 ], [ 26.9470944, 58.719772 ], [ 26.9471575, 58.719784 ], [ 26.9474798, 58.7200445 ], [ 26.9475861, 58.7200954 ], [ 26.9476393, 58.7201455 ], [ 26.9476841, 58.7205802 ], [ 26.947621, 58.7206337 ], [ 26.9475147, 58.7206811 ], [ 26.9472588, 58.7207657 ], [ 26.947199, 58.7208131 ], [ 26.9471492, 58.7210348 ], [ 26.9470562, 58.7213013 ], [ 26.9469631, 58.7214152 ], [ 26.9468767, 58.7214652 ], [ 26.9467721, 58.7215049 ], [ 26.9464199, 58.7215731 ], [ 26.9463335, 58.7215998 ], [ 26.9462919, 58.7216334 ], [ 26.9462786, 58.7216964 ], [ 26.9462421, 58.7217507 ], [ 26.9460942, 58.7218266 ], [ 26.9460344, 58.7218767 ], [ 26.9459879, 58.7219319 ], [ 26.9459447, 58.7219534 ], [ 26.9458999, 58.7219638 ], [ 26.9458384, 58.7219664 ], [ 26.945659, 58.7219388 ], [ 26.9455709, 58.7219319 ], [ 26.9454131, 58.7219017 ], [ 26.9452901, 58.7218939 ], [ 26.9450991, 58.72195 ], [ 26.9448765, 58.7220337 ], [ 26.9446821, 58.722082 ], [ 26.9446372, 58.7221165 ], [ 26.9445558, 58.7222726 ], [ 26.9445874, 58.7223416 ], [ 26.9447153, 58.7225098 ], [ 26.944717, 58.7225805 ], [ 26.9446788, 58.7226487 ], [ 26.9446007, 58.7227263 ], [ 26.9445242, 58.7227504 ], [ 26.9444262, 58.7227487 ], [ 26.9442335, 58.7226961 ], [ 26.9441504, 58.7226219 ], [ 26.944064, 58.722515 ], [ 26.9440142, 58.7224727 ], [ 26.9439145, 58.722446 ], [ 26.9437999, 58.7224261 ], [ 26.9437069, 58.7224201 ], [ 26.9436354, 58.7224382 ], [ 26.9434992, 58.7225357 ], [ 26.9434244, 58.722565 ], [ 26.9432932, 58.722596 ], [ 26.9430755, 58.722596 ], [ 26.9427998, 58.7225676 ], [ 26.9427117, 58.7225641 ], [ 26.9426552, 58.7225693 ], [ 26.9426104, 58.7225814 ], [ 26.9424957, 58.7226607 ], [ 26.9423661, 58.7226814 ], [ 26.9421734, 58.7227418 ], [ 26.9421236, 58.7227703 ], [ 26.942087, 58.7228169 ], [ 26.9420239, 58.7228548 ], [ 26.941994, 58.7228885 ], [ 26.9420006, 58.7230066 ], [ 26.9419525, 58.7231308 ], [ 26.9419176, 58.7231912 ], [ 26.9418827, 58.7232292 ], [ 26.9418096, 58.7232654 ], [ 26.9416534, 58.7233232 ], [ 26.9416119, 58.7233663 ], [ 26.9416285, 58.7234517 ], [ 26.9416119, 58.7235578 ], [ 26.9415654, 58.7236216 ], [ 26.941469, 58.7236561 ], [ 26.9411849, 58.7237329 ], [ 26.941057, 58.723826 ], [ 26.9409208, 58.7239666 ], [ 26.9408825, 58.7240227 ], [ 26.9408659, 58.7240598 ], [ 26.9408676, 58.7241029 ], [ 26.9409556, 58.7241443 ], [ 26.9411829, 58.7242032 ], [ 26.9412298, 58.724215 ], [ 26.9414142, 58.7242374 ], [ 26.9414557, 58.7242581 ], [ 26.9414707, 58.7242892 ], [ 26.9414158, 58.7243297 ], [ 26.9413062, 58.7243358 ], [ 26.9410952, 58.7243133 ], [ 26.9410354, 58.7243297 ], [ 26.9410005, 58.7243642 ], [ 26.9409939, 58.7244013 ], [ 26.9410121, 58.7244643 ], [ 26.9409806, 58.7244884 ], [ 26.9409257, 58.7245109 ], [ 26.9408958, 58.7245324 ], [ 26.9408659, 58.7245669 ], [ 26.9408526, 58.7246307 ], [ 26.9408344, 58.7246575 ], [ 26.9407895, 58.7246739 ], [ 26.9406815, 58.724698 ], [ 26.9404838, 58.724805 ], [ 26.9403443, 58.7248653 ], [ 26.9402894, 58.7248731 ], [ 26.9402031, 58.7248679 ], [ 26.9400037, 58.7248291 ], [ 26.9398758, 58.7248291 ], [ 26.9398359, 58.7248507 ], [ 26.9397678, 58.7249171 ], [ 26.9397412, 58.7249835 ], [ 26.9397661, 58.7250706 ], [ 26.9398126, 58.7251534 ], [ 26.9398093, 58.7252155 ], [ 26.9397894, 58.7252629 ], [ 26.9397163, 58.7252888 ], [ 26.9394953, 58.7253328 ], [ 26.9394156, 58.7253639 ], [ 26.9393807, 58.725413 ], [ 26.9393325, 58.7255795 ], [ 26.9393192, 58.7257753 ], [ 26.9394604, 58.7259503 ], [ 26.9395468, 58.7260297 ], [ 26.939585, 58.7260392 ], [ 26.9396498, 58.7260366 ], [ 26.939693, 58.7260167 ], [ 26.9398259, 58.7258969 ], [ 26.9399339, 58.725865 ], [ 26.9400751, 58.7258917 ], [ 26.9402263, 58.7259115 ], [ 26.9403044, 58.7259443 ], [ 26.9403293, 58.7259728 ], [ 26.9403393, 58.726009 ], [ 26.9402811, 58.7260469 ], [ 26.9402247, 58.7261073 ], [ 26.9402429, 58.7262487 ], [ 26.9402911, 58.7262936 ], [ 26.9403742, 58.7264023 ], [ 26.9403991, 58.7264678 ], [ 26.940439, 58.7265109 ], [ 26.9404672, 58.7265635 ], [ 26.9404689, 58.7266256 ], [ 26.940424, 58.7266851 ], [ 26.9402944, 58.726755 ], [ 26.9401349, 58.7268223 ], [ 26.9400054, 58.7268645 ], [ 26.9399406, 58.7269258 ], [ 26.9399223, 58.7269818 ], [ 26.9399156, 58.7271621 ], [ 26.939904, 58.7272061 ], [ 26.9398243, 58.7272431 ], [ 26.9396498, 58.7272733 ], [ 26.9395884, 58.7273035 ], [ 26.9395817, 58.7273527 ], [ 26.9396183, 58.7273803 ], [ 26.9396415, 58.7274122 ], [ 26.9395734, 58.727457 ], [ 26.9393259, 58.7274976 ], [ 26.939271, 58.7275303 ], [ 26.9392444, 58.7275726 ], [ 26.9392976, 58.7275959 ], [ 26.9393591, 58.7275993 ], [ 26.9394023, 58.7276321 ], [ 26.9395418, 58.7277071 ], [ 26.9396099, 58.7277209 ], [ 26.9396382, 58.7277158 ], [ 26.9396797, 58.7276925 ], [ 26.9397678, 58.7276744 ], [ 26.9398608, 58.7276985 ], [ 26.9398807, 58.7277287 ], [ 26.9398126, 58.7277882 ], [ 26.9397512, 58.7278184 ], [ 26.9395933, 58.7279201 ], [ 26.9393691, 58.7280357 ], [ 26.9392511, 58.7281306 ], [ 26.9392378, 58.7281694 ], [ 26.9392478, 58.7281996 ], [ 26.9393092, 58.7282168 ], [ 26.9393641, 58.7282151 ], [ 26.9395967, 58.7281625 ], [ 26.9397993, 58.7281271 ], [ 26.9401349, 58.7281142 ], [ 26.9402296, 58.7281211 ], [ 26.9403841, 58.7281556 ], [ 26.9404689, 58.7281875 ], [ 26.9405619, 58.728203 ], [ 26.9408709, 58.7281996 ], [ 26.940944, 58.7282194 ], [ 26.940964, 58.7282496 ], [ 26.9409473, 58.7282806 ], [ 26.9408327, 58.7283229 ], [ 26.9407496, 58.7283626 ], [ 26.940625, 58.7284669 ], [ 26.9406101, 58.7285023 ], [ 26.9406267, 58.7285463 ], [ 26.9407114, 58.7286403 ], [ 26.9407829, 58.728698 ], [ 26.9407945, 58.7287653 ], [ 26.9407862, 58.7288291 ], [ 26.9407231, 58.7290275 ], [ 26.9407546, 58.7291439 ], [ 26.9408078, 58.7292206 ], [ 26.940851, 58.7292612 ], [ 26.9408925, 58.7292733 ], [ 26.9409274, 58.7292733 ], [ 26.9409523, 58.7292629 ], [ 26.9409473, 58.729206 ], [ 26.9410254, 58.7291801 ], [ 26.9411135, 58.729187 ], [ 26.9411567, 58.7292198 ], [ 26.9411899, 58.7292681 ], [ 26.9412397, 58.7293043 ], [ 26.9413128, 58.7293422 ], [ 26.9413295, 58.7293828 ], [ 26.9413178, 58.7294199 ], [ 26.9412896, 58.7294397 ], [ 26.940851, 58.7294406 ], [ 26.9406682, 58.729494 ], [ 26.9406068, 58.7295458 ], [ 26.9405868, 58.729582 ], [ 26.9406167, 58.7296027 ], [ 26.9407696, 58.729638 ], [ 26.9408061, 58.7296605 ], [ 26.9408194, 58.7296837 ], [ 26.9407546, 58.72972 ], [ 26.9406632, 58.7297415 ], [ 26.9404323, 58.7297683 ], [ 26.9402994, 58.7298028 ], [ 26.9402363, 58.7298338 ], [ 26.9401466, 58.7299813 ], [ 26.9401516, 58.7300442 ], [ 26.9402064, 58.7301425 ], [ 26.9401864, 58.7301831 ], [ 26.9401316, 58.73024 ], [ 26.9400751, 58.7302598 ], [ 26.9399522, 58.7302727 ], [ 26.9395568, 58.7302684 ], [ 26.9393558, 58.7303081 ], [ 26.9390517, 58.7304133 ], [ 26.9385068, 58.7305418 ], [ 26.938344, 58.7305685 ], [ 26.9381347, 58.7305884 ], [ 26.9380715, 58.7305858 ], [ 26.9380018, 58.7305634 ], [ 26.9378821, 58.7304978 ], [ 26.9377858, 58.7304745 ], [ 26.9375183, 58.7304504 ], [ 26.9373738, 58.730453 ], [ 26.9372874, 58.7304702 ], [ 26.9372541, 58.7304978 ], [ 26.9370365, 58.730509 ], [ 26.9366893, 58.7304901 ], [ 26.9352057, 58.7304832 ], [ 26.9337454, 58.7304849 ], [ 26.933639, 58.7304797 ], [ 26.9335892, 58.7304711 ], [ 26.933541, 58.7304383 ], [ 26.9330276, 58.7302538 ], [ 26.9328017, 58.73019 ], [ 26.9323216, 58.7300373 ], [ 26.9319991, 58.7299585 ], [ 26.930662, 58.7296602 ], [ 26.9303377, 58.7296016 ], [ 26.930131, 58.7295955 ], [ 26.9299689, 58.7296028 ], [ 26.9298067, 58.7296321 ], [ 26.9292946, 58.7296845 ], [ 26.9291136, 58.7296906 ], [ 26.9278496, 58.7296943 ], [ 26.9275136, 58.7297016 ], [ 26.9269685, 58.7297297 ], [ 26.9258502, 58.7297504 ], [ 26.9255095, 58.7297724 ], [ 26.9251124, 58.729776 ], [ 26.9246284, 58.7297943 ], [ 26.9243629, 58.7297906 ], [ 26.9236604, 58.7298138 ], [ 26.9232962, 58.7298821 ], [ 26.923019, 58.7299175 ], [ 26.9227441, 58.7299065 ], [ 26.9225937, 58.7299211 ], [ 26.922441, 58.7299492 ], [ 26.9223235, 58.729998 ], [ 26.9222695, 58.7300297 ], [ 26.9220909, 58.7300699 ], [ 26.9219852, 58.730076 ], [ 26.9218607, 58.7300687 ], [ 26.9217432, 58.7300248 ], [ 26.9215717, 58.7299431 ], [ 26.9214425, 58.7299199 ], [ 26.9212569, 58.7299187 ], [ 26.9209843, 58.7299663 ], [ 26.9209232, 58.7299687 ], [ 26.9206695, 58.7299285 ], [ 26.920357, 58.7299297 ], [ 26.9197837, 58.7299565 ], [ 26.9196521, 58.7299529 ], [ 26.9195229, 58.729926 ], [ 26.9194195, 58.7299163 ], [ 26.9190648, 58.7299858 ], [ 26.918905, 58.7300016 ], [ 26.9181555, 58.7300053 ], [ 26.9179064, 58.7299919 ], [ 26.9177819, 58.7299955 ], [ 26.9176339, 58.7300163 ], [ 26.9174835, 58.7300492 ], [ 26.9173919, 58.7300492 ], [ 26.9173073, 58.7300199 ], [ 26.917218, 58.7300041 ], [ 26.9171076, 58.7300102 ], [ 26.9169643, 58.7300333 ], [ 26.9168233, 58.7300687 ], [ 26.9166964, 58.7301114 ], [ 26.9165179, 58.7301541 ], [ 26.9162641, 58.7302321 ], [ 26.9155299, 58.7305059 ], [ 26.9154771, 58.7305358 ], [ 26.9153925, 58.7306065 ], [ 26.915376, 58.7306797 ], [ 26.9153549, 58.7308126 ], [ 26.9153643, 58.731087 ], [ 26.9153478, 58.7312553 ], [ 26.9152797, 58.7314285 ], [ 26.9153102, 58.7315236 ], [ 26.9153619, 58.7318383 ], [ 26.915322, 58.7320078 ], [ 26.9150823, 58.7324431 ], [ 26.9148615, 58.7327004 ], [ 26.914751, 58.732937 ], [ 26.9145913, 58.7330663 ], [ 26.9144785, 58.7331894 ], [ 26.914206, 58.7335675 ], [ 26.9141026, 58.7336918 ], [ 26.9139076, 58.7338992 ], [ 26.9137549, 58.7342235 ], [ 26.9137126, 58.7345125 ], [ 26.9136773, 58.734621 ], [ 26.9135669, 58.734793 ], [ 26.9134494, 58.734943 ], [ 26.9134048, 58.7350869 ], [ 26.9133954, 58.73526 ], [ 26.9134729, 58.735399 ], [ 26.9135058, 58.7355344 ], [ 26.9134988, 58.7356392 ], [ 26.9135152, 58.7357453 ], [ 26.9136021, 58.7360197 ], [ 26.9136397, 58.7361892 ], [ 26.9136115, 58.7363599 ], [ 26.9136115, 58.7365525 ], [ 26.9136233, 58.7367805 ], [ 26.9136538, 58.7370293 ], [ 26.9136938, 58.7371378 ], [ 26.9136891, 58.7372 ], [ 26.9136538, 58.7372378 ], [ 26.913541, 58.737278 ], [ 26.9134847, 58.7373085 ], [ 26.9134377, 58.7373646 ], [ 26.9134189, 58.7374548 ], [ 26.9132638, 58.7376865 ], [ 26.9131064, 58.7378621 ], [ 26.9130101, 58.7380303 ], [ 26.912902, 58.7381449 ], [ 26.9127399, 58.7382742 ], [ 26.9124908, 58.7383876 ], [ 26.9123146, 58.7384449 ], [ 26.9121948, 58.7385022 ], [ 26.9120209, 58.7385693 ], [ 26.9119269, 58.7386485 ], [ 26.9119011, 58.7387424 ], [ 26.9119034, 58.7389801 ], [ 26.9118776, 58.7391326 ], [ 26.9119222, 58.7397202 ], [ 26.912075, 58.7399104 ], [ 26.9121924, 58.7401713 ], [ 26.9124203, 58.7403981 ], [ 26.9125261, 58.7405456 ], [ 26.9125042, 58.7406116 ], [ 26.912425, 58.7406541 ], [ 26.91227, 58.74072 ], [ 26.9121337, 58.740798 ], [ 26.9120092, 58.7409089 ], [ 26.9114617, 58.7415161 ], [ 26.9111516, 58.7418867 ], [ 26.9109213, 58.7421269 ], [ 26.9106746, 58.7425597 ], [ 26.9103387, 58.7430937 ], [ 26.9101883, 58.7433789 ], [ 26.9100732, 58.7435008 ], [ 26.9100426, 58.7435996 ], [ 26.9100426, 58.7436874 ], [ 26.9101812, 58.7439629 ], [ 26.9103551, 58.744253 ], [ 26.9105689, 58.7446395 ], [ 26.9107945, 58.7450003 ], [ 26.9108931, 58.7452612 ], [ 26.9111023, 58.745611 ], [ 26.9111939, 58.7457963 ], [ 26.9112526, 58.7458926 ], [ 26.9113795, 58.7459743 ], [ 26.9119645, 58.746251 ], [ 26.912542, 58.7464699 ], [ 26.9126332, 58.746512 ] ] } },
{ "type": "Feature", "properties": { "orig_fid": "w318374531", "waterway": "river", "name": "Haavakivi jõgi" }, "geometry": { "type": "LineString", "coordinates": [ [ 26.9715989, 58.6726404 ], [ 26.9716509, 58.6726455 ], [ 26.971698, 58.6726523 ], [ 26.9717338, 58.6726751 ], [ 26.9717322, 58.6726979 ], [ 26.9717078, 58.6727351 ], [ 26.9717322, 58.6727748 ] ] } },
{ "type": "Feature", "properties": { "orig_fid": "w318374532", "waterway": "river", "name": "Haavakivi jõgi" }, "geometry": { "type": "LineString", "coordinates": [ [ 26.9821382, 58.6593507 ], [ 26.9820302, 58.6593758 ], [ 26.9818463, 58.6595335 ], [ 26.9817039, 58.6596435 ], [ 26.9815155, 58.6597654 ], [ 26.9814029, 58.6598287 ], [ 26.9813271, 58.6599028 ] ] } },
{ "type": "Feature", "properties": { "orig_fid": "w318374533", "waterway": "river", "name": "Haavakivi jõgi" }, "geometry": { "type": "LineString", "coordinates": [ [ 26.9612887, 58.6812082 ], [ 26.9611771, 58.6812491 ], [ 26.9611089, 58.6812735 ], [ 26.9610349, 58.6812833 ], [ 26.960975, 58.6813144 ], [ 26.9609374, 58.6813431 ], [ 26.960854, 58.6813608 ], [ 26.9608411, 58.6813785 ] ] } },
{ "type": "Feature", "properties": { "orig_fid": "w318374534", "waterway": "river", "name": "Haavakivi jõgi" }, "geometry": { "type": "LineString", "coordinates": [ [ 26.9626429, 58.6853438 ], [ 26.9626595, 58.685368 ], [ 26.9626961, 58.6853844 ], [ 26.9628157, 58.6853957 ], [ 26.9628871, 58.6854121 ], [ 26.9628971, 58.6854224 ], [ 26.9629037, 58.6854829 ], [ 26.9628739, 58.6855096 ] ] } },
{ "type": "Feature", "properties": { "orig_fid": "w318374535", "waterway": "river", "name": "Haavakivi jõgi" }, "geometry": { "type": "LineString", "coordinates": [ [ 26.9833911, 58.6531356 ], [ 26.9833196, 58.6531711 ], [ 26.9832854, 58.6532016 ], [ 26.9832968, 58.6532404 ], [ 26.9833228, 58.6532768 ], [ 26.9833082, 58.6533503 ], [ 26.9831863, 58.6534027 ], [ 26.983044, 58.653443 ] ] } },
{ "type": "Feature", "properties": { "orig_fid": "w318374536", "waterway": "river", "name": "Haavakivi jõgi" }, "geometry": { "type": "LineString", "coordinates": [ [ 26.9686435, 58.6749364 ], [ 26.9685444, 58.6748984 ], [ 26.9684778, 58.6748781 ], [ 26.9684209, 58.6748713 ], [ 26.968382, 58.6748764 ], [ 26.9683527, 58.6748992 ], [ 26.9683332, 58.6749296 ], [ 26.9683348, 58.6750242 ] ] } },
{ "type": "Feature", "properties": { "orig_fid": "w318374537", "waterway": "river", "name": "Haavakivi jõgi" }, "geometry": { "type": "LineString", "coordinates": [ [ 26.9759836, 58.6628568 ], [ 26.9758931, 58.6629702 ], [ 26.9757924, 58.6630361 ], [ 26.975612, 58.6630817 ], [ 26.975573, 58.6630995 ], [ 26.9755617, 58.6631299 ], [ 26.9755958, 58.6631645 ], [ 26.9756965, 58.6632059 ], [ 26.9757225, 58.6632456 ], [ 26.9757306, 58.6632803 ], [ 26.9755974, 58.6634163 ], [ 26.9755438, 58.663451 ], [ 26.9754967, 58.6634636 ], [ 26.975279, 58.6634805 ], [ 26.9752318, 58.6635033 ], [ 26.9751652, 58.6635836 ], [ 26.9751084, 58.6637332 ], [ 26.9750352, 58.6638405 ], [ 26.974928, 58.6639233 ], [ 26.9747769, 58.6640069 ], [ 26.9747087, 58.6640948 ], [ 26.9746762, 58.6641582 ], [ 26.9746746, 58.6642266 ], [ 26.9746973, 58.6643593 ], [ 26.9746778, 58.6644556 ], [ 26.9746388, 58.6645655 ], [ 26.9746258, 58.6646499 ], [ 26.9746599, 58.6647268 ], [ 26.9747412, 58.6648037 ], [ 26.9748224, 58.6649 ], [ 26.9748452, 58.664966 ], [ 26.9748435, 58.6650335 ], [ 26.9747688, 58.6651958 ], [ 26.9747574, 58.6652769 ], [ 26.9747639, 58.6655202 ], [ 26.974785, 58.6656672 ], [ 26.9748711, 58.6659858 ], [ 26.9749036, 58.6661826 ], [ 26.9748923, 58.6662206 ], [ 26.9748598, 58.666257 ], [ 26.9747867, 58.6663077 ], [ 26.9745836, 58.6663854 ], [ 26.9744763, 58.6664429 ], [ 26.9743854, 58.6665265 ], [ 26.9743447, 58.6666279 ], [ 26.9743594, 58.6667107 ], [ 26.974348, 58.6667977 ], [ 26.9743025, 58.6668526 ], [ 26.974231, 58.6668814 ], [ 26.9741546, 58.6668923 ], [ 26.9738134, 58.6669135 ], [ 26.9736802, 58.6669413 ], [ 26.9735486, 58.6669853 ], [ 26.9734528, 58.6670334 ], [ 26.9733715, 58.6671019 ], [ 26.9733098, 58.6671728 ], [ 26.9732919, 58.6672176 ], [ 26.9732968, 58.667297 ], [ 26.9733683, 58.667352 ], [ 26.9734609, 58.6673849 ], [ 26.9735242, 58.6674356 ], [ 26.9735275, 58.6674914 ], [ 26.9735064, 58.6675843 ], [ 26.9735112, 58.6676341 ], [ 26.9735616, 58.6676654 ], [ 26.9737436, 58.6677144 ], [ 26.9738248, 58.6677465 ], [ 26.9738817, 58.6677921 ], [ 26.9738801, 58.6678622 ], [ 26.9739126, 58.6679425 ], [ 26.9739418, 58.6679721 ], [ 26.973984, 58.6679915 ], [ 26.9740425, 58.6679864 ], [ 26.9740896, 58.6679704 ], [ 26.9742716, 58.6678099 ], [ 26.9743139, 58.6677989 ], [ 26.9743545, 58.6678132 ], [ 26.9743675, 58.6678369 ], [ 26.9743447, 58.6679974 ], [ 26.9743577, 58.6680997 ], [ 26.9743464, 58.6681563 ], [ 26.9743204, 58.6681774 ], [ 26.9742684, 58.6681791 ], [ 26.9741725, 58.6681664 ], [ 26.9741189, 58.668185 ], [ 26.9741075, 58.6682137 ], [ 26.9741156, 58.6682483 ], [ 26.9741904, 58.6683041 ], [ 26.9741839, 58.6683354 ], [ 26.9741384, 58.6683692 ], [ 26.9741303, 58.6684004 ], [ 26.9741758, 58.6684359 ], [ 26.9744195, 58.6685119 ], [ 26.9744292, 58.6685331 ], [ 26.9744195, 58.6685449 ], [ 26.974361, 58.6685711 ], [ 26.974166, 58.668626 ], [ 26.9740799, 58.6686725 ], [ 26.97401, 58.6687341 ], [ 26.9739467, 58.6688135 ], [ 26.9739077, 58.6688457 ], [ 26.9739207, 58.6688862 ], [ 26.9739564, 58.6689124 ], [ 26.974049, 58.6689597 ], [ 26.9740393, 58.6689808 ], [ 26.973958, 58.6689977 ], [ 26.9738882, 58.6689969 ], [ 26.9736656, 58.6689682 ], [ 26.9736071, 58.6689538 ], [ 26.9735795, 58.668936 ], [ 26.9735697, 58.668893 ], [ 26.9735372, 58.6688778 ], [ 26.9735047, 58.6688769 ], [ 26.9733943, 58.6689006 ], [ 26.9733341, 58.6688862 ], [ 26.973261, 58.6687054 ], [ 26.9731473, 58.6686877 ], [ 26.9731099, 58.6686877 ], [ 26.9730287, 58.6687029 ], [ 26.972915, 58.6687096 ], [ 26.9725705, 58.6687553 ], [ 26.9724877, 58.6687493 ], [ 26.9724535, 58.6687316 ], [ 26.9723772, 58.6687164 ], [ 26.9723138, 58.668724 ], [ 26.9719937, 58.6687967 ], [ 26.9718524, 58.6688178 ], [ 26.9717305, 58.6688178 ], [ 26.971326, 58.6687645 ], [ 26.9711489, 58.668762 ], [ 26.970949, 58.6687671 ], [ 26.9708174, 58.6687814 ], [ 26.9707005, 58.6688043 ], [ 26.970603, 58.6688355 ], [ 26.9704909, 58.6688845 ], [ 26.9704291, 58.6689234 ], [ 26.970343, 58.669018 ], [ 26.9703268, 58.6691304 ], [ 26.9703056, 58.6691751 ], [ 26.9702472, 58.6692292 ], [ 26.9701237, 58.6692698 ], [ 26.9699482, 58.6692968 ], [ 26.9699125, 58.6693162 ], [ 26.9698913, 58.6693424 ], [ 26.9698881, 58.6693847 ], [ 26.9699027, 58.669421 ], [ 26.9699352, 58.6694413 ], [ 26.9700213, 58.6694607 ], [ 26.970213, 58.6695249 ], [ 26.970226, 58.6695612 ], [ 26.9702228, 58.6696525 ], [ 26.9702553, 58.6696761 ], [ 26.9703154, 58.6696981 ], [ 26.9703511, 58.6697344 ], [ 26.9703414, 58.6697783 ], [ 26.9703658, 58.6698256 ], [ 26.9704941, 58.6698991 ], [ 26.9705347, 58.6699498 ], [ 26.9705559, 58.670025 ], [ 26.9705315, 58.6701306 ], [ 26.9705364, 58.6701729 ], [ 26.9705591, 58.6701931 ], [ 26.9706095, 58.6702067 ], [ 26.9706338, 58.6702236 ], [ 26.9706501, 58.6702531 ], [ 26.9706501, 58.6702768 ], [ 26.9706777, 58.6703047 ], [ 26.9707313, 58.6703207 ], [ 26.9708109, 58.6703334 ], [ 26.9710644, 58.6703435 ], [ 26.9711099, 58.6703562 ], [ 26.971131, 58.670379 ], [ 26.9710725, 58.6704685 ], [ 26.971066, 58.6705218 ], [ 26.9710741, 58.670548 ], [ 26.971105, 58.6705699 ], [ 26.9712155, 58.6705978 ], [ 26.971235, 58.6706172 ], [ 26.971222, 58.6706375 ], [ 26.9711846, 58.6706536 ], [ 26.9710774, 58.6706764 ], [ 26.9710514, 58.6707009 ], [ 26.9710514, 58.6707321 ], [ 26.9710888, 58.6707541 ], [ 26.971157, 58.6707684 ], [ 26.9713503, 58.6707853 ], [ 26.9714105, 58.6707989 ], [ 26.9714706, 58.6708335 ], [ 26.9715908, 58.6709222 ], [ 26.971672, 58.6710041 ], [ 26.9717013, 58.6710472 ], [ 26.9717468, 58.6710827 ], [ 26.9717598, 58.671114 ], [ 26.9717728, 58.6711351 ], [ 26.9719596, 58.671206 ], [ 26.9720993, 58.6712753 ], [ 26.9721741, 58.6713471 ], [ 26.9721822, 58.6714079 ], [ 26.9721708, 58.6714713 ], [ 26.9721172, 58.671522 ], [ 26.97201, 58.67156 ], [ 26.9719791, 58.6715929 ], [ 26.9719889, 58.6716512 ], [ 26.9720165, 58.6716909 ], [ 26.9720262, 58.6718168 ], [ 26.9719726, 58.6718371 ], [ 26.9718654, 58.6718633 ], [ 26.9717533, 58.671881 ], [ 26.9715486, 58.6718971 ], [ 26.9714641, 58.6719283 ], [ 26.9714901, 58.6719891 ], [ 26.9715339, 58.6720339 ], [ 26.9715827, 58.6720483 ], [ 26.9717744, 58.6720424 ], [ 26.9718394, 58.672066 ], [ 26.9718784, 58.6720964 ], [ 26.9719418, 58.6721251 ], [ 26.97201, 58.6721682 ], [ 26.9720847, 58.672235 ], [ 26.9720961, 58.6722882 ], [ 26.9720409, 58.6723727 ], [ 26.9719547, 58.6723777 ], [ 26.9719028, 58.6723887 ], [ 26.971867, 58.6724149 ], [ 26.9718621, 58.6725095 ], [ 26.971919, 58.6726117 ], [ 26.9719239, 58.6726557 ], [ 26.9717679, 58.6727334 ], [ 26.9717322, 58.6727748 ], [ 26.9717289, 58.6728204 ], [ 26.9717565, 58.6728871 ], [ 26.9716948, 58.6729488 ], [ 26.9716899, 58.6729944 ], [ 26.9717354, 58.6730273 ], [ 26.9717435, 58.673051 ], [ 26.971659, 58.6733069 ], [ 26.9716217, 58.6733526 ], [ 26.9715128, 58.6734294 ], [ 26.9714365, 58.673497 ], [ 26.9713585, 58.6735359 ], [ 26.971274, 58.6735637 ], [ 26.9712301, 58.6735882 ], [ 26.9712155, 58.6736271 ], [ 26.9711944, 58.6736507 ], [ 26.9709653, 58.6736964 ], [ 26.9708792, 58.6737318 ], [ 26.9708288, 58.6737732 ], [ 26.9708483, 58.673878 ], [ 26.9708109, 58.6739143 ], [ 26.9706988, 58.6739506 ], [ 26.9706176, 58.673992 ], [ 26.9704616, 58.6741229 ], [ 26.9703576, 58.6741778 ], [ 26.9701367, 58.6742699 ], [ 26.9700359, 58.6742936 ], [ 26.9698312, 58.6743062 ], [ 26.9697354, 58.6743341 ], [ 26.9696444, 58.6743704 ], [ 26.9696233, 58.6743983 ], [ 26.9696509, 58.6744524 ], [ 26.9696475, 58.6744635 ], [ 26.9696428, 58.6744794 ], [ 26.9695924, 58.6745064 ], [ 26.9695079, 58.674525 ], [ 26.9694283, 58.6745276 ], [ 26.9693747, 58.6745411 ], [ 26.9692821, 58.6746179 ], [ 26.969183, 58.6746737 ], [ 26.9691115, 58.6747311 ], [ 26.9691131, 58.6748029 ], [ 26.9690993, 58.6748152 ], [ 26.9690855, 58.6748274 ], [ 26.9690205, 58.6748435 ], [ 26.9688954, 58.6748654 ], [ 26.9688629, 58.6748908 ], [ 26.9688515, 58.6749406 ], [ 26.9688158, 58.6749643 ], [ 26.9687134, 58.6749828 ], [ 26.968611, 58.6749896 ], [ 26.9685233, 58.6750133 ], [ 26.9684421, 58.6750234 ], [ 26.9683348, 58.6750242 ], [ 26.9682634, 58.6750293 ], [ 26.968226, 58.6750563 ], [ 26.968213, 58.6750834 ], [ 26.9682325, 58.6751239 ], [ 26.968226, 58.6752058 ], [ 26.9681951, 58.6752531 ], [ 26.9681529, 58.6752692 ], [ 26.968122, 58.6753249 ], [ 26.968135, 58.675357 ], [ 26.9681577, 58.6753807 ], [ 26.9682292, 58.675401 ], [ 26.9683836, 58.6754271 ], [ 26.9684209, 58.6754162 ], [ 26.9684681, 58.6754153 ], [ 26.9685119, 58.6754187 ], [ 26.9688288, 58.6754973 ], [ 26.9689279, 58.675493 ], [ 26.9689929, 58.6755175 ], [ 26.9690231, 58.6755377 ], [ 26.9690691, 58.6755544 ], [ 26.9691552, 58.675549 ], [ 26.9692276, 58.6755317 ], [ 26.9693655, 58.6755144 ], [ 26.9696883, 58.6754595 ], [ 26.9699192, 58.6754553 ], [ 26.9701065, 58.6754583 ], [ 26.9708038, 58.6755604 ], [ 26.9712484, 58.6755371 ], [ 26.9713633, 58.6755473 ], [ 26.9714288, 58.6755711 ], [ 26.9714506, 58.6756052 ], [ 26.9714162, 58.6756631 ], [ 26.9714173, 58.6756936 ], [ 26.9714518, 58.6757199 ], [ 26.9715426, 58.6757288 ], [ 26.9716149, 58.675724 ], [ 26.9717608, 58.6756727 ], [ 26.971801, 58.6756637 ], [ 26.9718367, 58.6756631 ], [ 26.9718769, 58.6756793 ], [ 26.97187, 58.6757617 ], [ 26.9718849, 58.6757915 ], [ 26.9719125, 58.6758023 ], [ 26.9719883, 58.6758017 ], [ 26.9720618, 58.6757706 ], [ 26.972125, 58.6757706 ], [ 26.9721997, 58.6758226 ], [ 26.9722169, 58.6758686 ], [ 26.9721825, 58.6759068 ], [ 26.9721411, 58.6759319 ], [ 26.9720124, 58.6759791 ], [ 26.9719952, 58.676003 ], [ 26.9720009, 58.6760251 ], [ 26.97204, 58.6760621 ], [ 26.9721066, 58.6760818 ], [ 26.9722491, 58.6760645 ], [ 26.9723123, 58.6760627 ], [ 26.972372, 58.6760711 ], [ 26.9725099, 58.6761242 ], [ 26.9725846, 58.6761362 ], [ 26.972642, 58.6761529 ], [ 26.9726696, 58.6761816 ], [ 26.9726995, 58.6762473 ], [ 26.9727512, 58.6762753 ], [ 26.9729246, 58.6762986 ], [ 26.9730269, 58.6763309 ], [ 26.9730671, 58.6763655 ], [ 26.9730774, 58.6764276 ], [ 26.9731073, 58.6764569 ], [ 26.9732463, 58.6764903 ], [ 26.9734255, 58.6764378 ], [ 26.9735163, 58.6764282 ], [ 26.9736588, 58.6764366 ], [ 26.9738518, 58.6764676 ], [ 26.9738805, 58.6764885 ], [ 26.9738805, 58.67651 ], [ 26.9738334, 58.6765781 ], [ 26.9738874, 58.6766743 ], [ 26.9738816, 58.6766994 ], [ 26.9738541, 58.6767197 ], [ 26.973815, 58.6767334 ], [ 26.9737162, 58.6767394 ], [ 26.973653, 58.6767519 ], [ 26.9736025, 58.6767734 ], [ 26.9735852, 58.6767908 ], [ 26.9735726, 58.6768266 ], [ 26.9735898, 58.6768451 ], [ 26.9736496, 58.6768756 ], [ 26.973661, 58.6768947 ], [ 26.973653, 58.676912 ], [ 26.9735531, 58.6769556 ], [ 26.9735301, 58.6769837 ], [ 26.9735255, 58.6770685 ], [ 26.9735381, 58.6771175 ], [ 26.9735209, 58.6771497 ], [ 26.9734267, 58.6772321 ], [ 26.9733509, 58.6772411 ], [ 26.9733061, 58.6772614 ], [ 26.9732141, 58.6773128 ], [ 26.9731326, 58.6773707 ], [ 26.9730855, 58.6774179 ], [ 26.9730774, 58.6774931 ], [ 26.9730855, 58.6775576 ], [ 26.9730728, 58.6775857 ], [ 26.9730453, 58.6776132 ], [ 26.9729511, 58.6776627 ], [ 26.972881, 58.6776812 ], [ 26.9727971, 58.6776944 ], [ 26.9726891, 58.677701 ], [ 26.9720641, 58.6776394 ], [ 26.9718148, 58.6776215 ], [ 26.9715265, 58.6776197 ], [ 26.9712461, 58.6776621 ], [ 26.9711221, 58.6776902 ], [ 26.9710313, 58.6777195 ], [ 26.9709899, 58.6777487 ], [ 26.9709532, 58.6777971 ], [ 26.9708957, 58.6778401 ], [ 26.9708383, 58.6778461 ], [ 26.9708038, 58.6778449 ], [ 26.9707556, 58.6778335 ], [ 26.9706372, 58.6777923 ], [ 26.9704109, 58.6777332 ], [ 26.970211, 58.6776275 ], [ 26.9700766, 58.6776012 ], [ 26.9698445, 58.6775905 ], [ 26.9697492, 58.6775946 ], [ 26.9696768, 58.6776209 ], [ 26.9696458, 58.6776406 ], [ 26.9696136, 58.6777404 ], [ 26.9695665, 58.6778055 ], [ 26.9695102, 58.6778353 ], [ 26.9694631, 58.6778479 ], [ 26.9694068, 58.677858 ], [ 26.9693103, 58.6778574 ], [ 26.9692333, 58.6778509 ], [ 26.9691862, 58.6778359 ], [ 26.969169, 58.6777774 ], [ 26.9691747, 58.6777547 ], [ 26.9692333, 58.6776669 ], [ 26.969308, 58.6775887 ], [ 26.9693413, 58.6775158 ], [ 26.9693471, 58.677486 ], [ 26.9693264, 58.677437 ], [ 26.9692896, 58.6773946 ], [ 26.969254, 58.6773665 ], [ 26.9692, 58.677348 ], [ 26.9691242, 58.6773354 ], [ 26.9690047, 58.6773378 ], [ 26.96893, 58.6773325 ], [ 26.9688312, 58.6772847 ], [ 26.9687761, 58.6772745 ], [ 26.9686509, 58.6772889 ], [ 26.9684992, 58.6773683 ], [ 26.9684693, 58.6773988 ], [ 26.9684303, 58.6774895 ], [ 26.9684079, 58.6776339 ], [ 26.9683794, 58.6776575 ], [ 26.9683526, 58.6776601 ], [ 26.9683282, 58.6776525 ], [ 26.9682852, 58.6776081 ], [ 26.9682365, 58.6775262 ], [ 26.9682145, 58.6775186 ], [ 26.9681503, 58.6775186 ], [ 26.9680894, 58.6775287 ], [ 26.9680504, 58.6775431 ], [ 26.968022, 58.6775727 ], [ 26.9680033, 58.6776043 ], [ 26.9680041, 58.6776352 ], [ 26.9680407, 58.6777086 ], [ 26.9680683, 58.6777298 ], [ 26.9681438, 58.6777551 ], [ 26.9682933, 58.6777576 ], [ 26.9683469, 58.6777745 ], [ 26.9683746, 58.6778041 ], [ 26.9683705, 58.6778412 ], [ 26.9683364, 58.677875 ], [ 26.9681406, 58.6779553 ], [ 26.9680675, 58.67797 ], [ 26.9679302, 58.6779798 ], [ 26.9677425, 58.6779764 ], [ 26.9675784, 58.6779831 ], [ 26.9673437, 58.6780182 ], [ 26.9672478, 58.6780554 ], [ 26.9671682, 58.6781048 ], [ 26.9671032, 58.6781322 ], [ 26.9667295, 58.6782289 ], [ 26.9665524, 58.6782619 ], [ 26.9664468, 58.6782669 ], [ 26.9663761, 58.6782568 ], [ 26.9663314, 58.6782209 ], [ 26.9662705, 58.6782044 ], [ 26.9661162, 58.6782234 ], [ 26.9660699, 58.6782217 ], [ 26.9659017, 58.678188 ], [ 26.9657961, 58.6781867 ], [ 26.9657433, 58.678196 ], [ 26.9656653, 58.6782644 ], [ 26.9656133, 58.6782686 ], [ 26.9655816, 58.6782614 ], [ 26.9654858, 58.6782053 ], [ 26.965446, 58.6781968 ], [ 26.9654159, 58.6782065 ], [ 26.9654102, 58.6782188 ], [ 26.9654208, 58.6782644 ], [ 26.9654175, 58.6782821 ], [ 26.965398, 58.6783016 ], [ 26.9653647, 58.6783265 ], [ 26.9652851, 58.6783527 ], [ 26.9652014, 58.6783615 ], [ 26.9651803, 58.6783569 ], [ 26.9651405, 58.6783307 ], [ 26.9651023, 58.678261 ], [ 26.9650544, 58.6782399 ], [ 26.9649984, 58.6782412 ], [ 26.9649122, 58.6782627 ], [ 26.964896, 58.6782766 ], [ 26.9648529, 58.6783577 ], [ 26.9648286, 58.678378 ], [ 26.964779, 58.678386 ], [ 26.9647538, 58.6783826 ], [ 26.964697, 58.6783543 ], [ 26.9646157, 58.6782703 ], [ 26.9645824, 58.678261 ], [ 26.9645386, 58.6782598 ], [ 26.9644971, 58.678269 ], [ 26.9644679, 58.6782876 ], [ 26.9643818, 58.6783704 ], [ 26.9642656, 58.6784409 ], [ 26.9642583, 58.6784612 ], [ 26.9642688, 58.6784772 ], [ 26.9643493, 58.6785317 ], [ 26.9643574, 58.6785482 ], [ 26.9643338, 58.6785693 ], [ 26.9642728, 58.6786031 ], [ 26.9641754, 58.6786369 ], [ 26.9640698, 58.6786597 ], [ 26.9639423, 58.6786766 ], [ 26.9637099, 58.6786947 ], [ 26.9635036, 58.6786964 ], [ 26.9633809, 58.6787146 ], [ 26.9633582, 58.6787272 ], [ 26.9633492, 58.6787614 ], [ 26.9632989, 58.6788286 ], [ 26.963251, 58.6788628 ], [ 26.9631697, 58.6788978 ], [ 26.9631323, 58.6789278 ], [ 26.9631421, 58.6789646 ], [ 26.9632485, 58.6790068 ], [ 26.9632615, 58.6790271 ], [ 26.9632575, 58.6790452 ], [ 26.9632136, 58.6790794 ], [ 26.9631697, 58.6791014 ], [ 26.9630812, 58.6791111 ], [ 26.9630258, 58.6791034 ], [ 26.9630056, 58.6791065 ], [ 26.9628854, 58.6791702 ], [ 26.9626401, 58.6791964 ], [ 26.9625798, 58.6792179 ], [ 26.9625198, 58.6792551 ], [ 26.9624946, 58.6792842 ], [ 26.9623054, 58.6793674 ], [ 26.9622517, 58.6793767 ], [ 26.9621738, 58.6793776 ], [ 26.9620486, 58.6794004 ], [ 26.9618805, 58.6794198 ], [ 26.9618423, 58.6794565 ], [ 26.9617952, 58.679481 ], [ 26.9617724, 58.6795089 ], [ 26.9617359, 58.6795258 ], [ 26.9616831, 58.6795351 ], [ 26.9615694, 58.6795347 ], [ 26.9613947, 58.679587 ], [ 26.9613443, 58.6796183 ], [ 26.961233, 58.6797479 ], [ 26.9611567, 58.6797585 ], [ 26.9611307, 58.6797669 ], [ 26.961112, 58.6797834 ], [ 26.9610917, 58.6798252 ], [ 26.961147, 58.6801296 ], [ 26.9612363, 58.6802908 ], [ 26.9613843, 58.6804081 ], [ 26.9613773, 58.6804288 ], [ 26.9613432, 58.6804465 ], [ 26.9612281, 58.6804508 ], [ 26.9611141, 58.680441 ], [ 26.9610648, 58.6804484 ], [ 26.960992, 58.6804685 ], [ 26.9609238, 58.6805168 ], [ 26.9608663, 58.6805284 ], [ 26.9608158, 58.6805284 ], [ 26.9607629, 58.680518 ], [ 26.9607077, 58.6804777 ], [ 26.9606513, 58.6804533 ], [ 26.9605867, 58.6804423 ], [ 26.9605409, 58.6804453 ], [ 26.9605127, 58.6804557 ], [ 26.9604868, 58.680482 ], [ 26.9604868, 58.6805137 ], [ 26.9605432, 58.680576 ], [ 26.9605127, 58.6806633 ], [ 26.9605326, 58.680692 ], [ 26.960562, 58.6807012 ], [ 26.9606948, 58.6807042 ], [ 26.9607441, 58.6807134 ], [ 26.9607864, 58.6807287 ], [ 26.960797, 58.6807415 ], [ 26.9607864, 58.6807781 ], [ 26.9607594, 58.6808001 ], [ 26.9606983, 58.6808215 ], [ 26.9606513, 58.6808306 ], [ 26.9605973, 58.6808563 ], [ 26.9605714, 58.6808807 ], [ 26.9605679, 58.6809021 ], [ 26.9605914, 58.6809216 ], [ 26.9607488, 58.6809833 ], [ 26.9607733, 58.6810004 ], [ 26.9607729, 58.6810182 ], [ 26.9606884, 58.6811025 ], [ 26.9606931, 58.6811514 ], [ 26.9606743, 58.6811709 ], [ 26.9605979, 58.6812143 ], [ 26.9605709, 58.6812717 ], [ 26.9605814, 58.6812943 ], [ 26.9606155, 58.6813254 ], [ 26.9606649, 58.681348 ], [ 26.9608411, 58.6813785 ], [ 26.9608834, 58.6814243 ], [ 26.9610055, 58.6815055 ], [ 26.9610831, 58.6815428 ], [ 26.9610478, 58.681635 ], [ 26.9609891, 58.6816912 ], [ 26.9609917, 58.6817624 ], [ 26.9610599, 58.6818281 ], [ 26.9610997, 58.6819481 ], [ 26.9611612, 58.6820284 ], [ 26.9612692, 58.682113 ], [ 26.9613057, 58.6821536 ], [ 26.9613207, 58.682189 ], [ 26.9612841, 58.6822469 ], [ 26.9612891, 58.6823065 ], [ 26.9613655, 58.6823773 ], [ 26.9614685, 58.6824153 ], [ 26.9615865, 58.6824472 ], [ 26.9617393, 58.6824559 ], [ 26.9618374, 58.6824265 ], [ 26.9620135, 58.6823911 ], [ 26.9621264, 58.6823963 ], [ 26.9621514, 58.6824101 ], [ 26.9621464, 58.6824723 ], [ 26.9620567, 58.682556 ], [ 26.9620334, 58.6825957 ], [ 26.9620417, 58.6826182 ], [ 26.9620783, 58.6826372 ], [ 26.9621613, 58.6826424 ], [ 26.9623457, 58.6826242 ], [ 26.9624205, 58.6826208 ], [ 26.9624571, 58.6826251 ], [ 26.9624986, 58.6826363 ], [ 26.9625351, 58.6826657 ], [ 26.9625551, 58.682721 ], [ 26.9626249, 58.6827805 ], [ 26.962781, 58.6827719 ], [ 26.9628408, 58.6827866 ], [ 26.9628724, 58.6828039 ], [ 26.9628724, 58.6828315 ], [ 26.9628126, 58.6829239 ], [ 26.9627926, 58.6829792 ], [ 26.962796, 58.6830275 ], [ 26.9628292, 58.6830595 ], [ 26.962879, 58.6830871 ], [ 26.9629472, 58.6831061 ], [ 26.9630319, 58.6831121 ], [ 26.9631183, 58.6831121 ], [ 26.9631781, 58.6831026 ], [ 26.9632362, 58.6831052 ], [ 26.9632877, 58.6831156 ], [ 26.9633475, 58.6831579 ], [ 26.9634206, 58.6833013 ], [ 26.9633974, 58.6833669 ], [ 26.9634024, 58.6834023 ], [ 26.9634256, 58.6834213 ], [ 26.9634323, 58.6834472 ], [ 26.9634157, 58.6834921 ], [ 26.963419, 58.6835318 ], [ 26.963404, 58.6835543 ], [ 26.9632877, 58.6835715 ], [ 26.9632645, 58.683581 ], [ 26.9632462, 58.6836337 ], [ 26.9632429, 58.6837563 ], [ 26.9632528, 58.6838021 ], [ 26.9633193, 58.6838306 ], [ 26.9634173, 58.6838539 ], [ 26.9634888, 58.6838833 ], [ 26.9635353, 58.6838945 ], [ 26.9635801, 58.6840171 ], [ 26.9636283, 58.6840611 ], [ 26.9638028, 58.6841579 ], [ 26.9639088, 58.6842066 ], [ 26.9639746, 58.6842616 ], [ 26.9640052, 58.6843141 ], [ 26.9639934, 58.6844429 ], [ 26.9640099, 58.6844679 ], [ 26.9640298, 58.684482 ], [ 26.9642213, 58.6844924 ], [ 26.9642859, 58.6845278 ], [ 26.9643153, 58.684609 ], [ 26.9643059, 58.6846975 ], [ 26.9642636, 58.6847329 ], [ 26.9642072, 58.6847622 ], [ 26.9641638, 58.684772 ], [ 26.9640228, 58.6847677 ], [ 26.9638513, 58.6847854 ], [ 26.9637855, 58.6848032 ], [ 26.963742, 58.6848386 ], [ 26.9637033, 58.6848886 ], [ 26.9636504, 58.6850205 ], [ 26.9636222, 58.685048 ], [ 26.9635494, 58.6850785 ], [ 26.9635047, 58.6851066 ], [ 26.963493, 58.6851316 ], [ 26.9634977, 58.6851658 ], [ 26.963547, 58.6852342 ], [ 26.9635494, 58.6852611 ], [ 26.9635082, 58.6853008 ], [ 26.9634648, 58.6853282 ], [ 26.9633943, 58.6853447 ], [ 26.9633778, 58.6853576 ], [ 26.9633872, 58.6854046 ], [ 26.9633755, 58.6854223 ], [ 26.9631852, 58.6854424 ], [ 26.9631582, 58.6854504 ], [ 26.9631605, 58.6854846 ], [ 26.9631276, 58.6855163 ], [ 26.9630137, 58.6855267 ], [ 26.9628739, 58.6855096 ], [ 26.9627435, 58.6855218 ], [ 26.9626295, 58.6855456 ], [ 26.9625825, 58.6855426 ], [ 26.9624815, 58.6855236 ], [ 26.962387, 58.6855174 ], [ 26.9623535, 58.68552 ], [ 26.9622677, 58.6855401 ], [ 26.9622289, 58.6855633 ], [ 26.9621943, 58.6856461 ], [ 26.9621976, 58.6856858 ], [ 26.9622309, 58.6857151 ], [ 26.9622874, 58.6857419 ], [ 26.9623339, 58.6857739 ], [ 26.9623505, 58.6857946 ], [ 26.9623438, 58.6858153 ], [ 26.9623073, 58.685836 ], [ 26.9621362, 58.6858567 ], [ 26.96198, 58.6858973 ], [ 26.9619252, 58.6859336 ], [ 26.9619036, 58.6859716 ], [ 26.961877, 58.6859828 ], [ 26.9618105, 58.6859854 ], [ 26.9617607, 58.6859707 ], [ 26.9616843, 58.6859275 ], [ 26.9616328, 58.6858697 ], [ 26.9615863, 58.6858576 ], [ 26.9615381, 58.6858542 ], [ 26.9614733, 58.6858731 ], [ 26.9614318, 58.6859103 ], [ 26.9614201, 58.685937 ], [ 26.9614301, 58.6859681 ], [ 26.96146, 58.6859837 ], [ 26.9615962, 58.6860234 ], [ 26.9616594, 58.6860545 ], [ 26.961666, 58.6860692 ], [ 26.9616378, 58.6860881 ], [ 26.961578, 58.6861063 ], [ 26.9613786, 58.6861356 ], [ 26.9613088, 58.6861581 ], [ 26.9612656, 58.6861874 ], [ 26.9612091, 58.6862626 ], [ 26.961201, 58.6863787 ], [ 26.9611561, 58.6865497 ], [ 26.9611511, 58.6866369 ], [ 26.9611196, 58.6866869 ], [ 26.9610896, 58.6867154 ], [ 26.9610249, 58.6867301 ], [ 26.9608338, 58.6867526 ], [ 26.9607009, 58.6867396 ], [ 26.9605696, 58.6866584 ], [ 26.9604733, 58.6866386 ], [ 26.960362, 58.686642 ], [ 26.9602856, 58.6866533 ], [ 26.9601809, 58.686731 ], [ 26.9600314, 58.6868614 ], [ 26.9599599, 58.6869002 ], [ 26.9595977, 58.6869969 ], [ 26.9594084, 58.6870237 ], [ 26.9585461, 58.6870884 ], [ 26.9567917, 58.687167 ], [ 26.9564661, 58.687218 ], [ 26.9563697, 58.6872447 ], [ 26.9563332, 58.6872698 ], [ 26.9562717, 58.6873734 ], [ 26.9562634, 58.6874571 ], [ 26.9563099, 58.6876229 ], [ 26.9565541, 58.6878025 ], [ 26.9567153, 58.687888 ], [ 26.9568748, 58.6879242 ], [ 26.9569761, 58.6879579 ], [ 26.9570509, 58.6879942 ], [ 26.9570858, 58.688033 ], [ 26.9570858, 58.6880684 ], [ 26.9570592, 58.6880986 ], [ 26.9570177, 58.6881254 ], [ 26.956923, 58.688153 ], [ 26.9559328, 58.6883715 ], [ 26.9554842, 58.6884474 ], [ 26.9550955, 58.6884889 ], [ 26.9548081, 58.6885036 ], [ 26.9546303, 58.6885329 ], [ 26.9544808, 58.6885761 ], [ 26.9543462, 58.6886426 ], [ 26.954308, 58.6887185 ], [ 26.9543379, 58.6888688 ], [ 26.9543911, 58.688937 ], [ 26.9543827, 58.6890717 ], [ 26.9544027, 58.6892392 ], [ 26.9544426, 58.6892996 ], [ 26.9544442, 58.6893221 ], [ 26.9543944, 58.6894196 ], [ 26.954396, 58.689474 ], [ 26.9544259, 58.6895465 ], [ 26.9547399, 58.6898055 ], [ 26.9549725, 58.6900214 ], [ 26.9551769, 58.6902519 ], [ 26.9552151, 58.6903494 ], [ 26.9552051, 58.6904453 ], [ 26.9551603, 58.6905584 ], [ 26.9551204, 58.6906119 ], [ 26.954931, 58.6906775 ], [ 26.9549243, 58.6907198 ], [ 26.9549626, 58.6907949 ] ] } },
{ "type": "Feature", "properties": { "orig_fid": "w318374538", "waterway": "river", "name": "Haavakivi jõgi" }, "geometry": { "type": "LineString", "coordinates": [ [ 27.0116406, 58.6390222 ], [ 27.0114446, 58.6392227 ], [ 27.0112512, 58.6394279 ], [ 27.0107709, 58.6399828 ], [ 27.010038, 58.6408784 ], [ 27.0094957, 58.6417632 ], [ 27.0091419, 58.6422797 ], [ 27.0068004, 58.6455647 ], [ 27.0067774, 58.6456293 ] ] } },
{ "type": "Feature", "properties": { "orig_fid": "w318374545", "waterway": "stream", "name": "Pala oja" }, "geometry": { "type": "LineString", "coordinates": [ [ 26.9625152, 58.6862517 ], [ 26.96249, 58.686222 ], [ 26.9624352, 58.6861788 ], [ 26.9623754, 58.686159 ], [ 26.9619684, 58.6861201 ], [ 26.9619534, 58.6861115 ], [ 26.9619601, 58.6860933 ], [ 26.9620265, 58.6860761 ], [ 26.9620315, 58.6860631 ], [ 26.9620132, 58.6860502 ], [ 26.9619102, 58.6860251 ], [ 26.961877, 58.6859828 ] ] } },
{ "type": "Feature", "properties": { "orig_fid": "w318374546", "waterway": "stream", "name": null }, "geometry": { "type": "LineString", "coordinates": [ [ 26.9626178, 58.6863731 ], [ 26.9625152, 58.6862517 ] ] } },
{ "type": "Feature", "properties": { "orig_fid": "w318374547", "waterway": "stream", "name": "Pala oja" }, "geometry": { "type": "LineString", "coordinates": [ [ 26.9732361, 58.6889084 ], [ 26.9712232, 58.68848 ], [ 26.9711033, 58.6884067 ], [ 26.9708775, 58.6883591 ], [ 26.9707788, 58.6882931 ], [ 26.9709481, 58.6882124 ], [ 26.9709693, 58.6881134 ], [ 26.970673, 58.6880694 ], [ 26.9707153, 58.6880071 ], [ 26.9710469, 58.6879411 ], [ 26.9710257, 58.6877871 ], [ 26.9712514, 58.6876955 ], [ 26.9712867, 58.6875855 ], [ 26.9712444, 58.6873985 ], [ 26.9711033, 58.6873142 ], [ 26.9712726, 58.6872079 ], [ 26.9712797, 58.6870649 ], [ 26.9712091, 58.6869805 ], [ 26.970934, 58.6868412 ], [ 26.9706236, 58.6867826 ], [ 26.9700804, 58.6867642 ], [ 26.9696148, 58.6868412 ], [ 26.9692762, 58.6869695 ], [ 26.9691845, 58.6870905 ], [ 26.9687118, 58.6871602 ], [ 26.9685143, 58.6872665 ], [ 26.9678794, 58.6873582 ], [ 26.9673715, 58.6873178 ], [ 26.9672515, 58.6872885 ], [ 26.967181, 58.6872115 ], [ 26.9673926, 58.6870575 ], [ 26.9673362, 58.6869585 ], [ 26.9670187, 58.6869329 ], [ 26.9666872, 58.6869549 ], [ 26.966278, 58.6870099 ], [ 26.9658336, 58.6871162 ], [ 26.965375, 58.6872519 ], [ 26.9651281, 58.6872629 ], [ 26.9647895, 58.6872409 ], [ 26.9644368, 58.6871712 ], [ 26.9636749, 58.6869585 ], [ 26.9634844, 58.6869109 ], [ 26.9632305, 58.6869146 ], [ 26.9631458, 58.6868669 ], [ 26.9631458, 58.6867972 ], [ 26.9628173, 58.6866451 ], [ 26.9627658, 58.6866079 ], [ 26.9627459, 58.6865717 ], [ 26.9627442, 58.6865181 ], [ 26.9627293, 58.6864905 ], [ 26.9626529, 58.6864145 ], [ 26.9626178, 58.6863731 ] ] } },
{ "type": "Feature", "properties": { "orig_fid": "w326492578", "waterway": "river", "name": "Alatskivi jõgi" }, "geometry": { "type": "LineString", "coordinates": [ [ 27.0796403, 58.6105645 ], [ 27.0796746, 58.6105692 ], [ 27.0797286, 58.6106574 ], [ 27.0797575, 58.6106771 ], [ 27.0798133, 58.6107015 ], [ 27.0798854, 58.6107119 ], [ 27.0799791, 58.61071 ], [ 27.0800729, 58.6107006 ], [ 27.0801215, 58.6106762 ], [ 27.0801576, 58.6106433 ], [ 27.0801882, 58.6105879 ] ] } },
{ "type": "Feature", "properties": { "orig_fid": "w326492580", "waterway": "river", "name": "Alatskivi jõgi" }, "geometry": { "type": "LineString", "coordinates": [ [ 27.0548267, 58.650373 ], [ 27.0545856, 58.6503444 ], [ 27.0544439, 58.6503158 ], [ 27.0537077, 58.6500494 ], [ 27.053384, 58.6499515 ], [ 27.0525738, 58.6497446 ], [ 27.0523856, 58.6496895 ], [ 27.0523306, 58.6496554 ], [ 27.0523306, 58.6496356 ], [ 27.0529081, 58.6492031 ], [ 27.0529735, 58.6491446 ] ] } },
{ "type": "Feature", "properties": { "orig_fid": "w326492581", "waterway": "river", "name": "Alatskivi jõgi" }, "geometry": { "type": "LineString", "coordinates": [ [ 27.0931111, 58.6103384 ], [ 27.0931543, 58.6103138 ], [ 27.0933057, 58.6102753 ], [ 27.0934553, 58.6102528 ], [ 27.0935075, 58.6102359 ], [ 27.0935922, 58.6102256 ], [ 27.0936715, 58.6102256 ], [ 27.0939599, 58.6102885 ], [ 27.0941906, 58.6103786 ], [ 27.094315, 58.6104002 ], [ 27.0943853, 58.6104227 ], [ 27.0944574, 58.610464 ] ] } },
{ "type": "Feature", "properties": { "orig_fid": "w326492582", "waterway": "river", "name": "Alatskivi jõgi" }, "geometry": { "type": "LineString", "coordinates": [ [ 27.1011639, 58.61048 ], [ 27.1012307, 58.6104966 ], [ 27.1012757, 58.610505 ], [ 27.1013138, 58.6103951 ], [ 27.1013532, 58.6103867 ], [ 27.1016524, 58.6104412 ], [ 27.1017335, 58.6104628 ], [ 27.1017497, 58.6104844 ], [ 27.1018939, 58.6106083 ], [ 27.1019444, 58.6106383 ], [ 27.1020039, 58.6106618 ], [ 27.1020506, 58.6106931 ] ] } },
{ "type": "Feature", "properties": { "orig_fid": "w326492584", "waterway": "river", "name": "Alatskivi jõgi" }, "geometry": { "type": "LineString", "coordinates": [ [ 27.1014847, 58.6109362 ], [ 27.1015189, 58.6109756 ], [ 27.1015586, 58.6110282 ], [ 27.1016253, 58.6110827 ], [ 27.101764, 58.611154 ], [ 27.1018578, 58.6111869 ], [ 27.1019425, 58.611169 ], [ 27.1020704, 58.6111606 ], [ 27.1021984, 58.6111869 ], [ 27.1022759, 58.6111765 ], [ 27.1024129, 58.6111343 ], [ 27.1024868, 58.6111033 ], [ 27.1025174, 58.6110695 ] ] } },
{ "type": "Feature", "properties": { "orig_fid": "w326492585", "waterway": "river", "name": "Alatskivi jõgi" }, "geometry": { "type": "LineString", "coordinates": [ [ 27.1391114, 58.6046942 ], [ 27.1393562, 58.6046531 ], [ 27.1394896, 58.6046203 ], [ 27.1397087, 58.6045032 ], [ 27.1399366, 58.6044785 ], [ 27.1401494, 58.6044152 ], [ 27.1403457, 58.6043743 ], [ 27.1406683, 58.6042785 ], [ 27.141027, 58.6042062 ], [ 27.141528, 58.6040954 ], [ 27.1421859, 58.6039339 ], [ 27.1428041, 58.6037968 ], [ 27.1429915, 58.6037715 ], [ 27.1431501, 58.6037677 ], [ 27.1432817, 58.6037865 ], [ 27.1434619, 58.6038325 ], [ 27.1438119, 58.6038635 ], [ 27.1470558, 58.6041677 ], [ 27.1472505, 58.6042024 ], [ 27.1478254, 58.6042578 ], [ 27.1483679, 58.604301 ], [ 27.1498602, 58.6044344 ], [ 27.1515671, 58.6046062 ], [ 27.1527602, 58.6047057 ], [ 27.1545355, 58.6048672 ], [ 27.154631, 58.6048813 ], [ 27.1547716, 58.6049573 ], [ 27.1554115, 58.6054906 ], [ 27.1563216, 58.6062042 ], [ 27.1572156, 58.606928 ], [ 27.1584917, 58.6078875 ], [ 27.1610672, 58.6099444 ], [ 27.1614637, 58.6102261 ], [ 27.1621756, 58.6107856 ], [ 27.1624045, 58.6109968 ], [ 27.162619, 58.6111235 ], [ 27.1626929, 58.6111836 ], [ 27.1627776, 58.6113056 ], [ 27.1631976, 58.6115497 ], [ 27.1633201, 58.6116792 ], [ 27.1634283, 58.6117412 ], [ 27.1635761, 58.6118886 ], [ 27.163987, 58.612203 ], [ 27.1641186, 58.6122631 ], [ 27.1642898, 58.6123729 ], [ 27.1644105, 58.6124912 ], [ 27.164488, 58.6125428 ], [ 27.1645691, 58.6126245 ], [ 27.164598, 58.6127099 ], [ 27.1647674, 58.6127794 ], [ 27.1649098, 58.6128517 ], [ 27.1649675, 58.612893 ], [ 27.1650342, 58.6129671 ], [ 27.165245, 58.6131267 ], [ 27.1653027, 58.6131924 ], [ 27.1653748, 58.6133051 ], [ 27.1654397, 58.6133539 ], [ 27.1654613, 58.6133933 ], [ 27.1654667, 58.6135632 ], [ 27.165501, 58.6136871 ], [ 27.1655208, 58.6138673 ], [ 27.165564, 58.614025 ], [ 27.165555, 58.614179 ], [ 27.1655731, 58.6142362 ], [ 27.1657839, 58.6145075 ], [ 27.1660002, 58.6147384 ], [ 27.1661768, 58.6150453 ], [ 27.1662165, 58.6151871 ], [ 27.166294, 58.6153138 ], [ 27.1664472, 58.6154959 ], [ 27.1664904, 58.6156085 ], [ 27.1666364, 58.6158441 ], [ 27.1666923, 58.6160309 ], [ 27.1667446, 58.6161247 ], [ 27.1668617, 58.6162759 ], [ 27.1669338, 58.6163322 ], [ 27.1669771, 58.6163857 ], [ 27.1670023, 58.6164824 ], [ 27.1672096, 58.6167527 ], [ 27.1673123, 58.616916 ], [ 27.1672889, 58.6169986 ], [ 27.1672925, 58.6170324 ], [ 27.1673502, 58.6170943 ], [ 27.1675178, 58.6172323 ], [ 27.1675863, 58.6172999 ], [ 27.1676908, 58.6174594 ], [ 27.1678007, 58.617664 ], [ 27.1679161, 58.6179156 ], [ 27.1680873, 58.6182337 ], [ 27.1683991, 58.6187049 ], [ 27.1685451, 58.6188213 ], [ 27.1686983, 58.6190259 ], [ 27.1687884, 58.619252 ], [ 27.1690408, 58.6196509 ], [ 27.1691291, 58.6198602 ], [ 27.169358, 58.6202337 ], [ 27.1694733, 58.6203904 ], [ 27.1695616, 58.6205875 ], [ 27.1697094, 58.6208231 ], [ 27.1698104, 58.6209385 ], [ 27.1699888, 58.6211966 ], [ 27.1700807, 58.6212548 ], [ 27.1700735, 58.6213383 ], [ 27.1702231, 58.6215635 ], [ 27.1703637, 58.6218582 ], [ 27.170461, 58.6219689 ], [ 27.170488, 58.6221266 ], [ 27.1705295, 58.6221904 ], [ 27.1705962, 58.622243 ], [ 27.1707404, 58.6223969 ], [ 27.1708269, 58.6226399 ], [ 27.1709801, 58.6228661 ], [ 27.1710756, 58.6230801 ], [ 27.1712666, 58.6233775 ], [ 27.1714541, 58.6237107 ], [ 27.1716325, 58.6239734 ], [ 27.1719497, 58.6245271 ], [ 27.1721408, 58.6248095 ], [ 27.1722579, 58.6250169 ], [ 27.1725571, 58.6254654 ], [ 27.1726851, 58.6256972 ], [ 27.172941, 58.6260885 ], [ 27.1731375, 58.626506 ], [ 27.1733051, 58.6267172 ], [ 27.1737395, 58.6274059 ], [ 27.1744532, 58.6286163 ], [ 27.1751921, 58.6298332 ], [ 27.1756193, 58.6305678 ], [ 27.1758969, 58.6309778 ], [ 27.1762105, 58.6315135 ], [ 27.1771315, 58.6330127 ], [ 27.1772522, 58.6332238 ], [ 27.1773207, 58.6332942 ], [ 27.1774343, 58.633358 ], [ 27.1775586, 58.6334086 ], [ 27.1776451, 58.6334658 ], [ 27.1776992, 58.6335334 ], [ 27.1777641, 58.6337238 ], [ 27.1778344, 58.6337998 ], [ 27.1779119, 58.6338477 ], [ 27.178002, 58.6338721 ], [ 27.1780759, 58.633873 ], [ 27.1782435, 58.6338373 ], [ 27.1784183, 58.633812 ], [ 27.1785535, 58.6338073 ], [ 27.1786707, 58.6338223 ], [ 27.178795, 58.6338655 ], [ 27.17895, 58.6339462 ], [ 27.1790888, 58.634009 ], [ 27.1792294, 58.6340475 ], [ 27.1793833, 58.6340689 ] ] } },
{ "type": "Feature", "properties": { "orig_fid": "w326492591", "waterway": "river", "name": "Alatskivi jõgi" }, "geometry": { "type": "LineString", "coordinates": [ [ 27.0781223, 58.6105275 ], [ 27.078218, 58.6105229 ], [ 27.0784256, 58.6105328 ], [ 27.078555, 58.6105567 ], [ 27.0785941, 58.610551 ], [ 27.0786352, 58.6105289 ], [ 27.0787211, 58.6104612 ], [ 27.0787788, 58.6104377 ], [ 27.0789608, 58.6104105 ], [ 27.0790257, 58.6104133 ], [ 27.0790978, 58.6104255 ], [ 27.0791753, 58.610418 ], [ 27.0792708, 58.6104171 ], [ 27.0793754, 58.6104565 ], [ 27.079406, 58.6104819 ], [ 27.0794311, 58.610519 ] ] } },
{ "type": "Feature", "properties": { "orig_fid": "w326492592", "waterway": "river", "name": "Alatskivi jõgi" }, "geometry": { "type": "LineString", "coordinates": [ [ 27.1115069, 58.6112116 ], [ 27.1116096, 58.6112435 ], [ 27.1116529, 58.6112895 ], [ 27.111752, 58.6113205 ], [ 27.1119611, 58.6113506 ], [ 27.1121665, 58.6113111 ], [ 27.1125703, 58.6112191 ], [ 27.1126964, 58.6112004 ], [ 27.1128046, 58.611175 ], [ 27.1129451, 58.6111281 ], [ 27.1130244, 58.6110774 ], [ 27.1130298, 58.6110455 ], [ 27.1130028, 58.6110051 ], [ 27.1129469, 58.6109535 ], [ 27.1129487, 58.6109338 ], [ 27.112969, 58.6109113 ], [ 27.1131218, 58.6107554 ], [ 27.1132461, 58.6106484 ], [ 27.1133921, 58.6105639 ], [ 27.1135183, 58.6105292 ], [ 27.1136499, 58.6105207 ], [ 27.11374, 58.6105404 ], [ 27.1137612, 58.6105394 ], [ 27.1138175, 58.6105367 ], [ 27.1138517, 58.6105179 ], [ 27.1139454, 58.6103423 ], [ 27.11394, 58.6102851 ], [ 27.1139599, 58.6102447 ], [ 27.1139959, 58.6102166 ], [ 27.11405, 58.6101921 ], [ 27.1142464, 58.6101687 ], [ 27.1143816, 58.6101152 ], [ 27.1144195, 58.6101048 ], [ 27.1144537, 58.6101039 ], [ 27.1145114, 58.6101086 ], [ 27.1145438, 58.610118 ], [ 27.1146826, 58.6101809 ], [ 27.1147655, 58.6101997 ], [ 27.1148448, 58.610209 ], [ 27.1150304, 58.6102053 ], [ 27.1151061, 58.6102128 ], [ 27.1151422, 58.6102043 ], [ 27.1151963, 58.6101771 ], [ 27.1152323, 58.6101321 ], [ 27.1152323, 58.6100391 ], [ 27.1152431, 58.6099912 ], [ 27.1152882, 58.6099706 ], [ 27.1153801, 58.6099621 ], [ 27.1154576, 58.6099377 ], [ 27.1156595, 58.6098486 ], [ 27.1156901, 58.6098251 ], [ 27.1157189, 58.6097781 ], [ 27.1157442, 58.6097641 ], [ 27.1158145, 58.6097594 ], [ 27.1159082, 58.6097697 ], [ 27.1160217, 58.6097575 ], [ 27.1160812, 58.6097106 ], [ 27.1160992, 58.6096627 ], [ 27.1162362, 58.6096336 ], [ 27.1163173, 58.6096026 ], [ 27.1164183, 58.6095772 ], [ 27.1165156, 58.6095632 ], [ 27.1167499, 58.6095801 ], [ 27.1168418, 58.6095735 ], [ 27.1168851, 58.6095566 ], [ 27.116849, 58.609473 ], [ 27.11684, 58.6094195 ], [ 27.1168166, 58.6093848 ], [ 27.1168148, 58.6093604 ], [ 27.1168652, 58.609321 ], [ 27.1169572, 58.6093059 ], [ 27.1171446, 58.6092158 ], [ 27.1171734, 58.609182 ], [ 27.1171879, 58.6091407 ], [ 27.1172473, 58.6091032 ], [ 27.1174474, 58.6090102 ], [ 27.1175483, 58.6089708 ], [ 27.1177213, 58.6089342 ], [ 27.1177826, 58.6089126 ], [ 27.1179106, 58.6088234 ], [ 27.1179376, 58.6087323 ], [ 27.1179412, 58.6086638 ], [ 27.1180151, 58.6086037 ], [ 27.118107, 58.6085671 ], [ 27.1181287, 58.6085305 ], [ 27.1181143, 58.6084986 ], [ 27.1180548, 58.6084535 ], [ 27.1179737, 58.6084113 ], [ 27.1179484, 58.6083887 ], [ 27.1179556, 58.6083596 ], [ 27.1180061, 58.6083324 ], [ 27.1182116, 58.608292 ], [ 27.1183756, 58.6082423 ], [ 27.1184711, 58.6081747 ], [ 27.1186045, 58.6081315 ], [ 27.1186946, 58.6080836 ], [ 27.1187532, 58.608056 ] ] } },
{ "type": "Feature", "properties": { "orig_fid": "w326492597", "waterway": "river", "name": "Alatskivi jõgi" }, "geometry": { "type": "LineString", "coordinates": [ [ 27.1016558, 58.6108968 ], [ 27.1017154, 58.6109287 ], [ 27.1018019, 58.610955 ], [ 27.1021407, 58.6110169 ], [ 27.1021804, 58.6110432 ], [ 27.1022182, 58.6110564 ], [ 27.1024183, 58.6110357 ], [ 27.1025174, 58.6110695 ], [ 27.1025769, 58.6110639 ], [ 27.1026472, 58.6110254 ], [ 27.1026778, 58.6109634 ], [ 27.1026688, 58.6109212 ], [ 27.1026977, 58.6108667 ], [ 27.1027409, 58.6108395 ], [ 27.1027643, 58.6107494 ], [ 27.102813, 58.6106687 ], [ 27.1028484, 58.610633 ] ] } },
{ "type": "Feature", "properties": { "orig_fid": "w326492599", "waterway": "river", "name": "Alatskivi jõgi" }, "geometry": { "type": "LineString", "coordinates": [ [ 27.1087078, 58.6100936 ], [ 27.1087817, 58.6100945 ], [ 27.1089241, 58.6100889 ], [ 27.1090737, 58.6100955 ], [ 27.1092539, 58.6101302 ], [ 27.1093981, 58.610179 ], [ 27.1098037, 58.6102823 ], [ 27.1100974, 58.6103686 ], [ 27.1103263, 58.6104681 ], [ 27.1105174, 58.6106183 ], [ 27.1105354, 58.6107225 ], [ 27.1105282, 58.6108587 ], [ 27.1106039, 58.6109694 ], [ 27.1106652, 58.6110276 ], [ 27.1107913, 58.6110858 ], [ 27.1109337, 58.6111224 ], [ 27.1112942, 58.611175 ] ] } },
{ "type": "Feature", "properties": { "orig_fid": "w326492600", "waterway": "river", "name": "Alatskivi jõgi" }, "geometry": { "type": "LineString", "coordinates": [ [ 27.0665307, 58.6510549 ], [ 27.0650188, 58.6510938 ], [ 27.0644286, 58.6511081 ], [ 27.0641895, 58.6511048 ], [ 27.0636966, 58.6510784 ], [ 27.0635866, 58.6510597 ], [ 27.0625543, 58.6505645 ], [ 27.0617716, 58.6502013 ], [ 27.0616955, 58.6501727 ], [ 27.0605849, 58.6500032 ], [ 27.0604706, 58.6499988 ], [ 27.0601681, 58.6500241 ], [ 27.0580316, 58.6502233 ], [ 27.0572552, 58.6502277 ], [ 27.0558654, 58.6502134 ], [ 27.055711, 58.6502288 ], [ 27.0554698, 58.6502948 ], [ 27.0552139, 58.6503774 ], [ 27.0550764, 58.650406 ] ] } },
{ "type": "Feature", "properties": { "orig_fid": "w326492602", "waterway": "river", "name": "Alatskivi jõgi" }, "geometry": { "type": "LineString", "coordinates": [ [ 27.0529946, 58.6428178 ], [ 27.0530031, 58.6427584 ] ] } },
{ "type": "Feature", "properties": { "orig_fid": "w326492603", "waterway": "river", "name": "Alatskivi jõgi" }, "geometry": { "type": "LineString", "coordinates": [ [ 27.1388439, 58.6047292 ], [ 27.1391114, 58.6046942 ] ] } },
{ "type": "Feature", "properties": { "orig_fid": "w326492605", "waterway": "river", "name": "Alatskivi jõgi" }, "geometry": { "type": "LineString", "coordinates": [ [ 27.1085222, 58.6100269 ], [ 27.1087078, 58.6100936 ] ] } },
{ "type": "Feature", "properties": { "orig_fid": "w326492606", "waterway": "river", "name": "Alatskivi jõgi" }, "geometry": { "type": "LineString", "coordinates": [ [ 27.0529735, 58.6491446 ], [ 27.0530251, 58.649108 ] ] } },
{ "type": "Feature", "properties": { "orig_fid": "w326492607", "waterway": "river", "name": "Alatskivi jõgi" }, "geometry": { "type": "LineString", "coordinates": [ [ 27.0517129, 58.6284531 ], [ 27.05172, 58.6283823 ] ] } },
{ "type": "Feature", "properties": { "orig_fid": "w326492608", "waterway": "river", "name": "Alatskivi jõgi" }, "geometry": { "type": "LineString", "coordinates": [ [ 27.0727628, 58.6133836 ], [ 27.0728301, 58.6132504 ] ] } },
{ "type": "Feature", "properties": { "orig_fid": "w326492610", "waterway": "river", "name": "Alatskivi jõgi" }, "geometry": { "type": "LineString", "coordinates": [ [ 27.0666713, 58.6510544 ], [ 27.0665307, 58.6510549 ] ] } },
{ "type": "Feature", "properties": { "orig_fid": "w326492611", "waterway": "river", "name": "Alatskivi jõgi" }, "geometry": { "type": "LineString", "coordinates": [ [ 27.1112942, 58.611175 ], [ 27.1115069, 58.6112116 ] ] } },
{ "type": "Feature", "properties": { "orig_fid": "w326492612", "waterway": "river", "name": "Alatskivi jõgi" }, "geometry": { "type": "LineString", "coordinates": [ [ 27.0550764, 58.650406 ], [ 27.0548267, 58.650373 ] ] } },
{ "type": "Feature", "properties": { "orig_fid": "w326492613", "waterway": "river", "name": "Alatskivi jõgi" }, "geometry": { "type": "LineString", "coordinates": [ [ 27.0540375, 58.6344166 ], [ 27.0539635, 58.6341975 ] ] } },
{ "type": "Feature", "properties": { "orig_fid": "w326492615", "waterway": "river", "name": "Alatskivi jõgi" }, "geometry": { "type": "LineString", "coordinates": [ [ 27.0521386, 58.6328033 ], [ 27.0519097, 58.632785 ] ] } },
{ "type": "Feature", "properties": { "orig_fid": "w326492616", "waterway": "river", "name": "Alatskivi jõgi" }, "geometry": { "type": "LineString", "coordinates": [ [ 27.073283, 58.6487341 ], [ 27.0736596, 58.6492271 ], [ 27.0737019, 58.6493427 ], [ 27.0737188, 58.6494296 ], [ 27.0736871, 58.6495067 ], [ 27.0736448, 58.6495727 ], [ 27.0731519, 58.6501252 ], [ 27.0728282, 58.6504078 ], [ 27.0723882, 58.6507379 ], [ 27.0720963, 58.6509735 ], [ 27.0719482, 58.6511033 ], [ 27.0718086, 58.6511628 ], [ 27.0714109, 58.6512354 ], [ 27.070239, 58.6513697 ], [ 27.0700993, 58.6513697 ], [ 27.0691855, 58.6512178 ], [ 27.0684959, 58.6510945 ], [ 27.0682632, 58.6510659 ], [ 27.0678232, 58.6510483 ], [ 27.0673705, 58.6510439 ], [ 27.0666713, 58.6510544 ] ] } },
{ "type": "Feature", "properties": { "orig_fid": "w326492617", "waterway": "river", "name": "Alatskivi jõgi" }, "geometry": { "type": "LineString", "coordinates": [ [ 27.0539635, 58.6341975 ], [ 27.0539381, 58.6341496 ], [ 27.0539064, 58.6340219 ], [ 27.0539318, 58.6339894 ], [ 27.0539296, 58.6339409 ], [ 27.0539688, 58.6339173 ], [ 27.0539772, 58.6339024 ], [ 27.053954, 58.6338815 ], [ 27.0539519, 58.6338633 ], [ 27.0539698, 58.6338385 ], [ 27.0539899, 58.6337593 ], [ 27.0539857, 58.6336767 ], [ 27.0540322, 58.6334405 ], [ 27.0540069, 58.6333899 ], [ 27.0539614, 58.633348 ], [ 27.0538154, 58.6332847 ], [ 27.0536874, 58.6332643 ], [ 27.0532341, 58.633131 ], [ 27.0529619, 58.6330158 ], [ 27.0523712, 58.632864 ], [ 27.0522986, 58.6328313 ], [ 27.0521872, 58.6328157 ], [ 27.0521386, 58.6328033 ] ] } },
{ "type": "Feature", "properties": { "orig_fid": "w326492618", "waterway": "river", "name": "Alatskivi jõgi" }, "geometry": { "type": "LineString", "coordinates": [ [ 27.0847734, 58.6102246 ], [ 27.0848491, 58.6102293 ], [ 27.0849266, 58.6102472 ], [ 27.0849734, 58.61028 ], [ 27.0850131, 58.6102932 ], [ 27.0851987, 58.6102885 ], [ 27.0853826, 58.6102688 ], [ 27.0854835, 58.6102781 ], [ 27.0858169, 58.6102744 ], [ 27.0859179, 58.6102857 ], [ 27.0859737, 58.6102744 ], [ 27.0860621, 58.6102857 ], [ 27.0862405, 58.6102838 ], [ 27.086327, 58.6102941 ], [ 27.0867109, 58.6102744 ], [ 27.0867956, 58.6102763 ], [ 27.0868695, 58.6102894 ], [ 27.0871399, 58.6102828 ], [ 27.0875598, 58.610295 ], [ 27.0879888, 58.6102857 ], [ 27.0880933, 58.6102988 ], [ 27.088196, 58.6103026 ], [ 27.0883276, 58.6102847 ] ] } },
{ "type": "Feature", "properties": { "orig_fid": "w326492622", "waterway": "river", "name": "Alatskivi jõgi" }, "geometry": { "type": "LineString", "coordinates": [ [ 27.0996445, 58.6104988 ], [ 27.0996481, 58.6104734 ], [ 27.0996823, 58.6104359 ], [ 27.0998337, 58.6103814 ], [ 27.0999329, 58.6103701 ], [ 27.1000068, 58.6103786 ], [ 27.100068, 58.6103542 ], [ 27.1000969, 58.6103119 ], [ 27.1001293, 58.6102969 ], [ 27.1001906, 58.6103185 ], [ 27.1002411, 58.6103241 ], [ 27.1003042, 58.6102772 ], [ 27.1003402, 58.6102706 ], [ 27.1003871, 58.610281 ], [ 27.1004231, 58.6102979 ], [ 27.1005024, 58.6103138 ], [ 27.1005961, 58.6103288 ], [ 27.1008106, 58.6103476 ], [ 27.1008935, 58.6104058 ], [ 27.1009728, 58.6104377 ], [ 27.1010377, 58.6104434 ], [ 27.1011639, 58.61048 ], [ 27.1012089, 58.6105232 ], [ 27.1012468, 58.6106311 ], [ 27.1013045, 58.6106912 ] ] } },
{ "type": "Feature", "properties": { "orig_fid": "w326492625", "waterway": "river", "name": "Alatskivi jõgi" }, "geometry": { "type": "LineString", "coordinates": [ [ 27.0979431, 58.6109663 ], [ 27.0979972, 58.6109916 ], [ 27.0981413, 58.6110273 ], [ 27.0981846, 58.6110639 ], [ 27.0982657, 58.6110967 ], [ 27.098345, 58.6111071 ], [ 27.0984315, 58.611092 ], [ 27.0986063, 58.6110873 ], [ 27.0986604, 58.6110723 ], [ 27.0987055, 58.6110507 ], [ 27.0987866, 58.6109691 ], [ 27.0989127, 58.6109353 ], [ 27.0989866, 58.6109099 ], [ 27.0990461, 58.6108799 ], [ 27.099093, 58.6108667 ], [ 27.0992101, 58.6108705 ], [ 27.099275, 58.6108564 ], [ 27.0993417, 58.6108189 ], [ 27.0994552, 58.610801 ], [ 27.0996048, 58.6107625 ], [ 27.0997256, 58.6107475 ], [ 27.0997977, 58.6107428 ], [ 27.0998536, 58.610755 ], [ 27.0998896, 58.610771 ], [ 27.0999653, 58.6107794 ] ] } },
{ "type": "Feature", "properties": { "orig_fid": "w326492627", "waterway": "river", "name": "Alatskivi jõgi" }, "geometry": { "type": "LineString", "coordinates": [ [ 27.0810729, 58.6106142 ], [ 27.0810984, 58.6105917 ], [ 27.081093, 58.6105748 ], [ 27.0811074, 58.6105579 ], [ 27.0811741, 58.610541 ], [ 27.0812011, 58.6105382 ], [ 27.081257, 58.6105617 ], [ 27.0813219, 58.6105513 ], [ 27.0813633, 58.6105541 ], [ 27.08143, 58.6105476 ], [ 27.0814931, 58.6105354 ], [ 27.0816211, 58.6105316 ], [ 27.0817004, 58.6105147 ], [ 27.0817364, 58.6104959 ], [ 27.0817364, 58.6104762 ], [ 27.0816842, 58.6104265 ], [ 27.0816896, 58.6104058 ], [ 27.0817112, 58.6103899 ], [ 27.0817382, 58.6103861 ], [ 27.0818464, 58.6103861 ], [ 27.0819203, 58.6103992 ], [ 27.081987, 58.6104039 ], [ 27.0820771, 58.6103852 ], [ 27.0823618, 58.6103617 ], [ 27.0824754, 58.6103626 ], [ 27.0825457, 58.6103767 ], [ 27.0826036, 58.6104505 ] ] } },
{ "type": "Feature", "properties": { "orig_fid": "w326492628", "waterway": "river", "name": "Alatskivi jõgi" }, "geometry": { "type": "LineString", "coordinates": [ [ 27.0749601, 58.6115404 ], [ 27.0748988, 58.6114632 ], [ 27.0748614, 58.6114188 ], [ 27.0748554, 58.6113908 ], [ 27.0749287, 58.6112537 ], [ 27.0749018, 58.6111944 ], [ 27.0749108, 58.6111407 ], [ 27.0749542, 58.6111095 ], [ 27.075023, 58.6110893 ], [ 27.0752668, 58.6110994 ], [ 27.0754134, 58.6110885 ], [ 27.07556, 58.6110464 ], [ 27.075732, 58.6110067 ], [ 27.075729, 58.6109 ], [ 27.0756991, 58.6108626 ], [ 27.0756452, 58.6108252 ], [ 27.0756318, 58.6107917 ], [ 27.0756692, 58.6107769 ], [ 27.0757215, 58.6107737 ], [ 27.0758442, 58.610794 ], [ 27.0760057, 58.610808 ], [ 27.0762196, 58.6107901 ], [ 27.0762914, 58.6107987 ], [ 27.0763438, 58.6108181 ], [ 27.0764126, 58.6108781 ], [ 27.0764874, 58.6109007 ], [ 27.0765726, 58.6109163 ] ] } },
{ "type": "Feature", "properties": { "orig_fid": "w326492630", "waterway": "river", "name": "Alatskivi jõgi" }, "geometry": { "type": "LineString", "coordinates": [ [ 27.0530031, 58.6427584 ], [ 27.0531216, 58.6422575 ], [ 27.0532506, 58.6417423 ], [ 27.053276, 58.6415585 ], [ 27.0532252, 58.6413966 ], [ 27.0531681, 58.6410169 ], [ 27.0530919, 58.6408517 ], [ 27.0530898, 58.6407559 ], [ 27.053185, 58.6405996 ], [ 27.0532929, 58.6404719 ], [ 27.0534558, 58.6402143 ], [ 27.0535531, 58.6400833 ], [ 27.0536525, 58.640014 ], [ 27.0536927, 58.6399358 ], [ 27.0537689, 58.6398543 ], [ 27.0542046, 58.6391387 ], [ 27.054412, 58.6389164 ], [ 27.0545854, 58.6387589 ], [ 27.0546425, 58.6386665 ], [ 27.0546489, 58.6385751 ], [ 27.0546171, 58.6384804 ], [ 27.0545875, 58.6381743 ], [ 27.0545283, 58.6380774 ], [ 27.0538725, 58.6374873 ], [ 27.0536737, 58.6371813 ], [ 27.0536018, 58.6370139 ], [ 27.0536271, 58.6365185 ], [ 27.0540121, 58.6345289 ], [ 27.0540333, 58.6344805 ], [ 27.0540375, 58.6344166 ] ] } },
{ "type": "Feature", "properties": { "orig_fid": "w326492632", "waterway": "river", "name": "Alatskivi jõgi" }, "geometry": { "type": "LineString", "coordinates": [ [ 27.0728301, 58.6132504 ], [ 27.0728585, 58.6132013 ], [ 27.0728735, 58.6131507 ], [ 27.0728899, 58.6131024 ], [ 27.0729184, 58.6130603 ], [ 27.0729857, 58.6130408 ], [ 27.0730815, 58.613028 ], [ 27.0732204, 58.6130531 ], [ 27.0732394, 58.6131032 ], [ 27.0734494, 58.6130743 ], [ 27.0735855, 58.6130424 ], [ 27.0737799, 58.6130073 ], [ 27.073928, 58.6130081 ], [ 27.0740342, 58.6130182 ], [ 27.0741479, 58.6130073 ], [ 27.0742317, 58.612984 ], [ 27.074314, 58.6129388 ], [ 27.0743663, 58.6128488 ], [ 27.0744246, 58.6127954 ], [ 27.0744815, 58.6127682 ], [ 27.0745398, 58.6127573 ], [ 27.0745787, 58.61273 ], [ 27.0745832, 58.6126981 ], [ 27.0745458, 58.6126723 ], [ 27.0745264, 58.6126396 ], [ 27.0746071, 58.6125469 ], [ 27.0746296, 58.6124916 ], [ 27.0745952, 58.6124137 ], [ 27.0746011, 58.6123584 ], [ 27.0745249, 58.6123007 ], [ 27.0744381, 58.6122641 ], [ 27.0742975, 58.61224 ], [ 27.0742332, 58.6122228 ], [ 27.0741913, 58.6121987 ], [ 27.0741943, 58.6121753 ], [ 27.0742197, 58.6121605 ], [ 27.0742855, 58.6121418 ], [ 27.0743783, 58.6120943 ], [ 27.0745877, 58.6120655 ], [ 27.0747074, 58.6120047 ], [ 27.0747851, 58.6119463 ], [ 27.074827, 58.6118839 ], [ 27.075017, 58.6117928 ], [ 27.0750649, 58.6117476 ], [ 27.0750693, 58.6117001 ], [ 27.0750424, 58.6116572 ], [ 27.0749691, 58.6115793 ], [ 27.0749601, 58.6115404 ], [ 27.0749871, 58.6114936 ], [ 27.0750663, 58.6114531 ], [ 27.0763169, 58.6110176 ], [ 27.0765726, 58.6109163 ], [ 27.0767761, 58.6108454 ], [ 27.0769945, 58.6107449 ], [ 27.0772024, 58.6106748 ], [ 27.077325, 58.6106405 ], [ 27.0774088, 58.6106366 ], [ 27.0775778, 58.6106826 ], [ 27.077684, 58.6106888 ], [ 27.0779937, 58.6106802 ], [ 27.0780281, 58.6106654 ], [ 27.0780355, 58.6105571 ], [ 27.078058, 58.6105307 ], [ 27.0781223, 58.6105275 ], [ 27.0781971, 58.6105727 ], [ 27.0782285, 58.6106132 ], [ 27.0782913, 58.6106592 ], [ 27.0783497, 58.6106725 ], [ 27.0784245, 58.6106997 ], [ 27.0784933, 58.6107449 ], [ 27.0785337, 58.6107605 ], [ 27.0786204, 58.6107613 ], [ 27.0788657, 58.6107184 ], [ 27.0789689, 58.6107083 ], [ 27.0790482, 58.6107223 ], [ 27.0791454, 58.6107114 ], [ 27.0792576, 58.6106717 ], [ 27.079319, 58.6106288 ], [ 27.0794012, 58.6105299 ], [ 27.0794311, 58.610519 ], [ 27.0795089, 58.6105299 ], [ 27.0796403, 58.6105645 ], [ 27.0796764, 58.610556 ], [ 27.079698, 58.6105363 ], [ 27.0797304, 58.6105213 ], [ 27.0797971, 58.6105175 ], [ 27.079999, 58.6105485 ], [ 27.0801305, 58.6105823 ], [ 27.0801882, 58.6105879 ], [ 27.0802441, 58.6105739 ], [ 27.080318, 58.6105682 ], [ 27.0803775, 58.6105804 ], [ 27.0804784, 58.6106152 ], [ 27.0805289, 58.6106508 ], [ 27.0805739, 58.6106677 ], [ 27.0806316, 58.6106818 ], [ 27.0807451, 58.610695 ], [ 27.0808497, 58.6106781 ], [ 27.0809434, 58.610649 ], [ 27.0809794, 58.6106274 ], [ 27.0810335, 58.6106133 ], [ 27.0810729, 58.6106142 ], [ 27.081111, 58.6106152 ], [ 27.0811633, 58.6106499 ], [ 27.0811993, 58.6107015 ], [ 27.0812083, 58.6107353 ], [ 27.0812354, 58.6107701 ], [ 27.0812732, 58.6107926 ], [ 27.0813183, 58.6108114 ], [ 27.081385, 58.6108132 ], [ 27.0814877, 58.6108048 ], [ 27.0815868, 58.6107794 ], [ 27.0817328, 58.6107128 ], [ 27.0818229, 58.6106921 ], [ 27.0818824, 58.6106921 ], [ 27.0819725, 58.6107128 ], [ 27.0820158, 58.6107137 ], [ 27.0820645, 58.6107053 ], [ 27.0821257, 58.6106752 ], [ 27.0822086, 58.6106152 ], [ 27.0823564, 58.6105494 ], [ 27.0824646, 58.6105147 ], [ 27.0825241, 58.6104762 ], [ 27.0825817, 58.6104509 ], [ 27.0826036, 58.6104505 ], [ 27.0826304, 58.6104499 ], [ 27.0826682, 58.6104734 ], [ 27.0827151, 58.6105541 ], [ 27.0827566, 58.6105832 ], [ 27.0828052, 58.6105832 ], [ 27.0828904, 58.6105634 ] ] } },
{ "type": "Feature", "properties": { "orig_fid": "w326492637", "waterway": "river", "name": "Alatskivi jõgi" }, "geometry": { "type": "LineString", "coordinates": [ [ 27.1012505, 58.6109244 ], [ 27.101245, 58.6109052 ], [ 27.1012972, 58.6108273 ], [ 27.1013045, 58.6106912 ] ] } },
{ "type": "Feature", "properties": { "orig_fid": "w326492638", "waterway": "river", "name": "Alatskivi jõgi" }, "geometry": { "type": "LineString", "coordinates": [ [ 27.0530251, 58.649108 ], [ 27.0530391, 58.6490896 ], [ 27.0530433, 58.649061 ], [ 27.05302, 58.6490301 ], [ 27.0515138, 58.648066 ], [ 27.0514673, 58.6480462 ], [ 27.0514588, 58.6480176 ], [ 27.0514673, 58.6479945 ], [ 27.0515921, 58.6479449 ], [ 27.0517487, 58.647836 ], [ 27.0518079, 58.6477842 ], [ 27.0517952, 58.6477138 ], [ 27.0518164, 58.6476632 ], [ 27.0518565, 58.647628 ], [ 27.0518185, 58.6475487 ], [ 27.0518481, 58.6474783 ], [ 27.0518692, 58.6473539 ], [ 27.0519179, 58.647235 ], [ 27.0519348, 58.6471459 ], [ 27.0519052, 58.6469819 ], [ 27.0519919, 58.6466836 ], [ 27.0520892, 58.6465185 ], [ 27.0523473, 58.6459747 ], [ 27.0522987, 58.6459307 ], [ 27.0522839, 58.6458977 ], [ 27.0523664, 58.6458658 ], [ 27.0524065, 58.6458328 ], [ 27.0524615, 58.6457656 ], [ 27.0524912, 58.645628 ], [ 27.0525694, 58.64554 ], [ 27.0526012, 58.6454156 ], [ 27.0526583, 58.6453044 ], [ 27.0527302, 58.6452307 ], [ 27.0528212, 58.6450457 ], [ 27.0528952, 58.6449302 ], [ 27.0530877, 58.6447563 ], [ 27.0531279, 58.6446814 ], [ 27.0531871, 58.6441464 ], [ 27.0531998, 58.643792 ], [ 27.0532506, 58.6436027 ], [ 27.0532379, 58.6435135 ], [ 27.0529946, 58.6428861 ], [ 27.0529946, 58.6428178 ] ] } },
{ "type": "Feature", "properties": { "orig_fid": "w326492639", "waterway": "river", "name": "Alatskivi jõgi" }, "geometry": { "type": "LineString", "coordinates": [ [ 27.0728585, 58.6132013 ], [ 27.0729109, 58.613199 ], [ 27.0730081, 58.6131865 ], [ 27.0730874, 58.6131663 ], [ 27.0732394, 58.6131032 ] ] } },
{ "type": "Feature", "properties": { "orig_fid": "w326492640", "waterway": "river", "name": "Alatskivi jõgi" }, "geometry": { "type": "LineString", "coordinates": [ [ 27.0519097, 58.632785 ], [ 27.0518412, 58.63279 ], [ 27.0517576, 58.632823 ], [ 27.0517206, 58.6328285 ], [ 27.0516878, 58.6328274 ], [ 27.0516318, 58.632801 ], [ 27.0515239, 58.6328021 ], [ 27.0514276, 58.6327657 ], [ 27.0513821, 58.6327679 ], [ 27.0512711, 58.6328098 ], [ 27.0512362, 58.632812 ], [ 27.0511748, 58.6327757 ], [ 27.0511473, 58.6327724 ], [ 27.0511293, 58.6327762 ], [ 27.0511293, 58.6327993 ], [ 27.0511092, 58.632812 ], [ 27.0510468, 58.6328225 ], [ 27.0509654, 58.6327905 ], [ 27.0509115, 58.6327575 ], [ 27.0507856, 58.6327663 ], [ 27.0505677, 58.6327927 ], [ 27.0504165, 58.6327856 ], [ 27.0502589, 58.6327256 ], [ 27.0501912, 58.6327112 ], [ 27.0501541, 58.6326964 ], [ 27.0501076, 58.6326865 ], [ 27.050041, 58.6326837 ], [ 27.0499817, 58.6326738 ], [ 27.0499056, 58.6326435 ], [ 27.0498421, 58.6326314 ], [ 27.0498136, 58.6326182 ], [ 27.0497586, 58.6326061 ], [ 27.049639, 58.6326006 ], [ 27.0495798, 58.6325758 ], [ 27.0494941, 58.6325708 ], [ 27.0494603, 58.6325631 ], [ 27.0493471, 58.632518 ], [ 27.0492519, 58.6325152 ], [ 27.0491271, 58.6324789 ], [ 27.0488912, 58.632442 ], [ 27.0486522, 58.6323859 ], [ 27.0486099, 58.632371 ], [ 27.0485655, 58.6323638 ], [ 27.0484819, 58.6323616 ], [ 27.0483994, 58.6323352 ], [ 27.0483434, 58.6323242 ], [ 27.0480535, 58.6322818 ], [ 27.0476537, 58.6322014 ], [ 27.0476231, 58.6321855 ], [ 27.0476442, 58.6321144 ], [ 27.0479086, 58.6317395 ], [ 27.0483157, 58.6311975 ], [ 27.049291, 58.6298442 ], [ 27.0494226, 58.629648 ], [ 27.0494734, 58.6295561 ], [ 27.0495363, 58.6294938 ], [ 27.049644, 58.6294424 ], [ 27.0501496, 58.629338 ], [ 27.0511458, 58.6291496 ], [ 27.0515496, 58.6290531 ], [ 27.0516304, 58.6290172 ], [ 27.0516723, 58.6289705 ], [ 27.0516723, 58.6288786 ], [ 27.0517129, 58.6284531 ] ] } },
{ "type": "Feature", "properties": { "orig_fid": "w326492641", "waterway": "river", "name": "Alatskivi jõgi" }, "geometry": { "type": "LineString", "coordinates": [ [ 27.1013045, 58.6106912 ], [ 27.1013297, 58.6106921 ], [ 27.1015279, 58.61071 ], [ 27.1016992, 58.610756 ], [ 27.1017532, 58.6107588 ], [ 27.1018163, 58.6107494 ], [ 27.1020506, 58.6106931 ] ] } },
{ "type": "Feature", "properties": { "orig_fid": "w326492642", "waterway": "river", "name": "Alatskivi jõgi" }, "geometry": { "type": "LineString", "coordinates": [ [ 27.0663309, 58.6202138 ], [ 27.0666122, 58.6202487 ], [ 27.0668449, 58.620317 ], [ 27.0670311, 58.6203611 ], [ 27.0672299, 58.6203611 ], [ 27.0674034, 58.6203919 ], [ 27.0676742, 58.6204514 ], [ 27.0678053, 58.6204602 ], [ 27.0678857, 58.6204404 ], [ 27.0679492, 58.6203831 ], [ 27.0679862, 58.6202811 ], [ 27.0680592, 58.6201958 ], [ 27.0681903, 58.6201342 ], [ 27.068423, 58.6200504 ], [ 27.0684526, 58.6200086 ], [ 27.0683976, 58.6198676 ], [ 27.0684569, 58.6198103 ], [ 27.0685711, 58.6197376 ], [ 27.0687276, 58.6196583 ], [ 27.0687699, 58.6195944 ], [ 27.0687149, 58.6195261 ], [ 27.0686938, 58.6194424 ], [ 27.0687445, 58.6193785 ], [ 27.0688165, 58.6193234 ], [ 27.0689857, 58.6192684 ], [ 27.0692396, 58.6191516 ], [ 27.0699123, 58.6188916 ], [ 27.0701323, 58.6187881 ], [ 27.0702634, 58.6186735 ], [ 27.0703776, 58.6186383 ], [ 27.070513, 58.618614 ], [ 27.0706188, 58.6185634 ], [ 27.0706696, 58.6184907 ], [ 27.0707711, 58.6184224 ], [ 27.0709784, 58.6183519 ], [ 27.0716257, 58.6181977 ], [ 27.0718669, 58.6180478 ], [ 27.0720446, 58.6179046 ], [ 27.0721503, 58.6177438 ], [ 27.0721292, 58.6176226 ], [ 27.0720488, 58.617475 ], [ 27.0720403, 58.6173494 ], [ 27.0720784, 58.6172767 ], [ 27.072235, 58.6171908 ], [ 27.0723873, 58.6171533 ], [ 27.0725269, 58.6171291 ], [ 27.0725861, 58.6170674 ], [ 27.0725904, 58.6169903 ], [ 27.0725311, 58.616889 ], [ 27.072532, 58.6168558 ], [ 27.0725438, 58.6167281 ], [ 27.0726834, 58.6162765 ], [ 27.0727765, 58.6158865 ], [ 27.0731961, 58.6152098 ], [ 27.0732504, 58.6150668 ], [ 27.0732588, 58.6148796 ], [ 27.073005, 58.6143728 ], [ 27.0730515, 58.6142119 ], [ 27.07306, 58.6140401 ], [ 27.0728484, 58.6135509 ], [ 27.0727733, 58.613495 ], [ 27.0727508, 58.6134693 ], [ 27.0727628, 58.6133836 ] ] } },
{ "type": "Feature", "properties": { "orig_fid": "w326492643", "waterway": "river", "name": "Alatskivi jõgi" }, "geometry": { "type": "LineString", "coordinates": [ [ 27.0762914, 58.6107987 ], [ 27.0763513, 58.6107745 ], [ 27.0764694, 58.6107348 ], [ 27.0766115, 58.6107044 ], [ 27.0766878, 58.6106506 ], [ 27.076794, 58.6106249 ], [ 27.0769526, 58.6106109 ], [ 27.077325, 58.6106405 ] ] } },
{ "type": "Feature", "properties": { "orig_fid": "w329093391", "waterway": "river", "name": "Tarakvere jõgi" }, "geometry": { "type": "LineString", "coordinates": [ [ 26.8129585, 58.7861359 ], [ 26.8131611, 58.7861674 ] ] } },
{ "type": "Feature", "properties": { "orig_fid": "w329093393", "waterway": "river", "name": "Tarakvere jõgi" }, "geometry": { "type": "LineString", "coordinates": [ [ 26.8243295, 58.7771702 ], [ 26.8243295, 58.777031 ] ] } },
{ "type": "Feature", "properties": { "orig_fid": "w329093398", "waterway": "river", "name": "Tarakvere jõgi" }, "geometry": { "type": "LineString", "coordinates": [ [ 26.7768827, 58.7829112 ], [ 26.7772319, 58.7828026 ], [ 26.7776626, 58.782678 ], [ 26.7779007, 58.7826242 ], [ 26.7783795, 58.7825875 ], [ 26.7786252, 58.7824916 ], [ 26.7789291, 58.7823538 ], [ 26.7794383, 58.7820899 ], [ 26.7795776, 58.7819757 ], [ 26.7795675, 58.7817892 ], [ 26.7796004, 58.7816881 ], [ 26.7796612, 58.7816264 ], [ 26.7798058, 58.7815986 ], [ 26.7800387, 58.7815911 ], [ 26.7801999, 58.7815763 ], [ 26.7803969, 58.7815169 ], [ 26.7805617, 58.781346 ], [ 26.7806871, 58.7812328 ], [ 26.780816, 58.7811697 ], [ 26.7809378, 58.7811697 ], [ 26.7812137, 58.7811362 ], [ 26.7813749, 58.7811548 ], [ 26.7815289, 58.7812346 ], [ 26.7815862, 58.7813089 ], [ 26.7817797, 58.7813219 ], [ 26.7819767, 58.7813126 ], [ 26.7820806, 58.7812476 ], [ 26.7821845, 58.7810842 ], [ 26.7822704, 58.7810323 ], [ 26.782446, 58.7810453 ], [ 26.7825606, 58.7810861 ], [ 26.78263, 58.7811446 ], [ 26.7826553, 58.7812194 ], [ 26.782711, 58.7812575 ], [ 26.7828174, 58.7812969 ], [ 26.7828605, 58.7814059 ], [ 26.7828579, 58.7814663 ], [ 26.7826958, 58.7815503 ], [ 26.7826578, 58.7815805 ], [ 26.782673, 58.7816107 ], [ 26.7827262, 58.7816474 ], [ 26.7827642, 58.7816947 ], [ 26.7827287, 58.7817288 ], [ 26.782673, 58.7817564 ], [ 26.7826528, 58.7817945 ], [ 26.7828047, 58.7818824 ], [ 26.7828022, 58.7819546 ], [ 26.7827541, 58.7820636 ], [ 26.782749, 58.7821765 ], [ 26.7828681, 58.7822645 ], [ 26.7829821, 58.7823301 ], [ 26.783134, 58.7823603 ], [ 26.7832126, 58.782359 ], [ 26.7832632, 58.7823761 ], [ 26.783286, 58.7824247 ], [ 26.7832962, 58.7824864 ], [ 26.7833747, 58.7825402 ], [ 26.7834253, 58.7826137 ], [ 26.7834912, 58.7826308 ], [ 26.7835191, 58.7826544 ], [ 26.7834912, 58.7826767 ], [ 26.7834887, 58.7827043 ], [ 26.7835317, 58.7827227 ], [ 26.78359, 58.7827332 ], [ 26.7836584, 58.7827253 ], [ 26.7837141, 58.7827004 ], [ 26.7837597, 58.7826203 ], [ 26.7838078, 58.7826032 ], [ 26.7838788, 58.7826045 ], [ 26.7840231, 58.782636 ], [ 26.7841321, 58.782682 ], [ 26.7841726, 58.7827148 ], [ 26.7841599, 58.7827818 ], [ 26.7841751, 58.782812 ], [ 26.7842081, 58.7828421 ], [ 26.7842157, 58.7828828 ], [ 26.7842435, 58.7829209 ], [ 26.7842866, 58.7829472 ], [ 26.7843474, 58.7829642 ], [ 26.784436, 58.7829682 ], [ 26.7844968, 58.7829472 ], [ 26.7845272, 58.7829249 ], [ 26.7846058, 58.7829012 ], [ 26.7846412, 58.7829288 ], [ 26.7846362, 58.7829669 ], [ 26.7845855, 58.7830404 ], [ 26.7845602, 58.783106 ], [ 26.7845576, 58.7831743 ], [ 26.784583, 58.7831861 ], [ 26.7846336, 58.78319 ], [ 26.784702, 58.7831664 ], [ 26.7847881, 58.7830942 ], [ 26.7848591, 58.7830785 ], [ 26.7850009, 58.783064 ], [ 26.7850896, 58.7830653 ], [ 26.7851048, 58.7830837 ], [ 26.7850642, 58.7832097 ], [ 26.7850718, 58.7832846 ], [ 26.7851048, 58.7833292 ], [ 26.7852568, 58.7833686 ], [ 26.7852796, 58.7833857 ], [ 26.7852669, 58.7834395 ], [ 26.7852846, 58.7834618 ], [ 26.7853834, 58.783471 ], [ 26.7855075, 58.7835064 ], [ 26.7855455, 58.7835025 ], [ 26.7855557, 58.7834868 ], [ 26.7855405, 58.7834605 ], [ 26.785467, 58.7834093 ], [ 26.7854543, 58.783383 ], [ 26.7854771, 58.7833594 ], [ 26.7855177, 58.7833476 ], [ 26.7855937, 58.783341 ], [ 26.785657, 58.7833489 ], [ 26.785733, 58.7834093 ], [ 26.7858064, 58.7834198 ], [ 26.7859002, 58.7834119 ], [ 26.785961, 58.7833279 ], [ 26.7860065, 58.7833266 ], [ 26.786042, 58.7833502 ], [ 26.7860623, 58.7834395 ], [ 26.7861788, 58.7835537 ], [ 26.7861991, 58.7835931 ], [ 26.7861661, 58.7836259 ], [ 26.7861991, 58.7836587 ], [ 26.7864524, 58.7836587 ], [ 26.7865233, 58.7836495 ], [ 26.7865436, 58.7836154 ], [ 26.7865866, 58.7835918 ], [ 26.7866525, 58.783576 ], [ 26.7866879, 58.7834841 ], [ 26.7867259, 58.7834618 ], [ 26.786807, 58.7834644 ], [ 26.7869818, 58.7835432 ], [ 26.7870654, 58.7836482 ], [ 26.7871312, 58.7836705 ], [ 26.7871743, 58.7837112 ], [ 26.7871515, 58.7837743 ], [ 26.7872123, 58.7838071 ], [ 26.7874909, 58.7838609 ], [ 26.7875948, 58.7838753 ], [ 26.7876834, 58.783874 ], [ 26.7877316, 58.783853 ], [ 26.7878076, 58.7837769 ], [ 26.7878608, 58.7837506 ], [ 26.7879849, 58.7837533 ], [ 26.7880963, 58.7837834 ], [ 26.7881546, 58.7838241 ], [ 26.7881749, 58.7838714 ], [ 26.7881673, 58.7839672 ], [ 26.7881774, 58.7839987 ], [ 26.7882053, 58.7840237 ], [ 26.788258, 58.7840358 ], [ 26.7883522, 58.7840158 ], [ 26.7885143, 58.7839607 ], [ 26.7887625, 58.7838451 ], [ 26.7889854, 58.7837165 ], [ 26.7891197, 58.7836548 ], [ 26.7891856, 58.783639 ], [ 26.789259, 58.783643 ], [ 26.7893274, 58.7836758 ], [ 26.7893882, 58.7836942 ], [ 26.7894769, 58.7836994 ], [ 26.7896086, 58.7836981 ], [ 26.7897454, 58.7837217 ], [ 26.7899252, 58.7837309 ], [ 26.7901076, 58.7837165 ], [ 26.7903356, 58.7836522 ], [ 26.7905864, 58.7835537 ], [ 26.7911056, 58.7832806 ], [ 26.7912475, 58.783236 ], [ 26.7913665, 58.7832255 ], [ 26.7915768, 58.7832478 ], [ 26.7920125, 58.7832793 ], [ 26.7923975, 58.7832911 ], [ 26.7927319, 58.7833095 ], [ 26.7929649, 58.7833056 ], [ 26.7931194, 58.7832793 ], [ 26.7932587, 58.7832216 ], [ 26.7934259, 58.78311 ], [ 26.7935475, 58.7830785 ], [ 26.7937451, 58.7830876 ], [ 26.7938971, 58.7831546 ], [ 26.7940263, 58.7832964 ], [ 26.7940769, 58.7833935 ], [ 26.7942517, 58.7834815 ], [ 26.7946089, 58.7835222 ], [ 26.7948191, 58.7836036 ], [ 26.7949432, 58.7837007 ], [ 26.7949128, 58.7838517 ], [ 26.794847, 58.7839738 ], [ 26.7948723, 58.7841615 ], [ 26.79508, 58.7842981 ], [ 26.7955183, 58.7844202 ], [ 26.7957184, 58.7844871 ], [ 26.795878, 58.7844897 ], [ 26.7960907, 58.7844097 ], [ 26.7962478, 58.7844083 ], [ 26.796491, 58.7844674 ], [ 26.7965897, 58.7844858 ], [ 26.7967189, 58.7844661 ], [ 26.7967848, 58.784411 ], [ 26.7968507, 58.7842849 ], [ 26.7969013, 58.7842784 ], [ 26.7970204, 58.7843217 ], [ 26.7971673, 58.7844333 ], [ 26.7972407, 58.7845265 ], [ 26.7973446, 58.7845803 ], [ 26.7974586, 58.7845908 ], [ 26.7975574, 58.7845829 ], [ 26.7976587, 58.7845541 ], [ 26.7977398, 58.7845055 ], [ 26.7978234, 58.7844412 ], [ 26.7979044, 58.7844254 ], [ 26.798026, 58.784453 ], [ 26.7980741, 58.784495 ], [ 26.7981324, 58.7845252 ], [ 26.7982033, 58.7845212 ], [ 26.7983958, 58.7843926 ], [ 26.7985124, 58.7843466 ], [ 26.798601, 58.784344 ], [ 26.7986517, 58.7843781 ], [ 26.7987074, 58.7844543 ], [ 26.7990367, 58.7847851 ], [ 26.7991786, 58.7848599 ], [ 26.799252, 58.7848744 ], [ 26.7993381, 58.7848599 ], [ 26.7994091, 58.7847969 ], [ 26.7994775, 58.7847707 ], [ 26.7996016, 58.7847418 ], [ 26.7997358, 58.7846906 ], [ 26.7998118, 58.7846762 ], [ 26.7998777, 58.7846853 ], [ 26.799979, 58.7847313 ], [ 26.800017, 58.7847641 ], [ 26.8000626, 58.7848678 ], [ 26.8001842, 58.7849728 ], [ 26.8002804, 58.7851277 ], [ 26.8005312, 58.7853142 ], [ 26.8006325, 58.7853706 ], [ 26.8007263, 58.7853903 ], [ 26.8008428, 58.785431 ], [ 26.8009112, 58.7854638 ], [ 26.800977, 58.7854783 ], [ 26.801048, 58.7854691 ], [ 26.801086, 58.7854454 ], [ 26.8011316, 58.785406 ], [ 26.8011366, 58.7853496 ], [ 26.8011797, 58.7853155 ], [ 26.8012683, 58.7853115 ], [ 26.8013975, 58.7853535 ], [ 26.8015191, 58.7854835 ], [ 26.801585, 58.785494 ], [ 26.8016331, 58.7854914 ], [ 26.8019295, 58.7854402 ], [ 26.8020055, 58.7854152 ], [ 26.802046, 58.7853759 ], [ 26.8020739, 58.785284 ], [ 26.8020663, 58.7852039 ], [ 26.8021017, 58.7851658 ], [ 26.8022056, 58.7851606 ], [ 26.8022816, 58.7852013 ], [ 26.8023702, 58.785284 ], [ 26.8024792, 58.7853194 ], [ 26.8026387, 58.7853549 ], [ 26.8027451, 58.7853732 ], [ 26.802887, 58.7853732 ], [ 26.8030415, 58.7854152 ], [ 26.8039534, 58.7855189 ], [ 26.8045765, 58.7855242 ], [ 26.8053314, 58.7854796 ], [ 26.805724, 58.7854192 ], [ 26.8059621, 58.7853404 ], [ 26.8061724, 58.7852551 ], [ 26.8063649, 58.7852013 ], [ 26.8067373, 58.785217 ], [ 26.8074845, 58.785322 ], [ 26.8096858, 58.7856542 ], [ 26.8129585, 58.7861359 ] ] } },
{ "type": "Feature", "properties": { "orig_fid": "w329093399", "waterway": "river", "name": "Tarakvere jõgi" }, "geometry": { "type": "LineString", "coordinates": [ [ 26.8243295, 58.777031 ], [ 26.8243599, 58.7759345 ], [ 26.8244156, 58.7744914 ], [ 26.8244105, 58.7740948 ], [ 26.8244713, 58.7738453 ], [ 26.8245499, 58.77376 ], [ 26.8247094, 58.7736181 ], [ 26.826057, 58.7726227 ], [ 26.8294108, 58.7700513 ], [ 26.8305938, 58.7691609 ], [ 26.8324075, 58.7677726 ], [ 26.8324784, 58.7676964 ], [ 26.8328583, 58.7671224 ], [ 26.8336081, 58.7661978 ], [ 26.8351204, 58.7641881 ], [ 26.8356245, 58.7635339 ], [ 26.8358246, 58.7633566 ], [ 26.836007, 58.7632528 ], [ 26.8362045, 58.7631832 ], [ 26.8380892, 58.7629165 ], [ 26.8399155, 58.7626683 ], [ 26.8401485, 58.7626512 ], [ 26.8403335, 58.7626564 ], [ 26.8405336, 58.7626932 ], [ 26.8411035, 58.7628338 ], [ 26.8416785, 58.7629625 ], [ 26.8419926, 58.7630151 ], [ 26.8422043, 58.7630385 ] ] } },
{ "type": "Feature", "properties": { "orig_fid": "w329093400", "waterway": "river", "name": "Tarakvere jõgi" }, "geometry": { "type": "LineString", "coordinates": [ [ 26.8131611, 58.7861674 ], [ 26.814838, 58.7864037 ], [ 26.8161147, 58.7866059 ], [ 26.8161958, 58.786598 ], [ 26.816249, 58.7865586 ], [ 26.8162971, 58.7864969 ], [ 26.8167758, 58.7856712 ], [ 26.818017, 58.7836535 ], [ 26.8189366, 58.7821634 ], [ 26.8189822, 58.7821188 ], [ 26.819048, 58.7820991 ], [ 26.8191265, 58.7820912 ], [ 26.8193722, 58.7821188 ], [ 26.8239875, 58.7828211 ], [ 26.8241344, 58.782829 ], [ 26.8241699, 58.7828172 ], [ 26.8245828, 58.7822002 ], [ 26.8247981, 58.7817695 ], [ 26.8248538, 58.7816829 ], [ 26.8249248, 58.7816264 ], [ 26.8250286, 58.7815253 ], [ 26.8250691, 58.7814649 ], [ 26.8250742, 58.7813783 ], [ 26.8249121, 58.7806352 ], [ 26.8249096, 58.780496 ], [ 26.8248412, 58.7802268 ], [ 26.8246993, 58.7793367 ], [ 26.8243295, 58.7771702 ] ] } },
{ "type": "Feature", "properties": { "orig_fid": "w369688306", "waterway": "stream", "name": "Koosa oja" }, "geometry": { "type": "LineString", "coordinates": [ [ 27.0729673, 58.5245414 ], [ 27.0730243, 58.5245559 ], [ 27.073122, 58.5245797 ], [ 27.0732507, 58.5245882 ], [ 27.0733625, 58.5245816 ], [ 27.073491, 58.5245714 ], [ 27.0735565, 58.5245719 ], [ 27.0736037, 58.5245737 ], [ 27.0736676, 58.5245778 ], [ 27.0737111, 58.5245978 ] ] } },
{ "type": "Feature", "properties": { "orig_fid": "w369688431", "waterway": "stream", "name": "Koosa oja" }, "geometry": { "type": "LineString", "coordinates": [ [ 27.0785041, 58.5259443 ], [ 27.0786111, 58.5259111 ], [ 27.0789731, 58.5258206 ], [ 27.0792764, 58.5257873 ], [ 27.079539, 58.5258113 ], [ 27.0797175, 58.5258405 ], [ 27.0797965, 58.5258725 ], [ 27.0799494, 58.5258272 ], [ 27.0805459, 58.5258126 ], [ 27.0807473, 58.5257993 ], [ 27.0810252, 58.5258126 ], [ 27.0811985, 58.525778 ], [ 27.0812928, 58.525774 ], [ 27.0815146, 58.5257993 ], [ 27.0818842, 58.5258086 ], [ 27.0821978, 58.5258206 ], [ 27.0823992, 58.5258179 ], [ 27.082519, 58.5257993 ], [ 27.0826413, 58.5257554 ], [ 27.0828096, 58.5257554 ], [ 27.0828988, 58.5256995 ], [ 27.0829472, 58.5256782 ], [ 27.0842346, 58.525412 ], [ 27.0853944, 58.5243778 ], [ 27.0858609, 58.5239745 ], [ 27.0864421, 58.5235446 ], [ 27.0869876, 58.5233289 ], [ 27.0883973, 58.5227766 ], [ 27.0890372, 58.5225276 ], [ 27.0891417, 58.5224544 ], [ 27.089287, 58.5224265 ], [ 27.0901103, 58.5220937 ], [ 27.0904035, 58.5219952 ], [ 27.0913416, 58.5216132 ], [ 27.0914334, 58.5215599 ], [ 27.0914767, 58.5215227 ], [ 27.0916398, 58.5214574 ], [ 27.0917265, 58.521355 ], [ 27.0917979, 58.5213297 ], [ 27.0920987, 58.52111 ], [ 27.0924454, 58.5208917 ] ] } },
{ "type": "Feature", "properties": { "orig_fid": "w369689611", "waterway": "stream", "name": "Koosa oja" }, "geometry": { "type": "LineString", "coordinates": [ [ 27.0702683, 58.5238927 ], [ 27.0704235, 58.5239611 ], [ 27.0705281, 58.5239919 ], [ 27.0706515, 58.5240507 ], [ 27.0707641, 58.5241137 ] ] } },
{ "type": "Feature", "properties": { "orig_fid": "w369689612", "waterway": "stream", "name": "Koosa oja" }, "geometry": { "type": "LineString", "coordinates": [ [ 27.0707641, 58.5241137 ], [ 27.0708964, 58.5241604 ], [ 27.0709608, 58.5241884 ], [ 27.0710385, 58.5242346 ], [ 27.0710975, 58.524271 ], [ 27.0712102, 58.5243242 ], [ 27.0713819, 58.5243844 ], [ 27.071516, 58.5244194 ], [ 27.0716662, 58.5244362 ], [ 27.071921, 58.5244446 ], [ 27.0722214, 58.5244503 ], [ 27.0724816, 58.5244881 ], [ 27.0728061, 58.5245133 ], [ 27.0729673, 58.5245414 ] ] } },
{ "type": "Feature", "properties": { "orig_fid": "w369689613", "waterway": "stream", "name": null }, "geometry": { "type": "LineString", "coordinates": [ [ 27.0673209, 58.5234119 ], [ 27.0674232, 58.5234086 ], [ 27.0675044, 58.5234266 ], [ 27.0675321, 58.5234291 ], [ 27.0675517, 58.5234385 ], [ 27.0677255, 58.5234455 ], [ 27.0678133, 58.523451 ], [ 27.067916, 58.523454 ], [ 27.0680908, 58.5234707 ], [ 27.0681822, 58.523472 ], [ 27.0682713, 58.5234837 ], [ 27.0683801, 58.523496 ] ] } },
{ "type": "Feature", "properties": { "orig_fid": "w369689614", "waterway": "stream", "name": "Koosa oja" }, "geometry": { "type": "LineString", "coordinates": [ [ 27.0683801, 58.523496 ], [ 27.0686037, 58.5235269 ], [ 27.0686766, 58.523537 ], [ 27.0687461, 58.5235473 ], [ 27.0688001, 58.5235537 ], [ 27.0688354, 58.5235565 ], [ 27.0688979, 58.5235611 ], [ 27.0689392, 58.5235635 ], [ 27.0689867, 58.5235731 ], [ 27.069073, 58.5235816 ], [ 27.0691447, 58.523585 ], [ 27.0692115, 58.5235994 ], [ 27.0692896, 58.5236062 ], [ 27.0693336, 58.5236071 ], [ 27.069415, 58.5236266 ] ] } },
{ "type": "Feature", "properties": { "orig_fid": "w369689615", "waterway": "stream", "name": "Koosa oja" }, "geometry": { "type": "LineString", "coordinates": [ [ 27.069415, 58.5236266 ], [ 27.0695697, 58.5236496 ], [ 27.0696967, 58.5236725 ], [ 27.0697342, 58.5236836 ], [ 27.0698188, 58.5236921 ], [ 27.0699117, 58.5237032 ], [ 27.0699752, 58.5237168 ] ] } },
{ "type": "Feature", "properties": { "orig_fid": "w369689616", "waterway": "stream", "name": null }, "geometry": { "type": "LineString", "coordinates": [ [ 27.0699752, 58.5237168 ], [ 27.0700012, 58.5237295 ], [ 27.0700338, 58.5237491 ], [ 27.0700721, 58.5237818 ] ] } },
{ "type": "Feature", "properties": { "orig_fid": "w369689617", "waterway": "stream", "name": null }, "geometry": { "type": "LineString", "coordinates": [ [ 27.0665393, 58.5235148 ], [ 27.0665743, 58.5234854 ], [ 27.066609, 58.5234714 ], [ 27.0667164, 58.5234336 ], [ 27.0667837, 58.5234021 ], [ 27.066841, 58.5233881 ], [ 27.0669373, 58.5233866 ], [ 27.067012, 58.5233893 ], [ 27.0670536, 58.5234018 ], [ 27.0671006, 58.5234068 ], [ 27.0671586, 58.5234097 ], [ 27.067207, 58.5234069 ], [ 27.0672696, 58.5234095 ], [ 27.0673209, 58.5234119 ] ] } },
{ "type": "Feature", "properties": { "orig_fid": "w369689618", "waterway": "stream", "name": "Koosa oja" }, "geometry": { "type": "LineString", "coordinates": [ [ 27.0644819, 58.5244003 ], [ 27.0658425, 58.5238109 ] ] } },
{ "type": "Feature", "properties": { "orig_fid": "w369689619", "waterway": "stream", "name": "Koosa oja" }, "geometry": { "type": "LineString", "coordinates": [ [ 27.0658425, 58.5238109 ], [ 27.0661322, 58.523689 ], [ 27.066218, 58.5236221 ], [ 27.0663068, 58.5235966 ], [ 27.0663394, 58.523563 ], [ 27.0663871, 58.5235392 ], [ 27.0664459, 58.5235384 ], [ 27.0664823, 58.5235342 ], [ 27.0665393, 58.5235148 ] ] } },
{ "type": "Feature", "properties": { "orig_fid": "w369689620", "waterway": "stream", "name": "Koosa oja" }, "geometry": { "type": "LineString", "coordinates": [ [ 27.0632138, 58.5242488 ], [ 27.0642902, 58.5243998 ], [ 27.0643778, 58.524415 ], [ 27.0644819, 58.5244003 ] ] } },
{ "type": "Feature", "properties": { "orig_fid": "w369689621", "waterway": "stream", "name": "Koosa oja" }, "geometry": { "type": "LineString", "coordinates": [ [ 27.0619853, 58.5240822 ], [ 27.0632138, 58.5242488 ] ] } },
{ "type": "Feature", "properties": { "orig_fid": "w369689622", "waterway": "stream", "name": null }, "geometry": { "type": "LineString", "coordinates": [ [ 27.0612161, 58.524052 ], [ 27.0613742, 58.5240124 ], [ 27.0614891, 58.5240093 ], [ 27.0615535, 58.5240205 ], [ 27.0617198, 58.5240191 ], [ 27.0617761, 58.5240289 ], [ 27.0617922, 58.5240528 ], [ 27.0619853, 58.5240822 ] ] } },
{ "type": "Feature", "properties": { "orig_fid": "w369689632", "waterway": "stream", "name": "Koosa oja" }, "geometry": { "type": "LineString", "coordinates": [ [ 27.0597931, 58.5248006 ], [ 27.0609412, 58.5241966 ], [ 27.0612161, 58.524052 ] ] } },
{ "type": "Feature", "properties": { "orig_fid": "w369689633", "waterway": "stream", "name": null }, "geometry": { "type": "LineString", "coordinates": [ [ 27.0582705, 58.5256035 ], [ 27.0592685, 58.5250741 ], [ 27.0597931, 58.5248006 ] ] } },
{ "type": "Feature", "properties": { "orig_fid": "w369689634", "waterway": "stream", "name": null }, "geometry": { "type": "LineString", "coordinates": [ [ 27.0574729, 58.5260065 ], [ 27.0582705, 58.5256035 ] ] } },
{ "type": "Feature", "properties": { "orig_fid": "w391938411", "waterway": "stream", "name": "Vara oja" }, "geometry": { "type": "LineString", "coordinates": [ [ 26.9074652, 58.4857384 ], [ 26.9071505, 58.4857769 ], [ 26.90703, 58.4858381 ], [ 26.9068358, 58.4859169 ], [ 26.9057442, 58.4861707 ], [ 26.9055801, 58.4862267 ], [ 26.9049908, 58.4864892 ], [ 26.9046091, 58.486638 ], [ 26.904204, 58.4867167 ], [ 26.9039696, 58.4867937 ], [ 26.9014751, 58.4874973 ], [ 26.9004137, 58.4878211 ], [ 26.9000119, 58.4879086 ], [ 26.8984951, 58.4883549 ], [ 26.8980598, 58.4884931 ], [ 26.8969615, 58.4887819 ], [ 26.8968778, 58.4888431 ], [ 26.896851, 58.4889079 ], [ 26.8969247, 58.4890286 ], [ 26.8969414, 58.4890846 ], [ 26.8968243, 58.4895029 ], [ 26.8965932, 58.4902501 ], [ 26.8963689, 58.4909151 ], [ 26.8963019, 58.4910359 ], [ 26.8960776, 58.4912721 ], [ 26.8958131, 58.4916553 ], [ 26.8956992, 58.4918023 ], [ 26.8956021, 58.4918986 ], [ 26.8951367, 58.4921751 ], [ 26.8941054, 58.492826 ], [ 26.894005, 58.4928855 ], [ 26.8939748, 58.492938 ], [ 26.8939547, 58.4930902 ], [ 26.8939514, 58.4933055 ], [ 26.8938878, 58.4935207 ], [ 26.8939447, 58.4939302 ], [ 26.8939648, 58.4942119 ], [ 26.8940585, 58.4949818 ], [ 26.8940485, 58.4950868 ], [ 26.8938844, 58.4954175 ], [ 26.8937237, 58.4955994 ], [ 26.8935395, 58.4958024 ], [ 26.8927728, 58.496616 ], [ 26.8922672, 58.4971829 ], [ 26.8921801, 58.4972949 ], [ 26.8920227, 58.4973823 ], [ 26.8918152, 58.4974208 ], [ 26.8916109, 58.4974628 ], [ 26.8910484, 58.4976728 ], [ 26.8907002, 58.4977743 ], [ 26.8897492, 58.497979 ], [ 26.8891666, 58.4981539 ], [ 26.8888686, 58.4982047 ], [ 26.8878675, 58.4983604 ], [ 26.8874456, 58.4983936 ], [ 26.8870304, 58.4984461 ], [ 26.8866721, 58.4985773 ], [ 26.8863172, 58.498705 ], [ 26.8859958, 58.4987908 ], [ 26.8854366, 58.4988975 ], [ 26.8841207, 58.4991022 ], [ 26.8838796, 58.4991722 ], [ 26.8837423, 58.4992894 ], [ 26.8836519, 58.4994118 ], [ 26.8835716, 58.4994906 ], [ 26.8834041, 58.4995658 ], [ 26.8828852, 58.4998317 ], [ 26.8820916, 58.5002901 ], [ 26.8819979, 58.5003793 ], [ 26.8820179, 58.5004493 ], [ 26.8821184, 58.5005175 ], [ 26.8822021, 58.500675 ], [ 26.8823595, 58.5008027 ], [ 26.8823896, 58.5008674 ], [ 26.8823829, 58.5009287 ], [ 26.882095, 58.5011491 ], [ 26.8818874, 58.5013415 ], [ 26.8816496, 58.5015952 ], [ 26.8813851, 58.5017964 ], [ 26.8812746, 58.5018768 ], [ 26.8812445, 58.5019556 ], [ 26.8812746, 58.5020623 ], [ 26.8813717, 58.5021952 ], [ 26.8819644, 58.5026676 ], [ 26.8821619, 58.502881 ], [ 26.8822959, 58.5029282 ], [ 26.8829689, 58.5032256 ], [ 26.8830124, 58.5032816 ], [ 26.882989, 58.5033393 ], [ 26.8828919, 58.503411 ], [ 26.882547, 58.5035107 ], [ 26.8820615, 58.5036105 ], [ 26.8813349, 58.5037749 ], [ 26.8805748, 58.5039831 ], [ 26.8803438, 58.5040775 ], [ 26.8801462, 58.5041143 ], [ 26.8795268, 58.5043504 ] ] } },
{ "type": "Feature", "properties": { "orig_fid": "w409115929", "waterway": "river", "name": "Kargaja jõgi" }, "geometry": { "type": "LineString", "coordinates": [ [ 27.1112292, 58.5139751 ], [ 27.1113893, 58.5139038 ] ] } },
{ "type": "Feature", "properties": { "orig_fid": "w409115931", "waterway": "river", "name": "Kargaja jõgi" }, "geometry": { "type": "LineString", "coordinates": [ [ 27.1113893, 58.5139038 ], [ 27.1116223, 58.5138212 ], [ 27.1130772, 58.5130783 ], [ 27.1145043, 58.5123015 ], [ 27.1155897, 58.5116357 ], [ 27.1164072, 58.5111194 ], [ 27.1173493, 58.5105211 ], [ 27.1178712, 58.5102003 ], [ 27.1186472, 58.5098649 ], [ 27.1195986, 58.5094765 ], [ 27.1197279, 58.5094234 ], [ 27.1198157, 58.5093245 ], [ 27.120393, 58.5088082 ], [ 27.1204761, 58.5087334 ], [ 27.1206239, 58.5086755 ], [ 27.1214137, 58.5084681 ], [ 27.1215661, 58.5084439 ], [ 27.1223974, 58.5083595 ], [ 27.1242356, 58.508181 ], [ 27.1245497, 58.5081496 ], [ 27.1247898, 58.5080989 ], [ 27.1254965, 58.5079904 ], [ 27.1256628, 58.5079373 ], [ 27.1258105, 58.5078432 ], [ 27.1258567, 58.5077539 ], [ 27.1259491, 58.5074548 ], [ 27.1260091, 58.5073389 ], [ 27.1265357, 58.5070036 ], [ 27.1266327, 58.5069103 ] ] } },
{ "type": "Feature", "properties": { "orig_fid": "w409116049", "waterway": "stream", "name": "Koosa oja" }, "geometry": { "type": "LineString", "coordinates": [ [ 27.0700721, 58.5237818 ], [ 27.0702683, 58.5238927 ] ] } },
{ "type": "Feature", "properties": { "orig_fid": "w411112392", "waterway": "ditch", "name": null }, "geometry": { "type": "LineString", "coordinates": [ [ 26.8072674, 58.5617518 ], [ 26.8073561, 58.5616411 ], [ 26.807391, 58.5615701 ], [ 26.8074923, 58.5614346 ], [ 26.8075874, 58.5612925 ], [ 26.8076349, 58.5612066 ], [ 26.8077268, 58.5610017 ], [ 26.8078028, 58.5607886 ], [ 26.8078471, 58.5607142 ], [ 26.8078725, 58.560663 ], [ 26.8080879, 58.5601938 ], [ 26.8083191, 58.5596981 ], [ 26.8084997, 58.5593049 ], [ 26.8086074, 58.5590653 ], [ 26.80862, 58.559024 ], [ 26.8086644, 58.5589149 ], [ 26.8087341, 58.5587712 ], [ 26.8088133, 58.558601 ], [ 26.8089495, 58.5583168 ], [ 26.8090762, 58.5580309 ], [ 26.8092251, 58.5577236 ], [ 26.8093423, 58.5574608 ] ] } },
{ "type": "Feature", "properties": { "orig_fid": "w411112393", "waterway": "ditch", "name": null }, "geometry": { "type": "LineString", "coordinates": [ [ 26.8093423, 58.5574608 ], [ 26.80945, 58.5572345 ], [ 26.8094563, 58.5571898 ], [ 26.8094341, 58.5571551 ], [ 26.8092631, 58.5570246 ] ] } },
{ "type": "Feature", "properties": { "orig_fid": "w411112394", "waterway": "ditch", "name": null }, "geometry": { "type": "LineString", "coordinates": [ [ 26.8092631, 58.5570246 ], [ 26.8087562, 58.5566776 ], [ 26.8087372, 58.5566512 ], [ 26.8087309, 58.5566297 ], [ 26.8087594, 58.5565917 ], [ 26.8088133, 58.5565305 ], [ 26.8088734, 58.5564281 ], [ 26.8089653, 58.5562794 ] ] } },
{ "type": "Feature", "properties": { "orig_fid": "w411112395", "waterway": "ditch", "name": null }, "geometry": { "type": "LineString", "coordinates": [ [ 26.8089653, 58.5562794 ], [ 26.8093078, 58.5556716 ] ] } },
{ "type": "Feature", "properties": { "orig_fid": "w411112396", "waterway": "ditch", "name": null }, "geometry": { "type": "LineString", "coordinates": [ [ 26.8093078, 58.5556716 ], [ 26.8096626, 58.555042 ] ] } },
{ "type": "Feature", "properties": { "orig_fid": "w411112397", "waterway": "ditch", "name": null }, "geometry": { "type": "LineString", "coordinates": [ [ 26.8096626, 58.555042 ], [ 26.8099382, 58.5545661 ] ] } },
{ "type": "Feature", "properties": { "orig_fid": "w411112398", "waterway": "ditch", "name": null }, "geometry": { "type": "LineString", "coordinates": [ [ 26.8099382, 58.5545661 ], [ 26.8100585, 58.5543595 ] ] } },
{ "type": "Feature", "properties": { "orig_fid": "w411112399", "waterway": "ditch", "name": null }, "geometry": { "type": "LineString", "coordinates": [ [ 26.8101187, 58.554267 ], [ 26.8101947, 58.5541298 ], [ 26.8102169, 58.5541034 ], [ 26.8102929, 58.5540803 ], [ 26.8112654, 58.5540142 ], [ 26.8113098, 58.5540092 ], [ 26.8114143, 58.5538489 ] ] } },
{ "type": "Feature", "properties": { "orig_fid": "w411112400", "waterway": "ditch", "name": null }, "geometry": { "type": "LineString", "coordinates": [ [ 26.8114143, 58.5538489 ], [ 26.8115283, 58.55372 ], [ 26.8116044, 58.5536506 ], [ 26.8117057, 58.5535663 ], [ 26.8118198, 58.5534391 ], [ 26.8118799, 58.5533581 ], [ 26.8120447, 58.5531978 ] ] } },
{ "type": "Feature", "properties": { "orig_fid": "w411112401", "waterway": "ditch", "name": null }, "geometry": { "type": "LineString", "coordinates": [ [ 26.8120447, 58.5531978 ], [ 26.8125388, 58.5526855 ], [ 26.8127891, 58.5524541 ], [ 26.8130678, 58.5521451 ], [ 26.8132262, 58.5519748 ] ] } },
{ "type": "Feature", "properties": { "orig_fid": "w411112402", "waterway": "ditch", "name": null }, "geometry": { "type": "LineString", "coordinates": [ [ 26.8132262, 58.5519748 ], [ 26.8138249, 58.5513419 ], [ 26.8139041, 58.5512493 ], [ 26.8141733, 58.55097 ], [ 26.814224, 58.5509237 ], [ 26.8146041, 58.5505304 ] ] } },
{ "type": "Feature", "properties": { "orig_fid": "w411112403", "waterway": "ditch", "name": null }, "geometry": { "type": "LineString", "coordinates": [ [ 26.8146041, 58.5505304 ], [ 26.8151838, 58.5499106 ] ] } },
{ "type": "Feature", "properties": { "orig_fid": "w411112404", "waterway": "ditch", "name": null }, "geometry": { "type": "LineString", "coordinates": [ [ 26.8151838, 58.5499106 ], [ 26.8157192, 58.5493636 ] ] } },
{ "type": "Feature", "properties": { "orig_fid": "w411112405", "waterway": "ditch", "name": null }, "geometry": { "type": "LineString", "coordinates": [ [ 26.8157192, 58.5493636 ], [ 26.8163559, 58.5486843 ] ] } },
{ "type": "Feature", "properties": { "orig_fid": "w411112406", "waterway": "ditch", "name": null }, "geometry": { "type": "LineString", "coordinates": [ [ 26.8163559, 58.5486843 ], [ 26.8170211, 58.5479587 ] ] } },
{ "type": "Feature", "properties": { "orig_fid": "w411112407", "waterway": "ditch", "name": null }, "geometry": { "type": "LineString", "coordinates": [ [ 26.8170211, 58.5479587 ], [ 26.817208, 58.5477504 ], [ 26.8172713, 58.5476876 ], [ 26.8173632, 58.5475769 ], [ 26.8174139, 58.5475008 ], [ 26.8174962, 58.5474298 ], [ 26.8175279, 58.5473951 ], [ 26.8175437, 58.5473504 ], [ 26.8175881, 58.547281 ], [ 26.8176071, 58.547238 ], [ 26.8176103, 58.5471703 ] ] } },
{ "type": "Feature", "properties": { "orig_fid": "w411112408", "waterway": "ditch", "name": null }, "geometry": { "type": "LineString", "coordinates": [ [ 26.8176103, 58.5471703 ], [ 26.8176134, 58.5471322 ], [ 26.8176641, 58.5470496 ], [ 26.8177243, 58.546924 ], [ 26.8177623, 58.5468347 ], [ 26.8177972, 58.5467703 ], [ 26.817851, 58.5466628 ], [ 26.8178668, 58.5465901 ], [ 26.8179207, 58.5464893 ], [ 26.8179619, 58.5464215 ] ] } },
{ "type": "Feature", "properties": { "orig_fid": "w411112409", "waterway": "ditch", "name": null }, "geometry": { "type": "LineString", "coordinates": [ [ 26.8179619, 58.5464215 ], [ 26.8180347, 58.5463041 ], [ 26.8180537, 58.5462446 ], [ 26.8180696, 58.5461868 ], [ 26.8181456, 58.5460347 ], [ 26.8181678, 58.5459818 ], [ 26.8182089, 58.5458909 ], [ 26.8182533, 58.5458099 ], [ 26.8184212, 58.5454595 ] ] } },
{ "type": "Feature", "properties": { "orig_fid": "w411112410", "waterway": "ditch", "name": null }, "geometry": { "type": "LineString", "coordinates": [ [ 26.8184719, 58.5453636 ], [ 26.8185162, 58.545281 ], [ 26.8185606, 58.5451669 ], [ 26.8186017, 58.5450727 ], [ 26.8186619, 58.5449867 ], [ 26.8187633, 58.5448743 ], [ 26.818833, 58.5447719 ], [ 26.8189375, 58.5446247 ] ] } },
{ "type": "Feature", "properties": { "orig_fid": "w411112411", "waterway": "ditch", "name": null }, "geometry": { "type": "LineString", "coordinates": [ [ 26.8189375, 58.5446247 ], [ 26.8191434, 58.5443222 ], [ 26.8191592, 58.5442842 ], [ 26.8191434, 58.5439768 ], [ 26.8191434, 58.5438329 ], [ 26.8191719, 58.5434494 ], [ 26.8191719, 58.5433998 ], [ 26.8191529, 58.5433139 ], [ 26.8191434, 58.5432378 ], [ 26.8191561, 58.5431155 ], [ 26.8191656, 58.5430692 ], [ 26.8191592, 58.5429866 ], [ 26.8191719, 58.5428824 ], [ 26.8191624, 58.5428014 ], [ 26.8191814, 58.5426361 ], [ 26.8191688, 58.5426064 ], [ 26.8191878, 58.5424609 ], [ 26.8192004, 58.5419815 ], [ 26.8191719, 58.5416343 ], [ 26.8191529, 58.5415236 ], [ 26.8191244, 58.5413682 ] ] } },
{ "type": "Feature", "properties": { "orig_fid": "w411112412", "waterway": "ditch", "name": null }, "geometry": { "type": "LineString", "coordinates": [ [ 26.8184212, 58.5454595 ], [ 26.8184719, 58.5453636 ] ] } },
{ "type": "Feature", "properties": { "orig_fid": "w411112413", "waterway": "ditch", "name": null }, "geometry": { "type": "LineString", "coordinates": [ [ 26.8100585, 58.5543595 ], [ 26.8101187, 58.554267 ] ] } },
{ "type": "Feature", "properties": { "orig_fid": "w422242620", "waterway": "stream", "name": "Vara oja" }, "geometry": { "type": "LineString", "coordinates": [ [ 26.9368803, 58.4740556 ], [ 26.9378647, 58.476286 ], [ 26.9386114, 58.4773311 ], [ 26.938886, 58.4779474 ], [ 26.9389094, 58.4780962 ], [ 26.9388458, 58.4782379 ], [ 26.9386984, 58.4783867 ], [ 26.9384976, 58.4785268 ], [ 26.938012, 58.4786861 ], [ 26.9365823, 58.4792795 ], [ 26.9361839, 58.4794126 ], [ 26.9355577, 58.4796559 ], [ 26.9354305, 58.4797329 ], [ 26.9352832, 58.47988 ], [ 26.9340108, 58.4808112 ], [ 26.9333009, 58.4812803 ] ] } },
{ "type": "Feature", "properties": { "orig_fid": "w422242621", "waterway": "stream", "name": "Vara oja" }, "geometry": { "type": "LineString", "coordinates": [ [ 26.9333009, 58.4812803 ], [ 26.9331536, 58.4814169 ] ] } },
{ "type": "Feature", "properties": { "orig_fid": "w422242622", "waterway": "stream", "name": "Vara oja" }, "geometry": { "type": "LineString", "coordinates": [ [ 26.9076795, 58.4857174 ], [ 26.9074652, 58.4857384 ] ] } },
{ "type": "Feature", "properties": { "orig_fid": "w422242623", "waterway": "stream", "name": "Vara oja" }, "geometry": { "type": "LineString", "coordinates": [ [ 26.9331536, 58.4814169 ], [ 26.9330867, 58.4814921 ], [ 26.9326949, 58.4824128 ], [ 26.9326447, 58.4824548 ], [ 26.9306759, 58.483148 ], [ 26.9288075, 58.4838026 ], [ 26.9278733, 58.4840984 ], [ 26.9277862, 58.4841562 ], [ 26.9275418, 58.4841824 ], [ 26.9269023, 58.4841299 ], [ 26.9266076, 58.4841614 ], [ 26.9238386, 58.4843609 ], [ 26.9223586, 58.484445 ], [ 26.9222481, 58.4844362 ], [ 26.9221611, 58.4843872 ], [ 26.9211666, 58.4840774 ], [ 26.9206945, 58.4839356 ], [ 26.9203764, 58.4838114 ], [ 26.9196498, 58.4833283 ], [ 26.9193485, 58.4831427 ], [ 26.9190572, 58.483029 ], [ 26.9185583, 58.4828924 ], [ 26.9182603, 58.4828504 ], [ 26.9170348, 58.4827594 ], [ 26.9159164, 58.4828679 ], [ 26.9157557, 58.4829169 ], [ 26.9156452, 58.4830395 ], [ 26.9155515, 58.4831305 ], [ 26.9152066, 58.4833948 ], [ 26.9150392, 58.483491 ], [ 26.9149019, 58.4836696 ], [ 26.9142824, 58.4841964 ], [ 26.9140112, 58.4843925 ], [ 26.9135391, 58.4846725 ], [ 26.9132612, 58.4848493 ], [ 26.9131306, 58.4849228 ], [ 26.9130201, 58.4849648 ], [ 26.9108805, 58.4852553 ], [ 26.9091394, 58.4855266 ], [ 26.9083626, 58.4856701 ], [ 26.9080847, 58.4857086 ], [ 26.9076795, 58.4857174 ] ] } },
{ "type": "Feature", "properties": { "orig_fid": "w422242908", "waterway": "stream", "name": "Vara oja" }, "geometry": { "type": "LineString", "coordinates": [ [ 26.8718825, 58.508844 ], [ 26.8716214, 58.508879 ] ] } },
{ "type": "Feature", "properties": { "orig_fid": "w422242912", "waterway": "stream", "name": "Vara oja" }, "geometry": { "type": "LineString", "coordinates": [ [ 26.8589446, 58.5135644 ], [ 26.8589279, 58.5136221 ], [ 26.8586734, 58.5137953 ], [ 26.8584089, 58.5139859 ], [ 26.8582348, 58.5140733 ], [ 26.8580272, 58.5141538 ], [ 26.8575718, 58.5142325 ], [ 26.857401, 58.5142587 ], [ 26.8571231, 58.5142762 ], [ 26.8569624, 58.5142884 ], [ 26.8566142, 58.5142464 ], [ 26.8564501, 58.5142604 ], [ 26.856199, 58.5143286 ], [ 26.8559211, 58.5143846 ], [ 26.8555929, 58.5144021 ], [ 26.8548362, 58.5144598 ], [ 26.8541833, 58.5145035 ], [ 26.8534132, 58.5146119 ], [ 26.8525158, 58.5147448 ], [ 26.8520738, 58.5148463 ], [ 26.8517424, 58.5149232 ], [ 26.8511129, 58.5150421 ], [ 26.8508149, 58.5150684 ], [ 26.8502323, 58.5151838 ], [ 26.8499845, 58.5152362 ], [ 26.8498338, 58.5153219 ], [ 26.8497233, 58.5153814 ], [ 26.8496061, 58.5153971 ] ] } },
{ "type": "Feature", "properties": { "orig_fid": "w422243279", "waterway": "stream", "name": "Vara oja" }, "geometry": { "type": "LineString", "coordinates": [ [ 26.8590852, 58.513463 ], [ 26.8589446, 58.5135644 ] ] } },
{ "type": "Feature", "properties": { "orig_fid": "w422243281", "waterway": "stream", "name": "Vara oja" }, "geometry": { "type": "LineString", "coordinates": [ [ 26.8496061, 58.5153971 ], [ 26.849432, 58.5153849 ] ] } },
{ "type": "Feature", "properties": { "orig_fid": "w422243282", "waterway": "stream", "name": "Vara oja" }, "geometry": { "type": "LineString", "coordinates": [ [ 26.849432, 58.5153849 ], [ 26.8492713, 58.5153849 ], [ 26.8486418, 58.5153114 ], [ 26.8473929, 58.5151051 ], [ 26.8467165, 58.5151121 ], [ 26.846154, 58.5150859 ], [ 26.8451495, 58.5150859 ], [ 26.8442588, 58.5150631 ], [ 26.843847, 58.5150596 ], [ 26.8434753, 58.5149599 ], [ 26.8433414, 58.5148113 ], [ 26.8433012, 58.5146976 ], [ 26.8432342, 58.5146224 ], [ 26.8429162, 58.5145035 ], [ 26.8424842, 58.5142447 ], [ 26.8424943, 58.5141835 ], [ 26.8424708, 58.5141468 ], [ 26.8420322, 58.5140243 ], [ 26.8419418, 58.5139701 ], [ 26.8419317, 58.5139037 ], [ 26.8419451, 58.5138512 ], [ 26.8419117, 58.513811 ], [ 26.8418112, 58.513783 ], [ 26.8416371, 58.5137848 ], [ 26.8411851, 58.5135679 ], [ 26.8408449, 58.5130848 ] ] } },
{ "type": "Feature", "properties": { "orig_fid": "w422243285", "waterway": "stream", "name": "Vara oja" }, "geometry": { "type": "LineString", "coordinates": [ [ 26.8716214, 58.508879 ], [ 26.8708077, 58.5089367 ], [ 26.8704662, 58.5090294 ], [ 26.8703122, 58.5091134 ], [ 26.8702117, 58.5092253 ], [ 26.8692072, 58.5101331 ], [ 26.8689662, 58.5103797 ], [ 26.868417, 58.5108974 ], [ 26.8683768, 58.5110145 ], [ 26.8683166, 58.5111002 ], [ 26.8682094, 58.511137 ], [ 26.8680454, 58.511137 ], [ 26.8677976, 58.5112017 ], [ 26.867513, 58.5112419 ], [ 26.8672451, 58.5112349 ], [ 26.8669572, 58.5111772 ], [ 26.8668065, 58.5111335 ], [ 26.8661636, 58.5110792 ], [ 26.8658053, 58.511123 ], [ 26.8655408, 58.5111405 ], [ 26.8653734, 58.5111177 ], [ 26.8651156, 58.511067 ], [ 26.8648778, 58.5110408 ], [ 26.8646535, 58.5110653 ], [ 26.8634046, 58.5113661 ], [ 26.8632305, 58.5113923 ], [ 26.8629559, 58.5113976 ], [ 26.8627316, 58.5114255 ], [ 26.8624135, 58.5115095 ], [ 26.8620586, 58.5116581 ], [ 26.8618007, 58.5118155 ], [ 26.8614023, 58.5120884 ], [ 26.8611779, 58.512265 ], [ 26.8608766, 58.5123752 ], [ 26.8607226, 58.5125169 ], [ 26.8604413, 58.5126358 ], [ 26.8599491, 58.5128316 ], [ 26.859852, 58.5129681 ], [ 26.8595607, 58.5131115 ], [ 26.8593565, 58.5132724 ], [ 26.8590852, 58.513463 ] ] } },
{ "type": "Feature", "properties": { "orig_fid": "w422808075", "waterway": "stream", "name": "Vara oja" }, "geometry": { "type": "LineString", "coordinates": [ [ 26.8795268, 58.5043504 ], [ 26.8792891, 58.5044939 ] ] } },
{ "type": "Feature", "properties": { "orig_fid": "w422808076", "waterway": "stream", "name": "Vara oja" }, "geometry": { "type": "LineString", "coordinates": [ [ 26.8792891, 58.5044939 ], [ 26.8790547, 58.5046041 ], [ 26.8780837, 58.5049557 ], [ 26.8778124, 58.5053178 ], [ 26.8777153, 58.5054367 ], [ 26.8775881, 58.5055154 ], [ 26.8772633, 58.5056798 ], [ 26.8768481, 58.5059667 ], [ 26.8762588, 58.5064163 ], [ 26.8758403, 58.5067853 ], [ 26.8755724, 58.5071212 ], [ 26.8753347, 58.507492 ], [ 26.8752242, 58.5075969 ], [ 26.8745244, 58.5080727 ], [ 26.8742666, 58.5081759 ], [ 26.874146, 58.5082598 ], [ 26.8737342, 58.508496 ], [ 26.8733893, 58.5086166 ], [ 26.8731147, 58.5086761 ], [ 26.8725087, 58.5087706 ], [ 26.8718825, 58.508844 ] ] } },
{ "type": "Feature", "properties": { "orig_fid": "w437343579", "waterway": "stream", "name": "Koosa oja" }, "geometry": { "type": "LineString", "coordinates": [ [ 27.0954088, 58.519313 ], [ 27.0957045, 58.5191852 ], [ 27.0961888, 58.5190334 ], [ 27.0966349, 58.5189169 ], [ 27.0967547, 58.5188544 ], [ 27.0968567, 58.5188424 ], [ 27.0971626, 58.5187306 ], [ 27.0978865, 58.5184963 ], [ 27.0988272, 58.5181861 ], [ 27.1004918, 58.5176815 ], [ 27.1005733, 58.517615 ], [ 27.1006345, 58.5176256 ], [ 27.1008894, 58.5175537 ], [ 27.1009965, 58.5174978 ], [ 27.1011291, 58.5174845 ], [ 27.1012973, 58.5173927 ], [ 27.1014197, 58.5173647 ], [ 27.101593, 58.5172622 ], [ 27.1016479, 58.5172697 ] ] } },
{ "type": "Feature", "properties": { "orig_fid": "w437343580", "waterway": "stream", "name": "Koosa oja" }, "geometry": { "type": "LineString", "coordinates": [ [ 27.0951997, 58.5193822 ], [ 27.0954088, 58.519313 ] ] } },
{ "type": "Feature", "properties": { "orig_fid": "w437343581", "waterway": "stream", "name": "Koosa oja" }, "geometry": { "type": "LineString", "coordinates": [ [ 27.0924454, 58.5208917 ], [ 27.0925601, 58.5208052 ] ] } },
{ "type": "Feature", "properties": { "orig_fid": "w437343582", "waterway": "stream", "name": "Koosa oja" }, "geometry": { "type": "LineString", "coordinates": [ [ 27.0783098, 58.5259522 ], [ 27.0785041, 58.5259443 ] ] } },
{ "type": "Feature", "properties": { "orig_fid": "w437343583", "waterway": "stream", "name": null }, "geometry": { "type": "LineString", "coordinates": [ [ 27.0737111, 58.5245978 ], [ 27.0742391, 58.5247531 ], [ 27.078109, 58.5258583 ], [ 27.0783098, 58.5259522 ] ] } },
{ "type": "Feature", "properties": { "orig_fid": "w437343584", "waterway": "stream", "name": "Koosa oja" }, "geometry": { "type": "LineString", "coordinates": [ [ 27.0925601, 58.5208052 ], [ 27.0932637, 58.5202954 ], [ 27.0933274, 58.5202235 ], [ 27.0934548, 58.5201529 ], [ 27.0936868, 58.5200717 ], [ 27.0941903, 58.5198241 ], [ 27.0947358, 58.5196005 ], [ 27.0951997, 58.5193822 ] ] } },
{ "type": "Feature", "properties": { "orig_fid": "w440389561", "waterway": "ditch", "name": null }, "geometry": { "type": "LineString", "coordinates": [ [ 27.1910536, 58.618086 ], [ 27.1922568, 58.6184641 ], [ 27.1923384, 58.6183679 ], [ 27.1924459, 58.6182404 ], [ 27.1925619, 58.6180591 ], [ 27.1927983, 58.6177055 ] ] } },
{ "type": "Feature", "properties": { "orig_fid": "w440389562", "waterway": "ditch", "name": null }, "geometry": { "type": "LineString", "coordinates": [ [ 27.1927983, 58.6177055 ], [ 27.1932366, 58.6170834 ] ] } },
{ "type": "Feature", "properties": { "orig_fid": "w440389563", "waterway": "ditch", "name": null }, "geometry": { "type": "LineString", "coordinates": [ [ 27.1932366, 58.6170834 ], [ 27.1940824, 58.6158413 ], [ 27.1945708, 58.6151373 ], [ 27.195307, 58.614083 ], [ 27.1953919, 58.6139687 ], [ 27.195491, 58.6138765 ], [ 27.1957105, 58.6136848 ], [ 27.1962272, 58.6132756 ], [ 27.1972865, 58.6124416 ], [ 27.1977349, 58.6120885 ], [ 27.1983861, 58.611624 ], [ 27.1993417, 58.6109125 ], [ 27.1996744, 58.6106802 ], [ 27.1998089, 58.610577 ], [ 27.1999221, 58.6105254 ] ] } },
{ "type": "Feature", "properties": { "orig_fid": "w440389564", "waterway": "ditch", "name": null }, "geometry": { "type": "LineString", "coordinates": [ [ 27.192865, 58.6118895 ], [ 27.1950593, 58.6121512 ], [ 27.1972865, 58.6124416 ] ] } },
{ "type": "Feature", "properties": { "orig_fid": "w440389565", "waterway": "ditch", "name": null }, "geometry": { "type": "LineString", "coordinates": [ [ 27.1872659, 58.616855 ], [ 27.1882942, 58.6171892 ], [ 27.1910536, 58.618086 ] ] } },
{ "type": "Feature", "properties": { "orig_fid": "w440389566", "waterway": "ditch", "name": null }, "geometry": { "type": "LineString", "coordinates": [ [ 27.1872659, 58.616855 ], [ 27.183748, 58.6157197 ] ] } },
{ "type": "Feature", "properties": { "orig_fid": "w440389567", "waterway": "ditch", "name": null }, "geometry": { "type": "LineString", "coordinates": [ [ 27.183748, 58.6157197 ], [ 27.1831109, 58.6155133 ], [ 27.1826862, 58.6153842 ], [ 27.1819642, 58.6151446 ], [ 27.1810016, 58.6148276 ], [ 27.1797628, 58.6144295 ] ] } },
{ "type": "Feature", "properties": { "orig_fid": "w440389568", "waterway": "ditch", "name": null }, "geometry": { "type": "LineString", "coordinates": [ [ 27.1797628, 58.6144295 ], [ 27.1764572, 58.6133493 ] ] } },
{ "type": "Feature", "properties": { "orig_fid": "w440389569", "waterway": "ditch", "name": null }, "geometry": { "type": "LineString", "coordinates": [ [ 27.1764572, 58.6133493 ], [ 27.1759703, 58.613186 ], [ 27.1759403, 58.6131501 ], [ 27.1759231, 58.6130382 ], [ 27.1756266, 58.6112656 ], [ 27.1754891, 58.6105158 ] ] } },
{ "type": "Feature", "properties": { "orig_fid": "w440389570", "waterway": "ditch", "name": null }, "geometry": { "type": "LineString", "coordinates": [ [ 27.1874889, 58.6183511 ], [ 27.187923, 58.6177312 ], [ 27.1880562, 58.6175343 ], [ 27.1882942, 58.6171892 ] ] } },
{ "type": "Feature", "properties": { "orig_fid": "w440389571", "waterway": "ditch", "name": null }, "geometry": { "type": "LineString", "coordinates": [ [ 27.1922568, 58.6184641 ], [ 27.1921472, 58.6185614 ], [ 27.1917905, 58.6188658 ], [ 27.1914252, 58.6191813 ], [ 27.1911717, 58.619414 ], [ 27.1912834, 58.6194498 ], [ 27.1913565, 58.6195304 ], [ 27.191378, 58.6196244 ], [ 27.1913951, 58.6196825 ], [ 27.1914725, 58.6197899 ], [ 27.1915541, 58.619866 ], [ 27.1917764, 58.6199539 ] ] } },
{ "type": "Feature", "properties": { "orig_fid": "w440389572", "waterway": "ditch", "name": null }, "geometry": { "type": "LineString", "coordinates": [ [ 27.1911373, 58.6194319 ], [ 27.1905013, 58.61996 ] ] } },
{ "type": "Feature", "properties": { "orig_fid": "w440389573", "waterway": "ditch", "name": null }, "geometry": { "type": "LineString", "coordinates": [ [ 27.1911373, 58.6194319 ], [ 27.1911717, 58.619414 ] ] } },
{ "type": "Feature", "properties": { "orig_fid": "w440389574", "waterway": "ditch", "name": null }, "geometry": { "type": "LineString", "coordinates": [ [ 27.1905013, 58.61996 ], [ 27.189671, 58.6207022 ], [ 27.189341, 58.6210543 ], [ 27.1893187, 58.6210781 ] ] } },
{ "type": "Feature", "properties": { "orig_fid": "w440389577", "waterway": "ditch", "name": null }, "geometry": { "type": "LineString", "coordinates": [ [ 27.1829808, 58.6212064 ], [ 27.18375, 58.6210184 ], [ 27.1858428, 58.6205239 ], [ 27.1860061, 58.6204904 ], [ 27.1861135, 58.6204837 ], [ 27.1862167, 58.6204926 ], [ 27.187927, 58.620882 ], [ 27.1883352, 58.6209692 ], [ 27.1892291, 58.6211728 ], [ 27.1889154, 58.6214145 ], [ 27.1882966, 58.6218956 ], [ 27.1879624, 58.6221651 ], [ 27.18795, 58.6221751 ], [ 27.1878304, 58.6222509 ], [ 27.1877932, 58.6222556 ], [ 27.1877779, 58.6222688 ] ] } },
{ "type": "Feature", "properties": { "orig_fid": "w440389578", "waterway": "ditch", "name": null }, "geometry": { "type": "LineString", "coordinates": [ [ 27.1865776, 58.6204523 ], [ 27.189341, 58.6210543 ] ] } },
{ "type": "Feature", "properties": { "orig_fid": "w440389579", "waterway": "ditch", "name": null }, "geometry": { "type": "LineString", "coordinates": [ [ 27.1865776, 58.6204523 ], [ 27.1863065, 58.6203886 ] ] } },
{ "type": "Feature", "properties": { "orig_fid": "w440389580", "waterway": "ditch", "name": null }, "geometry": { "type": "LineString", "coordinates": [ [ 27.1860117, 58.6203777 ], [ 27.1860978, 58.6203614 ], [ 27.1861265, 58.620341 ], [ 27.186403, 58.6199335 ], [ 27.1867396, 58.6194444 ], [ 27.1870944, 58.6189282 ], [ 27.1873553, 58.61856 ], [ 27.1874283, 58.6184446 ], [ 27.1874889, 58.6183511 ] ] } },
{ "type": "Feature", "properties": { "orig_fid": "w444775826", "waterway": "river", "name": null }, "geometry": { "type": "LineString", "coordinates": [ [ 26.9794741, 58.7809673 ], [ 26.9800056, 58.7811952 ], [ 26.9804619, 58.7814514 ], [ 26.9808325, 58.7817174 ], [ 26.9816784, 58.7823923 ], [ 26.9825529, 58.7834957 ], [ 26.982819, 58.7845597 ], [ 26.9829711, 58.7871605 ], [ 26.982857, 58.7893867 ], [ 26.9824768, 58.7914158 ], [ 26.9824768, 58.7930508 ], [ 26.982743, 58.7950009 ], [ 26.9829711, 58.7967934 ], [ 26.9833893, 58.7981524 ], [ 26.984758, 58.8013823 ], [ 26.9874953, 58.8061085 ], [ 26.989016, 58.809889 ], [ 26.9926658, 58.815559 ], [ 26.997228, 58.8211493 ], [ 27.001334, 58.8257941 ], [ 27.0045276, 58.8300447 ], [ 27.0090898, 58.8350818 ], [ 27.0131958, 58.8386231 ], [ 27.0163894, 58.8416132 ], [ 27.0207995, 58.8449964 ], [ 27.0261221, 58.8488514 ], [ 27.0309885, 58.8518406 ], [ 27.0353986, 58.8546723 ], [ 27.0396567, 58.8572678 ], [ 27.0452834, 58.8598631 ], [ 27.0490853, 58.8612786 ], [ 27.0569931, 58.8646599 ], [ 27.0647489, 58.8683554 ], [ 27.0743296, 58.8733083 ], [ 27.0851269, 58.8779461 ], [ 27.0898412, 58.8808543 ], [ 27.0945554, 58.8828191 ], [ 27.1009426, 58.8857268 ], [ 27.110067, 58.8902058 ], [ 27.118279, 58.8931129 ], [ 27.1296846, 58.8969624 ], [ 27.1382007, 58.8997119 ], [ 27.1497583, 58.9030894 ], [ 27.1590349, 58.9063881 ], [ 27.1713529, 58.9103148 ], [ 27.1768275, 58.9129061 ], [ 27.1879289, 58.9178526 ], [ 27.2025281, 58.9236619 ], [ 27.212717, 58.9274296 ], [ 27.2226018, 58.930726 ], [ 27.2335512, 58.9338651 ], [ 27.2445005, 58.9370039 ], [ 27.25986, 58.9405348 ], [ 27.2773485, 58.9438299 ], [ 27.2943808, 58.9468894 ], [ 27.3066988, 58.9483798 ], [ 27.3188647, 58.950027 ], [ 27.3343763, 58.9515173 ], [ 27.3472014, 58.9526733 ], [ 27.3500399, 58.9529291 ], [ 27.3615976, 58.9539487 ], [ 27.3766529, 58.954733 ], [ 27.3892751, 58.9559878 ], [ 27.3996161, 58.9570857 ], [ 27.4093488, 58.9587325 ], [ 27.4209065, 58.9602224 ], [ 27.4313996, 58.961477 ], [ 27.4443259, 58.9632804 ], [ 27.4543628, 58.9650054 ], [ 27.4654642, 58.9665734 ], [ 27.4730679, 58.967279 ], [ 27.483561, 58.9683766 ], [ 27.4954228, 58.9688469 ], [ 27.5043951, 58.9694741 ], [ 27.5162569, 58.9696309 ], [ 27.5231003, 58.970258 ], [ 27.5342017, 58.9703364 ], [ 27.5365688, 58.9704164 ], [ 27.5434782, 58.97065 ], [ 27.5527547, 58.9701012 ], [ 27.5679621, 58.9692389 ], [ 27.5766303, 58.9689253 ], [ 27.5869714, 58.9683766 ], [ 27.5974795, 58.9676837 ], [ 27.6000498, 58.9675142 ], [ 27.6070452, 58.9675142 ], [ 27.614953, 58.9670438 ], [ 27.6214922, 58.9669654 ], [ 27.6332019, 58.9664166 ], [ 27.6433909, 58.9664166 ], [ 27.6567734, 58.9664166 ], [ 27.6633846, 58.9670284 ], [ 27.6686352, 58.9675142 ], [ 27.6803449, 58.9688469 ], [ 27.6914463, 58.9703364 ], [ 27.7029133, 58.9728084 ] ] } },
{ "type": "Feature", "properties": { "orig_fid": "w484501631", "waterway": "river", "name": null }, "geometry": { "type": "LineString", "coordinates": [ [ 27.1793833, 58.6340689 ], [ 27.1796159, 58.6340878 ], [ 27.1798053, 58.6341051 ], [ 27.1808897, 58.6342887 ], [ 27.1819125, 58.6345352 ], [ 27.1830489, 58.6349197 ], [ 27.1847157, 58.6354224 ], [ 27.1861552, 58.6359055 ], [ 27.1875947, 58.6363984 ], [ 27.1885417, 58.6367336 ], [ 27.1896213, 58.6370687 ], [ 27.1914775, 58.6377588 ], [ 27.1936747, 58.6384882 ], [ 27.196137, 58.6392177 ], [ 27.1985992, 58.6401442 ], [ 27.2013267, 58.6409525 ], [ 27.2034102, 58.6415833 ], [ 27.2057588, 58.6422733 ], [ 27.2075014, 58.6428055 ], [ 27.2090167, 58.6432983 ], [ 27.2121987, 58.6444022 ], [ 27.2156459, 58.645644 ], [ 27.2186385, 58.6467675 ], [ 27.2209872, 58.6476742 ], [ 27.2231843, 58.6484625 ], [ 27.2251542, 58.6493692 ], [ 27.2278059, 58.6504925 ], [ 27.2295105, 58.6512611 ], [ 27.2325789, 58.6524042 ], [ 27.2356852, 58.6537639 ], [ 27.2384127, 58.654966 ], [ 27.2412538, 58.6561286 ], [ 27.2441328, 58.657567 ], [ 27.2465951, 58.658631 ], [ 27.248868, 58.6598723 ], [ 27.2525803, 58.6614091 ], [ 27.2557624, 58.6629852 ], [ 27.2581489, 58.664187 ], [ 27.2610658, 58.6655069 ], [ 27.2628083, 58.6665707 ], [ 27.2646645, 58.667595 ], [ 27.2678087, 58.6690723 ], [ 27.2711044, 58.6705693 ], [ 27.2742864, 58.6721056 ], [ 27.2763699, 58.6731101 ], [ 27.2797792, 58.6746069 ], [ 27.2822037, 58.6762415 ], [ 27.2850827, 58.6776791 ], [ 27.2892875, 58.6796877 ], [ 27.2929999, 58.6812237 ], [ 27.2964471, 58.6827989 ], [ 27.2994397, 58.684315 ], [ 27.3015232, 58.6854963 ], [ 27.3055765, 58.6875044 ], [ 27.309895, 58.6895715 ], [ 27.3130771, 58.6913826 ], [ 27.3178122, 58.6939612 ], [ 27.3206155, 58.6956146 ], [ 27.3242142, 58.6971302 ], [ 27.3286464, 58.6992164 ], [ 27.3326618, 58.7014008 ], [ 27.3347453, 58.7029161 ], [ 27.3372454, 58.7045297 ], [ 27.3389501, 58.705612 ], [ 27.3406169, 58.7068516 ], [ 27.3442914, 58.7087208 ], [ 27.3490266, 58.7108457 ], [ 27.3524738, 58.7127933 ], [ 27.3561104, 58.7146819 ], [ 27.3588758, 58.7158228 ], [ 27.3620578, 58.7174948 ], [ 27.3652399, 58.7192061 ], [ 27.366793, 58.7205043 ], [ 27.3689901, 58.7223334 ], [ 27.3698993, 58.7238084 ], [ 27.3708072, 58.7251558 ] ] } },
{ "type": "Feature", "properties": { "orig_fid": "w497574812", "waterway": "drain", "name": null }, "geometry": { "type": "LineString", "coordinates": [ [ 26.9232016, 58.5663376 ], [ 26.9229704, 58.5663348 ], [ 26.9221085, 58.5663021 ], [ 26.9212627, 58.5662068 ], [ 26.9208936, 58.5661433 ], [ 26.9207359, 58.5660909 ], [ 26.9206427, 58.5660872 ], [ 26.9205424, 58.5660236 ], [ 26.9205065, 58.5659227 ], [ 26.9204348, 58.5658218 ], [ 26.9202772, 58.5657694 ], [ 26.9200765, 58.5656797 ], [ 26.9196177, 58.5655452 ], [ 26.9191303, 58.5652984 ], [ 26.9190013, 58.5652461 ], [ 26.9187863, 58.5652611 ], [ 26.9179261, 58.5649994 ], [ 26.9177326, 58.5649097 ], [ 26.9175606, 58.5648536 ], [ 26.9172452, 58.5646779 ], [ 26.9169227, 58.5645844 ], [ 26.9166575, 58.5644723 ], [ 26.9164066, 58.5644985 ], [ 26.9163349, 58.5643714 ] ] } },
{ "type": "Feature", "properties": { "orig_fid": "w497574814", "waterway": "drain", "name": null }, "geometry": { "type": "LineString", "coordinates": [ [ 26.9233879, 58.5663451 ], [ 26.9232016, 58.5663376 ] ] } },
{ "type": "Feature", "properties": { "orig_fid": "w497574816", "waterway": "drain", "name": null }, "geometry": { "type": "LineString", "coordinates": [ [ 26.923284, 58.5659937 ], [ 26.9233879, 58.5663451 ] ] } },
{ "type": "Feature", "properties": { "orig_fid": "w497574818", "waterway": "drain", "name": null }, "geometry": { "type": "LineString", "coordinates": [ [ 26.9258895, 58.5668572 ], [ 26.9236997, 58.5670553 ], [ 26.9236101, 58.5670422 ], [ 26.9233879, 58.5663451 ] ] } },
{ "type": "Feature", "properties": { "orig_fid": "w497575097", "waterway": "drain", "name": null }, "geometry": { "type": "LineString", "coordinates": [ [ 26.9138979, 58.5671039 ], [ 26.9103427, 58.5672684 ], [ 26.909561, 58.5673021 ] ] } },
{ "type": "Feature", "properties": { "orig_fid": "w497575098", "waterway": "drain", "name": null }, "geometry": { "type": "LineString", "coordinates": [ [ 26.9090669, 58.563276 ], [ 26.9096546, 58.5650592 ], [ 26.9099843, 58.5661358 ], [ 26.9103427, 58.5672684 ] ] } },
{ "type": "Feature", "properties": { "orig_fid": "w497575099", "waterway": "drain", "name": null }, "geometry": { "type": "LineString", "coordinates": [ [ 26.9161199, 58.5644013 ], [ 26.9132958, 58.5646704 ], [ 26.9102424, 58.5649732 ], [ 26.9097908, 58.5650106 ], [ 26.9096546, 58.5650592 ] ] } },
{ "type": "Feature", "properties": { "orig_fid": "w497575100", "waterway": "drain", "name": null }, "geometry": { "type": "LineString", "coordinates": [ [ 26.9163349, 58.5643714 ], [ 26.9161199, 58.5644013 ] ] } },
{ "type": "Feature", "properties": { "orig_fid": "w497575101", "waterway": "drain", "name": null }, "geometry": { "type": "LineString", "coordinates": [ [ 26.9210083, 58.5600459 ], [ 26.9208792, 58.5599899 ], [ 26.9162131, 58.5606067 ], [ 26.9157113, 58.5606591 ], [ 26.9153744, 58.5607787 ], [ 26.9152168, 58.5608834 ], [ 26.9152024, 58.5610404 ], [ 26.915611, 58.5622181 ], [ 26.9163349, 58.5643714 ] ] } },
{ "type": "Feature", "properties": { "orig_fid": "w497575102", "waterway": "drain", "name": null }, "geometry": { "type": "LineString", "coordinates": [ [ 26.9166288, 58.5651826 ], [ 26.9164066, 58.5644985 ] ] } },
{ "type": "Feature", "properties": { "orig_fid": "w522375115", "waterway": "drain", "name": null }, "geometry": { "type": "LineString", "coordinates": [ [ 27.0756903, 58.5605753 ], [ 27.0758405, 58.5605669 ] ] } },
{ "type": "Feature", "properties": { "orig_fid": "w522375116", "waterway": "drain", "name": null }, "geometry": { "type": "LineString", "coordinates": [ [ 27.0628989, 58.562478 ], [ 27.0631778, 58.5598758 ], [ 27.0636928, 58.5599709 ], [ 27.0644545, 58.5598982 ], [ 27.0652163, 58.5599486 ], [ 27.0662355, 58.560178 ], [ 27.067877, 58.5604914 ], [ 27.0686495, 58.5606033 ], [ 27.0693791, 58.5606089 ], [ 27.0698941, 58.5605362 ], [ 27.0707524, 58.5602452 ], [ 27.0723349, 58.5600829 ], [ 27.0729679, 58.560206 ], [ 27.0733541, 58.5603375 ], [ 27.0741266, 58.5604606 ], [ 27.0747972, 58.560539 ], [ 27.0751378, 58.5605865 ], [ 27.0753872, 58.5605949 ], [ 27.0756903, 58.5605753 ] ] } },
{ "type": "Feature", "properties": { "orig_fid": "w529433652", "waterway": "ditch", "name": null }, "geometry": { "type": "LineString", "coordinates": [ [ 26.8108712, 58.5923132 ], [ 26.8014401, 58.5920082 ], [ 26.80079, 58.5915104 ], [ 26.8007253, 58.5914912 ], [ 26.8006606, 58.5914879 ] ] } },
{ "type": "Feature", "properties": { "orig_fid": "w529433653", "waterway": "ditch", "name": null }, "geometry": { "type": "LineString", "coordinates": [ [ 26.8005744, 58.591952 ], [ 26.8006606, 58.5914879 ], [ 26.8011474, 58.5875844 ] ] } },
{ "type": "Feature", "properties": { "orig_fid": "w568680701", "waterway": "ditch", "name": null }, "geometry": { "type": "LineString", "coordinates": [ [ 27.1300949, 58.48724 ], [ 27.1299782, 58.4871986 ] ] } },
{ "type": "Feature", "properties": { "orig_fid": "w568680702", "waterway": "ditch", "name": null }, "geometry": { "type": "LineString", "coordinates": [ [ 27.1299782, 58.4871986 ], [ 27.1271094, 58.4859306 ], [ 27.1270122, 58.4859276 ], [ 27.1268766, 58.4859445 ], [ 27.1238143, 58.4864098 ], [ 27.1204946, 58.4868492 ] ] } },
{ "type": "Feature", "properties": { "orig_fid": "w568680703", "waterway": "ditch", "name": null }, "geometry": { "type": "LineString", "coordinates": [ [ 27.1353129, 58.4920791 ], [ 27.1337816, 58.4917929 ], [ 27.1336993, 58.4917478 ], [ 27.1335881, 58.4916725 ], [ 27.1314805, 58.4894264 ], [ 27.1314517, 58.4893403 ], [ 27.1314558, 58.4892435 ], [ 27.1315546, 58.4888003 ], [ 27.1315505, 58.4887422 ], [ 27.1315216, 58.4886819 ], [ 27.1305748, 58.4874275 ], [ 27.1300949, 58.48724 ] ] } },
{ "type": "Feature", "properties": { "orig_fid": "w573701355", "waterway": "stream", "name": "Vara oja" }, "geometry": { "type": "LineString", "coordinates": [ [ 26.9671992, 58.4563777 ], [ 26.9643205, 58.4585992 ], [ 26.9642567, 58.4586759 ], [ 26.9640909, 58.459403 ], [ 26.9637785, 58.4602668 ], [ 26.9637721, 58.4604502 ], [ 26.9639953, 58.4612007 ], [ 26.9637147, 58.4614475 ], [ 26.9634979, 58.4617543 ], [ 26.9634023, 58.461881 ], [ 26.9632812, 58.4622245 ], [ 26.96316, 58.4624213 ], [ 26.9629815, 58.4628315 ], [ 26.9625639, 58.4634693 ] ] } },
{ "type": "Feature", "properties": { "orig_fid": "w573701356", "waterway": "stream", "name": "Vara oja" }, "geometry": { "type": "LineString", "coordinates": [ [ 27.0004979, 58.4495241 ], [ 26.9960092, 58.450173 ], [ 26.9956617, 58.450173 ], [ 26.9952791, 58.450163 ], [ 26.9951133, 58.4501563 ], [ 26.9828109, 58.4483714 ], [ 26.9824155, 58.448338 ], [ 26.981982, 58.4483147 ], [ 26.9816632, 58.4483147 ], [ 26.98144, 58.4483547 ], [ 26.970502, 58.4509103 ], [ 26.9702214, 58.4510404 ], [ 26.9701067, 58.4510938 ], [ 26.9696667, 58.4514174 ], [ 26.9690993, 58.452615 ], [ 26.9690132, 58.4526817 ], [ 26.9689622, 58.4528685 ], [ 26.9674032, 58.4560709 ], [ 26.9673777, 58.4562376 ] ] } },
{ "type": "Feature", "properties": { "orig_fid": "w573701357", "waterway": "stream", "name": "Vara oja" }, "geometry": { "type": "LineString", "coordinates": [ [ 27.0015682, 58.4661638 ], [ 27.0011474, 58.4638595 ], [ 27.0013387, 58.4633859 ], [ 27.0015938, 58.4631825 ], [ 27.0017651, 58.4631658 ], [ 27.0018448, 58.4631333 ], [ 27.0019229, 58.4630691 ], [ 27.0018974, 58.4629932 ], [ 27.0017699, 58.4629265 ], [ 27.00173, 58.4628699 ], [ 27.0017508, 58.4628173 ], [ 27.0018161, 58.4627865 ], [ 27.0019261, 58.4627831 ], [ 27.0022672, 58.462819 ], [ 27.00239, 58.462764 ], [ 27.0083754, 58.4595097 ], [ 27.0085954, 58.459363 ], [ 27.0087867, 58.4592162 ], [ 27.0089014, 58.4590628 ], [ 27.0089923, 58.458851 ], [ 27.0044494, 58.4499311 ], [ 27.0042836, 58.4497676 ], [ 27.0041274, 58.4496609 ], [ 27.0039043, 58.4495541 ], [ 27.0036173, 58.449434 ], [ 27.0032475, 58.4493339 ], [ 27.0027885, 58.4492805 ], [ 27.002527, 58.4492705 ], [ 27.0007115, 58.4494924 ] ] } },
{ "type": "Feature", "properties": { "orig_fid": "w573701358", "waterway": "stream", "name": "Vara oja" }, "geometry": { "type": "LineString", "coordinates": [ [ 26.9512106, 58.4705686 ], [ 26.9487367, 58.4705478 ], [ 26.9480035, 58.4704844 ], [ 26.9471746, 58.4703411 ], [ 26.94669, 58.4702911 ], [ 26.945944, 58.470181 ], [ 26.9457464, 58.4701944 ], [ 26.9455487, 58.4702377 ], [ 26.9454786, 58.4702844 ], [ 26.9453574, 58.4703844 ], [ 26.9442671, 58.4709279 ], [ 26.9426413, 58.4714647 ], [ 26.9423225, 58.4715747 ], [ 26.9419208, 58.4717948 ], [ 26.9416211, 58.4719581 ], [ 26.9414489, 58.4720182 ], [ 26.941162, 58.4720815 ], [ 26.9408751, 58.4721615 ], [ 26.9404288, 58.4723516 ], [ 26.9402439, 58.4724449 ], [ 26.9401164, 58.4724983 ], [ 26.940008, 58.4725183 ], [ 26.939721, 58.4725583 ], [ 26.9390643, 58.4727083 ], [ 26.9383821, 58.4728784 ], [ 26.9378593, 58.4729984 ], [ 26.9376106, 58.4731217 ], [ 26.9371579, 58.4733251 ], [ 26.9369921, 58.4734218 ], [ 26.9368263, 58.4735552 ], [ 26.9367435, 58.4736385 ], [ 26.9367371, 58.4737552 ], [ 26.9368248, 58.4739426 ] ] } },
{ "type": "Feature", "properties": { "orig_fid": "w573701359", "waterway": "ditch", "name": null }, "geometry": { "type": "LineString", "coordinates": [ [ 27.0045634, 58.4970475 ], [ 27.0120902, 58.4886073 ], [ 27.0120329, 58.4874708 ], [ 27.0118974, 58.4856862 ], [ 27.0119675, 58.4855562 ], [ 27.0122672, 58.4854429 ], [ 27.0124393, 58.4853862 ], [ 27.0191341, 58.4841864 ], [ 27.0192967, 58.484123 ], [ 27.0194306, 58.4840231 ], [ 27.0195709, 58.4838564 ], [ 27.0204125, 58.4826399 ], [ 27.0204269, 58.4825982 ], [ 27.0203982, 58.4825499 ], [ 27.0203344, 58.4824965 ], [ 27.0177936, 58.4811849 ], [ 27.017631, 58.4812116 ], [ 27.0174971, 58.4811249 ], [ 27.0173951, 58.4810816 ], [ 27.0172102, 58.4810783 ], [ 27.0170954, 58.4810083 ], [ 27.0168212, 58.4809449 ], [ 27.0167575, 58.4808449 ], [ 27.0098841, 58.4775915 ], [ 27.0097821, 58.4775548 ], [ 27.009559, 58.4775382 ], [ 27.0085133, 58.4777882 ], [ 27.0083539, 58.4778182 ], [ 27.008169, 58.4778182 ], [ 27.0062753, 58.4774548 ], [ 27.0062116, 58.4765914 ], [ 27.0072827, 58.4757547 ], [ 27.00515, 58.4726908 ], [ 27.00471, 58.4708504 ] ] } },
{ "type": "Feature", "properties": { "orig_fid": "w573701369", "waterway": "stream", "name": null }, "geometry": { "type": "LineString", "coordinates": [ [ 26.9368248, 58.4739426 ], [ 26.9368803, 58.4740556 ] ] } },
{ "type": "Feature", "properties": { "orig_fid": "w573701373", "waterway": "stream", "name": null }, "geometry": { "type": "LineString", "coordinates": [ [ 27.0007115, 58.4494924 ], [ 27.0004979, 58.4495241 ] ] } },
{ "type": "Feature", "properties": { "orig_fid": "w573701375", "waterway": "stream", "name": null }, "geometry": { "type": "LineString", "coordinates": [ [ 26.9514242, 58.4705686 ], [ 26.9512106, 58.4705686 ] ] } },
{ "type": "Feature", "properties": { "orig_fid": "w573701379", "waterway": "stream", "name": null }, "geometry": { "type": "LineString", "coordinates": [ [ 27.0015906, 58.4662689 ], [ 27.0015682, 58.4661638 ] ] } },
{ "type": "Feature", "properties": { "orig_fid": "w573701382", "waterway": "stream", "name": null }, "geometry": { "type": "LineString", "coordinates": [ [ 26.9673777, 58.4562376 ], [ 26.9671992, 58.4563777 ] ] } },
{ "type": "Feature", "properties": { "orig_fid": "w657613053", "waterway": "stream", "name": null }, "geometry": { "type": "LineString", "coordinates": [ [ 27.1630399, 58.6690946 ], [ 27.1636606, 58.6689218 ] ] } },
{ "type": "Feature", "properties": { "orig_fid": "w657613054", "waterway": "stream", "name": "Torila oja" }, "geometry": { "type": "LineString", "coordinates": [ [ 27.1614841, 58.6707474 ], [ 27.1616874, 58.6705462 ], [ 27.1622041, 58.6702727 ], [ 27.1622882, 58.6701907 ], [ 27.162116, 58.6699243 ], [ 27.1620992, 58.6698391 ], [ 27.1621874, 58.6696754 ], [ 27.1625905, 58.6692736 ], [ 27.1630399, 58.6690946 ] ] } },
{ "type": "Feature", "properties": { "orig_fid": "w824566863", "waterway": "stream", "name": "Kitseoja" }, "geometry": { "type": "LineString", "coordinates": [ [ 26.8140496, 58.3987574 ], [ 26.8099727, 58.3999043 ], [ 26.8082507, 58.4003765 ], [ 26.8081809, 58.4004159 ], [ 26.808138, 58.4004552 ], [ 26.8075533, 58.4014221 ], [ 26.8072207, 58.4019084 ], [ 26.8063168, 58.4034739 ], [ 26.8059145, 58.404185 ], [ 26.8054853, 58.4049157 ], [ 26.8052439, 58.4052755 ], [ 26.8050293, 58.405638 ], [ 26.8042676, 58.4069139 ], [ 26.8035005, 58.4082123 ], [ 26.8034898, 58.4083022 ], [ 26.8034951, 58.4083781 ], [ 26.8036239, 58.4084371 ], [ 26.805834, 58.4090694 ], [ 26.8074648, 58.4095415 ], [ 26.8076418, 58.4095752 ], [ 26.8083767, 58.4096483 ], [ 26.8087532, 58.4096805 ] ] } },
{ "type": "Feature", "properties": { "orig_fid": "w826116542", "waterway": "ditch", "name": "Vasula pkr" }, "geometry": { "type": "LineString", "coordinates": [ [ 26.8083155, 58.4424962 ], [ 26.8064541, 58.4429735 ], [ 26.8064179, 58.4429327 ] ] } },
{ "type": "Feature", "properties": { "orig_fid": "w826116543", "waterway": "ditch", "name": "Vasula pkr" }, "geometry": { "type": "LineString", "coordinates": [ [ 26.8055757, 58.4430001 ], [ 26.8054576, 58.4430689 ], [ 26.8053799, 58.4430858 ], [ 26.8051706, 58.4431068 ], [ 26.8037115, 58.4432416 ], [ 26.8009649, 58.4434914 ], [ 26.8002944, 58.4435532 ], [ 26.7978643, 58.443775 ], [ 26.7977315, 58.443782 ], [ 26.7968719, 58.4440964 ], [ 26.7956139, 58.44454 ], [ 26.7946054, 58.4449063 ], [ 26.7941173, 58.445086 ], [ 26.7939697, 58.445166 ], [ 26.7931785, 58.445771 ], [ 26.7917381, 58.4468265 ], [ 26.7899786, 58.4481318 ], [ 26.7896782, 58.4483676 ], [ 26.7882513, 58.449423 ], [ 26.7855208, 58.4514439 ], [ 26.7839919, 58.452575 ], [ 26.7838779, 58.452655 ], [ 26.7838109, 58.4527112 ], [ 26.7837733, 58.4527378 ], [ 26.7837331, 58.4527589 ], [ 26.7836821, 58.4528178 ], [ 26.7835909, 58.4528753 ], [ 26.7834997, 58.4529567 ], [ 26.783312, 58.4530536 ], [ 26.7831752, 58.4530971 ], [ 26.783025, 58.4531181 ], [ 26.7820192, 58.4532907 ], [ 26.7809181, 58.4534914 ], [ 26.7807679, 58.4535054 ], [ 26.7805828, 58.4535012 ], [ 26.7798613, 58.4534339 ], [ 26.7796065, 58.453403 ], [ 26.7788448, 58.453396 ], [ 26.7774983, 58.4533904 ], [ 26.7749985, 58.4533539 ], [ 26.7744138, 58.4533567 ], [ 26.7742864, 58.4533918 ], [ 26.773943, 58.4534956 ], [ 26.7738411, 58.4535153 ], [ 26.773589, 58.4535924 ], [ 26.7724115, 58.4539194 ], [ 26.7721111, 58.4540106 ], [ 26.7712233, 58.4542576 ], [ 26.770145, 58.4545425 ], [ 26.7685947, 58.4549901 ] ] } },
{ "type": "Feature", "properties": { "orig_fid": "w826116544", "waterway": "ditch", "name": "Vasula pkr" }, "geometry": { "type": "LineString", "coordinates": [ [ 26.8063723, 58.4428794 ], [ 26.8063455, 58.4428541 ], [ 26.8061765, 58.4428934 ], [ 26.8060853, 58.4429075 ], [ 26.8059431, 58.4428429 ], [ 26.8059083, 58.4428569 ] ] } },
{ "type": "Feature", "properties": { "orig_fid": "w826116546", "waterway": "ditch", "name": null }, "geometry": { "type": "LineString", "coordinates": [ [ 26.8059083, 58.4428569 ], [ 26.8055757, 58.4430001 ] ] } },
{ "type": "Feature", "properties": { "orig_fid": "w826116554", "waterway": "ditch", "name": null }, "geometry": { "type": "LineString", "coordinates": [ [ 26.8064179, 58.4429327 ], [ 26.8063723, 58.4428794 ] ] } },
{ "type": "Feature", "properties": { "orig_fid": "w838636890", "waterway": "ditch", "name": null }, "geometry": { "type": "LineString", "coordinates": [ [ 26.8606045, 58.630416 ], [ 26.8622469, 58.6300383 ], [ 26.8628543, 58.6328221 ] ] } },
{ "type": "Feature", "properties": { "orig_fid": "w838636891", "waterway": "ditch", "name": null }, "geometry": { "type": "LineString", "coordinates": [ [ 26.8651445, 58.629316 ], [ 26.8653112, 58.6293913 ], [ 26.8654337, 58.6294743 ], [ 26.8656298, 58.6297499 ] ] } },
{ "type": "Feature", "properties": { "orig_fid": "w838636892", "waterway": "ditch", "name": null }, "geometry": { "type": "LineString", "coordinates": [ [ 26.8671178, 58.6292982 ], [ 26.8658211, 58.6296848 ], [ 26.8656298, 58.6297499 ] ] } },
{ "type": "Feature", "properties": { "orig_fid": "w838636893", "waterway": "ditch", "name": null }, "geometry": { "type": "LineString", "coordinates": [ [ 26.8656987, 58.6299185 ], [ 26.8656298, 58.6297499 ], [ 26.8647326, 58.6297959 ], [ 26.8646615, 58.6298035 ], [ 26.8645292, 58.6297971 ], [ 26.8643772, 58.6298265 ], [ 26.8642326, 58.6298188 ], [ 26.862948, 58.629889 ], [ 26.8624014, 58.6299426 ], [ 26.8630362, 58.6328177 ] ] } },
{ "type": "Feature", "properties": { "orig_fid": "w848913418", "waterway": "stream", "name": "Torila oja" }, "geometry": { "type": "LineString", "coordinates": [ [ 27.151292, 58.6667775 ], [ 27.1513554, 58.6667986 ], [ 27.1514109, 58.6668131 ], [ 27.1514413, 58.6668332 ], [ 27.1514695, 58.6668523 ], [ 27.1514855, 58.6668806 ], [ 27.1515476, 58.6669066 ], [ 27.1516194, 58.6669585 ], [ 27.1516273, 58.666974 ], [ 27.1516798, 58.6670131 ] ] } },
{ "type": "Feature", "properties": { "orig_fid": "w848913419", "waterway": "stream", "name": "Torila oja" }, "geometry": { "type": "LineString", "coordinates": [ [ 27.1561928, 58.6689896 ], [ 27.15622, 58.668989 ], [ 27.1562774, 58.6689869 ], [ 27.1563408, 58.6689895 ], [ 27.1563936, 58.6690007 ], [ 27.1564581, 58.6690097 ], [ 27.1564798, 58.6690129 ], [ 27.1565296, 58.6690105 ], [ 27.1565509, 58.6690058 ], [ 27.1565724, 58.6689992 ], [ 27.15658, 58.6689842 ], [ 27.1565845, 58.6689612 ], [ 27.1565983, 58.6689365 ], [ 27.156638, 58.6688992 ], [ 27.1567147, 58.6688824 ], [ 27.1567534, 58.6688758 ], [ 27.1568033, 58.6688858 ], [ 27.1569544, 58.6689059 ], [ 27.1569934, 58.6689082 ], [ 27.1570621, 58.66892 ], [ 27.1570836, 58.6689269 ], [ 27.1571137, 58.6689368 ], [ 27.1571475, 58.6689312 ], [ 27.1571688, 58.6689259 ], [ 27.157187, 58.6689227 ], [ 27.1572076, 58.6689259 ], [ 27.1572299, 58.6689341 ], [ 27.1572496, 58.6689383 ], [ 27.1572838, 58.6689403 ], [ 27.1573109, 58.6689554 ], [ 27.1573153, 58.6689669 ], [ 27.1573476, 58.6689765 ], [ 27.1573687, 58.6689881 ], [ 27.1573849, 58.6690019 ], [ 27.157386, 58.6690113 ], [ 27.1573609, 58.6690335 ], [ 27.1573568, 58.6690453 ], [ 27.1573625, 58.6690553 ], [ 27.1574003, 58.6690843 ], [ 27.1574094, 58.6691156 ], [ 27.1574163, 58.6691274 ], [ 27.1574717, 58.6691508 ], [ 27.1575377, 58.669188 ], [ 27.1576404, 58.6692246 ], [ 27.1577221, 58.6692406 ], [ 27.1577474, 58.6692973 ], [ 27.1577508, 58.6693232 ], [ 27.1577444, 58.6693436 ], [ 27.1577496, 58.6693766 ], [ 27.157746, 58.669388 ], [ 27.1577026, 58.6694213 ], [ 27.157646, 58.6694499 ], [ 27.1576383, 58.6694624 ], [ 27.1576509, 58.6694665 ], [ 27.1576685, 58.6694704 ], [ 27.1576805, 58.6694793 ], [ 27.1577021, 58.6695119 ], [ 27.1577151, 58.6695271 ], [ 27.1577211, 58.6695371 ], [ 27.1577155, 58.6695515 ], [ 27.157709, 58.6695608 ], [ 27.1577051, 58.6695721 ], [ 27.1577061, 58.6695841 ], [ 27.1577096, 58.6695943 ], [ 27.1577067, 58.6696046 ], [ 27.157705, 58.6696177 ], [ 27.157717, 58.6696342 ], [ 27.1577281, 58.6696449 ], [ 27.1577297, 58.6696695 ], [ 27.1577519, 58.6696882 ], [ 27.1578243, 58.6697389 ], [ 27.1578485, 58.6697585 ], [ 27.1578676, 58.6697638 ], [ 27.1578953, 58.6697653 ], [ 27.1579354, 58.6697601 ], [ 27.1579745, 58.6697592 ], [ 27.1580252, 58.6697687 ], [ 27.1581335, 58.6698209 ], [ 27.1581535, 58.6698419 ], [ 27.1581555, 58.6698892 ], [ 27.1581723, 58.6699221 ], [ 27.1581811, 58.6699664 ], [ 27.1581972, 58.6699859 ], [ 27.1582209, 58.6700031 ], [ 27.1582713, 58.670025 ], [ 27.1582979, 58.6700667 ], [ 27.1583199, 58.6700866 ], [ 27.1583496, 58.6700876 ], [ 27.1584074, 58.6700849 ], [ 27.1584435, 58.6700938 ], [ 27.1585021, 58.6701456 ], [ 27.1585117, 58.6701628 ], [ 27.1585131, 58.6701802 ], [ 27.1585503, 58.6701961 ], [ 27.1585682, 58.6702015 ], [ 27.1585803, 58.6702117 ], [ 27.1585872, 58.6702339 ], [ 27.1586086, 58.6702381 ], [ 27.1586503, 58.6702354 ], [ 27.1587144, 58.6702496 ], [ 27.1587374, 58.6702537 ], [ 27.1590634, 58.6704684 ], [ 27.1591259, 58.6704899 ], [ 27.1591444, 58.6704918 ], [ 27.1591803, 58.6704863 ], [ 27.1592147, 58.6704809 ], [ 27.1592324, 58.670492 ], [ 27.1592753, 58.6705643 ], [ 27.1592793, 58.6705848 ], [ 27.1592384, 58.6706746 ], [ 27.15924, 58.6706963 ], [ 27.1592513, 58.6707355 ], [ 27.159272, 58.6707644 ], [ 27.1593395, 58.6708134 ], [ 27.1593023, 58.6708508 ], [ 27.1596476, 58.6710841 ] ] } },
{ "type": "Feature", "properties": { "orig_fid": "w848913420", "waterway": "stream", "name": "Torila oja" }, "geometry": { "type": "LineString", "coordinates": [ [ 27.1518314, 58.667126 ], [ 27.1518587, 58.6671464 ], [ 27.1518668, 58.6671589 ], [ 27.1518864, 58.6671716 ], [ 27.1519176, 58.6671831 ], [ 27.1519954, 58.6672294 ], [ 27.1521027, 58.6672616 ], [ 27.1521892, 58.6672869 ], [ 27.1521984, 58.6673013 ], [ 27.1521927, 58.6673157 ], [ 27.1521855, 58.6673203 ], [ 27.1521564, 58.6673272 ], [ 27.1521475, 58.6673328 ], [ 27.152147, 58.6673431 ], [ 27.1521566, 58.6673534 ], [ 27.1521778, 58.6673615 ], [ 27.1522087, 58.6673676 ], [ 27.152241, 58.6673696 ], [ 27.1522679, 58.6673713 ], [ 27.1522913, 58.6673776 ], [ 27.152298, 58.6673887 ], [ 27.1522846, 58.6673999 ], [ 27.1522713, 58.6674089 ], [ 27.1522665, 58.6674229 ], [ 27.1522722, 58.6674358 ], [ 27.152294, 58.6674536 ], [ 27.1523191, 58.6674763 ], [ 27.1523584, 58.667496 ], [ 27.152473, 58.6675582 ], [ 27.152566, 58.6676005 ], [ 27.1525982, 58.6676124 ], [ 27.1526806, 58.6676276 ], [ 27.1527216, 58.6676763 ], [ 27.1527378, 58.6676798 ], [ 27.1528173, 58.6676968 ], [ 27.1528958, 58.6677198 ], [ 27.1529271, 58.6677398 ], [ 27.1529207, 58.6677532 ], [ 27.1528915, 58.6677651 ], [ 27.1528541, 58.6677771 ], [ 27.1528329, 58.6677891 ], [ 27.1528348, 58.6678026 ], [ 27.1528563, 58.6678134 ], [ 27.1528844, 58.6678183 ], [ 27.1529254, 58.6678221 ], [ 27.152955, 58.6678214 ], [ 27.1530017, 58.6678264 ], [ 27.1530278, 58.6678377 ], [ 27.1530398, 58.6678606 ], [ 27.1530239, 58.6678985 ], [ 27.152994, 58.6679448 ], [ 27.1529963, 58.6679673 ], [ 27.1530016, 58.6679856 ], [ 27.1530175, 58.6680014 ], [ 27.1530369, 58.6680099 ], [ 27.1530525, 58.6680183 ], [ 27.1530594, 58.6680316 ], [ 27.1530588, 58.6680511 ], [ 27.153071, 58.6680622 ], [ 27.1531109, 58.6680683 ], [ 27.1531493, 58.6680699 ], [ 27.1531901, 58.6680728 ], [ 27.1532128, 58.6680772 ], [ 27.1532387, 58.6680985 ], [ 27.1532525, 58.6681088 ], [ 27.1532736, 58.6681161 ], [ 27.1532974, 58.6681217 ], [ 27.153348, 58.6681435 ], [ 27.1533801, 58.6681587 ], [ 27.1533928, 58.6681703 ], [ 27.1534071, 58.6681758 ], [ 27.1534342, 58.6681719 ], [ 27.1534958, 58.6681525 ], [ 27.1535327, 58.6681425 ], [ 27.1535475, 58.6681384 ], [ 27.1535782, 58.6681364 ], [ 27.1536886, 58.668151 ], [ 27.1537586, 58.6681662 ], [ 27.1538208, 58.6681765 ], [ 27.1538844, 58.6681744 ], [ 27.1539068, 58.6681773 ], [ 27.1539252, 58.6681845 ], [ 27.1540256, 58.6682089 ], [ 27.1540575, 58.6682182 ], [ 27.1540906, 58.6682224 ], [ 27.1541224, 58.6682229 ], [ 27.1541448, 58.6682241 ], [ 27.154155, 58.6682282 ], [ 27.1541572, 58.6682331 ], [ 27.1541544, 58.6682387 ], [ 27.1541358, 58.6682584 ], [ 27.1541265, 58.6682681 ], [ 27.1541241, 58.6682736 ], [ 27.1541261, 58.6682773 ], [ 27.1541424, 58.6682798 ], [ 27.1541572, 58.6682813 ], [ 27.1541676, 58.6682874 ], [ 27.1541775, 58.668298 ], [ 27.1541974, 58.6683079 ], [ 27.1542386, 58.6683194 ], [ 27.1542702, 58.6683347 ], [ 27.1542941, 58.6683457 ], [ 27.154314, 58.6683511 ], [ 27.1543365, 58.6683546 ], [ 27.1543658, 58.6683561 ], [ 27.1543951, 58.668356 ], [ 27.1544201, 58.6683573 ], [ 27.154437, 58.6683634 ], [ 27.1544571, 58.6683738 ], [ 27.1544799, 58.6683906 ], [ 27.1544944, 58.6684066 ], [ 27.15453, 58.6684258 ], [ 27.1545547, 58.6684317 ], [ 27.1545818, 58.6684361 ], [ 27.1546305, 58.6684501 ], [ 27.1546778, 58.6684502 ], [ 27.1547629, 58.668462 ], [ 27.154857, 58.6684794 ], [ 27.1549128, 58.6684959 ], [ 27.1549596, 58.6685084 ], [ 27.1550035, 58.6685275 ], [ 27.1550392, 58.6685488 ], [ 27.1550733, 58.668569 ], [ 27.155079, 58.6685749 ], [ 27.1550696, 58.6685848 ], [ 27.1550767, 58.6685913 ], [ 27.1550999, 58.6686069 ], [ 27.1550968, 58.6686132 ], [ 27.1551012, 58.6686195 ], [ 27.155132, 58.6686419 ] ] } },
{ "type": "Feature", "properties": { "orig_fid": "w848913421", "waterway": "stream", "name": "Torila oja" }, "geometry": { "type": "LineString", "coordinates": [ [ 27.1511914, 58.6667589 ], [ 27.151292, 58.6667775 ] ] } },
{ "type": "Feature", "properties": { "orig_fid": "w848913422", "waterway": "stream", "name": "Torila oja" }, "geometry": { "type": "LineString", "coordinates": [ [ 27.155132, 58.6686419 ], [ 27.1551932, 58.6686637 ], [ 27.1553085, 58.6686861 ], [ 27.1553568, 58.6687028 ], [ 27.1553997, 58.6687056 ], [ 27.1554654, 58.668684 ], [ 27.1555204, 58.6686512 ], [ 27.1555754, 58.6686359 ], [ 27.1556089, 58.6686491 ], [ 27.1556331, 58.6686756 ], [ 27.155629, 58.6686979 ], [ 27.1556062, 58.6687279 ], [ 27.1556398, 58.6687711 ], [ 27.1556532, 58.6688053 ], [ 27.1556532, 58.6688193 ], [ 27.1556586, 58.6688841 ], [ 27.1556894, 58.6689239 ], [ 27.1556773, 58.6689545 ], [ 27.1556693, 58.6690103 ], [ 27.1557055, 58.6690487 ], [ 27.1557565, 58.6690605 ], [ 27.1558222, 58.6690585 ], [ 27.1558812, 58.6690466 ], [ 27.1559093, 58.6690466 ], [ 27.1559603, 58.6690187 ], [ 27.1560408, 58.6689845 ], [ 27.1561467, 58.6689786 ], [ 27.1561928, 58.6689896 ] ] } },
{ "type": "Feature", "properties": { "orig_fid": "w848913423", "waterway": "stream", "name": "Torila oja" }, "geometry": { "type": "LineString", "coordinates": [ [ 27.1120221, 58.6581133 ], [ 27.1130333, 58.6586128 ], [ 27.1144442, 58.6589713 ], [ 27.1147821, 58.6590899 ], [ 27.1151711, 58.6592629 ], [ 27.1154929, 58.6593954 ], [ 27.1160589, 58.6596158 ], [ 27.1165122, 58.6598014 ], [ 27.1170674, 58.6600023 ], [ 27.1174322, 58.6601836 ], [ 27.1177487, 58.6603148 ], [ 27.1179203, 58.6603817 ], [ 27.1182744, 58.6605659 ], [ 27.1188001, 58.6607946 ], [ 27.1189369, 58.6608281 ], [ 27.1190147, 58.6608337 ], [ 27.1190898, 58.6608267 ], [ 27.1192051, 58.6607765 ], [ 27.1193473, 58.6606942 ], [ 27.1197067, 58.6604724 ], [ 27.1200446, 58.6602492 ], [ 27.1201841, 58.6601906 ], [ 27.1202673, 58.6601655 ], [ 27.1203504, 58.6601543 ], [ 27.1204362, 58.6601585 ], [ 27.1205033, 58.6601683 ], [ 27.1205918, 58.6601655 ], [ 27.120852, 58.6601432 ], [ 27.1212624, 58.6601613 ], [ 27.1216888, 58.660125 ], [ 27.1220187, 58.6601097 ], [ 27.1225686, 58.6601027 ] ] } },
{ "type": "Feature", "properties": { "orig_fid": "w848913424", "waterway": "stream", "name": "Torila oja" }, "geometry": { "type": "LineString", "coordinates": [ [ 27.1507287, 58.6665862 ], [ 27.1508065, 58.6666159 ], [ 27.1508105, 58.6666327 ], [ 27.1508561, 58.6666466 ] ] } },
{ "type": "Feature", "properties": { "orig_fid": "w848913425", "waterway": "stream", "name": "Torila oja" }, "geometry": { "type": "LineString", "coordinates": [ [ 27.1227134, 58.6601125 ], [ 27.1230702, 58.6601404 ], [ 27.1232445, 58.6601585 ], [ 27.1233813, 58.6602952 ], [ 27.1237461, 58.6607026 ], [ 27.1240358, 58.6610123 ], [ 27.1241752, 58.6611741 ], [ 27.1242718, 58.6612355 ], [ 27.1244864, 58.6612913 ], [ 27.1246419, 58.6613499 ], [ 27.1248243, 58.6614001 ], [ 27.1252588, 58.6615061 ], [ 27.1262674, 58.6617209 ], [ 27.1264337, 58.6617823 ], [ 27.1265088, 58.6618437 ], [ 27.1269379, 58.6623291 ], [ 27.1272705, 58.6627281 ], [ 27.1276782, 58.6631773 ], [ 27.1279411, 58.6634339 ], [ 27.1280162, 58.6634786 ], [ 27.1282093, 58.6635121 ], [ 27.1282951, 58.6635121 ], [ 27.1284051, 58.6635079 ], [ 27.1288798, 58.6635497 ], [ 27.1294297, 58.6635832 ], [ 27.1329085, 58.6637771 ], [ 27.1332787, 58.6637966 ], [ 27.1333135, 58.663812 ], [ 27.1336434, 58.6640212 ], [ 27.1338151, 58.6641049 ], [ 27.1339224, 58.6641718 ], [ 27.1340565, 58.66425 ], [ 27.1341584, 58.6643002 ], [ 27.1342657, 58.6643894 ], [ 27.1344159, 58.6645066 ], [ 27.1345393, 58.6645624 ], [ 27.1346519, 58.6646098 ], [ 27.1346734, 58.6646377 ], [ 27.1347163, 58.6646991 ], [ 27.1347753, 58.6647577 ], [ 27.1352742, 58.6650395 ], [ 27.1354834, 58.6651789 ], [ 27.1355907, 58.665218 ], [ 27.1356765, 58.6652347 ], [ 27.135875, 58.665218 ], [ 27.1360681, 58.665218 ], [ 27.1361352, 58.6652278 ] ] } },
{ "type": "Feature", "properties": { "orig_fid": "w848913426", "waterway": "stream", "name": "Torila oja" }, "geometry": { "type": "LineString", "coordinates": [ [ 27.1362908, 58.6652319 ], [ 27.1366368, 58.6652082 ], [ 27.1369881, 58.6651943 ], [ 27.1375326, 58.6651678 ], [ 27.138763, 58.6650949 ] ] } },
{ "type": "Feature", "properties": { "orig_fid": "w848913427", "waterway": "stream", "name": "Torila oja" }, "geometry": { "type": "LineString", "coordinates": [ [ 27.138763, 58.6650949 ], [ 27.1403543, 58.6650145 ], [ 27.1418984, 58.6649364 ], [ 27.1421969, 58.6649167 ], [ 27.1426518, 58.6648913 ], [ 27.1428046, 58.66491 ], [ 27.142915, 58.6649397 ], [ 27.142983, 58.6649579 ], [ 27.1430904, 58.6650011 ], [ 27.1437481, 58.6652524 ], [ 27.143964, 58.6653335 ], [ 27.1453355, 58.6658512 ], [ 27.1461479, 58.6661397 ], [ 27.1462889, 58.6661898 ], [ 27.1463375, 58.6661919 ], [ 27.1464829, 58.6661871 ], [ 27.1472328, 58.666116 ], [ 27.148001, 58.6660333 ], [ 27.1483689, 58.6659861 ], [ 27.1485531, 58.6659622 ], [ 27.1486275, 58.6659554 ], [ 27.1488, 58.6659344 ], [ 27.148876, 58.6659258 ], [ 27.1489643, 58.6659157 ], [ 27.149089, 58.6659037 ], [ 27.1491509, 58.6658953 ], [ 27.1492237, 58.6658803 ], [ 27.1492586, 58.6658804 ], [ 27.1492995, 58.6658845 ], [ 27.1493175, 58.6658888 ], [ 27.1493719, 58.6659125 ], [ 27.1494223, 58.6659278 ], [ 27.1494532, 58.6659376 ], [ 27.1495029, 58.6659631 ], [ 27.1495842, 58.6659978 ], [ 27.1496817, 58.6660255 ], [ 27.1497301, 58.6660603 ], [ 27.1497864, 58.6661034 ], [ 27.1498711, 58.6661798 ], [ 27.1499428, 58.6662491 ], [ 27.1499768, 58.6662802 ], [ 27.1500071, 58.6663006 ], [ 27.1500615, 58.6663283 ], [ 27.1500941, 58.6663507 ], [ 27.1501228, 58.6663746 ], [ 27.1501444, 58.6663919 ], [ 27.1501749, 58.6664107 ], [ 27.1501895, 58.6664181 ], [ 27.1502533, 58.6664364 ], [ 27.1502729, 58.6664397 ], [ 27.1503188, 58.6664436 ], [ 27.1503377, 58.6664523 ], [ 27.1503596, 58.666467 ], [ 27.1503747, 58.6664764 ], [ 27.1504038, 58.6664886 ], [ 27.1504632, 58.6665051 ], [ 27.1504876, 58.6665132 ], [ 27.1505197, 58.666528 ], [ 27.1505917, 58.666544 ], [ 27.1506814, 58.6665731 ], [ 27.1507287, 58.6665862 ] ] } },
{ "type": "Feature", "properties": { "orig_fid": "w848913428", "waterway": "stream", "name": "Torila oja" }, "geometry": { "type": "LineString", "coordinates": [ [ 27.1140794, 58.6547341 ], [ 27.1140204, 58.6548541 ], [ 27.1125774, 58.6558475 ], [ 27.1115635, 58.6565312 ], [ 27.111424, 58.6566791 ], [ 27.1114186, 58.6569832 ], [ 27.1114026, 58.6577785 ], [ 27.1119095, 58.6580533 ] ] } },
{ "type": "Feature", "properties": { "orig_fid": "w848913433", "waterway": "stream", "name": null }, "geometry": { "type": "LineString", "coordinates": [ [ 27.1636606, 58.6689218 ], [ 27.1639725, 58.6688771 ], [ 27.1648968, 58.6687578 ], [ 27.1662077, 58.668563 ], [ 27.1668844, 58.668475 ], [ 27.1673314, 58.6684688 ], [ 27.1676879, 58.6685065 ], [ 27.1679779, 58.6684939 ], [ 27.1699413, 58.6681986 ], [ 27.1782239, 58.667608 ], [ 27.1883734, 58.665723 ], [ 27.1986678, 58.6644664 ], [ 27.2092038, 58.6618523 ], [ 27.2212382, 58.6601681 ], [ 27.2288744, 58.6581319 ], [ 27.2339008, 58.6579183 ], [ 27.2395796, 58.6574281 ], [ 27.2441328, 58.657567 ] ] } },
{ "type": "Feature", "properties": { "orig_fid": "w848913436", "waterway": "stream", "name": null }, "geometry": { "type": "LineString", "coordinates": [ [ 27.1516798, 58.6670131 ], [ 27.1518314, 58.667126 ] ] } },
{ "type": "Feature", "properties": { "orig_fid": "w848913445", "waterway": "stream", "name": null }, "geometry": { "type": "LineString", "coordinates": [ [ 27.1361352, 58.6652278 ], [ 27.1362908, 58.6652319 ] ] } },
{ "type": "Feature", "properties": { "orig_fid": "w848913448", "waterway": "stream", "name": null }, "geometry": { "type": "LineString", "coordinates": [ [ 27.1119095, 58.6580533 ], [ 27.1120221, 58.6581133 ] ] } },
{ "type": "Feature", "properties": { "orig_fid": "w848913454", "waterway": "stream", "name": null }, "geometry": { "type": "LineString", "coordinates": [ [ 27.1225686, 58.6601027 ], [ 27.1227134, 58.6601125 ] ] } },
{ "type": "Feature", "properties": { "orig_fid": "w848913463", "waterway": "stream", "name": null }, "geometry": { "type": "LineString", "coordinates": [ [ 27.1508561, 58.6666466 ], [ 27.1511914, 58.6667589 ] ] } },
{ "type": "Feature", "properties": { "orig_fid": "w848913472", "waterway": "stream", "name": null }, "geometry": { "type": "LineString", "coordinates": [ [ 27.1596476, 58.6710841 ], [ 27.1600198, 58.6712627 ], [ 27.1602988, 58.671384 ], [ 27.160508, 58.671331 ], [ 27.1607977, 58.6712223 ], [ 27.1610257, 58.6710772 ], [ 27.1613918, 58.6708175 ] ] } },
{ "type": "Feature", "properties": { "orig_fid": "w849500304", "waterway": "river", "name": "Kääpa jõgi" }, "geometry": { "type": "LineString", "coordinates": [ [ 26.8291108, 58.6476328 ], [ 26.828996, 58.647729 ], [ 26.8287303, 58.6480234 ], [ 26.8286896, 58.6482364 ], [ 26.828774, 58.6484657 ], [ 26.8288459, 58.6487324 ], [ 26.8287553, 58.6489569 ], [ 26.8285927, 58.6491797 ], [ 26.8285302, 58.649422 ], [ 26.8277423, 58.6503191 ] ] } },
{ "type": "Feature", "properties": { "orig_fid": "w849500308", "waterway": "river", "name": null }, "geometry": { "type": "LineString", "coordinates": [ [ 26.8209068, 58.644162 ], [ 26.8166857, 58.6468956 ], [ 26.8149409, 58.6480255 ], [ 26.8131092, 58.6503283 ], [ 26.8125341, 58.6512292 ], [ 26.8125716, 58.6517691 ], [ 26.8130092, 58.6526862 ], [ 26.8135093, 58.6530862 ], [ 26.8139282, 58.6536 ], [ 26.814347, 58.6542634 ], [ 26.8140582, 58.654528 ] ] } },
{ "type": "Feature", "properties": { "orig_fid": "w849500310", "waterway": "river", "name": null }, "geometry": { "type": "LineString", "coordinates": [ [ 26.8136792, 58.6422754 ], [ 26.8141066, 58.6422226 ], [ 26.8154074, 58.6423046 ], [ 26.8160781, 58.6426748 ], [ 26.8166878, 58.6432353 ], [ 26.8170536, 58.6438275 ], [ 26.8172772, 58.6444832 ], [ 26.8173179, 58.6450543 ], [ 26.8173179, 58.6454774 ], [ 26.8171959, 58.646133 ], [ 26.8169317, 58.6465455 ], [ 26.8166857, 58.6468956 ] ] } },
{ "type": "Feature", "properties": { "orig_fid": "w849500325", "waterway": "river", "name": null }, "geometry": { "type": "LineString", "coordinates": [ [ 26.8343204, 58.6429146 ], [ 26.8245899, 58.6436805 ], [ 26.8228749, 58.6437903 ], [ 26.8226322, 58.6438516 ] ] } },
{ "type": "Feature", "properties": { "orig_fid": "w849500327", "waterway": "river", "name": null }, "geometry": { "type": "LineString", "coordinates": [ [ 26.8411497, 58.6364138 ], [ 26.8411286, 58.6366452 ], [ 26.8410708, 58.6367745 ], [ 26.8408988, 58.6368469 ], [ 26.8406482, 58.6369217 ] ] } },
{ "type": "Feature", "properties": { "orig_fid": "w849500328", "waterway": "river", "name": null }, "geometry": { "type": "LineString", "coordinates": [ [ 26.8277423, 58.6503191 ], [ 26.8249584, 58.6530121 ], [ 26.8210325, 58.6541178 ], [ 26.8141753, 58.6545027 ], [ 26.8140582, 58.654528 ], [ 26.8137952, 58.6546349 ], [ 26.8136635, 58.6547292 ] ] } },
{ "type": "Feature", "properties": { "orig_fid": "w849500331", "waterway": "river", "name": null }, "geometry": { "type": "LineString", "coordinates": [ [ 26.8408003, 58.6367327 ], [ 26.8406974, 58.6368246 ], [ 26.8406482, 58.6369217 ], [ 26.8405942, 58.6370426 ], [ 26.8343204, 58.6429146 ], [ 26.8299257, 58.6470271 ], [ 26.8295444, 58.6472906 ], [ 26.8291108, 58.6476328 ] ] } },
{ "type": "Feature", "properties": { "orig_fid": "w850164009", "waterway": "river", "name": "Koosa jõgi" }, "geometry": { "type": "LineString", "coordinates": [ [ 27.1989098, 58.4389486 ], [ 27.2016409, 58.4399767 ], [ 27.2035728, 58.4409081 ], [ 27.2046151, 58.4413338 ], [ 27.2058098, 58.4415733 ], [ 27.2067758, 58.4415866 ], [ 27.2093941, 58.4415334 ], [ 27.2113007, 58.4417729 ], [ 27.2135885, 58.442611 ], [ 27.2157747, 58.4439547 ], [ 27.218503, 58.4452419 ], [ 27.2213926, 58.4458836 ], [ 27.2240872, 58.4463758 ], [ 27.2296354, 58.4470223 ], [ 27.2339885, 58.448574 ], [ 27.2369119, 58.449392 ], [ 27.2398416, 58.4500671 ], [ 27.2413223, 58.4504594 ], [ 27.2424408, 58.4510314 ], [ 27.2433519, 58.4512844 ] ] } },
{ "type": "Feature", "properties": { "orig_fid": "w850164010", "waterway": "river", "name": "Koosa jõgi" }, "geometry": { "type": "LineString", "coordinates": [ [ 27.1753287, 58.4262884 ], [ 27.1779304, 58.4271728 ], [ 27.1786856, 58.4275679 ], [ 27.1790901, 58.4279352 ], [ 27.179134, 58.428421 ], [ 27.1795528, 58.4289462 ], [ 27.1805571, 58.4295299 ], [ 27.1817964, 58.4298885 ], [ 27.1828858, 58.4301292 ], [ 27.1831073, 58.4305254 ], [ 27.1826143, 58.4309759 ], [ 27.1824366, 58.4315768 ], [ 27.1826658, 58.4323136 ], [ 27.1831916, 58.4329944 ], [ 27.1846075, 58.4335069 ], [ 27.1861844, 58.4340032 ], [ 27.187254, 58.4345365 ], [ 27.1883568, 58.4349229 ], [ 27.1890405, 58.4350397 ], [ 27.1897474, 58.4349004 ], [ 27.1905525, 58.4345638 ], [ 27.1914469, 58.4341884 ], [ 27.1927713, 58.4339484 ], [ 27.1943814, 58.4337864 ], [ 27.1951114, 58.4339021 ], [ 27.1955565, 58.4343292 ], [ 27.1955576, 58.4351082 ], [ 27.1953228, 58.4358445 ], [ 27.1954729, 58.4367294 ], [ 27.1962307, 58.4376599 ], [ 27.1972059, 58.4382825 ], [ 27.1980799, 58.4386064 ], [ 27.1985583, 58.4387539 ], [ 27.1989098, 58.4389486 ] ] } },
{ "type": "Feature", "properties": { "orig_fid": "w850164011", "waterway": "stream", "name": "Lodu pkr" }, "geometry": { "type": "LineString", "coordinates": [ [ 27.076723, 58.4079825 ], [ 27.0769322, 58.4081498 ], [ 27.0770609, 58.4082467 ], [ 27.0771146, 58.4086303 ], [ 27.0773721, 58.4089703 ], [ 27.0777851, 58.4092036 ], [ 27.0781231, 58.409434 ], [ 27.0783913, 58.4095127 ], [ 27.078504, 58.4096167 ], [ 27.0787185, 58.4096953 ], [ 27.079035, 58.4098527 ], [ 27.0797163, 58.4102208 ], [ 27.0804454, 58.410601 ] ] } },
{ "type": "Feature", "properties": { "orig_fid": "w850164012", "waterway": "stream", "name": "Lodu pkr" }, "geometry": { "type": "LineString", "coordinates": [ [ 27.0520172, 58.3928996 ], [ 27.0524034, 58.3931807 ], [ 27.0526555, 58.3934028 ], [ 27.0531759, 58.3937852 ], [ 27.0535648, 58.3940593 ], [ 27.0537257, 58.3941689 ], [ 27.053774, 58.3942195 ], [ 27.0540878, 58.3942195 ], [ 27.05423, 58.3942336 ], [ 27.0544821, 58.3942631 ], [ 27.0546135, 58.3942856 ], [ 27.0551473, 58.3943545 ], [ 27.0553243, 58.3943685 ], [ 27.0558473, 58.3943994 ], [ 27.0560539, 58.394533 ], [ 27.0561397, 58.3946412 ], [ 27.0568505, 58.3954115 ], [ 27.0575318, 58.3961255 ], [ 27.0580843, 58.3965697 ], [ 27.0588943, 58.3972106 ], [ 27.0592645, 58.397496 ], [ 27.0596883, 58.3977644 ], [ 27.0603186, 58.3981706 ], [ 27.0615739, 58.3989183 ], [ 27.0637089, 58.400172 ], [ 27.0647818, 58.4008073 ], [ 27.0702535, 58.4040761 ], [ 27.0703232, 58.4040901 ], [ 27.0704842, 58.4040733 ], [ 27.0706022, 58.4041014 ], [ 27.0708328, 58.4042518 ], [ 27.0714149, 58.404596 ], [ 27.0718253, 58.4048869 ], [ 27.072174, 58.4050668 ], [ 27.072866, 58.4055249 ], [ 27.0742393, 58.4063596 ], [ 27.0753551, 58.4070228 ], [ 27.0756984, 58.4072814 ], [ 27.0763582, 58.4077704 ], [ 27.0765889, 58.4079053 ] ] } },
{ "type": "Feature", "properties": { "orig_fid": "w850164017", "waterway": "stream", "name": "Pala oja" }, "geometry": { "type": "LineString", "coordinates": [ [ 27.0265282, 58.6694547 ], [ 27.0261874, 58.6697708 ], [ 27.0258219, 58.6701102 ], [ 27.0257562, 58.6701786 ], [ 27.0256864, 58.6702362 ], [ 27.0256166, 58.6702618 ], [ 27.0251895, 58.670343 ], [ 27.0248118, 58.6704305 ], [ 27.0246968, 58.6704839 ], [ 27.0246721, 58.6705394 ], [ 27.0247091, 58.6706419 ], [ 27.0247625, 58.6707444 ], [ 27.0248159, 58.6707999 ] ] } },
{ "type": "Feature", "properties": { "orig_fid": "w850164018", "waterway": "stream", "name": "Pala oja" }, "geometry": { "type": "LineString", "coordinates": [ [ 26.9909981, 58.6872161 ], [ 26.9905464, 58.6872652 ], [ 26.9901645, 58.6874039 ], [ 26.9898566, 58.6875533 ], [ 26.9895034, 58.6877261 ], [ 26.9893104, 58.6877667 ], [ 26.9892283, 58.6877517 ], [ 26.9891241, 58.6876844 ], [ 26.9888666, 58.6873471 ], [ 26.9887646, 58.6873053 ], [ 26.9886171, 58.6872676 ], [ 26.9884616, 58.6872593 ], [ 26.9883462, 58.6872955 ], [ 26.9883221, 58.6873777 ], [ 26.9882443, 58.6874433 ], [ 26.9881558, 58.6874474 ], [ 26.9880431, 58.6874363 ], [ 26.9879573, 58.687375 ], [ 26.9879278, 58.6873192 ], [ 26.9878822, 58.6872593 ], [ 26.987783, 58.6872063 ], [ 26.9877213, 58.6871756 ], [ 26.9874021, 58.6871728 ], [ 26.9868764, 58.6871687 ], [ 26.9864553, 58.6872021 ], [ 26.9863855, 58.6872286 ], [ 26.9863212, 58.6872913 ], [ 26.9862246, 58.6873317 ], [ 26.9860315, 58.6873443 ], [ 26.9857874, 58.6873443 ], [ 26.9855889, 58.6873777 ], [ 26.9854602, 58.6874056 ], [ 26.9853207, 58.6874098 ], [ 26.9852027, 58.6873791 ], [ 26.9851732, 58.6873359 ], [ 26.9851785, 58.6871924 ], [ 26.9850525, 58.6871268 ], [ 26.9849291, 58.6870906 ], [ 26.9848701, 58.687053 ], [ 26.9848111, 58.6870056 ], [ 26.9847896, 58.6869693 ], [ 26.9847065, 58.686947 ], [ 26.984634, 58.6869205 ], [ 26.9845938, 58.6868745 ], [ 26.9845643, 58.6868243 ], [ 26.9845536, 58.6867756 ], [ 26.9845348, 58.6867449 ], [ 26.9844892, 58.6867296 ], [ 26.9844114, 58.6867323 ], [ 26.9843283, 58.6867407 ], [ 26.9842478, 58.6867421 ], [ 26.984111, 58.6867769 ], [ 26.9840627, 58.6867658 ], [ 26.9840466, 58.6867365 ], [ 26.9838482, 58.6867031 ], [ 26.9837543, 58.6866947 ], [ 26.9836202, 58.6866891 ], [ 26.9835048, 58.6867421 ], [ 26.9833627, 58.6867644 ], [ 26.9832929, 58.6867588 ], [ 26.9831401, 58.6867616 ], [ 26.9829577, 58.6868048 ], [ 26.9828692, 58.6868202 ], [ 26.9827538, 58.6867965 ], [ 26.9826331, 58.6867686 ], [ 26.9824534, 58.6867449 ], [ 26.9823327, 58.68671 ], [ 26.9822576, 58.6867086 ], [ 26.9820779, 58.6867379 ], [ 26.9819867, 58.6867198 ], [ 26.9819009, 58.6866905 ], [ 26.9818365, 58.6866682 ], [ 26.9817909, 58.6866487 ], [ 26.9816782, 58.6866599 ], [ 26.9815978, 58.6866654 ], [ 26.9814744, 58.6866626 ], [ 26.9814288, 58.6866668 ], [ 26.9813778, 58.686678 ], [ 26.9813483, 58.6867072 ], [ 26.981182, 58.6867365 ], [ 26.9811472, 58.6867609 ], [ 26.9811686, 58.6867881 ], [ 26.9812008, 58.6868195 ], [ 26.9812115, 58.6868599 ], [ 26.9812062, 58.6869031 ], [ 26.9811941, 58.686938 ], [ 26.9811659, 58.6869561 ], [ 26.9811271, 58.6869672 ], [ 26.981064, 58.6870007 ], [ 26.9810184, 58.6870258 ], [ 26.9808991, 58.6870537 ], [ 26.9807663, 58.6870718 ], [ 26.9806322, 58.6870885 ], [ 26.9805021, 58.6870969 ], [ 26.9803962, 58.6870794 ], [ 26.9803573, 58.6870578 ], [ 26.9802942, 58.6870056 ], [ 26.9802379, 58.6870028 ], [ 26.9801816, 58.6870223 ], [ 26.9801253, 58.6870334 ], [ 26.9800797, 58.6870334 ], [ 26.9800528, 58.6870223 ], [ 26.9800153, 58.6870014 ], [ 26.979959, 58.6869874 ], [ 26.9798839, 58.6869749 ], [ 26.9798222, 58.6869791 ], [ 26.9796961, 58.687032 ], [ 26.9796585, 58.6870655 ], [ 26.9796371, 58.6870878 ], [ 26.979562, 58.6870892 ], [ 26.979503, 58.6870697 ], [ 26.9794198, 58.6870627 ], [ 26.9793233, 58.6870627 ], [ 26.9792696, 58.6870822 ], [ 26.9792616, 58.6871324 ], [ 26.9793045, 58.687191 ], [ 26.9792669, 58.6872537 ], [ 26.9792267, 58.6872844 ], [ 26.9790068, 58.6873164 ], [ 26.9788324, 58.6873053 ], [ 26.9787627, 58.6872718 ], [ 26.9786956, 58.6872133 ], [ 26.9786152, 58.687184 ], [ 26.9785454, 58.6871798 ], [ 26.9784247, 58.6871979 ], [ 26.9783335, 58.6872718 ], [ 26.9782772, 58.6873527 ], [ 26.9781833, 58.6873736 ], [ 26.9781002, 58.6873764 ], [ 26.9779929, 58.6873582 ], [ 26.9779419, 58.6873513 ], [ 26.9779017, 58.6873833 ], [ 26.9779124, 58.6874238 ], [ 26.9779419, 58.6874739 ], [ 26.9779339, 58.6875116 ], [ 26.9778695, 58.687545 ], [ 26.9778186, 58.6875841 ], [ 26.9777515, 58.6876551 ], [ 26.9777113, 58.687683 ], [ 26.9776362, 58.6876844 ], [ 26.9775798, 58.6876719 ], [ 26.9775584, 58.6876454 ], [ 26.9775664, 58.6876064 ], [ 26.9775342, 58.6875757 ], [ 26.9774886, 58.6875618 ], [ 26.9773948, 58.6875631 ], [ 26.9772982, 58.6875966 ], [ 26.977266, 58.6876705 ], [ 26.9772902, 58.6877318 ], [ 26.9772392, 58.6878308 ], [ 26.9772848, 58.6879019 ], [ 26.9773438, 58.6879298 ], [ 26.9774189, 58.687973 ], [ 26.9774216, 58.6880036 ], [ 26.9774216, 58.6880427 ], [ 26.9774377, 58.6880747 ], [ 26.9775101, 58.6880956 ], [ 26.9775798, 58.6881235 ], [ 26.977612, 58.6881611 ], [ 26.9775959, 58.6882085 ], [ 26.9775772, 58.6882504 ], [ 26.9775503, 58.6882629 ], [ 26.9774296, 58.6882936 ], [ 26.977258, 58.688334 ], [ 26.9771963, 58.6883786 ], [ 26.97714, 58.6884246 ], [ 26.9770863, 58.6884804 ], [ 26.9769978, 58.6885347 ], [ 26.9768449, 58.6885375 ], [ 26.9767832, 58.6885724 ], [ 26.9766974, 58.6885947 ], [ 26.9764774, 58.6886323 ], [ 26.9763675, 58.6886267 ], [ 26.9762146, 58.688649 ], [ 26.9760832, 58.6887187 ], [ 26.9760188, 58.6887731 ] ] } },
{ "type": "Feature", "properties": { "orig_fid": "w850164019", "waterway": "stream", "name": "Pala oja" }, "geometry": { "type": "LineString", "coordinates": [ [ 27.0231117, 58.6722389 ], [ 27.0228818, 58.6725101 ] ] } },
{ "type": "Feature", "properties": { "orig_fid": "w850164020", "waterway": "stream", "name": "Pala oja" }, "geometry": { "type": "LineString", "coordinates": [ [ 27.0227381, 58.6726937 ], [ 27.022619, 58.6728623 ] ] } },
{ "type": "Feature", "properties": { "orig_fid": "w850164021", "waterway": "stream", "name": "Pala oja" }, "geometry": { "type": "LineString", "coordinates": [ [ 27.0337794, 58.661135 ], [ 27.0337258, 58.6612215 ], [ 27.0334013, 58.6617879 ], [ 27.0330204, 58.6624324 ], [ 27.032838, 58.6627197 ], [ 27.0326771, 58.6630127 ], [ 27.0324732, 58.6633447 ], [ 27.0323123, 58.6636488 ], [ 27.0321889, 58.6638329 ], [ 27.032028, 58.6641286 ], [ 27.0319207, 58.6642904 ], [ 27.0318402, 58.6644466 ], [ 27.0317329, 58.6646308 ], [ 27.0316201, 58.6647741 ], [ 27.0311355, 58.6651969 ], [ 27.03038, 58.6659144 ], [ 27.0297065, 58.6665309 ], [ 27.0289158, 58.6672385 ], [ 27.0284418, 58.6676825 ], [ 27.0273988, 58.668669 ], [ 27.0266458, 58.6693387 ], [ 27.0266185, 58.6693629 ] ] } },
{ "type": "Feature", "properties": { "orig_fid": "w850164022", "waterway": "stream", "name": "Pala oja" }, "geometry": { "type": "LineString", "coordinates": [ [ 27.0436218, 58.6514111 ], [ 27.0428963, 58.6519337 ], [ 27.0416437, 58.6529509 ], [ 27.0406888, 58.6536737 ], [ 27.0372449, 58.6563052 ], [ 27.0363544, 58.6569693 ], [ 27.0361505, 58.6571255 ], [ 27.0359359, 58.6574129 ], [ 27.0350401, 58.6589727 ], [ 27.0349167, 58.6591666 ], [ 27.0348899, 58.6592643 ], [ 27.0347745, 58.6594177 ], [ 27.0347638, 58.6595 ], [ 27.0346592, 58.6596563 ], [ 27.0345895, 58.6597288 ], [ 27.034568, 58.6597916 ], [ 27.0344285, 58.6599981 ], [ 27.0344339, 58.6600343 ], [ 27.0343588, 58.6601529 ], [ 27.034281, 58.6602994 ], [ 27.034107, 58.6605629 ], [ 27.034045, 58.6606677 ], [ 27.0339604, 58.6608205 ], [ 27.0338481, 58.6610148 ] ] } },
{ "type": "Feature", "properties": { "orig_fid": "w850164023", "waterway": "stream", "name": "Pala oja" }, "geometry": { "type": "LineString", "coordinates": [ [ 27.0225327, 58.6729572 ], [ 27.0224219, 58.6730887 ], [ 27.0223521, 58.6732189 ], [ 27.0223274, 58.6732552 ], [ 27.0222823, 58.6733128 ], [ 27.0221262, 58.6735071 ], [ 27.0219784, 58.6736758 ], [ 27.0216827, 58.6740579 ], [ 27.0214117, 58.6743974 ], [ 27.0213953, 58.6744593 ], [ 27.0213296, 58.6745319 ], [ 27.0211941, 58.6747112 ], [ 27.0210011, 58.674993 ], [ 27.0207424, 58.6752919 ], [ 27.0206253, 58.6754787 ], [ 27.0205781, 58.6755256 ], [ 27.0202886, 58.6756868 ], [ 27.0200648, 58.6758213 ], [ 27.0198226, 58.6759441 ], [ 27.0192887, 58.6762579 ], [ 27.018796, 58.6765311 ], [ 27.0176298, 58.677195 ], [ 27.0163979, 58.6778781 ], [ 27.0156012, 58.6783627 ], [ 27.0151208, 58.6785591 ], [ 27.0138027, 58.6791888 ], [ 27.0134044, 58.6793852 ], [ 27.0131539, 58.6795218 ], [ 27.0130019, 58.679588 ], [ 27.0127186, 58.6797545 ], [ 27.0125502, 58.679795 ], [ 27.0124024, 58.6798825 ], [ 27.0122833, 58.6799338 ], [ 27.0122135, 58.6799636 ], [ 27.0121026, 58.6800213 ], [ 27.0120123, 58.6800704 ], [ 27.0118973, 58.6801237 ], [ 27.0117618, 58.6801856 ], [ 27.0116058, 58.6802625 ], [ 27.0114169, 58.6803436 ], [ 27.0111828, 58.6804589 ], [ 27.0110802, 58.6805464 ], [ 27.0109939, 58.6806531 ], [ 27.0106162, 58.6810458 ], [ 27.0101809, 58.6814834 ], [ 27.0097641, 58.6818804 ] ] } },
{ "type": "Feature", "properties": { "orig_fid": "w850164024", "waterway": "stream", "name": "Pala oja" }, "geometry": { "type": "LineString", "coordinates": [ [ 27.0096922, 58.6819487 ], [ 27.00945, 58.6821984 ], [ 27.0088935, 58.6827448 ], [ 27.0084295, 58.6832101 ], [ 27.008331, 58.6832678 ], [ 27.0082981, 58.6832827 ], [ 27.0074604, 58.6836669 ], [ 27.0073044, 58.6837309 ], [ 27.0071894, 58.6837651 ], [ 27.0070868, 58.6837971 ], [ 27.0070293, 58.6838504 ], [ 27.0069471, 58.6839059 ], [ 27.0066104, 58.6840831 ], [ 27.0064831, 58.6841642 ], [ 27.0063928, 58.6841791 ], [ 27.0063107, 58.6842346 ], [ 27.0062244, 58.6842538 ], [ 27.0061136, 58.684305 ], [ 27.0060602, 58.6843563 ], [ 27.0059041, 58.6844182 ], [ 27.0056536, 58.6845398 ], [ 27.005551, 58.6846294 ], [ 27.0055469, 58.6847127 ], [ 27.005629, 58.6847746 ], [ 27.0056906, 58.6848215 ], [ 27.0057604, 58.6848834 ], [ 27.005859, 58.6849475 ], [ 27.0059123, 58.6849816 ], [ 27.0059288, 58.6850414 ], [ 27.0059657, 58.685195 ], [ 27.0060109, 58.6854277 ], [ 27.0060027, 58.6855237 ], [ 27.0059452, 58.685577 ], [ 27.0058466, 58.6856219 ], [ 27.005514, 58.6857008 ], [ 27.0052389, 58.6857862 ], [ 27.0044874, 58.6860103 ], [ 27.0029106, 58.6863005 ], [ 27.000184, 58.6868341 ], [ 26.9978434, 58.687278 ], [ 26.997096, 58.6874274 ], [ 26.9967593, 58.6873548 ], [ 26.9945994, 58.6867829 ], [ 26.9942298, 58.6868298 ], [ 26.9937576, 58.6868298 ], [ 26.9923163, 58.6870496 ], [ 26.9912568, 58.6871777 ] ] } },
{ "type": "Feature", "properties": { "orig_fid": "w850164025", "waterway": "stream", "name": "Põdraoja" }, "geometry": { "type": "LineString", "coordinates": [ [ 27.1003707, 58.4600803 ], [ 27.1004485, 58.460041 ], [ 27.1006013, 58.4600214 ], [ 27.1008776, 58.4600368 ], [ 27.1014623, 58.4600719 ], [ 27.1032675, 58.4601575 ], [ 27.1045174, 58.4602164 ], [ 27.10853, 58.4603932 ], [ 27.1114965, 58.4605251 ], [ 27.114286, 58.4606542 ], [ 27.1171023, 58.4607608 ], [ 27.120042, 58.4608899 ], [ 27.1216728, 58.4609516 ], [ 27.1217211, 58.4608646 ], [ 27.1217318, 58.4608085 ], [ 27.1218659, 58.4607019 ], [ 27.1219678, 58.4605251 ], [ 27.1221234, 58.4603511 ], [ 27.1224238, 58.4599723 ], [ 27.1232177, 58.4590547 ], [ 27.124473, 58.457399 ], [ 27.1260019, 58.4557657 ], [ 27.1262164, 58.4555159 ], [ 27.126372, 58.4553279 ], [ 27.1264096, 58.4551707 ], [ 27.1263559, 58.4548227 ], [ 27.1263065, 58.4546948 ], [ 27.1262971, 58.4546582 ], [ 27.1262218, 58.4543653 ], [ 27.1264257, 58.4541969 ], [ 27.1265919, 58.4540509 ], [ 27.1266563, 58.4538825 ], [ 27.1267153, 58.4535008 ], [ 27.1269299, 58.4524175 ], [ 27.1272732, 58.4507867 ], [ 27.1273215, 58.4506548 ], [ 27.1273269, 58.4505706 ], [ 27.1272518, 58.4504527 ], [ 27.1271498, 58.4503264 ], [ 27.1270747, 58.4502534 ], [ 27.127005, 58.4501748 ], [ 27.1270587, 58.4500934 ], [ 27.1273322, 58.4500008 ], [ 27.1275415, 58.4499306 ], [ 27.127697, 58.4498549 ], [ 27.1277185, 58.4498128 ], [ 27.1277507, 58.4496977 ], [ 27.1277346, 58.4495826 ], [ 27.1277292, 58.4494928 ], [ 27.1277453, 58.4493777 ], [ 27.1277185, 58.4493328 ], [ 27.1275951, 58.44933 ], [ 27.1274717, 58.4493215 ], [ 27.1273591, 58.4492682 ], [ 27.1273001, 58.4492036 ], [ 27.1273269, 58.4490886 ], [ 27.1273912, 58.4490633 ], [ 27.1276648, 58.4490268 ], [ 27.1280511, 58.4489763 ], [ 27.1281208, 58.4488921 ], [ 27.1281745, 58.4487714 ], [ 27.1282281, 58.4486086 ], [ 27.1282817, 58.4484991 ], [ 27.1282656, 58.4484289 ], [ 27.1281476, 58.4483728 ], [ 27.1280672, 58.4483194 ], [ 27.1280511, 58.4482352 ], [ 27.128094, 58.4481426 ], [ 27.1281637, 58.4480472 ], [ 27.1280618, 58.4479096 ], [ 27.1279813, 58.4477468 ], [ 27.1279062, 58.4476429 ], [ 27.1279706, 58.4475194 ], [ 27.1280886, 58.4474436 ], [ 27.1282817, 58.4472921 ], [ 27.1283354, 58.4471826 ], [ 27.1283837, 58.4470591 ], [ 27.12833, 58.446972 ], [ 27.1281798, 58.4468485 ], [ 27.1281262, 58.4467194 ], [ 27.1280189, 58.4466464 ], [ 27.1277775, 58.4466043 ], [ 27.1275736, 58.4465313 ], [ 27.12752, 58.4464078 ], [ 27.1275146, 58.4462815 ], [ 27.1275736, 58.4461215 ], [ 27.1276273, 58.4460008 ], [ 27.1276541, 58.4459025 ], [ 27.1275575, 58.445866 ], [ 27.1274932, 58.4458829 ], [ 27.1270587, 58.4459474 ], [ 27.1266992, 58.4461215 ], [ 27.1264525, 58.4462871 ], [ 27.1262164, 58.4463264 ], [ 27.1260448, 58.4462618 ], [ 27.1259697, 58.4461776 ], [ 27.1259214, 58.4460092 ], [ 27.126018, 58.4459137 ], [ 27.1263076, 58.4458183 ], [ 27.1265651, 58.4457229 ], [ 27.1269353, 58.4456078 ], [ 27.1271069, 58.4455067 ], [ 27.1273054, 58.4453944 ], [ 27.1274932, 58.4453214 ], [ 27.1276595, 58.445226 ], [ 27.1277399, 58.4451249 ], [ 27.1278097, 58.4449761 ], [ 27.1277292, 58.4448217 ], [ 27.1274395, 58.4447572 ], [ 27.1272571, 58.4447403 ], [ 27.1269192, 58.444788 ], [ 27.126651, 58.4447852 ], [ 27.1264793, 58.4447487 ], [ 27.1261521, 58.4447038 ], [ 27.1257766, 58.4445354 ], [ 27.1255995, 58.4444175 ], [ 27.1256371, 58.4442911 ], [ 27.1257927, 58.4441002 ], [ 27.1257605, 58.4438476 ], [ 27.1256639, 58.4437044 ], [ 27.1255298, 58.4435668 ], [ 27.1255727, 58.4434573 ], [ 27.1257122, 58.4433422 ], [ 27.1260501, 58.4431457 ], [ 27.1261306, 58.4430278 ], [ 27.1264149, 58.4428762 ], [ 27.1265705, 58.4427555 ], [ 27.1266027, 58.4426348 ], [ 27.1266563, 58.4424972 ], [ 27.1266831, 58.4424607 ], [ 27.1266939, 58.4422473 ], [ 27.1267529, 58.4420255 ], [ 27.1268479, 58.4418965 ] ] } },
{ "type": "Feature", "properties": { "orig_fid": "w850164026", "waterway": "stream", "name": "Põdraoja" }, "geometry": { "type": "LineString", "coordinates": [ [ 27.067979, 58.4897127 ], [ 27.068333, 58.4897057 ], [ 27.0686442, 58.4896889 ], [ 27.0693469, 58.4896609 ], [ 27.0699745, 58.4896174 ], [ 27.0712057, 58.4895361 ], [ 27.0713103, 58.4895277 ], [ 27.0714685, 58.4895221 ], [ 27.0716134, 58.4895067 ], [ 27.0716965, 58.4895165 ], [ 27.0717984, 58.4894996 ], [ 27.0718735, 58.4895081 ], [ 27.0720479, 58.4894912 ], [ 27.0724234, 58.4894828 ], [ 27.0725977, 58.4894604 ], [ 27.0727184, 58.4894478 ] ] } },
{ "type": "Feature", "properties": { "orig_fid": "w850164027", "waterway": "stream", "name": "Põdraoja" }, "geometry": { "type": "LineString", "coordinates": [ [ 27.0729706, 58.4894085 ], [ 27.0731556, 58.4893819 ], [ 27.0732898, 58.4893496 ], [ 27.0735607, 58.489302 ], [ 27.0738342, 58.4892613 ], [ 27.0739737, 58.4892179 ], [ 27.0742339, 58.4890805 ], [ 27.074427, 58.4889501 ], [ 27.0749903, 58.4886403 ], [ 27.0753443, 58.4884426 ], [ 27.0754248, 58.488402 ], [ 27.0754865, 58.4883585 ], [ 27.0757145, 58.4882211 ], [ 27.0761383, 58.48798 ], [ 27.0766023, 58.487715 ], [ 27.076849, 58.4875706 ], [ 27.0770368, 58.4875159 ], [ 27.0774311, 58.487415 ], [ 27.0783564, 58.4871837 ], [ 27.0789438, 58.4870295 ], [ 27.0791075, 58.4869944 ], [ 27.0792684, 58.4869482 ], [ 27.079424, 58.4869075 ], [ 27.0797029, 58.4868094 ], [ 27.080065, 58.4866229 ], [ 27.0814356, 58.4859724 ], [ 27.0817736, 58.4858195 ], [ 27.0827848, 58.4853162 ], [ 27.0832568, 58.4851087 ], [ 27.083399, 58.485019 ], [ 27.0835868, 58.4849096 ], [ 27.0843539, 58.4844301 ], [ 27.0866767, 58.4830392 ], [ 27.0875511, 58.4825485 ], [ 27.0880339, 58.4822849 ], [ 27.0883718, 58.4821166 ], [ 27.0884737, 58.4820984 ], [ 27.0886642, 58.4820844 ], [ 27.0893776, 58.4820157 ], [ 27.0896512, 58.4820016 ], [ 27.0899892, 58.4819624 ], [ 27.090295, 58.4819259 ], [ 27.0905954, 58.4818923 ], [ 27.0908689, 58.4818895 ], [ 27.0910943, 58.48186 ], [ 27.0913303, 58.4818446 ], [ 27.0915019, 58.4818278 ], [ 27.0919418, 58.4817787 ], [ 27.092607, 58.4816651 ], [ 27.0931059, 58.4815544 ], [ 27.0950747, 58.4811463 ], [ 27.095603, 58.4810313 ], [ 27.0957103, 58.4809879 ], [ 27.0957506, 58.4809486 ], [ 27.0957988, 58.4808645 ], [ 27.0958471, 58.4808112 ], [ 27.0959517, 58.4807383 ], [ 27.0960322, 58.480678 ], [ 27.0960939, 58.4806247 ], [ 27.0961422, 58.480556 ], [ 27.0962039, 58.4804817 ], [ 27.0962495, 58.4804368 ], [ 27.096405, 58.4803176 ], [ 27.0964748, 58.4802587 ], [ 27.0964935, 58.4802152 ], [ 27.0965981, 58.4801311 ], [ 27.0967376, 58.4800147 ], [ 27.0967939, 58.4799292 ], [ 27.0968449, 58.4798731 ], [ 27.0969522, 58.4797862 ], [ 27.0970193, 58.4797034 ], [ 27.0972177, 58.4795099 ], [ 27.0973787, 58.4793599 ], [ 27.0975128, 58.4792407 ], [ 27.0976523, 58.4791187 ], [ 27.0979446, 58.4788368 ], [ 27.0981458, 58.4786699 ], [ 27.0982692, 58.4785255 ], [ 27.0983349, 58.4784757 ], [ 27.0983899, 58.4784484 ], [ 27.0984341, 58.4784512 ], [ 27.098469, 58.4784596 ], [ 27.0985079, 58.4784547 ], [ 27.0985441, 58.4784322 ], [ 27.0985508, 58.4784007 ], [ 27.0985253, 58.4783663 ], [ 27.0984891, 58.4783383 ], [ 27.0984998, 58.4783116 ], [ 27.0985508, 58.4782829 ], [ 27.0985897, 58.4782506 ], [ 27.0986138, 58.478184 ], [ 27.0987117, 58.4780957 ], [ 27.0988271, 58.4780333 ], [ 27.0989639, 58.4779239 ], [ 27.098988, 58.4778664 ], [ 27.0990363, 58.4778285 ], [ 27.0991006, 58.4778019 ], [ 27.0991355, 58.4777598 ], [ 27.0991597, 58.4777262 ], [ 27.0991664, 58.4776631 ], [ 27.0992026, 58.4776203 ], [ 27.0992737, 58.4775852 ], [ 27.0993327, 58.4775397 ], [ 27.0993608, 58.4775109 ], [ 27.0994534, 58.4774653 ], [ 27.0994788, 58.4774373 ], [ 27.0995539, 58.4773609 ], [ 27.0996089, 58.4773132 ], [ 27.0996264, 58.4772655 ], [ 27.099621, 58.4772192 ], [ 27.0995995, 58.4771954 ], [ 27.0995285, 58.4771288 ], [ 27.0995244, 58.4770755 ], [ 27.0995539, 58.4770201 ], [ 27.099558, 58.4769731 ], [ 27.0995365, 58.4769212 ], [ 27.0994453, 58.4767312 ], [ 27.0994493, 58.4766793 ], [ 27.0994131, 58.4766078 ], [ 27.0993836, 58.4764998 ], [ 27.0993635, 58.4764044 ], [ 27.0993233, 58.4763168 ], [ 27.0993058, 58.476178 ], [ 27.0993032, 58.4761064 ], [ 27.0993005, 58.4760195 ], [ 27.0992576, 58.4759578 ], [ 27.0992576, 58.4759003 ], [ 27.0992227, 58.4758568 ], [ 27.0991932, 58.4757951 ], [ 27.0991798, 58.4757474 ], [ 27.0991717, 58.4756801 ], [ 27.0991664, 58.4756535 ], [ 27.0991932, 58.475631 ], [ 27.0991985, 58.4755819 ], [ 27.0991583, 58.4755258 ], [ 27.0991127, 58.4754852 ], [ 27.099102, 58.4754431 ], [ 27.0991288, 58.4753926 ], [ 27.0991395, 58.4753547 ], [ 27.09911, 58.4753127 ], [ 27.0990939, 58.4752748 ], [ 27.0990913, 58.4752271 ], [ 27.0990644, 58.4751528 ], [ 27.0990135, 58.4750911 ], [ 27.0990349, 58.475028 ], [ 27.0989759, 58.4748681 ], [ 27.0989196, 58.4746844 ], [ 27.0988794, 58.4746171 ], [ 27.0988713, 58.4745567 ], [ 27.0988686, 58.4744922 ], [ 27.0988713, 58.4743913 ], [ 27.0988257, 58.474223 ], [ 27.098756, 58.4741346 ], [ 27.0987158, 58.4740757 ], [ 27.0987426, 58.4740224 ], [ 27.0987318, 58.4739607 ], [ 27.0987238, 58.4738695 ], [ 27.0986326, 58.4736549 ], [ 27.098536, 58.4731795 ], [ 27.0984448, 58.4728794 ], [ 27.0979084, 58.4707096 ], [ 27.0979057, 58.4706829 ] ] } },
{ "type": "Feature", "properties": { "orig_fid": "w850164028", "waterway": "stream", "name": "Põdraoja" }, "geometry": { "type": "LineString", "coordinates": [ [ 27.0565635, 58.4882379 ], [ 27.0568559, 58.4882842 ], [ 27.0571348, 58.4883164 ], [ 27.0572904, 58.4883305 ], [ 27.0574406, 58.4883179 ], [ 27.0576391, 58.4882758 ], [ 27.0578939, 58.4882337 ], [ 27.058602, 58.4880935 ], [ 27.0596588, 58.4878931 ], [ 27.0609248, 58.4876561 ], [ 27.0620647, 58.487443 ], [ 27.0623329, 58.4873968 ], [ 27.0625073, 58.4873926 ], [ 27.0627782, 58.4874178 ], [ 27.0634836, 58.4874907 ], [ 27.0640764, 58.4875342 ], [ 27.0646557, 58.4875902 ], [ 27.0654429, 58.4876589 ] ] } },
{ "type": "Feature", "properties": { "orig_fid": "w850164029", "waterway": "stream", "name": "Põdraoja" }, "geometry": { "type": "LineString", "coordinates": [ [ 27.0655851, 58.4876702 ], [ 27.0658708, 58.4877038 ], [ 27.0660478, 58.4877234 ], [ 27.0662355, 58.4877445 ], [ 27.0663804, 58.4877529 ], [ 27.0665091, 58.4877809 ], [ 27.0666513, 58.4877921 ], [ 27.0667505, 58.4877879 ], [ 27.0668203, 58.4877823 ], [ 27.0669436, 58.4878047 ], [ 27.0670429, 58.4878258 ], [ 27.0672065, 58.4878426 ], [ 27.0673031, 58.4878622 ], [ 27.0673406, 58.4878987 ], [ 27.0673594, 58.4879576 ], [ 27.067405, 58.4880893 ], [ 27.0677966, 58.4892095 ], [ 27.0678663, 58.4894562 ], [ 27.0679227, 58.4895992 ] ] } },
{ "type": "Feature", "properties": { "orig_fid": "w850164030", "waterway": "stream", "name": "Põdraoja" }, "geometry": { "type": "LineString", "coordinates": [ [ 27.0470873, 58.4873701 ], [ 27.0471731, 58.4873701 ], [ 27.0472482, 58.4873828 ], [ 27.0473716, 58.4874332 ], [ 27.0475084, 58.4875061 ], [ 27.0475379, 58.487537 ], [ 27.0475942, 58.4875426 ], [ 27.0476532, 58.487537 ], [ 27.0478624, 58.4874823 ], [ 27.0482755, 58.4873912 ], [ 27.0485276, 58.4873365 ], [ 27.0486751, 58.4873211 ], [ 27.0489112, 58.4872944 ], [ 27.049453, 58.4872622 ], [ 27.0500565, 58.4872201 ], [ 27.0503354, 58.4872215 ], [ 27.0505366, 58.4872075 ], [ 27.0507914, 58.4872187 ], [ 27.0510033, 58.4872342 ], [ 27.0512125, 58.4872538 ], [ 27.051596, 58.4872566 ], [ 27.0518294, 58.4872818 ], [ 27.0523444, 58.48738 ], [ 27.0525965, 58.4874332 ], [ 27.0526957, 58.4874613 ], [ 27.0528111, 58.4875244 ], [ 27.052972, 58.4876463 ], [ 27.0530605, 58.4876814 ], [ 27.0531651, 58.4877164 ], [ 27.05331, 58.4877375 ], [ 27.0537928, 58.4878202 ], [ 27.054458, 58.4879197 ], [ 27.055327, 58.4880571 ], [ 27.0554531, 58.4880711 ], [ 27.0559359, 58.4881398 ], [ 27.0564026, 58.4882211 ] ] } },
{ "type": "Feature", "properties": { "orig_fid": "w850164031", "waterway": "stream", "name": "Põdraoja" }, "geometry": { "type": "LineString", "coordinates": [ [ 27.0311898, 58.4822568 ], [ 27.0313936, 58.4828626 ], [ 27.0319194, 58.4838272 ], [ 27.0323378, 58.4841918 ], [ 27.0326596, 58.4843095 ], [ 27.0330137, 58.4844161 ], [ 27.0335716, 58.4846348 ], [ 27.0343119, 58.484876 ], [ 27.034851, 58.4849867 ], [ 27.035661, 58.4851522 ], [ 27.0362645, 58.4852083 ], [ 27.0369297, 58.485277 ], [ 27.0372838, 58.4853625 ], [ 27.0377371, 58.4855279 ], [ 27.038075, 58.4857565 ], [ 27.0382869, 58.4859401 ], [ 27.0383513, 58.4861855 ], [ 27.0383513, 58.4867014 ], [ 27.0383486, 58.4867659 ], [ 27.0385632, 58.4867659 ], [ 27.0396763, 58.4867715 ], [ 27.040717, 58.4867953 ], [ 27.0422485, 58.4868051 ], [ 27.0441422, 58.4868192 ], [ 27.0448127, 58.4868304 ], [ 27.0449844, 58.48685 ], [ 27.0450622, 58.4868893 ], [ 27.0451909, 58.4871669 ], [ 27.0452741, 58.4873393 ], [ 27.045376, 58.4873954 ], [ 27.0455933, 58.4874374 ], [ 27.0461941, 58.4874262 ], [ 27.0465803, 58.4874164 ], [ 27.0466527, 58.4873982 ], [ 27.0467815, 58.4873701 ], [ 27.0468217, 58.4873645 ], [ 27.0468968, 58.4873729 ], [ 27.0469505, 58.4873701 ] ] } },
{ "type": "Feature", "properties": { "orig_fid": "w850164032", "waterway": "stream", "name": "Põdraoja" }, "geometry": { "type": "LineString", "coordinates": [ [ 27.0978923, 58.4705918 ], [ 27.0978655, 58.4705146 ], [ 27.0977931, 58.4703715 ], [ 27.0976777, 58.4698203 ], [ 27.0971574, 58.467684 ], [ 27.0965566, 58.4652151 ], [ 27.0965619, 58.4651856 ], [ 27.0965861, 58.4651562 ], [ 27.09668, 58.4651365 ], [ 27.0967792, 58.4651127 ], [ 27.0968221, 58.4650776 ], [ 27.0968033, 58.4650495 ], [ 27.0967524, 58.4650285 ], [ 27.0966907, 58.4649976 ], [ 27.0966719, 58.4649528 ], [ 27.0966531, 58.4649205 ], [ 27.0966987, 58.4648784 ], [ 27.0969053, 58.4646357 ], [ 27.0970957, 58.4643762 ], [ 27.0974524, 58.4639259 ], [ 27.09749, 58.4638599 ], [ 27.0975731, 58.4637659 ], [ 27.0975946, 58.4637238 ], [ 27.0976026, 58.4636312 ], [ 27.0976429, 58.4635863 ], [ 27.0977207, 58.4634881 ], [ 27.0980345, 58.4630518 ], [ 27.0982383, 58.4627713 ], [ 27.0982893, 58.4627011 ], [ 27.0983268, 58.4626716 ], [ 27.0983537, 58.4626197 ], [ 27.0984368, 58.4624822 ], [ 27.0986058, 58.4622536 ], [ 27.0986567, 58.462175 ], [ 27.0988445, 58.4619183 ], [ 27.0991047, 58.4615451 ], [ 27.0996438, 58.4608183 ], [ 27.0997994, 58.4605812 ], [ 27.0999013, 58.4604311 ], [ 27.1000139, 58.4602866 ], [ 27.1000676, 58.4602178 ], [ 27.1001427, 58.4601435 ], [ 27.1001936, 58.4601266 ] ] } },
{ "type": "Feature", "properties": { "orig_fid": "w850164035", "waterway": "stream", "name": "Viira oja" }, "geometry": { "type": "LineString", "coordinates": [ [ 27.0882471, 58.4343693 ], [ 27.0884054, 58.4344536 ], [ 27.0885502, 58.4345252 ], [ 27.0886575, 58.4345912 ], [ 27.0887433, 58.4346305 ], [ 27.0887835, 58.4346389 ], [ 27.088864, 58.4346544 ], [ 27.0892261, 58.4347063 ], [ 27.0893414, 58.4347203 ], [ 27.0894836, 58.4347442 ] ] } },
{ "type": "Feature", "properties": { "orig_fid": "w850164036", "waterway": "stream", "name": "Viira oja" }, "geometry": { "type": "LineString", "coordinates": [ [ 27.0558755, 58.4395015 ], [ 27.0557629, 58.4394348 ], [ 27.0552184, 58.4391527 ], [ 27.0539765, 58.4385167 ], [ 27.053719, 58.4384016 ], [ 27.0524906, 58.4377642 ], [ 27.0516162, 58.4372939 ], [ 27.051702, 58.4372405 ], [ 27.052166, 58.4369274 ], [ 27.0522975, 58.4365849 ], [ 27.0524503, 58.4362184 ], [ 27.0525523, 58.4359433 ] ] } },
{ "type": "Feature", "properties": { "orig_fid": "w850164037", "waterway": "stream", "name": "Viira oja" }, "geometry": { "type": "LineString", "coordinates": [ [ 27.0895855, 58.4347217 ], [ 27.0897706, 58.4346515 ], [ 27.0899074, 58.4346263 ], [ 27.0899905, 58.4345912 ], [ 27.09024, 58.4345434 ], [ 27.0906209, 58.434448 ], [ 27.0910286, 58.4343469 ], [ 27.0911841, 58.4343216 ], [ 27.0912458, 58.4343104 ], [ 27.091337, 58.434323 ], [ 27.0915596, 58.4343567 ], [ 27.0920585, 58.4344143 ], [ 27.0931448, 58.4345617 ], [ 27.0942284, 58.434688 ], [ 27.0946802, 58.43474 ], [ 27.0947701, 58.4347469 ], [ 27.0948072, 58.4347443 ] ] } },
{ "type": "Feature", "properties": { "orig_fid": "w850164038", "waterway": "stream", "name": "Viira oja" }, "geometry": { "type": "LineString", "coordinates": [ [ 27.0566547, 58.4413883 ], [ 27.0561183, 58.4400139 ], [ 27.0559493, 58.439597 ], [ 27.0559037, 58.4395282 ] ] } },
{ "type": "Feature", "properties": { "orig_fid": "w850164039", "waterway": "stream", "name": "Viira oja" }, "geometry": { "type": "LineString", "coordinates": [ [ 27.0991902, 58.4345059 ], [ 27.1002795, 58.4344599 ], [ 27.1006443, 58.4344304 ], [ 27.1011512, 58.4343686 ], [ 27.1016367, 58.4342886 ], [ 27.1032621, 58.4340485 ], [ 27.105601, 58.4337564 ], [ 27.1070708, 58.4335655 ], [ 27.1079721, 58.4334251 ], [ 27.1083073, 58.4333352 ], [ 27.1087928, 58.4332313 ], [ 27.1091361, 58.4331485 ], [ 27.1097396, 58.4330052 ], [ 27.1098442, 58.4329701 ], [ 27.1099381, 58.4329547 ], [ 27.1100588, 58.4329266 ], [ 27.1102412, 58.4328859 ], [ 27.1103619, 58.432869 ], [ 27.1104477, 58.4328297 ], [ 27.1108313, 58.4327497 ], [ 27.110944, 58.4327146 ], [ 27.1111129, 58.4326935 ], [ 27.1112283, 58.4326612 ], [ 27.1115072, 58.4325882 ], [ 27.1117942, 58.4325321 ], [ 27.1118935, 58.432504 ], [ 27.1119935, 58.4324535 ] ] } },
{ "type": "Feature", "properties": { "orig_fid": "w850164040", "waterway": "stream", "name": "Viira oja" }, "geometry": { "type": "LineString", "coordinates": [ [ 27.0687984, 58.4322632 ], [ 27.0688923, 58.4322463 ], [ 27.0691069, 58.4321986 ], [ 27.0695172, 58.432155 ], [ 27.0699115, 58.4321045 ], [ 27.07011, 58.432075 ], [ 27.0701771, 58.4320834 ], [ 27.0703031, 58.4321045 ], [ 27.0705982, 58.4321326 ], [ 27.0709951, 58.4321649 ], [ 27.0715959, 58.4322182 ], [ 27.0724516, 58.4322955 ], [ 27.0725803, 58.4323249 ], [ 27.0727064, 58.4323221 ], [ 27.0728968, 58.4323404 ], [ 27.0730524, 58.4323797 ], [ 27.0733689, 58.4325229 ], [ 27.074195, 58.4329189 ], [ 27.0743238, 58.4329554 ], [ 27.0745008, 58.4329414 ], [ 27.075579, 58.4328431 ], [ 27.0774083, 58.4326886 ], [ 27.0783685, 58.4326128 ], [ 27.0785295, 58.4326184 ], [ 27.0789425, 58.4326044 ], [ 27.0807289, 58.4326296 ], [ 27.0810293, 58.4326156 ], [ 27.0816355, 58.4325426 ], [ 27.0826601, 58.4323881 ], [ 27.0828666, 58.4323418 ], [ 27.0830275, 58.4323278 ], [ 27.0831402, 58.4323025 ], [ 27.0832582, 58.4323081 ], [ 27.0834003, 58.4323418 ], [ 27.0835827, 58.4323923 ], [ 27.0837866, 58.4324766 ], [ 27.0839046, 58.4325215 ], [ 27.0844196, 58.4327181 ], [ 27.0850928, 58.4329765 ], [ 27.0856963, 58.4331913 ], [ 27.0868604, 58.4336448 ], [ 27.0875095, 58.4338947 ], [ 27.0876892, 58.4339832 ], [ 27.0878635, 58.4341363 ], [ 27.088062, 58.4343005 ], [ 27.0881344, 58.4343244 ] ] } },
{ "type": "Feature", "properties": { "orig_fid": "w850164041", "waterway": "stream", "name": "Viira oja" }, "geometry": { "type": "LineString", "coordinates": [ [ 27.0525844, 58.4358618 ], [ 27.0526354, 58.4357327 ], [ 27.0526783, 58.4356877 ], [ 27.0527668, 58.4355965 ], [ 27.0551781, 58.4350994 ], [ 27.0553391, 58.4350348 ], [ 27.055433, 58.4349955 ], [ 27.0555322, 58.4349225 ], [ 27.0555832, 58.4348425 ], [ 27.0557575, 58.434052 ], [ 27.0558111, 58.4338386 ], [ 27.0558648, 58.4337164 ], [ 27.0558997, 58.4336645 ], [ 27.0559399, 58.4336322 ], [ 27.0560525, 58.4336266 ], [ 27.056133, 58.4336083 ], [ 27.056243, 58.4336224 ], [ 27.0563664, 58.4335887 ], [ 27.0564897, 58.4336083 ], [ 27.0566802, 58.4335901 ], [ 27.0567875, 58.4335873 ], [ 27.0568813, 58.4335788 ], [ 27.0570986, 58.4335213 ], [ 27.0575117, 58.4334089 ], [ 27.0579757, 58.4332882 ], [ 27.058319, 58.4331969 ], [ 27.0586275, 58.4331113 ], [ 27.0587213, 58.4331113 ], [ 27.0589037, 58.4331225 ], [ 27.0592363, 58.4331506 ], [ 27.0597996, 58.4332025 ], [ 27.0605801, 58.4332685 ], [ 27.0608725, 58.433284 ], [ 27.0610468, 58.4332769 ], [ 27.0612721, 58.4332404 ], [ 27.0618434, 58.4331632 ], [ 27.0625274, 58.4330649 ], [ 27.0628144, 58.4330059 ], [ 27.0631792, 58.4329063 ], [ 27.0636083, 58.4327827 ], [ 27.0643352, 58.4325496 ], [ 27.0645364, 58.4324934 ], [ 27.0647536, 58.4324668 ], [ 27.0649709, 58.4324443 ], [ 27.0652659, 58.432419 ], [ 27.0658319, 58.4324078 ], [ 27.0664622, 58.4324583 ], [ 27.0669477, 58.4324724 ], [ 27.0671569, 58.4324471 ], [ 27.0674573, 58.4324176 ], [ 27.0681842, 58.4323278 ], [ 27.0682593, 58.4323151 ], [ 27.0683424, 58.4323165 ], [ 27.0684148, 58.4323053 ], [ 27.0685034, 58.4322997 ] ] } },
{ "type": "Feature", "properties": { "orig_fid": "w850164044", "waterway": "stream", "name": null }, "geometry": { "type": "LineString", "coordinates": [ [ 26.9760188, 58.6887731 ], [ 26.9757291, 58.6888525 ], [ 26.9754502, 58.6889083 ], [ 26.9752195, 58.6889417 ], [ 26.9749835, 58.6890003 ], [ 26.9748869, 58.6890895 ], [ 26.9747528, 58.6891425 ], [ 26.9744524, 58.6891759 ], [ 26.974101, 58.6891508 ], [ 26.9739803, 58.6891257 ], [ 26.9732361, 58.6889084 ] ] } },
{ "type": "Feature", "properties": { "orig_fid": "w850164046", "waterway": "stream", "name": null }, "geometry": { "type": "LineString", "coordinates": [ [ 27.0248159, 58.6707999 ], [ 27.0251813, 58.6710988 ], [ 27.0252799, 58.6712226 ], [ 27.0254729, 58.6713315 ], [ 27.0255838, 58.6714276 ], [ 27.0256618, 58.6715322 ], [ 27.0256248, 58.6716048 ], [ 27.0255098, 58.6717137 ], [ 27.0252758, 58.6717991 ], [ 27.0248692, 58.6718845 ], [ 27.0245695, 58.6719272 ], [ 27.0236497, 58.6720276 ], [ 27.0233171, 58.672113 ], [ 27.0231117, 58.6722389 ] ] } },
{ "type": "Feature", "properties": { "orig_fid": "w850164047", "waterway": "stream", "name": null }, "geometry": { "type": "LineString", "coordinates": [ [ 27.1327544, 58.4298109 ], [ 27.1329947, 58.4296573 ], [ 27.1334429, 58.4294803 ], [ 27.1340641, 58.4293156 ], [ 27.1358255, 58.4291757 ], [ 27.1384675, 58.4295709 ], [ 27.1409209, 58.4302296 ], [ 27.1432484, 58.4312176 ], [ 27.1458276, 58.4324031 ], [ 27.1472115, 58.4331276 ], [ 27.1492874, 58.4345766 ], [ 27.1504827, 58.4354986 ], [ 27.1523699, 58.4368157 ], [ 27.1533135, 58.4375401 ], [ 27.1540526, 58.4383221 ], [ 27.1541616, 58.4390604 ] ] } },
{ "type": "Feature", "properties": { "orig_fid": "w850164050", "waterway": "stream", "name": null }, "geometry": { "type": "LineString", "coordinates": [ [ 27.0525523, 58.4359433 ], [ 27.0525844, 58.4358618 ] ] } },
{ "type": "Feature", "properties": { "orig_fid": "w850164051", "waterway": "stream", "name": null }, "geometry": { "type": "LineString", "coordinates": [ [ 27.0765889, 58.4079053 ], [ 27.076723, 58.4079825 ] ] } },
{ "type": "Feature", "properties": { "orig_fid": "w850164052", "waterway": "stream", "name": null }, "geometry": { "type": "LineString", "coordinates": [ [ 27.022619, 58.6728623 ], [ 27.0225327, 58.6729572 ] ] } },
{ "type": "Feature", "properties": { "orig_fid": "w850164054", "waterway": "stream", "name": null }, "geometry": { "type": "LineString", "coordinates": [ [ 26.9912568, 58.6871777 ], [ 26.9909981, 58.6872161 ] ] } },
{ "type": "Feature", "properties": { "orig_fid": "w850164055", "waterway": "stream", "name": null }, "geometry": { "type": "LineString", "coordinates": [ [ 27.0564026, 58.4882211 ], [ 27.0565635, 58.4882379 ] ] } },
{ "type": "Feature", "properties": { "orig_fid": "w850164056", "waterway": "stream", "name": null }, "geometry": { "type": "LineString", "coordinates": [ [ 27.0559037, 58.4395282 ], [ 27.0558755, 58.4395015 ] ] } },
{ "type": "Feature", "properties": { "orig_fid": "w850164057", "waterway": "stream", "name": null }, "geometry": { "type": "LineString", "coordinates": [ [ 27.0979057, 58.4706829 ], [ 27.0978923, 58.4705918 ] ] } },
{ "type": "Feature", "properties": { "orig_fid": "w850164058", "waterway": "stream", "name": null }, "geometry": { "type": "LineString", "coordinates": [ [ 27.0097641, 58.6818804 ], [ 27.0096922, 58.6819487 ] ] } },
{ "type": "Feature", "properties": { "orig_fid": "w850164059", "waterway": "stream", "name": null }, "geometry": { "type": "LineString", "coordinates": [ [ 27.0266185, 58.6693629 ], [ 27.0265282, 58.6694547 ] ] } },
{ "type": "Feature", "properties": { "orig_fid": "w850164061", "waterway": "stream", "name": null }, "geometry": { "type": "LineString", "coordinates": [ [ 27.0338481, 58.6610148 ], [ 27.0337794, 58.661135 ] ] } },
{ "type": "Feature", "properties": { "orig_fid": "w850164062", "waterway": "stream", "name": null }, "geometry": { "type": "LineString", "coordinates": [ [ 27.0228818, 58.6725101 ], [ 27.0227381, 58.6726937 ] ] } },
{ "type": "Feature", "properties": { "orig_fid": "w850164063", "waterway": "stream", "name": null }, "geometry": { "type": "LineString", "coordinates": [ [ 27.0685034, 58.4322997 ], [ 27.0687984, 58.4322632 ] ] } },
{ "type": "Feature", "properties": { "orig_fid": "w850164064", "waterway": "stream", "name": null }, "geometry": { "type": "LineString", "coordinates": [ [ 27.0894836, 58.4347442 ], [ 27.0895855, 58.4347217 ] ] } },
{ "type": "Feature", "properties": { "orig_fid": "w850164065", "waterway": "stream", "name": null }, "geometry": { "type": "LineString", "coordinates": [ [ 27.1001936, 58.4601266 ], [ 27.1003707, 58.4600803 ] ] } },
{ "type": "Feature", "properties": { "orig_fid": "w850164066", "waterway": "stream", "name": null }, "geometry": { "type": "LineString", "coordinates": [ [ 27.0679227, 58.4895992 ], [ 27.067979, 58.4897127 ] ] } },
{ "type": "Feature", "properties": { "orig_fid": "w850164067", "waterway": "stream", "name": null }, "geometry": { "type": "LineString", "coordinates": [ [ 27.0727184, 58.4894478 ], [ 27.0729706, 58.4894085 ] ] } },
{ "type": "Feature", "properties": { "orig_fid": "w850164068", "waterway": "stream", "name": null }, "geometry": { "type": "LineString", "coordinates": [ [ 27.0469505, 58.4873701 ], [ 27.0470873, 58.4873701 ] ] } },
{ "type": "Feature", "properties": { "orig_fid": "w850164069", "waterway": "stream", "name": null }, "geometry": { "type": "LineString", "coordinates": [ [ 27.0948072, 58.4347443 ], [ 27.0949896, 58.4347285 ] ] } },
{ "type": "Feature", "properties": { "orig_fid": "w850164070", "waterway": "stream", "name": null }, "geometry": { "type": "LineString", "coordinates": [ [ 27.0654429, 58.4876589 ], [ 27.0655851, 58.4876702 ] ] } },
{ "type": "Feature", "properties": { "orig_fid": "w850164071", "waterway": "stream", "name": null }, "geometry": { "type": "LineString", "coordinates": [ [ 27.0881344, 58.4343244 ], [ 27.0882471, 58.4343693 ] ] } },
{ "type": "Feature", "properties": { "orig_fid": "w855949688", "waterway": "stream", "name": "Koosa oja" }, "geometry": { "type": "LineString", "coordinates": [ [ 27.0327406, 58.5416673 ], [ 27.0332933, 58.5415887 ], [ 27.0334573, 58.5415624 ], [ 27.0336345, 58.5415348 ], [ 27.0338355, 58.5415197 ], [ 27.0338884, 58.5414976 ], [ 27.0339994, 58.5414893 ], [ 27.0341449, 58.5414658 ], [ 27.0344279, 58.5414341 ], [ 27.0346421, 58.5413954 ], [ 27.0347347, 58.5413471 ], [ 27.0350388, 58.5412022 ], [ 27.0358216, 58.5407992 ], [ 27.0364986, 58.5404514 ], [ 27.0370858, 58.540156 ], [ 27.0376967, 58.5398441 ], [ 27.0382706, 58.5395473 ], [ 27.038379, 58.5394866 ], [ 27.0384901, 58.5394521 ], [ 27.0385668, 58.5394521 ], [ 27.0386197, 58.5394659 ], [ 27.0387043, 58.5395142 ], [ 27.0389979, 58.5396481 ], [ 27.039228, 58.5397364 ], [ 27.0395532, 58.539902 ], [ 27.0398706, 58.5400262 ], [ 27.0402832, 58.5402236 ], [ 27.0405926, 58.5403824 ], [ 27.0407222, 58.5404307 ], [ 27.0408544, 58.5404679 ], [ 27.040947, 58.5404873 ], [ 27.0413172, 58.5403879 ], [ 27.0419335, 58.5402222 ], [ 27.042465, 58.5400911 ], [ 27.0430945, 58.5399172 ], [ 27.0436498, 58.5397737 ], [ 27.044028, 58.5396798 ], [ 27.0441894, 58.5396356 ], [ 27.0444697, 58.539557 ], [ 27.0449933, 58.5394106 ], [ 27.0453662, 58.5393044 ], [ 27.0458, 58.5392036 ], [ 27.0459957, 58.5391581 ], [ 27.0460565, 58.539136 ], [ 27.04612, 58.5390987 ], [ 27.0461623, 58.5390877 ], [ 27.0462231, 58.5390821 ], [ 27.0462998, 58.5390739 ], [ 27.0464003, 58.5390366 ], [ 27.0464373, 58.5390255 ], [ 27.0465167, 58.5390173 ], [ 27.0466013, 58.5389966 ], [ 27.0466939, 58.5389593 ], [ 27.0467494, 58.5389413 ], [ 27.0468182, 58.5389413 ], [ 27.0468843, 58.5389234 ], [ 27.0470721, 58.5388709 ], [ 27.0471805, 58.5388502 ], [ 27.0472625, 58.5388144 ], [ 27.0473365, 58.5388006 ], [ 27.0474767, 58.5387647 ], [ 27.0475957, 58.5387329 ], [ 27.0477438, 58.5387026 ], [ 27.0480241, 58.5386322 ], [ 27.0485028, 58.5384969 ], [ 27.0485636, 58.5384776 ], [ 27.0486641, 58.5384638 ], [ 27.0487144, 58.53845 ], [ 27.0488017, 58.5384223 ], [ 27.048881, 58.5384072 ], [ 27.0489524, 58.5383878 ], [ 27.049037, 58.5383644 ], [ 27.0491481, 58.5383381 ], [ 27.0495369, 58.5382305 ], [ 27.0497432, 58.5381835 ], [ 27.0498595, 58.5381428 ], [ 27.0498794, 58.5381221 ], [ 27.0498913, 58.5381042 ], [ 27.0499204, 58.5380938 ], [ 27.0499428, 58.5380952 ], [ 27.0499746, 58.5381104 ], [ 27.0500513, 58.5381056 ], [ 27.050128, 58.5380869 ], [ 27.0501967, 58.5380566 ], [ 27.0503739, 58.5380062 ], [ 27.0504903, 58.5379806 ], [ 27.0506609, 58.5379378 ], [ 27.0508936, 58.537875 ], [ 27.0513168, 58.5377632 ], [ 27.0515257, 58.5377056 ], [ 27.0515706, 58.5377004 ], [ 27.0515984, 58.5377066 ], [ 27.0516255, 58.5377166 ], [ 27.0517782, 58.5377712 ], [ 27.0519964, 58.5378291 ], [ 27.0520811, 58.5378657 ], [ 27.0521802, 58.5378982 ], [ 27.052286, 58.5379361 ], [ 27.0523773, 58.5379644 ], [ 27.0524315, 58.5379693 ], [ 27.0525002, 58.5379672 ], [ 27.052614, 58.537961 ], [ 27.0528493, 58.5379306 ], [ 27.0531297, 58.5379044 ], [ 27.0534127, 58.5378726 ] ] } },
{ "type": "Feature", "properties": { "orig_fid": "w855949689", "waterway": "stream", "name": "Koosa oja" }, "geometry": { "type": "LineString", "coordinates": [ [ 27.0561287, 58.5266755 ], [ 27.0561605, 58.5266203 ], [ 27.0561975, 58.5266037 ], [ 27.0562544, 58.5265954 ], [ 27.0563244, 58.5266003 ], [ 27.0563509, 58.5266003 ], [ 27.0563839, 58.5265927 ], [ 27.0564144, 58.5265747 ], [ 27.0564567, 58.5265437 ], [ 27.0567806, 58.5263814 ], [ 27.0570332, 58.5262475 ], [ 27.0572805, 58.5261135 ], [ 27.0573783, 58.5260742 ], [ 27.0574312, 58.5260376 ], [ 27.0574729, 58.5260065 ] ] } },
{ "type": "Feature", "properties": { "orig_fid": "w855949690", "waterway": "stream", "name": "Koosa oja" }, "geometry": { "type": "LineString", "coordinates": [ [ 27.0536348, 58.5378485 ], [ 27.053972, 58.5378119 ], [ 27.0547932, 58.5377325 ], [ 27.0558087, 58.5376414 ], [ 27.0566101, 58.537571 ], [ 27.0577473, 58.5374813 ], [ 27.0581413, 58.5374426 ], [ 27.0583556, 58.5374233 ], [ 27.0584164, 58.5374068 ], [ 27.0584375, 58.537288 ], [ 27.0585142, 58.5363673 ], [ 27.058546, 58.5356716 ], [ 27.0585354, 58.5355777 ], [ 27.0584243, 58.535448 ], [ 27.0578848, 58.5349538 ], [ 27.0573188, 58.5344623 ], [ 27.0561605, 58.5334601 ], [ 27.0553036, 58.532687 ], [ 27.0543145, 58.5318365 ], [ 27.0542325, 58.5317882 ], [ 27.0541532, 58.5316805 ], [ 27.0540553, 58.5315466 ] ] } },
{ "type": "Feature", "properties": { "orig_fid": "w855949691", "waterway": "stream", "name": "Koosa oja" }, "geometry": { "type": "LineString", "coordinates": [ [ 27.0540077, 58.5314638 ], [ 27.0539072, 58.5313395 ], [ 27.0535925, 58.5309088 ], [ 27.053106, 58.5302363 ], [ 27.0530001, 58.5301163 ], [ 27.0529446, 58.5300569 ], [ 27.0528308, 58.5299506 ], [ 27.0528361, 58.5298692 ], [ 27.0528626, 58.5296165 ], [ 27.0529022, 58.5291112 ], [ 27.0529181, 58.5289372 ], [ 27.0529366, 58.5288516 ], [ 27.0530556, 58.5286031 ], [ 27.0532117, 58.528262 ], [ 27.0533994, 58.5278381 ], [ 27.0535052, 58.5276117 ], [ 27.0535978, 58.5275081 ], [ 27.0538596, 58.5272831 ], [ 27.0539522, 58.5272265 ], [ 27.0541241, 58.5271837 ], [ 27.0543833, 58.5271422 ], [ 27.0550094, 58.5270447 ], [ 27.0557467, 58.5269119 ], [ 27.0559727, 58.5268633 ] ] } },
{ "type": "Feature", "properties": { "orig_fid": "w855949692", "waterway": "stream", "name": "Koosa oja" }, "geometry": { "type": "LineString", "coordinates": [ [ 27.0225744, 58.5492231 ], [ 27.0228706, 58.5491072 ], [ 27.024587, 58.5469186 ] ] } },
{ "type": "Feature", "properties": { "orig_fid": "w855949693", "waterway": "stream", "name": "Koosa oja" }, "geometry": { "type": "LineString", "coordinates": [ [ 27.0246452, 58.5468165 ], [ 27.0251609, 58.5461789 ], [ 27.025198, 58.5461375 ], [ 27.0252509, 58.5460699 ], [ 27.0252932, 58.5460299 ], [ 27.0253064, 58.545994 ], [ 27.0256343, 58.5455841 ], [ 27.0256714, 58.5455248 ], [ 27.0257163, 58.5454516 ], [ 27.0257824, 58.5453868 ], [ 27.0260152, 58.5450749 ], [ 27.0260628, 58.5450418 ], [ 27.0260707, 58.5450128 ], [ 27.0261448, 58.5449203 ], [ 27.0262109, 58.5448306 ], [ 27.0262823, 58.5447561 ], [ 27.0263643, 58.5446291 ], [ 27.0264938, 58.5444649 ], [ 27.0265388, 58.544418 ], [ 27.0266314, 58.5442896 ], [ 27.0271577, 58.5436092 ], [ 27.0272899, 58.5434505 ], [ 27.0273375, 58.5433774 ], [ 27.0274406, 58.543267 ], [ 27.0275094, 58.5432173 ], [ 27.027557, 58.5431593 ], [ 27.0276416, 58.5430765 ], [ 27.0278109, 58.5428833 ], [ 27.0279352, 58.5427259 ], [ 27.0280304, 58.5426045 ], [ 27.0280912, 58.5425175 ], [ 27.0281415, 58.5424554 ], [ 27.0282076, 58.5423505 ], [ 27.0282605, 58.5423064 ], [ 27.028324, 58.5422898 ], [ 27.0284007, 58.542287 ], [ 27.0284985, 58.5422801 ], [ 27.0286836, 58.5422443 ], [ 27.0288714, 58.542236 ], [ 27.0290036, 58.5422015 ], [ 27.0293818, 58.542149 ], [ 27.0295061, 58.5421338 ], [ 27.0297045, 58.5421062 ], [ 27.0300218, 58.5420635 ], [ 27.0304, 58.5420041 ], [ 27.0309633, 58.5419241 ], [ 27.0315187, 58.5418357 ], [ 27.0322407, 58.5417336 ], [ 27.0325766, 58.5416908 ] ] } },
{ "type": "Feature", "properties": { "orig_fid": "w855949728", "waterway": "ditch", "name": null }, "geometry": { "type": "LineString", "coordinates": [ [ 27.0223814, 58.5492604 ], [ 27.0225744, 58.5492231 ] ] } },
{ "type": "Feature", "properties": { "orig_fid": "w855949731", "waterway": "stream", "name": null }, "geometry": { "type": "LineString", "coordinates": [ [ 27.024587, 58.5469186 ], [ 27.0246452, 58.5468165 ] ] } },
{ "type": "Feature", "properties": { "orig_fid": "w855949744", "waterway": "stream", "name": null }, "geometry": { "type": "LineString", "coordinates": [ [ 27.0534127, 58.5378726 ], [ 27.0536348, 58.5378485 ] ] } },
{ "type": "Feature", "properties": { "orig_fid": "w855949748", "waterway": "stream", "name": null }, "geometry": { "type": "LineString", "coordinates": [ [ 27.0559727, 58.5268633 ], [ 27.0561287, 58.5266755 ] ] } },
{ "type": "Feature", "properties": { "orig_fid": "w855949750", "waterway": "stream", "name": null }, "geometry": { "type": "LineString", "coordinates": [ [ 27.0540553, 58.5315466 ], [ 27.0540077, 58.5314638 ] ] } },
{ "type": "Feature", "properties": { "orig_fid": "w855949754", "waterway": "stream", "name": null }, "geometry": { "type": "LineString", "coordinates": [ [ 27.0325766, 58.5416908 ], [ 27.0327406, 58.5416673 ] ] } },
{ "type": "Feature", "properties": { "orig_fid": "w868734248", "waterway": "ditch", "name": "Ristimurru kr" }, "geometry": { "type": "LineString", "coordinates": [ [ 26.8365032, 58.5975778 ], [ 26.8365032, 58.5976337 ], [ 26.8365139, 58.59767 ], [ 26.8364737, 58.5977679 ], [ 26.8364602, 58.5978839 ], [ 26.8364415, 58.5980599 ], [ 26.8364146, 58.5981606 ], [ 26.8363342, 58.5982933 ], [ 26.8341797, 58.6017905 ], [ 26.8341582, 58.6018191 ] ] } },
{ "type": "Feature", "properties": { "orig_fid": "w868734249", "waterway": "ditch", "name": "Ristimurru kr" }, "geometry": { "type": "LineString", "coordinates": [ [ 26.82503, 58.6147313 ], [ 26.8249737, 58.6147984 ], [ 26.8249361, 58.6148242 ], [ 26.8245928, 58.6152189 ], [ 26.823591, 58.6163503 ], [ 26.8219368, 58.6182233 ], [ 26.8218643, 58.6183085 ], [ 26.819394, 58.6210858 ], [ 26.8167547, 58.6241024 ], [ 26.8150623, 58.6260183 ] ] } },
{ "type": "Feature", "properties": { "orig_fid": "w868734250", "waterway": "ditch", "name": "Ristimurru kr" }, "geometry": { "type": "LineString", "coordinates": [ [ 26.8314995, 58.6062171 ], [ 26.8314593, 58.6062842 ], [ 26.8297239, 58.6090617 ], [ 26.8291539, 58.6100327 ], [ 26.8290278, 58.6102031 ], [ 26.828942, 58.6102632 ], [ 26.8288186, 58.6103889 ], [ 26.828773, 58.6104476 ], [ 26.8285182, 58.6107619 ], [ 26.8258461, 58.6137996 ], [ 26.825199, 58.6145323 ], [ 26.8251293, 58.6146049 ], [ 26.8250689, 58.6146664 ] ] } },
{ "type": "Feature", "properties": { "orig_fid": "w868734251", "waterway": "ditch", "name": "Ristimurru kr" }, "geometry": { "type": "LineString", "coordinates": [ [ 26.8341234, 58.6018918 ], [ 26.8315692, 58.6061039 ], [ 26.8315384, 58.6061528 ] ] } },
{ "type": "Feature", "properties": { "orig_fid": "w868734252", "waterway": "ditch", "name": "Ristimurru kr" }, "geometry": { "type": "LineString", "coordinates": [ [ 26.8149496, 58.6261384 ], [ 26.8149067, 58.6261831 ], [ 26.8142522, 58.6268729 ], [ 26.8128736, 58.6284787 ], [ 26.81179, 58.6297075 ], [ 26.8114091, 58.6301207 ], [ 26.811334, 58.6302911 ], [ 26.8113662, 58.6306765 ], [ 26.8114037, 58.6310618 ], [ 26.8114037, 58.631154 ], [ 26.8113501, 58.6312768 ], [ 26.8113715, 58.6318102 ], [ 26.8115861, 58.6333348 ], [ 26.8120582, 58.6364647 ], [ 26.8123613, 58.6385238 ], [ 26.8124525, 58.6386229 ], [ 26.8126201, 58.6389174 ], [ 26.8128186, 58.6393111 ], [ 26.8128695, 58.6394856 ], [ 26.8128298, 58.6395894 ], [ 26.8126475, 58.6397346 ], [ 26.8124329, 58.6398602 ], [ 26.8123471, 58.640011 ], [ 26.8123792, 58.64005 ], [ 26.8123792, 58.6401422 ], [ 26.812331, 58.6402371 ], [ 26.8123846, 58.6402901 ], [ 26.8125348, 58.640346 ], [ 26.8125724, 58.6404241 ], [ 26.8125294, 58.640452 ], [ 26.8124704, 58.6405107 ], [ 26.8124812, 58.6405777 ], [ 26.812567, 58.6405833 ], [ 26.8126957, 58.6405442 ], [ 26.8127655, 58.6405553 ], [ 26.8128231, 58.6405993 ] ] } },
{ "type": "Feature", "properties": { "orig_fid": "w868734253", "waterway": "ditch", "name": "Ristimurru kr" }, "geometry": { "type": "LineString", "coordinates": [ [ 26.8381836, 58.585993 ], [ 26.8381406, 58.5860712 ], [ 26.8381192, 58.5861453 ], [ 26.8381433, 58.586218 ], [ 26.838146, 58.5863019 ], [ 26.8381031, 58.5864026 ], [ 26.8380763, 58.5865032 ], [ 26.838091, 58.5866123 ], [ 26.8380615, 58.5867605 ], [ 26.8380293, 58.586903 ], [ 26.8380267, 58.5869338 ], [ 26.8380454, 58.5869855 ], [ 26.8380213, 58.587068 ], [ 26.8380293, 58.5871141 ], [ 26.8380025, 58.5871743 ], [ 26.8379864, 58.5872637 ], [ 26.8379301, 58.5876901 ], [ 26.8377853, 58.5886687 ], [ 26.8377799, 58.5887162 ], [ 26.8371751, 58.5929949 ], [ 26.837159, 58.5930592 ], [ 26.8371429, 58.5932395 ], [ 26.8370651, 58.5936407 ], [ 26.8370704, 58.5937259 ], [ 26.8370222, 58.5937623 ], [ 26.8370114, 58.5938391 ], [ 26.8369846, 58.594046 ], [ 26.8369095, 58.59477 ], [ 26.8368451, 58.5950328 ], [ 26.8366896, 58.5961592 ], [ 26.8366627, 58.5964555 ], [ 26.8365501, 58.5970146 ], [ 26.8365407, 58.5971767 ], [ 26.8365622, 58.5972368 ], [ 26.8365246, 58.5973039 ], [ 26.8365085, 58.597357 ], [ 26.8365353, 58.5974101 ], [ 26.8365085, 58.5974911 ] ] } },
{ "type": "Feature", "properties": { "orig_fid": "w868734254", "waterway": "ditch", "name": "Ristimurru kr" }, "geometry": { "type": "LineString", "coordinates": [ [ 26.8424671, 58.5694421 ], [ 26.8425757, 58.5696967 ], [ 26.842624, 58.5698491 ], [ 26.8426669, 58.5700379 ], [ 26.8426749, 58.5701135 ] ] } },
{ "type": "Feature", "properties": { "orig_fid": "w868734255", "waterway": "ditch", "name": "Ristimurru kr" }, "geometry": { "type": "LineString", "coordinates": [ [ 26.8425489, 58.5702268 ], [ 26.8421398, 58.5704226 ], [ 26.8420379, 58.5705121 ], [ 26.8420003, 58.5706492 ], [ 26.841936, 58.5708506 ], [ 26.841936, 58.570968 ], [ 26.8420218, 58.5710827 ], [ 26.8422096, 58.5712226 ], [ 26.8422847, 58.5713569 ], [ 26.8424402, 58.5718799 ], [ 26.8427567, 58.57301 ], [ 26.8427728, 58.5730939 ], [ 26.8427245, 58.5731526 ], [ 26.8424295, 58.5733764 ], [ 26.8418931, 58.5738071 ], [ 26.8413888, 58.5741875 ], [ 26.8413191, 58.5742211 ], [ 26.8400692, 58.5746406 ], [ 26.8399672, 58.5746966 ], [ 26.8399243, 58.5747637 ], [ 26.839817, 58.5750322 ], [ 26.8397687, 58.5754881 ], [ 26.8397473, 58.5755692 ], [ 26.8396239, 58.576425 ], [ 26.8394791, 58.5774654 ], [ 26.8394522, 58.577608 ], [ 26.8394308, 58.5777395 ], [ 26.839404, 58.5777982 ], [ 26.8393825, 58.5778569 ], [ 26.8393932, 58.5779045 ], [ 26.8393932, 58.577952 ], [ 26.8393664, 58.5780275 ], [ 26.8393611, 58.5781394 ], [ 26.8393342, 58.5783464 ], [ 26.8393342, 58.5784247 ], [ 26.8393074, 58.578489 ], [ 26.8392913, 58.5785813 ], [ 26.839302, 58.5786344 ], [ 26.8392806, 58.5786931 ], [ 26.8392913, 58.5787659 ], [ 26.8392632, 58.5788246 ], [ 26.8392605, 58.5788819 ], [ 26.8392497, 58.5789211 ], [ 26.8392551, 58.5789644 ], [ 26.8392417, 58.5790162 ], [ 26.8392202, 58.5791252 ], [ 26.8391746, 58.5794328 ], [ 26.839129, 58.5797503 ], [ 26.8390995, 58.5800551 ], [ 26.8383458, 58.5849444 ], [ 26.838374, 58.5850157 ], [ 26.8383311, 58.585136 ], [ 26.8383499, 58.5851891 ], [ 26.838315, 58.585245 ], [ 26.838315, 58.5852869 ], [ 26.838315, 58.5853233 ], [ 26.8382935, 58.5853652 ], [ 26.8383043, 58.58541 ], [ 26.8382748, 58.5855218 ], [ 26.8382748, 58.5856882 ], [ 26.8382211, 58.5858937 ] ] } },
{ "type": "Feature", "properties": { "orig_fid": "w868734271", "waterway": "ditch", "name": null }, "geometry": { "type": "LineString", "coordinates": [ [ 26.8426749, 58.5701135 ], [ 26.8425489, 58.5702268 ] ] } },
{ "type": "Feature", "properties": { "orig_fid": "w868734280", "waterway": "ditch", "name": null }, "geometry": { "type": "LineString", "coordinates": [ [ 26.8250689, 58.6146664 ], [ 26.82503, 58.6147313 ] ] } },
{ "type": "Feature", "properties": { "orig_fid": "w868734282", "waterway": "ditch", "name": null }, "geometry": { "type": "LineString", "coordinates": [ [ 26.8315384, 58.6061528 ], [ 26.8314995, 58.6062171 ] ] } },
{ "type": "Feature", "properties": { "orig_fid": "w868734292", "waterway": "ditch", "name": null }, "geometry": { "type": "LineString", "coordinates": [ [ 26.8150623, 58.6260183 ], [ 26.8149496, 58.6261384 ] ] } },
{ "type": "Feature", "properties": { "orig_fid": "w868734293", "waterway": "ditch", "name": null }, "geometry": { "type": "LineString", "coordinates": [ [ 26.8341582, 58.6018191 ], [ 26.8341234, 58.6018918 ] ] } },
{ "type": "Feature", "properties": { "orig_fid": "w868734294", "waterway": "ditch", "name": null }, "geometry": { "type": "LineString", "coordinates": [ [ 26.8382211, 58.5858937 ], [ 26.8381836, 58.585993 ] ] } },
{ "type": "Feature", "properties": { "orig_fid": "w868734305", "waterway": "ditch", "name": null }, "geometry": { "type": "LineString", "coordinates": [ [ 26.8413486, 58.5676685 ], [ 26.8415417, 58.5677399 ] ] } },
{ "type": "Feature", "properties": { "orig_fid": "w868734307", "waterway": "ditch", "name": null }, "geometry": { "type": "LineString", "coordinates": [ [ 26.8365085, 58.5974911 ], [ 26.8365032, 58.5975778 ] ] } },
{ "type": "Feature", "properties": { "orig_fid": "w868734314", "waterway": "ditch", "name": null }, "geometry": { "type": "LineString", "coordinates": [ [ 26.8416596, 58.5647945 ], [ 26.8415201, 58.5657234 ], [ 26.8413699, 58.5667976 ], [ 26.8412599, 58.5674159 ], [ 26.8412398, 58.5675866 ], [ 26.8412479, 58.5676215 ], [ 26.8412774, 58.5676411 ], [ 26.8413486, 58.5676685 ] ] } },
{ "type": "Feature", "properties": { "orig_fid": "w868734315", "waterway": "ditch", "name": null }, "geometry": { "type": "LineString", "coordinates": [ [ 26.8415417, 58.5677399 ], [ 26.841598, 58.5677567 ], [ 26.8416785, 58.5678588 ], [ 26.8419226, 58.5681945 ], [ 26.8420406, 58.5684434 ], [ 26.8421854, 58.5688015 ], [ 26.842341, 58.5691904 ], [ 26.8424671, 58.5694421 ] ] } },
{ "type": "Feature", "properties": { "orig_fid": "w880797622", "waterway": "ditch", "name": null }, "geometry": { "type": "LineString", "coordinates": [ [ 27.1886403, 58.4815783 ], [ 27.1887546, 58.4815119 ], [ 27.1939462, 58.4784737 ], [ 27.1940605, 58.478404 ], [ 27.1941488, 58.4783714 ], [ 27.1943094, 58.4783572 ], [ 27.2060549, 58.4784186 ], [ 27.2061628, 58.4784363 ], [ 27.2064285, 58.4785369 ], [ 27.2064689, 58.478541 ], [ 27.2065337, 58.4785476 ] ] } },
{ "type": "Feature", "properties": { "orig_fid": "w880797623", "waterway": "ditch", "name": null }, "geometry": { "type": "LineString", "coordinates": [ [ 27.1878404, 58.4815195 ], [ 27.1879881, 58.4814377 ], [ 27.1880831, 58.4814379 ] ] } },
{ "type": "Feature", "properties": { "orig_fid": "w880797624", "waterway": "ditch", "name": null }, "geometry": { "type": "LineString", "coordinates": [ [ 27.1880831, 58.4814379 ], [ 27.1886391, 58.4814992 ] ] } },
{ "type": "Feature", "properties": { "orig_fid": "w880797625", "waterway": "ditch", "name": null }, "geometry": { "type": "LineString", "coordinates": [ [ 27.1886391, 58.4814992 ], [ 27.1887546, 58.4815119 ] ] } },
{ "type": "Feature", "properties": { "orig_fid": "w880797626", "waterway": "ditch", "name": null }, "geometry": { "type": "LineString", "coordinates": [ [ 27.1874823, 58.481359 ], [ 27.1876876, 58.4814523 ] ] } },
{ "type": "Feature", "properties": { "orig_fid": "w880797627", "waterway": "ditch", "name": null }, "geometry": { "type": "LineString", "coordinates": [ [ 27.1876876, 58.4814523 ], [ 27.1878404, 58.4815195 ] ] } },
{ "type": "Feature", "properties": { "orig_fid": "w880797628", "waterway": "ditch", "name": null }, "geometry": { "type": "LineString", "coordinates": [ [ 27.1937053, 58.4842801 ], [ 27.1883416, 58.48176 ], [ 27.1878404, 58.4815195 ] ] } },
{ "type": "Feature", "properties": { "orig_fid": "w880816724", "waterway": "ditch", "name": "Rehemetsa pkr" }, "geometry": { "type": "LineString", "coordinates": [ [ 27.184334, 58.4756826 ], [ 27.1843509, 58.4756244 ], [ 27.1843505, 58.4755855 ], [ 27.1843301, 58.4755201 ], [ 27.184268, 58.4754508 ], [ 27.1754671, 58.4665702 ], [ 27.1753752, 58.4665018 ], [ 27.1752267, 58.4664566 ], [ 27.168842, 58.4649377 ] ] } },
{ "type": "Feature", "properties": { "orig_fid": "w880816725", "waterway": "ditch", "name": "Rehemetsa pkr" }, "geometry": { "type": "LineString", "coordinates": [ [ 27.1814364, 58.4785094 ], [ 27.1814771, 58.4783445 ], [ 27.181514, 58.4782963 ], [ 27.1841906, 58.4758673 ], [ 27.1842915, 58.4757519 ], [ 27.184334, 58.4756826 ] ] } },
{ "type": "Feature", "properties": { "orig_fid": "w880816726", "waterway": "ditch", "name": null }, "geometry": { "type": "LineString", "coordinates": [ [ 27.168842, 58.4649377 ], [ 27.1685898, 58.4648889 ] ] } },
{ "type": "Feature", "properties": { "orig_fid": "w880816730", "waterway": "ditch", "name": null }, "geometry": { "type": "LineString", "coordinates": [ [ 27.1621014, 58.4771086 ], [ 27.1615249, 58.4770586 ], [ 27.1590842, 58.4767728 ], [ 27.1588602, 58.4767242 ] ] } },
{ "type": "Feature", "properties": { "orig_fid": "w880816731", "waterway": "ditch", "name": null }, "geometry": { "type": "LineString", "coordinates": [ [ 27.1588602, 58.4767242 ], [ 27.158724, 58.4766582 ] ] } },
{ "type": "Feature", "properties": { "orig_fid": "w880816732", "waterway": "ditch", "name": null }, "geometry": { "type": "LineString", "coordinates": [ [ 27.158724, 58.4766582 ], [ 27.1584798, 58.4764888 ], [ 27.157808, 58.4759645 ], [ 27.1577569, 58.4759087 ], [ 27.1577307, 58.4758445 ] ] } },
{ "type": "Feature", "properties": { "orig_fid": "w880816733", "waterway": "ditch", "name": null }, "geometry": { "type": "LineString", "coordinates": [ [ 27.1577307, 58.4758445 ], [ 27.1577229, 58.4757891 ] ] } },
{ "type": "Feature", "properties": { "orig_fid": "w880816734", "waterway": "ditch", "name": null }, "geometry": { "type": "LineString", "coordinates": [ [ 27.1577229, 58.4757891 ], [ 27.1577262, 58.4757287 ], [ 27.1582761, 58.4748947 ], [ 27.1583323, 58.4743726 ], [ 27.1581881, 58.4741418 ], [ 27.1580015, 58.4737954 ], [ 27.1579182, 58.4735729 ], [ 27.1579363, 58.4730283 ], [ 27.1579317, 58.4729689 ], [ 27.1567727, 58.4727767 ], [ 27.156728, 58.4727351 ] ] } },
{ "type": "Feature", "properties": { "orig_fid": "w880816737", "waterway": "ditch", "name": null }, "geometry": { "type": "LineString", "coordinates": [ [ 27.1308211, 58.4774356 ], [ 27.1361291, 58.4773085 ], [ 27.136191, 58.4772875 ], [ 27.1362114, 58.4772529 ], [ 27.1362237, 58.4761454 ] ] } },
{ "type": "Feature", "properties": { "orig_fid": "w880816738", "waterway": "ditch", "name": null }, "geometry": { "type": "LineString", "coordinates": [ [ 27.1362237, 58.4761454 ], [ 27.1362197, 58.475741 ] ] } },
{ "type": "Feature", "properties": { "orig_fid": "w880816739", "waterway": "ditch", "name": null }, "geometry": { "type": "LineString", "coordinates": [ [ 27.1362197, 58.475741 ], [ 27.1362184, 58.4757075 ], [ 27.1362168, 58.4756673 ] ] } },
{ "type": "Feature", "properties": { "orig_fid": "w880816741", "waterway": "ditch", "name": null }, "geometry": { "type": "LineString", "coordinates": [ [ 27.1362168, 58.4756673 ], [ 27.1362513, 58.472306 ], [ 27.1362555, 58.4708788 ], [ 27.1362765, 58.4679829 ], [ 27.1362819, 58.4666054 ], [ 27.1362897, 58.4650963 ], [ 27.1362729, 58.4638728 ], [ 27.1362965, 58.4625631 ], [ 27.1363167, 58.4610182 ] ] } },
{ "type": "Feature", "properties": { "orig_fid": "w880816742", "waterway": "ditch", "name": null }, "geometry": { "type": "LineString", "coordinates": [ [ 27.1258033, 58.461083 ], [ 27.1259201, 58.4610833 ], [ 27.1260462, 58.4610837 ] ] } },
{ "type": "Feature", "properties": { "orig_fid": "w880816743", "waterway": "ditch", "name": null }, "geometry": { "type": "LineString", "coordinates": [ [ 27.1260462, 58.4610837 ], [ 27.1363167, 58.4610182 ], [ 27.1657008, 58.4608165 ], [ 27.1660111, 58.460777 ] ] } },
{ "type": "Feature", "properties": { "orig_fid": "w880816744", "waterway": "ditch", "name": null }, "geometry": { "type": "LineString", "coordinates": [ [ 27.1362829, 58.4545815 ], [ 27.1363167, 58.4610182 ] ] } },
{ "type": "Feature", "properties": { "orig_fid": "w880816745", "waterway": "ditch", "name": null }, "geometry": { "type": "LineString", "coordinates": [ [ 27.1263885, 58.4561545 ], [ 27.1264252, 58.4556058 ], [ 27.1264713, 58.4554878 ], [ 27.1266401, 58.4553384 ], [ 27.1266789, 58.4552511 ], [ 27.126623, 58.4548036 ], [ 27.1266648, 58.4547461 ], [ 27.126796, 58.4547135 ], [ 27.1362402, 58.4545604 ], [ 27.1362829, 58.4545815 ] ] } },
{ "type": "Feature", "properties": { "orig_fid": "w880816748", "waterway": "ditch", "name": null }, "geometry": { "type": "LineString", "coordinates": [ [ 27.1030075, 58.4550835 ], [ 27.1262971, 58.4546582 ] ] } },
{ "type": "Feature", "properties": { "orig_fid": "w880816757", "waterway": "stream", "name": "Viira oja" }, "geometry": { "type": "LineString", "coordinates": [ [ 27.0949896, 58.4347285 ], [ 27.0991902, 58.4345059 ] ] } },
{ "type": "Feature", "properties": { "orig_fid": "w880816758", "waterway": "ditch", "name": null }, "geometry": { "type": "LineString", "coordinates": [ [ 27.0949711, 58.4346415 ], [ 27.0949896, 58.4347285 ] ] } },
{ "type": "Feature", "properties": { "orig_fid": "w880816759", "waterway": "ditch", "name": null }, "geometry": { "type": "LineString", "coordinates": [ [ 27.0938846, 58.4296404 ], [ 27.0949711, 58.4346415 ] ] } },
{ "type": "Feature", "properties": { "orig_fid": "w880816761", "waterway": "ditch", "name": null }, "geometry": { "type": "LineString", "coordinates": [ [ 27.0936579, 58.4295253 ], [ 27.0874279, 58.4298697 ], [ 27.087363, 58.4298644 ], [ 27.0872927, 58.4298363 ], [ 27.0872533, 58.4298037 ], [ 27.0872299, 58.4297117 ], [ 27.0864007, 58.4257626 ] ] } },
{ "type": "Feature", "properties": { "orig_fid": "w880816763", "waterway": "ditch", "name": null }, "geometry": { "type": "LineString", "coordinates": [ [ 27.0863812, 58.4256708 ], [ 27.0952996, 58.4251571 ], [ 27.0956077, 58.425169 ] ] } },
{ "type": "Feature", "properties": { "orig_fid": "w880816764", "waterway": "ditch", "name": null }, "geometry": { "type": "LineString", "coordinates": [ [ 27.0863902, 58.4257126 ], [ 27.0863812, 58.4256708 ] ] } },
{ "type": "Feature", "properties": { "orig_fid": "w880816766", "waterway": "ditch", "name": null }, "geometry": { "type": "LineString", "coordinates": [ [ 27.0864007, 58.4257626 ], [ 27.0863902, 58.4257126 ] ] } },
{ "type": "Feature", "properties": { "orig_fid": "w880816769", "waterway": "ditch", "name": null }, "geometry": { "type": "LineString", "coordinates": [ [ 27.0956077, 58.425169 ], [ 27.0959772, 58.4251882 ] ] } },
{ "type": "Feature", "properties": { "orig_fid": "w880816770", "waterway": "ditch", "name": null }, "geometry": { "type": "LineString", "coordinates": [ [ 27.0959772, 58.4251882 ], [ 27.0964831, 58.4252453 ], [ 27.096641, 58.425278 ], [ 27.0988124, 58.426102 ], [ 27.0999302, 58.4262418 ], [ 27.1020261, 58.4267526 ], [ 27.1038954, 58.4268753 ] ] } },
{ "type": "Feature", "properties": { "orig_fid": "w880816771", "waterway": "stream", "name": "Lodu pkr" }, "geometry": { "type": "LineString", "coordinates": [ [ 27.1073859, 58.4270777 ], [ 27.1093011, 58.4277597 ], [ 27.110014, 58.4280527 ], [ 27.113517, 58.4299597 ], [ 27.1147501, 58.4306567 ], [ 27.1148635, 58.4307208 ], [ 27.1151639, 58.4308331 ], [ 27.1154804, 58.4308528 ], [ 27.1158237, 58.4311111 ] ] } },
{ "type": "Feature", "properties": { "orig_fid": "w880816772", "waterway": "ditch", "name": null }, "geometry": { "type": "LineString", "coordinates": [ [ 27.1038954, 58.4268753 ], [ 27.1072245, 58.4270824 ], [ 27.1073859, 58.4270777 ] ] } },
{ "type": "Feature", "properties": { "orig_fid": "w880816775", "waterway": "ditch", "name": null }, "geometry": { "type": "LineString", "coordinates": [ [ 27.1043396, 58.4211121 ], [ 27.1037744, 58.4209649 ], [ 27.1031781, 58.4207243 ] ] } },
{ "type": "Feature", "properties": { "orig_fid": "w880816777", "waterway": "ditch", "name": null }, "geometry": { "type": "LineString", "coordinates": [ [ 27.1002435, 58.4231981 ], [ 27.1001185, 58.4232535 ] ] } },
{ "type": "Feature", "properties": { "orig_fid": "w880816778", "waterway": "ditch", "name": null }, "geometry": { "type": "LineString", "coordinates": [ [ 27.1001185, 58.4232535 ], [ 27.0998413, 58.4233718 ] ] } },
{ "type": "Feature", "properties": { "orig_fid": "w880816779", "waterway": "ditch", "name": null }, "geometry": { "type": "LineString", "coordinates": [ [ 27.1030453, 58.420764 ], [ 27.1037831, 58.4212028 ], [ 27.1038229, 58.4212439 ], [ 27.1021545, 58.4223131 ], [ 27.1002435, 58.4231981 ] ] } },
{ "type": "Feature", "properties": { "orig_fid": "w880816780", "waterway": "ditch", "name": null }, "geometry": { "type": "LineString", "coordinates": [ [ 27.1029591, 58.4207037 ], [ 27.1030453, 58.420764 ] ] } },
{ "type": "Feature", "properties": { "orig_fid": "w880816781", "waterway": "ditch", "name": null }, "geometry": { "type": "LineString", "coordinates": [ [ 27.1024772, 58.4189639 ], [ 27.1017015, 58.4198735 ], [ 27.1016979, 58.419936 ], [ 27.1018108, 58.4200351 ], [ 27.1029591, 58.4207037 ] ] } },
{ "type": "Feature", "properties": { "orig_fid": "w880816782", "waterway": "ditch", "name": null }, "geometry": { "type": "LineString", "coordinates": [ [ 27.0994593, 58.4194056 ], [ 27.0999118, 58.4198331 ], [ 27.0999572, 58.4198597 ], [ 27.1002169, 58.4199107 ], [ 27.100325, 58.4199121 ], [ 27.1013193, 58.4197934 ], [ 27.1017015, 58.4198735 ] ] } },
{ "type": "Feature", "properties": { "orig_fid": "w880816785", "waterway": "ditch", "name": null }, "geometry": { "type": "LineString", "coordinates": [ [ 27.0949735, 58.4160501 ], [ 27.0950275, 58.4160384 ], [ 27.0990903, 58.414684 ] ] } },
{ "type": "Feature", "properties": { "orig_fid": "w880816786", "waterway": "ditch", "name": null }, "geometry": { "type": "LineString", "coordinates": [ [ 27.0990903, 58.414684 ], [ 27.0991589, 58.4146913 ], [ 27.0992264, 58.4147162 ], [ 27.1001305, 58.4153933 ], [ 27.101092, 58.4161134 ], [ 27.1024003, 58.4170931 ], [ 27.1033326, 58.4179365 ], [ 27.1024772, 58.4189639 ] ] } },
{ "type": "Feature", "properties": { "orig_fid": "w880816787", "waterway": "ditch", "name": null }, "geometry": { "type": "LineString", "coordinates": [ [ 27.0947819, 58.4160935 ], [ 27.0949735, 58.4160501 ] ] } },
{ "type": "Feature", "properties": { "orig_fid": "w880816789", "waterway": "ditch", "name": null }, "geometry": { "type": "LineString", "coordinates": [ [ 27.0969882, 58.4168366 ], [ 27.0987829, 58.4162722 ] ] } },
{ "type": "Feature", "properties": { "orig_fid": "w880816791", "waterway": "ditch", "name": null }, "geometry": { "type": "LineString", "coordinates": [ [ 27.0979408, 58.4115302 ], [ 27.0975882, 58.4085405 ], [ 27.0976611, 58.408478 ], [ 27.0976534, 58.4083862 ], [ 27.0975747, 58.4083173 ], [ 27.0971973, 58.4047869 ], [ 27.0972547, 58.4047097 ] ] } },
{ "type": "Feature", "properties": { "orig_fid": "w880816792", "waterway": "ditch", "name": null }, "geometry": { "type": "LineString", "coordinates": [ [ 27.0972005, 58.4046743 ], [ 27.0971291, 58.4046305 ] ] } },
{ "type": "Feature", "properties": { "orig_fid": "w880816793", "waterway": "ditch", "name": null }, "geometry": { "type": "LineString", "coordinates": [ [ 27.0965841, 58.404764 ], [ 27.0969151, 58.4047575 ], [ 27.0970311, 58.4047248 ], [ 27.0970974, 58.4046785 ], [ 27.0971291, 58.4046305 ], [ 27.097142, 58.4045263 ], [ 27.0969845, 58.4030957 ], [ 27.0967275, 58.4014736 ], [ 27.0966847, 58.4014316 ], [ 27.0966222, 58.4013971 ], [ 27.0964904, 58.401387 ], [ 27.09625, 58.4013884 ], [ 27.086701, 58.4016224 ], [ 27.0865286, 58.4016746 ], [ 27.0864587, 58.4016768 ] ] } },
{ "type": "Feature", "properties": { "orig_fid": "w880816794", "waterway": "ditch", "name": null }, "geometry": { "type": "LineString", "coordinates": [ [ 27.0972547, 58.4047097 ], [ 27.0972005, 58.4046743 ] ] } },
{ "type": "Feature", "properties": { "orig_fid": "w880816797", "waterway": "ditch", "name": null }, "geometry": { "type": "LineString", "coordinates": [ [ 27.0971476, 58.4012542 ], [ 27.0972404, 58.4012461 ], [ 27.097302, 58.4012635 ], [ 27.1042671, 58.4060544 ] ] } },
{ "type": "Feature", "properties": { "orig_fid": "w880816798", "waterway": "ditch", "name": null }, "geometry": { "type": "LineString", "coordinates": [ [ 27.0943329, 58.3990964 ], [ 27.100358, 58.4031827 ], [ 27.1004538, 58.4031346 ], [ 27.10053, 58.4030531 ], [ 27.1014836, 58.399628 ], [ 27.1025028, 58.3959654 ], [ 27.102496, 58.395917 ], [ 27.1024581, 58.3958629 ] ] } },
{ "type": "Feature", "properties": { "orig_fid": "w905104708", "waterway": "stream", "name": "Saeveski oja" }, "geometry": { "type": "LineString", "coordinates": [ [ 26.9504285, 58.4274901 ], [ 26.9503936, 58.427455 ], [ 26.95012, 58.4270702 ], [ 26.9499108, 58.4267893 ], [ 26.9497821, 58.4265899 ], [ 26.9494012, 58.4260619 ], [ 26.9491839, 58.4257824 ], [ 26.9490874, 58.4256377 ], [ 26.9490525, 58.4255745 ], [ 26.9490632, 58.4254973 ], [ 26.9491062, 58.4253765 ], [ 26.9491276, 58.4252965 ], [ 26.9491464, 58.4251251 ], [ 26.9491088, 58.4249243 ], [ 26.9490606, 58.4246069 ], [ 26.9490123, 58.4243344 ], [ 26.9489613, 58.4241392 ], [ 26.9489265, 58.4239847 ], [ 26.9488916, 58.4239075 ], [ 26.9488755, 58.4238288 ], [ 26.9488406, 58.423715 ], [ 26.9488138, 58.423642 ], [ 26.9488031, 58.4235563 ], [ 26.9487548, 58.4234566 ], [ 26.948728, 58.4233063 ], [ 26.9486716, 58.4231462 ], [ 26.9486287, 58.4230381 ], [ 26.9485939, 58.422951 ], [ 26.9485831, 58.4228653 ], [ 26.9485536, 58.4228035 ], [ 26.9485322, 58.4227459 ], [ 26.9484893, 58.4226926 ], [ 26.9484785, 58.4226574 ], [ 26.9484732, 58.4226167 ], [ 26.9484383, 58.4225254 ], [ 26.9484088, 58.4224355 ], [ 26.9483471, 58.4222431 ], [ 26.9482881, 58.4220998 ], [ 26.9482076, 58.4218667 ], [ 26.9480547, 58.4214734 ], [ 26.9478643, 58.4209382 ], [ 26.9477516, 58.420611 ], [ 26.9477275, 58.4205155 ], [ 26.9477356, 58.4204607 ], [ 26.9477624, 58.4204382 ], [ 26.9479448, 58.4203694 ], [ 26.9481298, 58.4203048 ], [ 26.9484624, 58.4201812 ], [ 26.9489694, 58.420007 ], [ 26.9495729, 58.4197977 ], [ 26.9498035, 58.4197162 ], [ 26.9497955, 58.4196558 ], [ 26.9498143, 58.4196193 ], [ 26.9498465, 58.4195603 ], [ 26.9498545, 58.4194662 ], [ 26.9498572, 58.4193847 ], [ 26.9498894, 58.4192822 ], [ 26.9498867, 58.4192063 ], [ 26.949876, 58.4191333 ], [ 26.9498679, 58.4190125 ], [ 26.9498813, 58.4187681 ], [ 26.9499216, 58.4184225 ], [ 26.9499457, 58.4179856 ], [ 26.9499913, 58.4179323 ], [ 26.9500288, 58.4179056 ], [ 26.9500879, 58.4178803 ], [ 26.9501925, 58.4178466 ], [ 26.95034, 58.4177876 ], [ 26.950458, 58.4177412 ], [ 26.9506323, 58.417664 ], [ 26.9512922, 58.4173633 ], [ 26.9520485, 58.4170346 ], [ 26.9529337, 58.4166343 ], [ 26.9538885, 58.4161932 ], [ 26.9541299, 58.4160864 ], [ 26.9550526, 58.4156734 ], [ 26.9555998, 58.4154177 ], [ 26.95575, 58.4153531 ], [ 26.9559538, 58.4152772 ], [ 26.9560987, 58.4151958 ], [ 26.9562435, 58.4151311 ], [ 26.9565117, 58.4150412 ], [ 26.9567907, 58.4149316 ], [ 26.9569784, 58.4148811 ], [ 26.9572359, 58.4147799 ], [ 26.9574773, 58.4146928 ], [ 26.9578046, 58.4145748 ], [ 26.958046, 58.4145046 ], [ 26.9585234, 58.4143332 ], [ 26.9588292, 58.4142152 ], [ 26.9591403, 58.4141084 ], [ 26.9593334, 58.4140522 ], [ 26.9595426, 58.4139763 ], [ 26.9598216, 58.413878 ], [ 26.9602025, 58.4137516 ], [ 26.9606102, 58.4136139 ], [ 26.9610018, 58.4134509 ], [ 26.9617474, 58.413125 ], [ 26.9624448, 58.4128243 ], [ 26.9630724, 58.4125714 ], [ 26.9637054, 58.4122848 ], [ 26.9639897, 58.4121556 ], [ 26.9642781, 58.4120404 ], [ 26.9643411, 58.4120214 ] ] } },
{ "type": "Feature", "properties": { "orig_fid": "w905104710", "waterway": "stream", "name": "Saeveski oja" }, "geometry": { "type": "LineString", "coordinates": [ [ 26.9784106, 58.4068437 ], [ 26.9788934, 58.4067032 ], [ 26.9790356, 58.4066597 ], [ 26.9791241, 58.4066091 ], [ 26.9791912, 58.4065613 ], [ 26.9794272, 58.4064208 ], [ 26.9797088, 58.4062718 ], [ 26.9797571, 58.4062367 ], [ 26.9797437, 58.4061777 ], [ 26.9797196, 58.4060554 ], [ 26.979674, 58.4058826 ], [ 26.979615, 58.4055004 ], [ 26.9795103, 58.4049116 ], [ 26.9794835, 58.4046966 ], [ 26.9794808, 58.4046783 ] ] } },
{ "type": "Feature", "properties": { "orig_fid": "w905104713", "waterway": "stream", "name": "Saeveski oja" }, "geometry": { "type": "LineString", "coordinates": [ [ 26.9431865, 58.4376028 ], [ 26.9441575, 58.4370103 ], [ 26.9450802, 58.4364683 ], [ 26.9464105, 58.4356147 ], [ 26.9469041, 58.4353283 ], [ 26.9472045, 58.4351486 ], [ 26.9473225, 58.4351093 ], [ 26.9474834, 58.4351205 ], [ 26.9483525, 58.4351654 ], [ 26.9496399, 58.4352581 ], [ 26.9504392, 58.4353283 ], [ 26.9506592, 58.4353227 ], [ 26.950804, 58.435303 ], [ 26.9509327, 58.4352441 ], [ 26.9515228, 58.4350194 ], [ 26.9520378, 58.4348116 ], [ 26.9522578, 58.4347049 ], [ 26.9525206, 58.4345533 ], [ 26.9528961, 58.4343005 ], [ 26.9534272, 58.4340057 ], [ 26.9537813, 58.4338035 ], [ 26.954028, 58.4336603 ], [ 26.9540548, 58.4335844 ], [ 26.9540066, 58.4335199 ], [ 26.9538564, 58.4334553 ], [ 26.9530785, 58.433298 ], [ 26.9521076, 58.4330902 ], [ 26.9517803, 58.4330088 ], [ 26.9516087, 58.4329526 ], [ 26.9515282, 58.4328852 ], [ 26.9515121, 58.4328318 ], [ 26.9515228, 58.4327532 ], [ 26.9516033, 58.4322898 ], [ 26.9517213, 58.4314417 ], [ 26.9517696, 58.4310991 ], [ 26.9519493, 58.4300824 ], [ 26.9519547, 58.429994 ], [ 26.9519815, 58.4298325 ], [ 26.9519815, 58.4297749 ], [ 26.9519466, 58.4296879 ], [ 26.950855, 58.428108 ], [ 26.9508845, 58.4280476 ], [ 26.9508067, 58.4280041 ], [ 26.9507369, 58.4279297 ], [ 26.9506484, 58.4277864 ], [ 26.9505572, 58.4276699 ], [ 26.9504955, 58.4276081 ], [ 26.9504848, 58.4275674 ] ] } },
{ "type": "Feature", "properties": { "orig_fid": "w905104715", "waterway": "stream", "name": "Saeveski oja" }, "geometry": { "type": "LineString", "coordinates": [ [ 26.9794782, 58.4045427 ], [ 26.9794862, 58.404412 ], [ 26.9794996, 58.4043551 ], [ 26.9795238, 58.4042869 ], [ 26.9795318, 58.4042385 ], [ 26.9795922, 58.4041633 ], [ 26.9796445, 58.4041113 ], [ 26.9797115, 58.4040319 ], [ 26.9798295, 58.4039715 ], [ 26.9799985, 58.4039279 ], [ 26.9801675, 58.4038815 ], [ 26.9803821, 58.4038028 ], [ 26.9805376, 58.403755 ], [ 26.9807495, 58.4036862 ], [ 26.9808541, 58.4036763 ], [ 26.9809614, 58.403651 ], [ 26.9810312, 58.4036173 ], [ 26.9810928, 58.4035625 ], [ 26.9811492, 58.4035105 ], [ 26.9812484, 58.4034543 ], [ 26.9813262, 58.4034079 ], [ 26.9813798, 58.4033686 ], [ 26.9813798, 58.4033222 ], [ 26.9813879, 58.4032758 ], [ 26.9813691, 58.4032182 ], [ 26.9813772, 58.4030144 ], [ 26.9814087, 58.4022859 ], [ 26.9814254, 58.4020616 ], [ 26.9814576, 58.4019436 ], [ 26.9814576, 58.4016709 ], [ 26.9814898, 58.4015304 ], [ 26.9814845, 58.4013449 ], [ 26.9815113, 58.401061 ], [ 26.9815488, 58.4002346 ], [ 26.9815917, 58.3996865 ], [ 26.9816078, 58.3994307 ], [ 26.9816347, 58.3992592 ], [ 26.9816347, 58.3991946 ], [ 26.9815381, 58.3991159 ], [ 26.9813342, 58.3989894 ], [ 26.9812055, 58.3988657 ], [ 26.9810285, 58.3987729 ], [ 26.9807334, 58.3985762 ], [ 26.9805832, 58.3984581 ], [ 26.9804008, 58.3983316 ], [ 26.9797839, 58.3980561 ], [ 26.9796015, 58.3979648 ], [ 26.9795077, 58.3979184 ], [ 26.9794272, 58.3978664 ], [ 26.9792019, 58.3977891 ], [ 26.9790624, 58.3977244 ], [ 26.9789605, 58.3976359 ], [ 26.9787298, 58.3973787 ], [ 26.9784455, 58.397054 ], [ 26.9783999, 58.3969401 ], [ 26.9783811, 58.3968769 ], [ 26.9783972, 58.396815 ] ] } },
{ "type": "Feature", "properties": { "orig_fid": "w905104717", "waterway": "stream", "name": "Saeveski oja" }, "geometry": { "type": "LineString", "coordinates": [ [ 26.9645195, 58.4119518 ], [ 26.9646335, 58.4119202 ], [ 26.9647206, 58.411916 ], [ 26.9648668, 58.4119223 ], [ 26.9650908, 58.411935 ], [ 26.9652732, 58.4119385 ], [ 26.9655307, 58.4119237 ], [ 26.9656366, 58.4119034 ], [ 26.9656755, 58.4118872 ], [ 26.9657077, 58.4118563 ], [ 26.9657265, 58.4118142 ], [ 26.9657761, 58.4117678 ], [ 26.9658378, 58.4117249 ], [ 26.9659236, 58.4116968 ], [ 26.9660752, 58.4116308 ], [ 26.9662897, 58.4115325 ], [ 26.9665553, 58.4114102 ], [ 26.9668959, 58.4112501 ], [ 26.9671024, 58.4111489 ], [ 26.9674431, 58.411 ], [ 26.9678052, 58.4108412 ], [ 26.9679152, 58.4107738 ], [ 26.9679366, 58.4107485 ], [ 26.9679312, 58.4107035 ], [ 26.9679071, 58.4106009 ], [ 26.9678776, 58.4104843 ], [ 26.9679017, 58.4104295 ], [ 26.9679232, 58.4103677 ], [ 26.9679581, 58.410282 ], [ 26.9680064, 58.410164 ], [ 26.9680707, 58.4100474 ], [ 26.9682156, 58.4098788 ], [ 26.9686662, 58.4093926 ], [ 26.9687949, 58.4092451 ], [ 26.9688271, 58.4092184 ], [ 26.9688888, 58.4091833 ], [ 26.9691731, 58.4090961 ], [ 26.9693367, 58.4090371 ], [ 26.9695325, 58.4089613 ], [ 26.9696505, 58.4089205 ], [ 26.9697739, 58.4088741 ], [ 26.9700743, 58.4087702 ], [ 26.9702192, 58.4087421 ], [ 26.9704472, 58.4087252 ], [ 26.9706698, 58.4086915 ], [ 26.9710507, 58.4086774 ], [ 26.9713591, 58.4086634 ], [ 26.9716488, 58.4086395 ], [ 26.9717749, 58.4086226 ], [ 26.9719948, 58.4086114 ], [ 26.9724159, 58.4085763 ], [ 26.972727, 58.408558 ], [ 26.9729121, 58.4085439 ], [ 26.9729684, 58.4085285 ], [ 26.9729872, 58.408499 ], [ 26.9730301, 58.4084512 ], [ 26.9733144, 58.4082278 ], [ 26.9737034, 58.4079187 ], [ 26.973808, 58.4078667 ], [ 26.9738831, 58.4078568 ], [ 26.9741862, 58.407795 ], [ 26.974626, 58.4076995 ], [ 26.975833, 58.4074325 ], [ 26.97623, 58.4073468 ], [ 26.9768952, 58.4072119 ], [ 26.9772144, 58.4071416 ], [ 26.9774906, 58.4070784 ], [ 26.9777723, 58.407025 ], [ 26.9780512, 58.4069576 ], [ 26.9782685, 58.4068859 ] ] } },
{ "type": "Feature", "properties": { "orig_fid": "w905104729", "waterway": "stream", "name": null }, "geometry": { "type": "LineString", "coordinates": [ [ 26.9782685, 58.4068859 ], [ 26.9784106, 58.4068437 ] ] } },
{ "type": "Feature", "properties": { "orig_fid": "w905104743", "waterway": "stream", "name": null }, "geometry": { "type": "LineString", "coordinates": [ [ 26.9504848, 58.4275674 ], [ 26.9504285, 58.4274901 ] ] } },
{ "type": "Feature", "properties": { "orig_fid": "w905104752", "waterway": "stream", "name": null }, "geometry": { "type": "LineString", "coordinates": [ [ 26.9794808, 58.4046783 ], [ 26.9794782, 58.4045427 ] ] } },
{ "type": "Feature", "properties": { "orig_fid": "w905104754", "waterway": "stream", "name": null }, "geometry": { "type": "LineString", "coordinates": [ [ 26.9643411, 58.4120214 ], [ 26.9645195, 58.4119518 ] ] } },
{ "type": "Feature", "properties": { "orig_fid": "w905104761", "waterway": "ditch", "name": null }, "geometry": { "type": "LineString", "coordinates": [ [ 26.9480869, 58.4379523 ], [ 26.9470435, 58.4378821 ], [ 26.9454449, 58.4377586 ], [ 26.9431865, 58.4376028 ] ] } },
{ "type": "Feature", "properties": { "orig_fid": "w907025006", "waterway": "stream", "name": "Lodu pkr" }, "geometry": { "type": "LineString", "coordinates": [ [ 27.1072418, 58.42702 ], [ 27.1073859, 58.4270777 ] ] } },
{ "type": "Feature", "properties": { "orig_fid": "w925217862", "waterway": "river", "name": "Alatskivi jõgi" }, "geometry": { "type": "LineString", "coordinates": [ [ 27.0926595, 58.6103666 ], [ 27.0931111, 58.6103384 ], [ 27.0934426, 58.6103138 ], [ 27.093695, 58.6103279 ], [ 27.0942212, 58.6104302 ], [ 27.0944574, 58.610464 ], [ 27.0945907, 58.6104941 ], [ 27.0946538, 58.610525 ], [ 27.0947349, 58.6106039 ], [ 27.0947674, 58.6106931 ], [ 27.094816, 58.6107541 ], [ 27.0949368, 58.6108621 ], [ 27.0950053, 58.610893 ], [ 27.0951224, 58.6108987 ], [ 27.0956469, 58.6108038 ], [ 27.0958217, 58.6107222 ], [ 27.095883, 58.610709 ], [ 27.096056, 58.6107391 ], [ 27.09622, 58.6107503 ], [ 27.0963552, 58.6107794 ], [ 27.0964742, 58.6108386 ], [ 27.0965859, 58.6109127 ], [ 27.0966202, 58.6109475 ], [ 27.0967553, 58.6109728 ], [ 27.0968725, 58.6110085 ], [ 27.096986, 58.6110235 ], [ 27.0970744, 58.6110151 ], [ 27.0971969, 58.6109409 ], [ 27.09726, 58.6109184 ], [ 27.0973898, 58.6109184 ], [ 27.0976151, 58.6109287 ], [ 27.0976817, 58.6109428 ], [ 27.0978079, 58.6109897 ], [ 27.0978836, 58.6109878 ], [ 27.0979431, 58.6109663 ], [ 27.0979935, 58.6109325 ], [ 27.098035, 58.6108827 ], [ 27.0981197, 58.6108508 ], [ 27.0984081, 58.6107841 ], [ 27.0985685, 58.6106959 ], [ 27.0986658, 58.6106621 ], [ 27.0987325, 58.6106461 ], [ 27.0988533, 58.610649 ], [ 27.098956, 58.6106781 ], [ 27.0990966, 58.6106921 ], [ 27.0992984, 58.6106583 ], [ 27.0993868, 58.6106086 ], [ 27.0994661, 58.6105898 ], [ 27.0995958, 58.6105138 ], [ 27.0996445, 58.6104988 ], [ 27.0997598, 58.6105119 ], [ 27.0998914, 58.6105532 ], [ 27.0999383, 58.6106048 ], [ 27.099913, 58.6107062 ], [ 27.0999653, 58.6107794 ], [ 27.10005, 58.6108085 ], [ 27.1002321, 58.6108376 ], [ 27.1002663, 58.6108517 ], [ 27.1004357, 58.6108452 ], [ 27.1004952, 58.6108545 ], [ 27.1005727, 58.6108987 ], [ 27.1006448, 58.6109099 ], [ 27.1007908, 58.6108893 ], [ 27.1008827, 58.6109062 ], [ 27.1009422, 58.6109287 ], [ 27.1010125, 58.6109334 ], [ 27.1012505, 58.6109244 ], [ 27.1013008, 58.610924 ], [ 27.1014162, 58.6109372 ], [ 27.1014847, 58.6109362 ], [ 27.1015333, 58.6109118 ], [ 27.1016558, 58.6108968 ], [ 27.1017028, 58.6108902 ], [ 27.1017785, 58.6108602 ], [ 27.1018271, 58.6108329 ], [ 27.10191, 58.610817 ], [ 27.1019659, 58.6107916 ], [ 27.1020506, 58.6106931 ], [ 27.1023408, 58.6106762 ], [ 27.1025679, 58.6106274 ], [ 27.1027932, 58.6106358 ], [ 27.1028484, 58.610633 ], [ 27.1029212, 58.6106133 ], [ 27.1030906, 58.6105814 ], [ 27.1033825, 58.6105457 ], [ 27.1036421, 58.6105532 ], [ 27.1039557, 58.6105879 ], [ 27.1040566, 58.6106123 ], [ 27.1041756, 58.6106668 ], [ 27.1043017, 58.6106865 ], [ 27.1044982, 58.6107147 ], [ 27.1046676, 58.6107128 ], [ 27.1049091, 58.6106705 ], [ 27.1052472, 58.6106191 ], [ 27.1058385, 58.6104625 ], [ 27.1059629, 58.6104606 ], [ 27.1060746, 58.610486 ], [ 27.106171, 58.6105116 ], [ 27.1062188, 58.6105257 ], [ 27.1062463, 58.6105271 ], [ 27.1062673, 58.610522 ] ] } },
{ "type": "Feature", "properties": { "orig_fid": "w925217863", "waterway": "river", "name": "Alatskivi jõgi" }, "geometry": { "type": "LineString", "coordinates": [ [ 27.05172, 58.6283823 ], [ 27.051738, 58.6281576 ], [ 27.051729, 58.6280361 ], [ 27.0517709, 58.627871 ], [ 27.0518277, 58.6273976 ], [ 27.0518786, 58.6269179 ], [ 27.0518965, 58.6265223 ], [ 27.0519265, 58.6263011 ], [ 27.0519683, 58.6262388 ], [ 27.0529735, 58.6253043 ], [ 27.0535419, 58.6247623 ], [ 27.0536451, 58.6246705 ] ] } },
{ "type": "Feature", "properties": { "orig_fid": "w925217864", "waterway": "river", "name": "Alatskivi jõgi" }, "geometry": { "type": "LineString", "coordinates": [ [ 27.0828904, 58.6105634 ], [ 27.0830485, 58.6105673 ], [ 27.0831747, 58.6105485 ], [ 27.0834252, 58.6105429 ], [ 27.0835189, 58.6105637 ], [ 27.0836402, 58.6105685 ], [ 27.0837496, 58.6105654 ], [ 27.0837911, 58.6105654 ], [ 27.0838326, 58.6105767 ], [ 27.0839083, 58.6106377 ], [ 27.0839641, 58.6106414 ], [ 27.0839894, 58.6106292 ], [ 27.0840092, 58.6105757 ], [ 27.0840849, 58.610525 ], [ 27.0842273, 58.610495 ], [ 27.084312, 58.6104293 ], [ 27.0843483, 58.6104158 ], [ 27.0844747, 58.6103839 ] ] } },
{ "type": "Feature", "properties": { "orig_fid": "w925217865", "waterway": "river", "name": "Alatskivi jõgi" }, "geometry": { "type": "LineString", "coordinates": [ [ 27.1062673, 58.610522 ], [ 27.1062783, 58.6105226 ], [ 27.106399, 58.6104963 ], [ 27.1065396, 58.6104165 ], [ 27.1066387, 58.6103311 ], [ 27.1066838, 58.6102466 ], [ 27.1067685, 58.6101912 ], [ 27.1068785, 58.6101461 ], [ 27.1069487, 58.6100391 ], [ 27.1070893, 58.6100147 ], [ 27.107147, 58.60998 ], [ 27.1072678, 58.6099499 ], [ 27.1073939, 58.6099715 ], [ 27.1075183, 58.6099743 ], [ 27.1076463, 58.6099481 ], [ 27.1078247, 58.6099565 ], [ 27.1080518, 58.609979 ], [ 27.1082789, 58.6099856 ], [ 27.1084303, 58.6100025 ], [ 27.1085222, 58.6100269 ] ] } },
{ "type": "Feature", "properties": { "orig_fid": "w925217866", "waterway": "river", "name": "Alatskivi jõgi" }, "geometry": { "type": "LineString", "coordinates": [ [ 27.0844747, 58.6103839 ], [ 27.0846058, 58.6103495 ], [ 27.0847734, 58.6102246 ], [ 27.0847968, 58.6101965 ], [ 27.084813, 58.6101524 ], [ 27.0848527, 58.6101167 ], [ 27.0849572, 58.6100622 ], [ 27.0850924, 58.6100275 ], [ 27.0851429, 58.6100021 ], [ 27.085278, 58.6099533 ], [ 27.0853321, 58.6099017 ], [ 27.085388, 58.609881 ], [ 27.0855232, 58.6098623 ], [ 27.0856241, 58.609836 ], [ 27.0856818, 58.6097881 ], [ 27.0858277, 58.6097083 ], [ 27.0859143, 58.6096689 ], [ 27.0859882, 58.6096501 ], [ 27.0860206, 58.6096482 ], [ 27.086053, 58.6096633 ], [ 27.0861107, 58.6097384 ], [ 27.0861648, 58.6097599 ], [ 27.0862098, 58.6097665 ], [ 27.0862405, 58.609789 ], [ 27.0862603, 58.6098341 ], [ 27.0863126, 58.6098482 ], [ 27.0863757, 58.6098501 ], [ 27.086473, 58.609867 ], [ 27.0865469, 58.6098876 ], [ 27.0866244, 58.6098867 ], [ 27.0867758, 58.6099214 ], [ 27.0868569, 58.6099317 ], [ 27.0869578, 58.6099665 ], [ 27.0870263, 58.6099637 ], [ 27.0871308, 58.6099045 ], [ 27.0871705, 58.6098904 ], [ 27.0872318, 58.6098886 ], [ 27.0873687, 58.6099327 ], [ 27.0874517, 58.6099486 ], [ 27.0875346, 58.6099486 ], [ 27.0876553, 58.6099393 ], [ 27.0878283, 58.6099468 ], [ 27.0878752, 58.6099871 ], [ 27.0879437, 58.6100125 ], [ 27.088005, 58.6100453 ], [ 27.0880608, 58.6101073 ], [ 27.0881167, 58.610143 ], [ 27.0882213, 58.610158 ], [ 27.0882843, 58.6101599 ], [ 27.088315, 58.6101918 ], [ 27.088315, 58.6102566 ], [ 27.0883276, 58.6102847 ], [ 27.088452, 58.6103157 ], [ 27.0888016, 58.6103091 ], [ 27.0895207, 58.6103279 ], [ 27.0897028, 58.6103185 ], [ 27.089993, 58.6103251 ], [ 27.0902759, 58.6103176 ], [ 27.0906148, 58.6103326 ], [ 27.091907, 58.6103457 ], [ 27.0920152, 58.6103664 ], [ 27.0920891, 58.6103908 ], [ 27.0921954, 58.6104011 ], [ 27.0923396, 58.6103964 ], [ 27.0926595, 58.6103666 ] ] } },
{ "type": "Feature", "properties": { "orig_fid": "w925217867", "waterway": "river", "name": "Kargaja jõgi" }, "geometry": { "type": "LineString", "coordinates": [ [ 27.0866394, 58.5667927 ], [ 27.0866081, 58.5667545 ], [ 27.0865917, 58.566703 ], [ 27.0865648, 58.5666596 ], [ 27.0865159, 58.5666124 ], [ 27.0864646, 58.5665653 ], [ 27.0863961, 58.5665321 ], [ 27.0863448, 58.5665219 ], [ 27.0862445, 58.5665143 ], [ 27.0861663, 58.5665066 ], [ 27.0861223, 58.566499 ], [ 27.0860734, 58.566485 ], [ 27.0860661, 58.5664633 ], [ 27.0860612, 58.5664225 ], [ 27.0861223, 58.5663677 ], [ 27.0862103, 58.5663154 ], [ 27.0862983, 58.5662873 ], [ 27.0864426, 58.5662593 ], [ 27.0865892, 58.5662147 ], [ 27.0866919, 58.5662032 ], [ 27.0867604, 58.5661892 ], [ 27.0868019, 58.5661522 ], [ 27.0868085, 58.5661088 ], [ 27.086833, 58.5660712 ], [ 27.086877, 58.5660374 ], [ 27.0869344, 58.5660151 ], [ 27.0870005, 58.5659966 ], [ 27.0870775, 58.5659871 ], [ 27.0871361, 58.566003 ], [ 27.087163, 58.5660177 ], [ 27.0872462, 58.566047 ], [ 27.0872987, 58.5660661 ], [ 27.0873378, 58.5660712 ], [ 27.0873769, 58.5660674 ], [ 27.087432, 58.5660483 ], [ 27.0874686, 58.5660336 ], [ 27.087487, 58.5660132 ], [ 27.0874821, 58.5659871 ], [ 27.0874442, 58.5659743 ], [ 27.0873867, 58.5659699 ], [ 27.0873586, 58.5659597 ], [ 27.0873562, 58.5659418 ], [ 27.0873916, 58.565924 ], [ 27.0874393, 58.5658851 ], [ 27.0874478, 58.5658564 ], [ 27.0874148, 58.565829 ], [ 27.0873623, 58.5658003 ], [ 27.0873158, 58.5657901 ], [ 27.0872657, 58.5657818 ], [ 27.0872449, 58.5657614 ], [ 27.0872474, 58.5657302 ], [ 27.0872645, 58.5656932 ], [ 27.0872999, 58.5656524 ], [ 27.0873501, 58.5656333 ], [ 27.0873879, 58.5656199 ], [ 27.0874075, 58.5655925 ], [ 27.0874075, 58.5655612 ], [ 27.0873989, 58.5655351 ], [ 27.0873745, 58.5655243 ], [ 27.0873342, 58.5655185 ], [ 27.0872975, 58.5655134 ], [ 27.0872694, 58.5655032 ], [ 27.0872608, 58.5654867 ], [ 27.0872633, 58.5654688 ], [ 27.0872498, 58.5654465 ], [ 27.0872278, 58.5654357 ], [ 27.087196, 58.5654267 ], [ 27.0871386, 58.5654223 ], [ 27.0871044, 58.5654153 ], [ 27.0870872, 58.5654012 ], [ 27.0871031, 58.5653802 ], [ 27.08713, 58.5653623 ], [ 27.0871789, 58.5653432 ], [ 27.0873378, 58.5652909 ], [ 27.0876349, 58.5652246 ], [ 27.0877657, 58.5651909 ], [ 27.0878378, 58.5651864 ], [ 27.0878683, 58.5651896 ], [ 27.0879576, 58.565203 ], [ 27.088037, 58.5651928 ], [ 27.0881287, 58.5651794 ], [ 27.0882082, 58.5651666 ], [ 27.0882729, 58.5651609 ], [ 27.0883304, 58.5651481 ], [ 27.0883797, 58.5651411 ], [ 27.0884037, 58.5651354 ], [ 27.0884807, 58.5651163 ], [ 27.0885798, 58.5650946 ], [ 27.0885921, 58.565093 ], [ 27.088647, 58.5650857 ], [ 27.0887044, 58.5650736 ], [ 27.0887497, 58.5650525 ], [ 27.0887839, 58.5650226 ], [ 27.0887888, 58.5650112 ], [ 27.0888022, 58.5649798 ], [ 27.0888279, 58.5649429 ], [ 27.088856, 58.5648747 ], [ 27.0888719, 58.5648237 ], [ 27.0888829, 58.5647982 ], [ 27.0888902, 58.564772 ], [ 27.0888743, 58.5646879 ], [ 27.0888291, 58.5646292 ], [ 27.0888055, 58.5645872 ], [ 27.0887998, 58.5645769 ], [ 27.0887827, 58.5645176 ], [ 27.0887509, 58.5644921 ], [ 27.0887301, 58.5644271 ], [ 27.0886995, 58.5643812 ], [ 27.0886458, 58.564336 ], [ 27.0885846, 58.5642958 ], [ 27.0885101, 58.564262 ], [ 27.0884249, 58.5642317 ], [ 27.088354, 58.5642069 ], [ 27.0882831, 58.5641871 ], [ 27.0882575, 58.5641597 ], [ 27.0882562, 58.5641202 ], [ 27.0882905, 58.5640692 ], [ 27.0883479, 58.5640341 ], [ 27.0884274, 58.5639908 ], [ 27.0885117, 58.5639538 ], [ 27.0886071, 58.5639308 ], [ 27.0886767, 58.5639308 ], [ 27.0887525, 58.5639302 ], [ 27.0887978, 58.5639085 ], [ 27.08881, 58.563869 ], [ 27.0888039, 58.563832 ], [ 27.088766, 58.5637982 ], [ 27.0886853, 58.5637555 ], [ 27.0886144, 58.5637032 ], [ 27.0885643, 58.5636879 ], [ 27.0885166, 58.5636675 ], [ 27.0884946, 58.5636369 ], [ 27.0884848, 58.5636121 ], [ 27.0885019, 58.563584 ], [ 27.0885129, 58.563554 ], [ 27.0884922, 58.5635266 ], [ 27.0884763, 58.5634999 ], [ 27.0884934, 58.563475 ], [ 27.0884848, 58.5634463 ], [ 27.0884677, 58.5634036 ], [ 27.0884824, 58.5633679 ], [ 27.0884783, 58.5633464 ], [ 27.0884763, 58.563336 ], [ 27.08842, 58.5633035 ], [ 27.0883541, 58.5632782 ], [ 27.0882951, 58.5632645 ], [ 27.0882133, 58.5632469 ], [ 27.0881014, 58.5632154 ], [ 27.0880335, 58.5631812 ], [ 27.0879547, 58.5631434 ], [ 27.0879183, 58.5630939 ] ] } },
{ "type": "Feature", "properties": { "orig_fid": "w925217868", "waterway": "river", "name": "Kargaja jõgi" }, "geometry": { "type": "LineString", "coordinates": [ [ 27.1278683, 58.5059312 ], [ 27.1280132, 58.505803 ], [ 27.1281405, 58.5056902 ], [ 27.1286054, 58.5052788 ], [ 27.1293235, 58.5046614 ], [ 27.1299152, 58.5041487 ], [ 27.1302981, 58.5038031 ], [ 27.1303274, 58.5037814 ], [ 27.130401, 58.5037615 ], [ 27.130432, 58.503753 ], [ 27.1305027, 58.5037485 ], [ 27.1305813, 58.503744 ], [ 27.1306793, 58.5037549 ], [ 27.1307566, 58.5037767 ], [ 27.1308674, 58.5038597 ], [ 27.1309081, 58.503883 ], [ 27.1312091, 58.5039481 ], [ 27.1312609, 58.5039512 ], [ 27.1313053, 58.5039388 ], [ 27.1313789, 58.5038919 ], [ 27.1314507, 58.5038651 ], [ 27.1315234, 58.5038428 ], [ 27.1316408, 58.5038092 ], [ 27.1317304, 58.5037545 ], [ 27.1318171, 58.5037259 ], [ 27.1318677, 58.503696 ], [ 27.1318893, 58.5036646 ], [ 27.1318931, 58.5036363 ], [ 27.1318847, 58.5036152 ], [ 27.1318245, 58.5035724 ], [ 27.1317278, 58.5035308 ], [ 27.1316967, 58.5034907 ], [ 27.1316777, 58.503447 ], [ 27.131685, 58.5034411 ], [ 27.131721, 58.5034123 ], [ 27.1317872, 58.5033653 ], [ 27.1318367, 58.5033224 ], [ 27.1319167, 58.5032329 ], [ 27.1319402, 58.5032135 ], [ 27.1319852, 58.503193 ], [ 27.1320283, 58.5031793 ], [ 27.1320759, 58.5031739 ], [ 27.1321591, 58.5031704 ], [ 27.1322515, 58.5031655 ], [ 27.1323188, 58.5031579 ], [ 27.1323899, 58.5031454 ], [ 27.1324565, 58.5031298 ], [ 27.1325172, 58.5031137 ], [ 27.1325601, 58.5030997 ], [ 27.1325764, 58.5030782 ], [ 27.1325701, 58.5030501 ], [ 27.1325469, 58.5029988 ], [ 27.1325214, 58.5029492 ], [ 27.1324939, 58.5029217 ], [ 27.1324645, 58.502903 ], [ 27.1324042, 58.502885 ], [ 27.1323311, 58.5028724 ], [ 27.1322757, 58.5028687 ], [ 27.1322232, 58.5028796 ], [ 27.1321541, 58.5028844 ], [ 27.1320829, 58.5028792 ], [ 27.1319361, 58.502856 ], [ 27.1318532, 58.5028428 ], [ 27.1317942, 58.5028301 ], [ 27.1317683, 58.5028169 ], [ 27.1317433, 58.5028042 ], [ 27.1317151, 58.502762 ], [ 27.1317117, 58.5027312 ], [ 27.1317268, 58.5026946 ], [ 27.1317732, 58.502662 ], [ 27.1318679, 58.50261 ], [ 27.1319737, 58.5025516 ], [ 27.1320272, 58.5025188 ], [ 27.1321728, 58.5023591 ], [ 27.1322468, 58.5023198 ], [ 27.1323418, 58.5022805 ], [ 27.1326144, 58.5022269 ], [ 27.1326728, 58.5022199 ], [ 27.1327406, 58.5022119 ], [ 27.1328134, 58.5022006 ], [ 27.1328793, 58.5021996 ], [ 27.1329329, 58.5022075 ], [ 27.132987, 58.5022367 ], [ 27.133025, 58.5022814 ], [ 27.1330951, 58.502322 ], [ 27.1331754, 58.5023521 ], [ 27.133253, 58.5023617 ], [ 27.1332843, 58.5023658 ], [ 27.1333687, 58.5023725 ], [ 27.133461, 58.5023909 ], [ 27.1336013, 58.5024218 ], [ 27.1337262, 58.5024611 ], [ 27.1337917, 58.5024943 ], [ 27.1338044, 58.502537 ], [ 27.1337918, 58.5025801 ], [ 27.1338134, 58.5026065 ], [ 27.133877, 58.5026213 ], [ 27.1339637, 58.5026248 ], [ 27.1340808, 58.5025975 ], [ 27.134241, 58.502532 ], [ 27.1344682, 58.5023881 ], [ 27.134511, 58.5023351 ], [ 27.1345381, 58.5022976 ], [ 27.1345474, 58.5022616 ], [ 27.1345465, 58.5022378 ], [ 27.134511, 58.5021654 ], [ 27.1344833, 58.502106 ], [ 27.1344897, 58.5020738 ], [ 27.1345135, 58.502057 ], [ 27.1345537, 58.5020474 ], [ 27.1346039, 58.50205 ], [ 27.1347261, 58.5020819 ], [ 27.1347734, 58.502085 ], [ 27.134831, 58.5020826 ], [ 27.134892, 58.5020693 ], [ 27.1349487, 58.5020544 ], [ 27.1349929, 58.5020458 ], [ 27.1350359, 58.5020436 ], [ 27.1350714, 58.5020509 ], [ 27.1353423, 58.5021122 ], [ 27.1355248, 58.5021535 ], [ 27.1356058, 58.5021554 ], [ 27.1357062, 58.5021493 ], [ 27.1358056, 58.5021503 ], [ 27.1358677, 58.502175 ], [ 27.1359072, 58.5022079 ], [ 27.1359223, 58.502246 ], [ 27.1359177, 58.5022776 ], [ 27.13589, 58.5023069 ], [ 27.1357138, 58.5024688 ], [ 27.135722, 58.5025295 ], [ 27.1357537, 58.5025532 ], [ 27.1358142, 58.5025604 ], [ 27.1359611, 58.5025478 ], [ 27.1361062, 58.5025015 ], [ 27.1362204, 58.5024528 ], [ 27.1363549, 58.5023929 ], [ 27.1364503, 58.5023264 ], [ 27.136493, 58.5022548 ], [ 27.1365043, 58.5022212 ], [ 27.1364998, 58.5021098 ], [ 27.1364936, 58.502025 ], [ 27.136507, 58.5019869 ], [ 27.1365686, 58.5019346 ], [ 27.1366129, 58.5018674 ], [ 27.1366515, 58.5017572 ], [ 27.1366546, 58.5017087 ], [ 27.1366432, 58.5016739 ], [ 27.1365292, 58.501576 ], [ 27.1364608, 58.5015559 ], [ 27.1363711, 58.5015347 ], [ 27.1362997, 58.5015017 ], [ 27.13622, 58.5014542 ], [ 27.1361486, 58.5013968 ], [ 27.1361018, 58.5013595 ], [ 27.1360793, 58.5013496 ], [ 27.1360522, 58.5013379 ], [ 27.1360206, 58.5013289 ], [ 27.1358262, 58.5012932 ], [ 27.1356106, 58.5012581 ], [ 27.1355304, 58.5012524 ], [ 27.1354466, 58.5012538 ], [ 27.1353868, 58.5012693 ], [ 27.1353328, 58.5013199 ], [ 27.1352992, 58.5013555 ], [ 27.1352594, 58.5013977 ], [ 27.1352299, 58.5014172 ], [ 27.1351856, 58.5014195 ], [ 27.1351108, 58.5014137 ], [ 27.1350355, 58.5013744 ], [ 27.1349985, 58.5013356 ], [ 27.134983, 58.5012905 ], [ 27.1349728, 58.5012225 ], [ 27.1350004, 58.5011665 ], [ 27.1352118, 58.5010115 ], [ 27.1353501, 58.5009172 ], [ 27.1353942, 58.5008482 ], [ 27.135437, 58.5007089 ], [ 27.1354575, 58.5006784 ], [ 27.1354857, 58.5006362 ], [ 27.1355548, 58.5006031 ], [ 27.1356729, 58.5005813 ], [ 27.1358529, 58.5005819 ], [ 27.1360205, 58.500603 ], [ 27.1361288, 58.5006374 ], [ 27.1361842, 58.5006827 ], [ 27.1361748, 58.5007154 ], [ 27.1360996, 58.5008277 ], [ 27.1361064, 58.5008555 ], [ 27.1361348, 58.5008787 ], [ 27.1361767, 58.5008922 ], [ 27.1362458, 58.5008958 ], [ 27.1363119, 58.5008726 ], [ 27.1363977, 58.5008332 ], [ 27.1364508, 58.5007973 ], [ 27.1364952, 58.5007382 ], [ 27.1365543, 58.5006886 ], [ 27.136647, 58.5006214 ], [ 27.1366616, 58.5006048 ], [ 27.136682, 58.5005582 ], [ 27.1366819, 58.5005073 ], [ 27.1366596, 58.5004623 ], [ 27.1366141, 58.5004168 ], [ 27.1365745, 58.500383 ], [ 27.1365268, 58.5003598 ], [ 27.1364609, 58.5003358 ], [ 27.1364092, 58.5003262 ], [ 27.1362824, 58.5003134 ], [ 27.1362145, 58.5002987 ], [ 27.1361615, 58.5002751 ], [ 27.1360957, 58.5002376 ], [ 27.1360667, 58.5002111 ], [ 27.1360345, 58.5001566 ], [ 27.1359807, 58.5001058 ], [ 27.1358843, 58.5000264 ], [ 27.1360521, 58.5000072 ], [ 27.1361548, 58.5000059 ], [ 27.1362456, 58.500006 ], [ 27.1363482, 58.5000138 ], [ 27.1364264, 58.5000191 ], [ 27.1365292, 58.5000188 ], [ 27.1366329, 58.5000163 ], [ 27.1367034, 58.5000233 ], [ 27.1367637, 58.500016 ], [ 27.1367942, 58.4999958 ], [ 27.1368024, 58.4999728 ], [ 27.1368002, 58.4999436 ], [ 27.1367822, 58.4998671 ], [ 27.1367534, 58.4998449 ], [ 27.1367056, 58.4998195 ], [ 27.1366666, 58.4998074 ], [ 27.1364547, 58.4997669 ], [ 27.1364037, 58.4997653 ], [ 27.1363772, 58.4997719 ], [ 27.136343, 58.4997923 ], [ 27.1363138, 58.4998038 ], [ 27.1362709, 58.4998048 ], [ 27.1361989, 58.4997902 ], [ 27.1361342, 58.4997679 ], [ 27.1360759, 58.4997379 ], [ 27.1360091, 58.4996999 ], [ 27.1359798, 58.499694 ], [ 27.1359461, 58.4996975 ], [ 27.1358209, 58.4997338 ], [ 27.1357869, 58.4997356 ], [ 27.1356346, 58.4997204 ], [ 27.1355237, 58.4996943 ], [ 27.1354728, 58.4996679 ], [ 27.135453, 58.4996331 ], [ 27.1354455, 58.4995877 ], [ 27.1354613, 58.4995473 ], [ 27.1355113, 58.4995088 ], [ 27.1356719, 58.4994812 ], [ 27.1357602, 58.4994721 ], [ 27.1358237, 58.4994673 ], [ 27.1358648, 58.4994571 ], [ 27.1358863, 58.4994355 ], [ 27.1358792, 58.4994102 ], [ 27.1358492, 58.4993843 ], [ 27.1357872, 58.4993584 ], [ 27.1357322, 58.499331 ], [ 27.1356969, 58.4993145 ], [ 27.1356663, 58.4993071 ], [ 27.1356312, 58.4993041 ], [ 27.1355924, 58.4993061 ], [ 27.1355531, 58.4993152 ], [ 27.1354956, 58.4993428 ], [ 27.1353969, 58.49942 ], [ 27.1353098, 58.4994085 ], [ 27.1352088, 58.4994022 ], [ 27.1351133, 58.4993971 ], [ 27.1350645, 58.4993833 ], [ 27.135038, 58.4993598 ], [ 27.135032, 58.4993315 ], [ 27.1350374, 58.4992648 ], [ 27.1350563, 58.4991829 ], [ 27.135161, 58.499047 ] ] } },
{ "type": "Feature", "properties": { "orig_fid": "w925217869", "waterway": "river", "name": "Kargaja jõgi" }, "geometry": { "type": "LineString", "coordinates": [ [ 27.1683324, 58.4532751 ], [ 27.1682844, 58.452644 ], [ 27.1682025, 58.4520902 ], [ 27.1680795, 58.4518008 ], [ 27.1678542, 58.4514899 ], [ 27.1674444, 58.4511647 ], [ 27.1668776, 58.450693 ], [ 27.1665293, 58.4503428 ], [ 27.1661946, 58.4499283 ], [ 27.1656278, 58.449378 ], [ 27.1653, 58.4491243 ], [ 27.16502, 58.4488348 ], [ 27.1647946, 58.4485811 ], [ 27.1647605, 58.4483989 ], [ 27.1649312, 58.448163 ], [ 27.1653, 58.4479665 ], [ 27.1658941, 58.4478128 ], [ 27.1664268, 58.4476234 ], [ 27.1667615, 58.447459 ], [ 27.1669459, 58.4472839 ], [ 27.167021, 58.4470838 ], [ 27.1669117, 58.4468979 ], [ 27.1665566, 58.4466692 ], [ 27.1659419, 58.4464155 ], [ 27.1654161, 58.4461832 ], [ 27.1650132, 58.4459723 ], [ 27.1648424, 58.4458222 ], [ 27.1647673, 58.4456685 ], [ 27.1647741, 58.4454791 ], [ 27.1652044, 58.4449466 ] ] } },
{ "type": "Feature", "properties": { "orig_fid": "w925217870", "waterway": "river", "name": "Kargaja jõgi" }, "geometry": { "type": "LineString", "coordinates": [ [ 27.1355113, 58.4995088 ], [ 27.1355011, 58.4994775 ], [ 27.1354484, 58.4994346 ], [ 27.1353969, 58.49942 ] ] } },
{ "type": "Feature", "properties": { "orig_fid": "w925217871", "waterway": "river", "name": "Kargaja jõgi" }, "geometry": { "type": "LineString", "coordinates": [ [ 27.1685917, 58.4648326 ], [ 27.1684425, 58.4645537 ], [ 27.1684649, 58.4642761 ], [ 27.1685325, 58.4636749 ], [ 27.1685615, 58.4634223 ], [ 27.1684166, 58.4632253 ], [ 27.1679723, 58.4628768 ], [ 27.1676633, 58.4626343 ], [ 27.1673639, 58.4623968 ], [ 27.1672286, 58.4621341 ], [ 27.1671804, 58.4619876 ], [ 27.1674315, 58.461826 ], [ 27.1678661, 58.4617755 ], [ 27.168349, 58.4617957 ], [ 27.168716, 58.4618563 ], [ 27.1690347, 58.4618159 ], [ 27.1692955, 58.4617199 ], [ 27.1693728, 58.4615734 ], [ 27.1694114, 58.4614067 ], [ 27.1691989, 58.4612753 ], [ 27.1686967, 58.4610934 ], [ 27.1682621, 58.4610278 ], [ 27.1676053, 58.4609671 ], [ 27.1670451, 58.4609874 ], [ 27.1665257, 58.4610132 ], [ 27.1661759, 58.4609419 ], [ 27.1660407, 58.4608257 ], [ 27.1660111, 58.460777 ], [ 27.1659731, 58.4607145 ], [ 27.1659827, 58.460563 ], [ 27.1661276, 58.4604114 ], [ 27.1664656, 58.4603104 ], [ 27.1668906, 58.4602144 ], [ 27.1674604, 58.4601083 ], [ 27.1682041, 58.4599921 ], [ 27.1686001, 58.459886 ], [ 27.1688126, 58.4598102 ], [ 27.1689478, 58.4595829 ], [ 27.1688444, 58.4593609 ], [ 27.1683732, 58.4591037 ], [ 27.1679225, 58.4588644 ], [ 27.1675742, 58.4586178 ], [ 27.1674034, 58.4584464 ], [ 27.1674034, 58.4581641 ], [ 27.1675127, 58.4578962 ], [ 27.167861, 58.4575532 ], [ 27.1682366, 58.4571602 ], [ 27.1683664, 58.456853 ], [ 27.1681274, 58.4563885 ], [ 27.167622, 58.4559062 ], [ 27.1673829, 58.4556132 ], [ 27.1673078, 58.4553774 ], [ 27.1674308, 58.4550022 ], [ 27.1677927, 58.4545771 ], [ 27.168182, 58.4541412 ], [ 27.1683322, 58.4538589 ], [ 27.1683324, 58.4532751 ] ] } },
{ "type": "Feature", "properties": { "orig_fid": "w925217872", "waterway": "river", "name": "Kargaja jõgi" }, "geometry": { "type": "LineString", "coordinates": [ [ 27.1358843, 58.5000264 ], [ 27.1357736, 58.4999963 ], [ 27.1356997, 58.4999408 ], [ 27.1356813, 58.4998563 ], [ 27.1356582, 58.4997984 ], [ 27.1356346, 58.4997204 ] ] } },
{ "type": "Feature", "properties": { "orig_fid": "w925217873", "waterway": "river", "name": "Kargaja jõgi" }, "geometry": { "type": "LineString", "coordinates": [ [ 27.135161, 58.499047 ], [ 27.1351891, 58.4989542 ], [ 27.1352002, 58.4989176 ], [ 27.1352298, 58.498878 ], [ 27.135293, 58.4988322 ], [ 27.1353649, 58.4988103 ], [ 27.1354395, 58.4988001 ], [ 27.1355821, 58.4987813 ], [ 27.1356162, 58.4987476 ], [ 27.1356323, 58.4987085 ], [ 27.1356953, 58.4985108 ], [ 27.1356706, 58.4984885 ], [ 27.1354704, 58.4984019 ], [ 27.1353636, 58.4983539 ], [ 27.1353104, 58.4983292 ], [ 27.1352106, 58.4982708 ], [ 27.1351963, 58.4982433 ], [ 27.1352336, 58.4981265 ], [ 27.135311, 58.4980477 ], [ 27.1353777, 58.4980003 ], [ 27.1355268, 58.4979391 ], [ 27.1355641, 58.4979191 ], [ 27.1355648, 58.4978927 ], [ 27.1355239, 58.4978053 ], [ 27.135494, 58.4977555 ], [ 27.1354462, 58.4976778 ], [ 27.1354411, 58.4976452 ], [ 27.1354735, 58.4976252 ], [ 27.1355579, 58.497604 ], [ 27.1357487, 58.4975922 ], [ 27.1358779, 58.4975998 ], [ 27.1360928, 58.4976662 ], [ 27.1361766, 58.4976643 ], [ 27.1362936, 58.4976539 ], [ 27.1363618, 58.4976307 ], [ 27.1364063, 58.4975874 ], [ 27.1364202, 58.497535 ], [ 27.1364172, 58.4974982 ], [ 27.1363406, 58.497407 ], [ 27.1362291, 58.4972679 ], [ 27.1361492, 58.4971522 ], [ 27.1361206, 58.4970798 ], [ 27.136114, 58.4970458 ], [ 27.136129, 58.4970086 ], [ 27.13617, 58.4969713 ], [ 27.1362352, 58.4969361 ], [ 27.1363021, 58.4969221 ], [ 27.1363758, 58.4969323 ], [ 27.136435, 58.4969629 ], [ 27.1364914, 58.4969951 ], [ 27.136546, 58.497002 ], [ 27.1366104, 58.4969967 ], [ 27.1366894, 58.4969721 ], [ 27.1368272, 58.4969189 ], [ 27.1368547, 58.496889 ], [ 27.1368619, 58.496852 ], [ 27.1368575, 58.4968322 ], [ 27.1368524, 58.4968079 ], [ 27.1368354, 58.4967883 ], [ 27.1368065, 58.4967724 ], [ 27.1366529, 58.4967213 ] ] } },
{ "type": "Feature", "properties": { "orig_fid": "w925217874", "waterway": "river", "name": "Kääpa jõgi" }, "geometry": { "type": "LineString", "coordinates": [ [ 26.861377, 58.6329275 ], [ 26.8611082, 58.6329454 ], [ 26.8608019, 58.6329763 ], [ 26.8606081, 58.6329893 ], [ 26.8604924, 58.6329844 ], [ 26.8602486, 58.6329844 ], [ 26.8598954, 58.6330137 ], [ 26.8596891, 58.6330251 ], [ 26.8595016, 58.6330332 ], [ 26.8593828, 58.6330349 ], [ 26.8592859, 58.6330218 ], [ 26.8590796, 58.6330218 ], [ 26.8587733, 58.6330463 ], [ 26.8586451, 58.6330658 ], [ 26.8583982, 58.6330479 ], [ 26.8582732, 58.6330316 ], [ 26.8581575, 58.6330463 ], [ 26.8578356, 58.6330576 ], [ 26.8572542, 58.6330658 ], [ 26.8568166, 58.6330951 ], [ 26.8566384, 58.6331113 ], [ 26.8562383, 58.6331634 ], [ 26.8561102, 58.6331553 ], [ 26.8560633, 58.6331276 ], [ 26.856032, 58.6330951 ], [ 26.8559289, 58.6330739 ], [ 26.8557257, 58.6330316 ], [ 26.8555632, 58.6329714 ], [ 26.8552475, 58.632877 ], [ 26.8551037, 58.6328364 ], [ 26.8550318, 58.6328543 ], [ 26.854938, 58.6328884 ], [ 26.8548067, 58.6328917 ], [ 26.8545629, 58.632877 ], [ 26.8543379, 58.6328657 ], [ 26.8541566, 58.6328331 ], [ 26.8540347, 58.6328103 ], [ 26.853869, 58.6327957 ], [ 26.8537346, 58.632812 ], [ 26.8535627, 58.6328055 ], [ 26.8534814, 58.6327745 ], [ 26.8534002, 58.6327501 ], [ 26.8533189, 58.6327632 ], [ 26.8530407, 58.6327436 ], [ 26.8529407, 58.6327729 ], [ 26.8528719, 58.6327599 ], [ 26.8526906, 58.6327566 ], [ 26.85265, 58.6327404 ], [ 26.8525593, 58.6327209 ], [ 26.8524343, 58.6327013 ], [ 26.852378, 58.6326802 ], [ 26.8523499, 58.6326948 ], [ 26.8522999, 58.6327257 ], [ 26.8521749, 58.6327518 ], [ 26.8520561, 58.6327453 ], [ 26.8519748, 58.6327078 ], [ 26.8518873, 58.6327111 ], [ 26.8517717, 58.6327274 ], [ 26.8516935, 58.6327632 ], [ 26.8515779, 58.6327599 ], [ 26.8513028, 58.632742 ], [ 26.8512153, 58.6327583 ], [ 26.8510652, 58.6327794 ], [ 26.8509152, 58.6327322 ], [ 26.8507339, 58.6326688 ], [ 26.850437, 58.6326411 ], [ 26.850215, 58.632646 ], [ 26.8500494, 58.632672 ], [ 26.8499525, 58.6326623 ], [ 26.8497243, 58.6326314 ], [ 26.849593, 58.632633 ], [ 26.8493461, 58.632646 ], [ 26.8491242, 58.6326493 ], [ 26.8488991, 58.6326118 ], [ 26.8486522, 58.6325728 ], [ 26.8481583, 58.6325598 ], [ 26.8478989, 58.6325728 ], [ 26.8477395, 58.6325744 ], [ 26.8476488, 58.632563 ], [ 26.8474988, 58.6325549 ], [ 26.8473487, 58.6325744 ], [ 26.8472112, 58.6326118 ], [ 26.8470143, 58.6326102 ], [ 26.8468267, 58.63262 ], [ 26.8466955, 58.6326379 ], [ 26.8466111, 58.6326297 ], [ 26.846511, 58.6325777 ], [ 26.8464392, 58.6325549 ], [ 26.8463266, 58.6325695 ], [ 26.8461578, 58.6325956 ], [ 26.8460015, 58.6326086 ], [ 26.8459578, 58.6326639 ], [ 26.845889, 58.632729 ], [ 26.8456265, 58.6328136 ], [ 26.8454858, 58.6328868 ], [ 26.8453139, 58.6329665 ], [ 26.845217, 58.6329649 ], [ 26.8450951, 58.6329714 ], [ 26.8449107, 58.6329356 ], [ 26.8447794, 58.6329177 ], [ 26.8447388, 58.6329421 ], [ 26.8447231, 58.6330267 ], [ 26.8446481, 58.6332399 ], [ 26.8445387, 58.6333944 ], [ 26.8444981, 58.6334188 ], [ 26.8443137, 58.6334644 ], [ 26.8438823, 58.6335116 ], [ 26.8436916, 58.6335376 ], [ 26.8436135, 58.6335343 ], [ 26.8434978, 58.6335083 ], [ 26.8433978, 58.6335116 ], [ 26.8433541, 58.6335685 ], [ 26.8433853, 58.633632 ], [ 26.8433541, 58.6337686 ], [ 26.8433728, 58.6339509 ], [ 26.843279, 58.6340338 ], [ 26.8429258, 58.6342372 ], [ 26.842532, 58.6344097 ], [ 26.8422851, 58.6345658 ], [ 26.84221, 58.6349254 ], [ 26.8422225, 58.6350018 ], [ 26.8421882, 58.6350864 ], [ 26.8420913, 58.6351629 ], [ 26.8418037, 58.6353321 ], [ 26.8416349, 58.6354704 ], [ 26.8410566, 58.6358055 ], [ 26.841016, 58.6359341 ], [ 26.8409816, 58.6359666 ], [ 26.8408347, 58.6360268 ], [ 26.8407316, 58.6361049 ], [ 26.8406675, 58.636171 ], [ 26.8406988, 58.6362247 ], [ 26.8408113, 58.6362962 ], [ 26.8408379, 58.6363556 ], [ 26.8407129, 58.6364329 ], [ 26.8406378, 58.6365256 ], [ 26.8406255, 58.6365709 ], [ 26.8406474, 58.6366164 ], [ 26.8407568, 58.6366392 ], [ 26.8407982, 58.6366912 ], [ 26.8408084, 58.6367161 ], [ 26.8408003, 58.6367327 ] ] } },
{ "type": "Feature", "properties": { "orig_fid": "w925217875", "waterway": "river", "name": "Kääpa jõgi" }, "geometry": { "type": "LineString", "coordinates": [ [ 26.9168866, 58.5334485 ], [ 26.9168104, 58.5334841 ], [ 26.9165163, 58.533809 ], [ 26.9164958, 58.5339839 ], [ 26.916441, 58.534166 ], [ 26.9160769, 58.5347345 ], [ 26.9158443, 58.5352459 ], [ 26.9152077, 58.5365429 ], [ 26.9144243, 58.538171 ], [ 26.9143469, 58.5384815 ], [ 26.9140954, 58.5399101 ], [ 26.9139503, 58.5409524 ], [ 26.9138391, 58.5412149 ], [ 26.9132615, 58.5422206 ], [ 26.9125769, 58.5433551 ], [ 26.9113173, 58.5455323 ], [ 26.9107586, 58.5464454 ] ] } },
{ "type": "Feature", "properties": { "orig_fid": "w925217876", "waterway": "river", "name": "Kääpa jõgi" }, "geometry": { "type": "LineString", "coordinates": [ [ 26.8637616, 58.6326213 ], [ 26.863757, 58.632686 ], [ 26.8635367, 58.6328085 ], [ 26.86334, 58.6328413 ], [ 26.8631556, 58.6328429 ], [ 26.8630743, 58.6328168 ], [ 26.8630362, 58.6328177 ], [ 26.8628543, 58.6328221 ], [ 26.8627336, 58.632825 ], [ 26.8626117, 58.6328478 ], [ 26.8625242, 58.6328949 ], [ 26.8623523, 58.6329193 ], [ 26.8621147, 58.632973 ], [ 26.8619084, 58.6329828 ], [ 26.8617927, 58.6329372 ], [ 26.8616083, 58.6329193 ], [ 26.861377, 58.6329275 ] ] } },
{ "type": "Feature", "properties": { "orig_fid": "w925217877", "waterway": "river", "name": "Kääpa jõgi" }, "geometry": { "type": "LineString", "coordinates": [ [ 26.90764, 58.5719768 ], [ 26.9065169, 58.5733239 ], [ 26.9063472, 58.5734997 ], [ 26.9062402, 58.5735607 ], [ 26.9061667, 58.5736356 ], [ 26.9061366, 58.5737367 ], [ 26.9061767, 58.57381 ], [ 26.9061366, 58.5739233 ], [ 26.9059802, 58.5740783 ], [ 26.9059258, 58.574204 ], [ 26.9058147, 58.5743446 ], [ 26.9056445, 58.5744087 ], [ 26.9053135, 58.5745221 ], [ 26.9047768, 58.5747477 ], [ 26.9033205, 58.5752851 ], [ 26.9028405, 58.5753899 ], [ 26.9026183, 58.5754934 ], [ 26.9024788, 58.5756019 ], [ 26.902395, 58.5756286 ] ] } },
{ "type": "Feature", "properties": { "orig_fid": "w925217878", "waterway": "river", "name": "Kääpa jõgi" }, "geometry": { "type": "LineString", "coordinates": [ [ 26.910878, 58.5974429 ], [ 26.9108285, 58.5974619 ], [ 26.9105865, 58.5975062 ], [ 26.9103609, 58.5975828 ], [ 26.9099653, 58.5977447 ], [ 26.9097496, 58.5977856 ], [ 26.9095599, 58.5978128 ], [ 26.9093474, 58.597789 ], [ 26.9091055, 58.5978196 ], [ 26.9089911, 58.5978929 ], [ 26.9090434, 58.5980121 ], [ 26.9092167, 58.598128 ], [ 26.9092951, 58.5981842 ], [ 26.9092951, 58.598225 ], [ 26.9091938, 58.5984226 ], [ 26.9092175, 58.5985595 ], [ 26.9093747, 58.5987307 ], [ 26.9096548, 58.5989643 ], [ 26.9096482, 58.5990495 ], [ 26.9095828, 58.5991381 ], [ 26.9095894, 58.5992318 ], [ 26.9097071, 58.5993851 ], [ 26.9097267, 58.5994805 ], [ 26.9097594, 58.5996167 ], [ 26.9098575, 58.5996798 ], [ 26.910083, 58.5997513 ], [ 26.9101321, 58.5998263 ], [ 26.9101419, 58.600092 ], [ 26.9103969, 58.600218 ], [ 26.9105963, 58.6003339 ], [ 26.9108612, 58.6003935 ], [ 26.9110573, 58.6004412 ], [ 26.9112371, 58.6004769 ], [ 26.9112796, 58.6005008 ], [ 26.9112796, 58.6005655 ], [ 26.9113254, 58.6006354 ], [ 26.9114627, 58.6007614 ], [ 26.9115837, 58.6008909 ], [ 26.9114856, 58.6010391 ], [ 26.9113254, 58.6011038 ], [ 26.911126, 58.6012417 ], [ 26.9110998, 58.6013661 ], [ 26.9110279, 58.60147 ], [ 26.9111194, 58.6016471 ], [ 26.9112502, 58.6018141 ], [ 26.9113319, 58.6019708 ], [ 26.9114202, 58.6021223 ], [ 26.9113221, 58.602291 ], [ 26.9111521, 58.6023421 ], [ 26.9108285, 58.6023778 ], [ 26.9107144, 58.6024027 ], [ 26.9106748, 58.6024494 ], [ 26.9106634, 58.6024921 ], [ 26.9106901, 58.6025478 ], [ 26.910835, 58.6026214 ], [ 26.9110583, 58.6026406 ], [ 26.9112854, 58.6026338 ], [ 26.9113789, 58.6026466 ], [ 26.911462, 58.6027051 ], [ 26.9114791, 58.6027798 ], [ 26.9111946, 58.6028956 ], [ 26.9109625, 58.603008 ], [ 26.9108056, 58.6032363 ], [ 26.9106683, 58.6033282 ], [ 26.9107075, 58.6034049 ], [ 26.9109527, 58.6034832 ], [ 26.9110835, 58.6035667 ], [ 26.9111194, 58.6037132 ], [ 26.9110606, 58.6037949 ], [ 26.9108677, 58.6038273 ], [ 26.9108056, 58.6038643 ], [ 26.9107794, 58.6039431 ], [ 26.9107729, 58.6040691 ], [ 26.9106977, 58.6041543 ], [ 26.9102988, 58.6043263 ], [ 26.9101059, 58.6044472 ], [ 26.909913, 58.6045562 ], [ 26.9097496, 58.6045699 ], [ 26.9095796, 58.6045324 ], [ 26.9092494, 58.6045392 ], [ 26.9086968, 58.604466 ], [ 26.9084909, 58.6044694 ], [ 26.908383, 58.604437 ], [ 26.9082424, 58.60442 ], [ 26.9081247, 58.6044336 ], [ 26.9080201, 58.6044898 ], [ 26.9079743, 58.6045733 ], [ 26.9079612, 58.6047947 ], [ 26.9079383, 58.6050178 ], [ 26.9078239, 58.6051149 ], [ 26.9075264, 58.6052188 ], [ 26.9072747, 58.6053209 ], [ 26.9070164, 58.60551 ], [ 26.9069968, 58.60559 ], [ 26.907085, 58.6056616 ], [ 26.907546, 58.605762 ], [ 26.907837, 58.6058421 ], [ 26.9079808, 58.6059153 ], [ 26.9080495, 58.605992 ], [ 26.9080299, 58.606101 ], [ 26.9077945, 58.6062764 ], [ 26.9075525, 58.6064007 ], [ 26.907291, 58.6064245 ], [ 26.9070948, 58.6065455 ], [ 26.9071471, 58.6066698 ], [ 26.9073041, 58.6067549 ], [ 26.9074545, 58.606806 ], [ 26.907752, 58.6067907 ], [ 26.9079089, 58.6068231 ], [ 26.908056, 58.6069303 ], [ 26.9079808, 58.6071177 ], [ 26.9078337, 58.6072522 ], [ 26.9077422, 58.6074413 ], [ 26.90751, 58.6076252 ], [ 26.9073041, 58.6077376 ], [ 26.907291, 58.6078125 ], [ 26.9073531, 58.6078891 ], [ 26.9075068, 58.6079539 ], [ 26.9076408, 58.6080305 ], [ 26.9077291, 58.6081003 ], [ 26.9077095, 58.6082263 ], [ 26.9076964, 58.6084 ], [ 26.9077945, 58.6085005 ], [ 26.9080168, 58.6085805 ], [ 26.9081639, 58.6085874 ], [ 26.9084385, 58.6086095 ], [ 26.9084974, 58.6086827 ], [ 26.9084451, 58.6088581 ], [ 26.9084675, 58.6090675 ], [ 26.9084398, 58.6091759 ], [ 26.9084721, 58.609286 ], [ 26.9085022, 58.6094095 ], [ 26.9085149, 58.6095708 ], [ 26.908397, 58.6096954 ], [ 26.9082964, 58.6097767 ], [ 26.9081265, 58.6098273 ], [ 26.9079288, 58.6099146 ], [ 26.9075751, 58.6100669 ], [ 26.9072492, 58.6102271 ], [ 26.9070631, 58.6103547 ], [ 26.9069856, 58.6104601 ], [ 26.9069637, 58.6105401 ], [ 26.9069914, 58.6106967 ], [ 26.9069764, 58.610746 ], [ 26.9069267, 58.6107761 ], [ 26.9067914, 58.6108809 ], [ 26.9066759, 58.6109489 ], [ 26.9065337, 58.6109851 ], [ 26.906255, 58.6111017 ], [ 26.9060222, 58.6111653 ], [ 26.9058794, 58.6111849 ], [ 26.9057283, 58.6111877 ], [ 26.9055339, 58.611163 ], [ 26.9052378, 58.6111747 ], [ 26.904944, 58.6111394 ], [ 26.9048106, 58.6110864 ], [ 26.9046524, 58.6110111 ], [ 26.9043857, 58.6109911 ], [ 26.9041709, 58.6109781 ], [ 26.9039652, 58.6110005 ], [ 26.9038228, 58.6110888 ], [ 26.9036601, 58.6111159 ], [ 26.903477, 58.6110888 ], [ 26.903321, 58.6110676 ], [ 26.9030882, 58.6110758 ], [ 26.9029006, 58.6110711 ], [ 26.9027356, 58.6110935 ], [ 26.9026112, 58.6110982 ], [ 26.9025095, 58.6111194 ], [ 26.9023581, 58.6111665 ], [ 26.902175, 58.6112018 ], [ 26.9020642, 58.6112454 ], [ 26.9019241, 58.6113195 ], [ 26.9015624, 58.6114102 ], [ 26.9014471, 58.6114196 ], [ 26.9013477, 58.611389 ], [ 26.9012098, 58.6113478 ], [ 26.9010538, 58.6113254 ], [ 26.9007848, 58.6112524 ], [ 26.9006492, 58.6111947 ], [ 26.9005339, 58.6111229 ], [ 26.9003983, 58.611097 ], [ 26.9002333, 58.611117 ], [ 26.9001157, 58.6111747 ], [ 26.9000118, 58.6113631 ], [ 26.8999439, 58.6114432 ], [ 26.8999372, 58.6115138 ], [ 26.8999756, 58.6115785 ], [ 26.9000502, 58.611628 ], [ 26.9001225, 58.6116716 ], [ 26.9001722, 58.611741 ], [ 26.9001112, 58.6118011 ], [ 26.8999266, 58.611852 ] ] } },
{ "type": "Feature", "properties": { "orig_fid": "w925217879", "waterway": "river", "name": "Kääpa jõgi" }, "geometry": { "type": "LineString", "coordinates": [ [ 26.9044891, 58.5572572 ], [ 26.9044653, 58.5572923 ] ] } },
{ "type": "Feature", "properties": { "orig_fid": "w925217880", "waterway": "river", "name": "Kääpa jõgi" }, "geometry": { "type": "LineString", "coordinates": [ [ 27.0171583, 58.5285103 ], [ 27.0142148, 58.5291999 ], [ 27.0139975, 58.5292509 ], [ 27.0131347, 58.5294583 ], [ 27.0126556, 58.5295744 ], [ 27.0120027, 58.5297295 ], [ 27.0114556, 58.5298555 ], [ 27.0091112, 58.5303956 ], [ 27.0089819, 58.5304254 ], [ 27.0086204, 58.5305101 ], [ 27.0065321, 58.5309993 ], [ 27.0053231, 58.5320055 ], [ 27.0051253, 58.5321655 ], [ 27.0042992, 58.5328587 ], [ 27.0033055, 58.5336752 ], [ 27.0030403, 58.5340733 ], [ 27.0024131, 58.5350557 ], [ 27.0016673, 58.5361784 ], [ 27.0013216, 58.5367122 ], [ 27.0008041, 58.5375068 ] ] } },
{ "type": "Feature", "properties": { "orig_fid": "w925217881", "waterway": "river", "name": "Kääpa jõgi" }, "geometry": { "type": "LineString", "coordinates": [ [ 26.8582465, 58.7255506 ], [ 26.8587323, 58.7258628 ], [ 26.8589315, 58.7261534 ], [ 26.8594533, 58.7263061 ], [ 26.8599181, 58.7262568 ], [ 26.860696, 58.7260007 ], [ 26.861009, 58.7259663 ], [ 26.8615877, 58.7260155 ], [ 26.8627735, 58.7264834 ], [ 26.863485, 58.7265917 ], [ 26.8654013, 58.7273402 ], [ 26.8657143, 58.7275914 ], [ 26.8657428, 58.7278967 ], [ 26.8654582, 58.7282463 ], [ 26.8655341, 58.7285713 ], [ 26.8664258, 58.7289357 ], [ 26.8664732, 58.7296153 ], [ 26.8671942, 58.7299895 ], [ 26.8678962, 58.730413 ], [ 26.8688449, 58.7305755 ], [ 26.8697271, 58.7307872 ], [ 26.8712734, 58.7308378 ] ] } },
{ "type": "Feature", "properties": { "orig_fid": "w925217882", "waterway": "river", "name": "Kääpa jõgi" }, "geometry": { "type": "LineString", "coordinates": [ [ 26.9127949, 58.5952165 ], [ 26.9128653, 58.5953273 ], [ 26.9128947, 58.5954687 ], [ 26.9128457, 58.5956544 ], [ 26.9129535, 58.5957175 ], [ 26.9131007, 58.5957652 ], [ 26.9131203, 58.5957992 ], [ 26.9131464, 58.595927 ], [ 26.9132086, 58.5960292 ], [ 26.9133982, 58.5961536 ], [ 26.913663, 58.5962626 ], [ 26.9137513, 58.5963035 ], [ 26.9137676, 58.5963784 ], [ 26.9137317, 58.5964415 ], [ 26.9136793, 58.5964841 ], [ 26.913542, 58.5964926 ], [ 26.9134015, 58.596559 ], [ 26.9132576, 58.5966783 ], [ 26.9130124, 58.5968163 ], [ 26.9127868, 58.5969151 ], [ 26.9125481, 58.5969525 ], [ 26.9122408, 58.5969917 ], [ 26.9120283, 58.5970701 ], [ 26.9117864, 58.5972268 ], [ 26.9116196, 58.5973563 ], [ 26.9113679, 58.5974422 ], [ 26.9111853, 58.5974459 ], [ 26.910878, 58.5974429 ] ] } },
{ "type": "Feature", "properties": { "orig_fid": "w925217883", "waterway": "river", "name": "Kääpa jõgi" }, "geometry": { "type": "LineString", "coordinates": [ [ 27.017716, 58.5284745 ], [ 27.0176457, 58.5285576 ], [ 27.0171583, 58.5285103 ] ] } },
{ "type": "Feature", "properties": { "orig_fid": "w925217884", "waterway": "river", "name": "Kääpa jõgi" }, "geometry": { "type": "LineString", "coordinates": [ [ 26.902395, 58.5756286 ], [ 26.9023346, 58.5756685 ], [ 26.9021029, 58.5757141 ], [ 26.9017908, 58.5757252 ], [ 26.9011832, 58.5757165 ], [ 26.9005236, 58.5756783 ], [ 26.9002848, 58.5756697 ], [ 26.8999916, 58.5756956 ], [ 26.8998096, 58.5757535 ], [ 26.899595, 58.57587 ], [ 26.8995154, 58.5759704 ], [ 26.8994006, 58.5760259 ], [ 26.8992847, 58.5760999 ], [ 26.8992303, 58.5761837 ], [ 26.8992327, 58.5762922 ], [ 26.8993225, 58.5763994 ], [ 26.8994762, 58.5764919 ], [ 26.8995637, 58.5765942 ], [ 26.8995471, 58.5767026 ], [ 26.8993793, 58.5768185 ], [ 26.8992422, 58.5769405 ], [ 26.8991925, 58.5770909 ], [ 26.8992871, 58.5772191 ], [ 26.8993698, 58.577314 ], [ 26.8995235, 58.5774114 ], [ 26.89989, 58.5776209 ], [ 26.9001808, 58.5777947 ], [ 26.9003628, 58.5779032 ], [ 26.9004952, 58.5780412 ], [ 26.9005779, 58.5781657 ], [ 26.90063, 58.5783185 ], [ 26.9006347, 58.5784369 ], [ 26.900604, 58.5785157 ], [ 26.9004716, 58.5785811 ], [ 26.9003841, 58.5786526 ], [ 26.9003344, 58.5787561 ], [ 26.9002399, 58.5788214 ], [ 26.9001067, 58.5789263 ], [ 26.900092, 58.5789762 ], [ 26.9001571, 58.5791197 ], [ 26.900299, 58.5792799 ], [ 26.9004432, 58.5794512 ], [ 26.9005803, 58.5795203 ], [ 26.900682, 58.579577 ], [ 26.9006985, 58.5796226 ], [ 26.9006205, 58.5796965 ], [ 26.9005803, 58.5798715 ], [ 26.9006063, 58.5799911 ], [ 26.9006702, 58.5800761 ], [ 26.9008427, 58.5801538 ], [ 26.9009208, 58.5802166 ], [ 26.9009373, 58.5802844 ], [ 26.9009042, 58.580362 ], [ 26.9007978, 58.5804545 ], [ 26.9006772, 58.5805013 ], [ 26.9004739, 58.5805247 ], [ 26.9002611, 58.5805987 ], [ 26.900072, 58.5806702 ], [ 26.8999585, 58.5807614 ], [ 26.8998427, 58.5808501 ], [ 26.8998025, 58.5809672 ], [ 26.8998001, 58.5810966 ], [ 26.8998592, 58.5811915 ], [ 26.8999845, 58.5812765 ], [ 26.9000531, 58.5813271 ], [ 26.9000531, 58.5814269 ], [ 26.8999751, 58.5815132 ], [ 26.8998427, 58.5815822 ], [ 26.8998214, 58.5816611 ], [ 26.8998781, 58.5817498 ], [ 26.8999774, 58.5818829 ], [ 26.9000815, 58.581963 ], [ 26.9002186, 58.5820517 ], [ 26.9003912, 58.5820838 ], [ 26.9005496, 58.5821208 ], [ 26.9006276, 58.5821725 ], [ 26.9006796, 58.5822465 ], [ 26.9006867, 58.5823623 ], [ 26.9006489, 58.5825311 ], [ 26.9005638, 58.5825915 ], [ 26.9003533, 58.5826162 ], [ 26.9001264, 58.5826766 ], [ 26.9000342, 58.5827394 ], [ 26.8999089, 58.5828355 ], [ 26.8998238, 58.5828676 ], [ 26.899689, 58.5828836 ], [ 26.8994739, 58.5828614 ], [ 26.8992445, 58.582822 ], [ 26.8990956, 58.5828023 ], [ 26.8988615, 58.5828442 ], [ 26.8985778, 58.582981 ], [ 26.8984194, 58.5830401 ], [ 26.8982846, 58.5831165 ], [ 26.8982634, 58.5831991 ], [ 26.8982965, 58.5832533 ], [ 26.898391, 58.5832977 ], [ 26.8984714, 58.5833618 ], [ 26.8984525, 58.5834419 ], [ 26.8984785, 58.5834887 ], [ 26.8986298, 58.5835626 ], [ 26.8988521, 58.583623 ], [ 26.8990507, 58.5836625 ], [ 26.8992119, 58.5837305 ], [ 26.8993722, 58.5837487 ], [ 26.899436, 58.5838017 ], [ 26.8994502, 58.5838868 ], [ 26.8992729, 58.5839804 ], [ 26.8992161, 58.5841135 ], [ 26.8991358, 58.5842146 ], [ 26.8990436, 58.5843551 ], [ 26.8988261, 58.5844499 ], [ 26.8986156, 58.5845103 ], [ 26.8984194, 58.5844968 ], [ 26.8982776, 58.5844524 ], [ 26.8980529, 58.5844253 ], [ 26.8977787, 58.5844031 ], [ 26.8976085, 58.5843575 ], [ 26.8974406, 58.5843575 ], [ 26.8973177, 58.5843797 ], [ 26.8972515, 58.5844512 ], [ 26.8973082, 58.5845411 ], [ 26.8974241, 58.5846989 ], [ 26.8974572, 58.5848726 ], [ 26.8973382, 58.5850089 ], [ 26.8972691, 58.5851264 ], [ 26.8973801, 58.5853746 ], [ 26.8973784, 58.5854773 ], [ 26.8973456, 58.5855831 ], [ 26.8973652, 58.5856598 ], [ 26.8976119, 58.5858942 ], [ 26.8977851, 58.5859899 ], [ 26.8980834, 58.5860599 ], [ 26.8983427, 58.5860722 ], [ 26.8987318, 58.5860636 ], [ 26.8989868, 58.5860483 ], [ 26.8992647, 58.5859972 ], [ 26.8994805, 58.5859035 ], [ 26.8997257, 58.5857586 ], [ 26.8998663, 58.5857092 ], [ 26.899948, 58.5856223 ], [ 26.8999513, 58.5855405 ], [ 26.8998793, 58.5854553 ], [ 26.8997943, 58.5853922 ], [ 26.8998041, 58.5853428 ], [ 26.8998565, 58.5853002 ], [ 26.9000101, 58.5852355 ], [ 26.9001311, 58.5852116 ], [ 26.900288, 58.5852048 ], [ 26.9003926, 58.5852116 ], [ 26.9004547, 58.5852508 ], [ 26.9004482, 58.5853241 ], [ 26.9004188, 58.5853735 ], [ 26.9004253, 58.58544 ], [ 26.9004613, 58.5855217 ], [ 26.900543, 58.585549 ], [ 26.9007228, 58.5855303 ], [ 26.9008503, 58.5854434 ], [ 26.9010465, 58.5853684 ], [ 26.9012623, 58.5853565 ], [ 26.9014879, 58.5853428 ], [ 26.9016546, 58.5853275 ], [ 26.9018115, 58.5853053 ], [ 26.901939, 58.5853002 ], [ 26.902024, 58.5853224 ], [ 26.9021221, 58.585428 ], [ 26.9022366, 58.585474 ], [ 26.9023444, 58.585503 ], [ 26.9026616, 58.5855712 ], [ 26.9029329, 58.5856564 ], [ 26.9032337, 58.5857842 ], [ 26.9034397, 58.5858932 ], [ 26.9038287, 58.5861591 ], [ 26.9040609, 58.5862579 ], [ 26.9043126, 58.586384 ], [ 26.9047311, 58.5865595 ], [ 26.9049109, 58.5866601 ], [ 26.9050221, 58.5867487 ], [ 26.9051299, 58.5869412 ], [ 26.9051888, 58.5870043 ], [ 26.9053294, 58.587069 ], [ 26.9056073, 58.5870707 ], [ 26.9057838, 58.5870929 ], [ 26.9059244, 58.5871355 ], [ 26.9060519, 58.587253 ], [ 26.9061631, 58.5873059 ], [ 26.90632, 58.5873178 ], [ 26.9065619, 58.5873434 ], [ 26.9066535, 58.5873672 ], [ 26.9067646, 58.5874081 ], [ 26.9071766, 58.5876705 ], [ 26.9073008, 58.5877233 ], [ 26.907461, 58.5877131 ], [ 26.9076016, 58.5877285 ], [ 26.9076801, 58.5878307 ], [ 26.9077422, 58.5880318 ], [ 26.9077356, 58.5882345 ], [ 26.9076915, 58.5883824 ], [ 26.9076081, 58.5885021 ], [ 26.907412, 58.5886298 ], [ 26.90734, 58.5886929 ], [ 26.9073727, 58.5887253 ], [ 26.9073858, 58.5887832 ], [ 26.9073368, 58.5888173 ], [ 26.9072452, 58.5888241 ], [ 26.9071929, 58.5888735 ], [ 26.9070589, 58.5889008 ], [ 26.9069444, 58.5889706 ], [ 26.9069085, 58.5890217 ], [ 26.9068562, 58.5890609 ], [ 26.9067058, 58.5890967 ], [ 26.9064704, 58.5891223 ], [ 26.9062808, 58.5891683 ], [ 26.9062219, 58.5892126 ], [ 26.9062448, 58.5892756 ], [ 26.9063036, 58.5893353 ], [ 26.90632, 58.5894188 ], [ 26.9062938, 58.5894971 ], [ 26.9062611, 58.5895483 ], [ 26.90632, 58.5895994 ], [ 26.9064475, 58.5896062 ], [ 26.9066567, 58.5895823 ], [ 26.9068366, 58.5895363 ], [ 26.9070066, 58.5894988 ], [ 26.9071406, 58.5894511 ], [ 26.9072485, 58.5894477 ], [ 26.907412, 58.5894835 ], [ 26.9075852, 58.5895414 ], [ 26.9075918, 58.5896249 ], [ 26.907667, 58.5896965 ], [ 26.9077651, 58.5897238 ], [ 26.9079841, 58.5897169 ], [ 26.9080887, 58.5897408 ], [ 26.9082032, 58.5898277 ], [ 26.908347, 58.589889 ], [ 26.9084287, 58.5899844 ], [ 26.9083895, 58.5901259 ], [ 26.9083437, 58.5902639 ], [ 26.9083078, 58.590361 ], [ 26.9083634, 58.5903968 ], [ 26.908517, 58.5904172 ], [ 26.9086936, 58.590424 ], [ 26.9088178, 58.5904138 ], [ 26.9088832, 58.5904581 ], [ 26.9088603, 58.5905774 ], [ 26.9088439, 58.5907086 ], [ 26.9088211, 58.590787 ], [ 26.908798, 58.5908541 ], [ 26.9089013, 58.5909038 ], [ 26.9089976, 58.5909096 ], [ 26.909104, 58.5909063 ], [ 26.909172, 58.5909088 ], [ 26.909233, 58.5909233 ], [ 26.9093801, 58.590942 ], [ 26.9094749, 58.5909352 ], [ 26.9095305, 58.5909539 ], [ 26.9095501, 58.5910272 ], [ 26.9095992, 58.5910374 ], [ 26.9097299, 58.5910493 ], [ 26.909828, 58.5911005 ], [ 26.9098673, 58.5911584 ], [ 26.9099228, 58.5911771 ], [ 26.9100254, 58.5911744 ], [ 26.9101452, 58.5911192 ], [ 26.9102287, 58.5910897 ], [ 26.9103065, 58.5910809 ], [ 26.9103806, 58.5911294 ], [ 26.9103857, 58.5912077 ], [ 26.9103315, 58.5912742 ], [ 26.9102661, 58.5913526 ], [ 26.9102302, 58.5914174 ], [ 26.9102988, 58.5914906 ], [ 26.9104623, 58.5915656 ], [ 26.9105865, 58.5916286 ], [ 26.9106781, 58.591707 ], [ 26.9107173, 58.5917752 ], [ 26.9107108, 58.5918314 ], [ 26.910629, 58.5919098 ], [ 26.9106192, 58.592104 ], [ 26.9105375, 58.5923016 ], [ 26.9104067, 58.5923749 ], [ 26.9101993, 58.5924498 ], [ 26.909985, 58.5925418 ], [ 26.909743, 58.5926304 ], [ 26.9095697, 58.5927258 ], [ 26.9095011, 58.592869 ], [ 26.909488, 58.592978 ], [ 26.909488, 58.5930359 ], [ 26.9094553, 58.5930887 ], [ 26.9094161, 58.5931416 ], [ 26.9093442, 58.593179 ], [ 26.9092199, 58.5931586 ], [ 26.9091396, 58.5931799 ], [ 26.9091323, 58.5933129 ], [ 26.9092428, 58.5934721 ], [ 26.9092951, 58.5936561 ], [ 26.9093703, 58.5937634 ], [ 26.9094586, 58.5938963 ], [ 26.909524, 58.5939576 ], [ 26.9096613, 58.5939798 ], [ 26.9098901, 58.5939781 ], [ 26.910188, 58.5940012 ], [ 26.9104067, 58.5940394 ], [ 26.91058, 58.5940343 ], [ 26.9106748, 58.5940087 ], [ 26.9106977, 58.5939423 ], [ 26.9106842, 58.5938813 ], [ 26.9107435, 58.593852 ], [ 26.9108285, 58.5938384 ], [ 26.9109625, 58.5938588 ], [ 26.9110214, 58.5939167 ], [ 26.9113135, 58.5940787 ], [ 26.9113655, 58.5940818 ], [ 26.9114124, 58.5940742 ], [ 26.9114687, 58.5940769 ], [ 26.9114741, 58.5941091 ], [ 26.911509, 58.594144 ], [ 26.9116066, 58.5941604 ], [ 26.911822, 58.594235 ], [ 26.9119332, 58.5943503 ], [ 26.9120218, 58.5944244 ], [ 26.9120872, 58.5945454 ], [ 26.9121656, 58.5946374 ], [ 26.9122833, 58.5946834 ], [ 26.9123226, 58.5947345 ], [ 26.9123095, 58.5948146 ], [ 26.9122064, 58.5948576 ], [ 26.9121174, 58.5949074 ], [ 26.9120774, 58.5949628 ], [ 26.9120741, 58.5950497 ], [ 26.912146, 58.5951008 ], [ 26.9122866, 58.5950991 ], [ 26.9124631, 58.5950684 ], [ 26.9126233, 58.5950343 ], [ 26.9127443, 58.5950139 ], [ 26.9128195, 58.5950224 ], [ 26.9128522, 58.595065 ], [ 26.9127949, 58.5952165 ] ] } },
{ "type": "Feature", "properties": { "orig_fid": "w925217885", "waterway": "river", "name": "Kääpa jõgi" }, "geometry": { "type": "LineString", "coordinates": [ [ 26.9044184, 58.5573699 ], [ 26.9043203, 58.5576868 ], [ 26.9038522, 58.558703 ], [ 26.9035827, 58.5593542 ], [ 26.9035969, 58.5594726 ], [ 26.9039285, 58.559894 ], [ 26.9041165, 58.5601066 ], [ 26.9050721, 58.5614136 ], [ 26.9066089, 58.5636801 ], [ 26.9073418, 58.5646739 ], [ 26.9084341, 58.5661905 ], [ 26.9086894, 58.5664543 ], [ 26.9089873, 58.5666023 ], [ 26.9093467, 58.5667108 ], [ 26.9095311, 58.5668538 ], [ 26.9095736, 58.5669944 ], [ 26.9095122, 58.5670881 ], [ 26.9095453, 58.567236 ], [ 26.909561, 58.5673021 ], [ 26.9096162, 58.5675344 ], [ 26.9097202, 58.5679511 ], [ 26.9097344, 58.5681015 ], [ 26.9096162, 58.5681731 ], [ 26.9094081, 58.5682643 ], [ 26.9092332, 58.5684024 ], [ 26.9091197, 58.5686687 ], [ 26.9089495, 58.5690706 ], [ 26.9088596, 58.5692555 ], [ 26.908888, 58.5693837 ], [ 26.9087462, 58.5697043 ], [ 26.9087225, 58.5698868 ], [ 26.9087698, 58.5699903 ], [ 26.9087887, 58.5701037 ], [ 26.9086941, 58.5702196 ], [ 26.908609, 58.5703133 ], [ 26.9085334, 58.5705451 ], [ 26.9084341, 58.5709396 ], [ 26.90833, 58.5710703 ], [ 26.9081929, 58.5712133 ], [ 26.9080511, 58.5714574 ], [ 26.9078976, 58.5716621 ], [ 26.90764, 58.5719768 ] ] } },
{ "type": "Feature", "properties": { "orig_fid": "w925217886", "waterway": "river", "name": "Kääpa jõgi" }, "geometry": { "type": "LineString", "coordinates": [ [ 26.9107586, 58.5464454 ], [ 26.9102169, 58.5474585 ], [ 26.9083743, 58.5506152 ], [ 26.906664, 58.5535382 ], [ 26.9056726, 58.5551416 ], [ 26.9050608, 58.5562466 ], [ 26.9046911, 58.5569027 ], [ 26.9044891, 58.5572572 ] ] } },
{ "type": "Feature", "properties": { "orig_fid": "w925217887", "waterway": "river", "name": null }, "geometry": { "type": "LineString", "coordinates": [ [ 26.961392, 58.530791 ], [ 26.9610844, 58.5306524 ], [ 26.9608464, 58.5305696 ], [ 26.9605008, 58.5305335 ], [ 26.9602219, 58.5305482 ], [ 26.9599429, 58.5306203 ], [ 26.9597996, 58.5307112 ], [ 26.9596204, 58.5308795 ], [ 26.9594899, 58.5309824 ], [ 26.9592852, 58.5309918 ], [ 26.9590717, 58.5309195 ], [ 26.9586011, 58.5307986 ], [ 26.9581523, 58.5307948 ], [ 26.9574067, 58.5309119 ], [ 26.9568855, 58.531014 ], [ 26.9565091, 58.5309535 ], [ 26.9562919, 58.5308326 ], [ 26.9561906, 58.5304736 ], [ 26.9560531, 58.5301864 ], [ 26.9557056, 58.5299067 ], [ 26.9550903, 58.5297178 ], [ 26.9544605, 58.5293021 ], [ 26.9541058, 58.529287 ], [ 26.9535774, 58.5294306 ], [ 26.9531213, 58.5294343 ], [ 26.9515867, 58.5291585 ], [ 26.9489662, 58.5292454 ], [ 26.9469248, 58.529234 ], [ 26.9453069, 58.5293465 ], [ 26.9431002, 58.5294743 ] ] } },
{ "type": "Feature", "properties": { "orig_fid": "w925217888", "waterway": "river", "name": null }, "geometry": { "type": "LineString", "coordinates": [ [ 27.0536451, 58.6246705 ], [ 27.0568049, 58.6219714 ], [ 27.0617343, 58.6201976 ], [ 27.0663309, 58.6202138 ] ] } },
{ "type": "Feature", "properties": { "orig_fid": "w925217889", "waterway": "ditch", "name": null }, "geometry": { "type": "LineString", "coordinates": [ [ 27.0203233, 58.5202929 ], [ 27.0215839, 58.5207116 ], [ 27.0216428, 58.5207354 ], [ 27.0216669, 58.5207787 ] ] } },
{ "type": "Feature", "properties": { "orig_fid": "w925217890", "waterway": "river", "name": null }, "geometry": { "type": "LineString", "coordinates": [ [ 27.1187532, 58.608056 ], [ 27.1188009, 58.6080048 ], [ 27.1188532, 58.6079869 ], [ 27.1189019, 58.6079869 ], [ 27.1189758, 58.608001 ], [ 27.1191398, 58.6080883 ], [ 27.1192011, 58.6080949 ], [ 27.1192984, 58.6080414 ], [ 27.119603, 58.6079165 ], [ 27.1196661, 58.6078508 ], [ 27.1197292, 58.6078151 ], [ 27.1198103, 58.6077888 ], [ 27.1199238, 58.6077147 ], [ 27.1200355, 58.6076658 ], [ 27.1203077, 58.6074837 ], [ 27.1203618, 58.6074302 ], [ 27.120405, 58.6074199 ], [ 27.1204627, 58.6074405 ], [ 27.1205582, 58.6075166 ], [ 27.120661, 58.6075654 ], [ 27.1207709, 58.6075832 ], [ 27.1208736, 58.6075879 ], [ 27.121025, 58.6076142 ], [ 27.1211909, 58.6077006 ], [ 27.121335, 58.6079409 ], [ 27.1214143, 58.6081512 ], [ 27.121645, 58.6083465 ], [ 27.1221281, 58.6084216 ], [ 27.122366, 58.6083502 ], [ 27.1223948, 58.6082714 ], [ 27.1221497, 58.6079221 ], [ 27.121955, 58.6075353 ], [ 27.121782, 58.6074117 ], [ 27.121591, 58.6073122 ], [ 27.1214936, 58.6072108 ], [ 27.1214684, 58.6071507 ], [ 27.121472, 58.6070869 ], [ 27.1215549, 58.6070005 ], [ 27.1216667, 58.6069461 ], [ 27.1217568, 58.6069235 ], [ 27.1218109, 58.6068879 ], [ 27.1217892, 58.6067996 ], [ 27.1217856, 58.6067283 ], [ 27.1218253, 58.6066794 ], [ 27.1218649, 58.6066625 ], [ 27.1220055, 58.6066456 ], [ 27.1224813, 58.606702 ], [ 27.1227985, 58.6067696 ], [ 27.1230581, 58.606871 ], [ 27.1232491, 58.606963 ], [ 27.1233609, 58.6070005 ], [ 27.1234402, 58.6069874 ], [ 27.1235087, 58.6069404 ], [ 27.1235591, 58.6068804 ], [ 27.1236745, 58.6067902 ], [ 27.1238115, 58.6067639 ], [ 27.124089, 58.6066513 ], [ 27.1242909, 58.6066607 ], [ 27.1245937, 58.6067564 ], [ 27.1249577, 58.6067602 ], [ 27.1252461, 58.6066963 ], [ 27.1262915, 58.6064973 ], [ 27.1267709, 58.6063921 ], [ 27.1274146, 58.6063133 ], [ 27.1278833, 58.6062457 ], [ 27.1292242, 58.605979 ], [ 27.1305219, 58.6056072 ], [ 27.1312068, 58.6055209 ], [ 27.1318556, 58.6055058 ], [ 27.1322449, 58.6055246 ], [ 27.1325621, 58.6055246 ], [ 27.1338006, 58.6053699 ], [ 27.1384233, 58.6047923 ], [ 27.1387999, 58.6047351 ], [ 27.1388439, 58.6047292 ] ] } },
{ "type": "Feature", "properties": { "orig_fid": "w925217891", "waterway": "river", "name": null }, "geometry": { "type": "LineString", "coordinates": [ [ 26.8712734, 58.7308378 ], [ 26.8715295, 58.730866 ], [ 26.8722194, 58.7312675 ], [ 26.8725894, 58.7317131 ], [ 26.8731592, 58.7323238 ], [ 26.8736991, 58.7326166 ], [ 26.8744986, 58.7326157 ], [ 26.8753782, 58.7325181 ], [ 26.8754674, 58.7325013 ] ] } },
{ "type": "Feature", "properties": { "orig_fid": "w938900495", "waterway": "river", "name": "Amme jõgi" }, "geometry": { "type": "LineString", "coordinates": [ [ 26.8055856, 58.4553969 ], [ 26.8048053, 58.4556311 ], [ 26.803965, 58.4559929 ], [ 26.8038762, 58.4560773 ] ] } },
{ "type": "Feature", "properties": { "orig_fid": "w938900497", "waterway": "river", "name": "Amme jõgi" }, "geometry": { "type": "LineString", "coordinates": [ [ 26.8399771, 58.513928 ], [ 26.840157, 58.5137518 ] ] } },
{ "type": "Feature", "properties": { "orig_fid": "w938900503", "waterway": "river", "name": "Amme jõgi" }, "geometry": { "type": "LineString", "coordinates": [ [ 26.8038762, 58.4560773 ], [ 26.8037631, 58.4562209 ], [ 26.8038424, 58.456497 ], [ 26.8038054, 58.4566161 ], [ 26.8033055, 58.456694 ], [ 26.8027311, 58.4566439 ], [ 26.8019759, 58.4567496 ], [ 26.800534, 58.4575666 ], [ 26.7981359, 58.4590867 ], [ 26.7979019, 58.4594595 ], [ 26.7974764, 58.4596932 ], [ 26.797051, 58.4601495 ], [ 26.7945619, 58.4612122 ], [ 26.7934238, 58.4619466 ], [ 26.7922643, 58.4620468 ], [ 26.7907858, 58.4624696 ], [ 26.7896134, 58.4624829 ], [ 26.7892753, 58.462503 ], [ 26.7888605, 58.4625809 ], [ 26.7883606, 58.4628925 ], [ 26.7880734, 58.4632152 ], [ 26.7883712, 58.4634711 ], [ 26.7883818, 58.4641832 ], [ 26.7881797, 58.4646728 ], [ 26.7878819, 58.4649398 ], [ 26.7869352, 58.465129 ], [ 26.7858602, 58.4652065 ], [ 26.7846483, 58.4655017 ], [ 26.7821805, 58.4660636 ], [ 26.7812126, 58.4663863 ], [ 26.7807764, 58.4666867 ], [ 26.7803829, 58.4668758 ], [ 26.7794894, 58.4670316 ], [ 26.7790001, 58.4670427 ], [ 26.7778087, 58.4669593 ], [ 26.7774152, 58.4670038 ], [ 26.7769046, 58.4673765 ], [ 26.7766812, 58.46751 ], [ 26.7763727, 58.4674933 ], [ 26.7760324, 58.4673709 ], [ 26.7756282, 58.4673431 ], [ 26.7745113, 58.4675656 ], [ 26.7741177, 58.4677603 ], [ 26.7741177, 58.4680162 ], [ 26.7738412, 58.4680997 ], [ 26.7733731, 58.4681052 ], [ 26.7728838, 58.4679995 ], [ 26.7719265, 58.4679383 ], [ 26.7715117, 58.4679995 ], [ 26.7710862, 58.4681942 ], [ 26.7702884, 58.468439 ], [ 26.7695545, 58.4687783 ], [ 26.7689056, 58.4692678 ], [ 26.7684801, 58.4694903 ], [ 26.7681823, 58.4697573 ], [ 26.7679483, 58.47013 ], [ 26.7682142, 58.470525 ], [ 26.7682993, 58.470931 ], [ 26.7680972, 58.4711758 ], [ 26.7677462, 58.4713148 ], [ 26.7660762, 58.4714205 ], [ 26.7634914, 58.471376 ], [ 26.7633292, 58.4713791 ] ] } },
{ "type": "Feature", "properties": { "orig_fid": "w938900509", "waterway": "river", "name": "Amme jõgi" }, "geometry": { "type": "LineString", "coordinates": [ [ 26.8425178, 58.4766561 ], [ 26.8420963, 58.476515 ], [ 26.8416389, 58.4764094 ], [ 26.841256, 58.4762425 ], [ 26.840756, 58.4760479 ], [ 26.8401285, 58.4759589 ], [ 26.839937, 58.475792 ], [ 26.8396179, 58.4755473 ], [ 26.839937, 58.475297 ], [ 26.8400327, 58.4751135 ], [ 26.8400008, 58.4749522 ], [ 26.8396923, 58.4747353 ], [ 26.8391179, 58.4746185 ], [ 26.838501, 58.4745295 ], [ 26.8377883, 58.474485 ], [ 26.837182, 58.4742292 ], [ 26.8368097, 58.4739733 ], [ 26.8367459, 58.4737787 ], [ 26.8365438, 58.4735395 ], [ 26.8361928, 58.4733281 ], [ 26.8342675, 58.4729332 ], [ 26.8340441, 58.4728387 ], [ 26.8335761, 58.4722936 ], [ 26.8332676, 58.4721434 ], [ 26.8330868, 58.4719988 ], [ 26.8331506, 58.4718709 ], [ 26.8335442, 58.4717874 ], [ 26.8336506, 58.4716039 ], [ 26.8332038, 58.4713091 ], [ 26.8321972, 58.470951 ], [ 26.8316464, 58.4707212 ], [ 26.8314283, 58.4704852 ], [ 26.8313757, 58.4703475 ], [ 26.8307739, 58.4702767 ], [ 26.8294511, 58.4703025 ], [ 26.8290681, 58.470258 ], [ 26.8287597, 58.4698853 ], [ 26.8287171, 58.4695793 ], [ 26.8283767, 58.4690286 ], [ 26.8284299, 58.4688618 ], [ 26.8284193, 58.4684501 ], [ 26.8282491, 58.4681775 ], [ 26.8280044, 58.4679383 ], [ 26.8281622, 58.4676499 ], [ 26.8281959, 58.4675489 ], [ 26.8279725, 58.4672708 ], [ 26.8276534, 58.467154 ], [ 26.8275364, 58.4669815 ], [ 26.827196, 58.4668814 ], [ 26.8264089, 58.4669759 ], [ 26.8259409, 58.4666922 ], [ 26.8255473, 58.4662639 ], [ 26.825526, 58.4660914 ], [ 26.8256537, 58.465969 ], [ 26.8259515, 58.4659134 ], [ 26.8262174, 58.4658133 ], [ 26.8262281, 58.4656575 ], [ 26.8255473, 58.4650622 ], [ 26.8255367, 58.464734 ], [ 26.8253558, 58.4645226 ], [ 26.8250793, 58.4644614 ], [ 26.8241858, 58.4645003 ], [ 26.8241539, 58.4643445 ], [ 26.8248346, 58.4637604 ], [ 26.8253771, 58.4635156 ], [ 26.8254303, 58.4632096 ], [ 26.8247283, 58.4627478 ], [ 26.8236668, 58.4618764 ], [ 26.8229413, 58.4606669 ], [ 26.8221329, 58.4595096 ], [ 26.8216439, 58.4589729 ], [ 26.8213905, 58.4586778 ], [ 26.8212456, 58.4585067 ], [ 26.8211616, 58.4583384 ] ] } },
{ "type": "Feature", "properties": { "orig_fid": "w938900511", "waterway": "river", "name": "Amme jõgi" }, "geometry": { "type": "LineString", "coordinates": [ [ 26.8211616, 58.4583384 ], [ 26.8210798, 58.4581909 ], [ 26.8206224, 58.4576901 ], [ 26.8201757, 58.4573172 ], [ 26.8191374, 58.4566895 ], [ 26.8186701, 58.4565099 ], [ 26.8180589, 58.4562767 ], [ 26.8147721, 58.4555699 ], [ 26.8139834, 58.4555135 ], [ 26.8130882, 58.4555536 ], [ 26.8127301, 58.4555893 ], [ 26.811347, 58.4554252 ], [ 26.8098472, 58.4556089 ], [ 26.8085708, 58.4554475 ], [ 26.8075922, 58.4553195 ], [ 26.8058902, 58.4553362 ], [ 26.8055856, 58.4553969 ] ] } },
{ "type": "Feature", "properties": { "orig_fid": "w974786267", "waterway": "ditch", "name": null }, "geometry": { "type": "LineString", "coordinates": [ [ 26.9742228, 58.4245002 ], [ 26.9680249, 58.4240359 ], [ 26.9675688, 58.4240115 ], [ 26.9674366, 58.4240482 ], [ 26.9673743, 58.4241663 ], [ 26.9673355, 58.4244106 ], [ 26.9672916, 58.4244737 ], [ 26.9631983, 58.4248259 ], [ 26.9620319, 58.425172 ], [ 26.9562343, 58.4268724 ], [ 26.9546078, 58.4274005 ] ] } },
{ "type": "Feature", "properties": { "orig_fid": "w974786268", "waterway": "ditch", "name": null }, "geometry": { "type": "LineString", "coordinates": [ [ 26.9555254, 58.4291716 ], [ 26.9551521, 58.4286871 ], [ 26.952337, 58.428056 ], [ 26.9508845, 58.4280476 ] ] } },
{ "type": "Feature", "properties": { "orig_fid": "w974786269", "waterway": "ditch", "name": null }, "geometry": { "type": "LineString", "coordinates": [ [ 26.9543278, 58.4274941 ], [ 26.9538223, 58.427486 ], [ 26.9531924, 58.4277018 ], [ 26.9529591, 58.4279054 ], [ 26.952337, 58.428056 ] ] } },
{ "type": "Feature", "properties": { "orig_fid": "w974786270", "waterway": "ditch", "name": null }, "geometry": { "type": "LineString", "coordinates": [ [ 26.9534491, 58.427942 ], [ 26.9540634, 58.4277791 ], [ 26.9543278, 58.4274941 ] ] } },
{ "type": "Feature", "properties": { "orig_fid": "w974786271", "waterway": "ditch", "name": null }, "geometry": { "type": "LineString", "coordinates": [ [ 26.9532624, 58.4279094 ], [ 26.9529591, 58.4279054 ] ] } },
{ "type": "Feature", "properties": { "orig_fid": "w974787567", "waterway": "ditch", "name": null }, "geometry": { "type": "LineString", "coordinates": [ [ 26.9783546, 58.420032 ], [ 26.9772471, 58.420044 ], [ 26.9739196, 58.4206335 ], [ 26.9723381, 58.4203232 ], [ 26.9718118, 58.4202015 ], [ 26.9709732, 58.4195069 ], [ 26.966076, 58.4195809 ] ] } },
{ "type": "Feature", "properties": { "orig_fid": "w974787568", "waterway": "ditch", "name": null }, "geometry": { "type": "LineString", "coordinates": [ [ 26.9635113, 58.4195267 ], [ 26.9634581, 58.4195256 ], [ 26.963099, 58.4212649 ] ] } },
{ "type": "Feature", "properties": { "orig_fid": "w974787569", "waterway": "ditch", "name": null }, "geometry": { "type": "LineString", "coordinates": [ [ 26.966076, 58.4195809 ], [ 26.9637181, 58.4195311 ] ] } },
{ "type": "Feature", "properties": { "orig_fid": "w974787570", "waterway": "ditch", "name": null }, "geometry": { "type": "LineString", "coordinates": [ [ 26.9637181, 58.4195311 ], [ 26.9635113, 58.4195267 ] ] } },
{ "type": "Feature", "properties": { "orig_fid": "w1001094643", "waterway": "ditch", "name": "Rehemetsa pkr" }, "geometry": { "type": "LineString", "coordinates": [ [ 27.1841902, 58.5057357 ], [ 27.1848124, 58.5056601 ], [ 27.1851155, 58.5056362 ], [ 27.1852657, 58.5056404 ], [ 27.1853811, 58.5056587 ], [ 27.1861482, 58.5059305 ], [ 27.1880378, 58.5066619 ], [ 27.1892957, 58.5063326 ], [ 27.1936248, 58.5052565 ], [ 27.1948452, 58.5049594 ], [ 27.1950759, 58.5048838 ], [ 27.1951349, 58.5048585 ], [ 27.1951443, 58.5048067 ], [ 27.1950692, 58.5047422 ], [ 27.1933123, 58.5038791 ], [ 27.1910056, 58.5027468 ], [ 27.1903458, 58.5024133 ], [ 27.1901849, 58.5023348 ], [ 27.190028, 58.5022157 ] ] } },
{ "type": "Feature", "properties": { "orig_fid": "w1001094644", "waterway": "ditch", "name": "Rehemetsa pkr" }, "geometry": { "type": "LineString", "coordinates": [ [ 27.1739193, 58.490478 ], [ 27.1739243, 58.4904635 ], [ 27.1740588, 58.4900743 ], [ 27.1741875, 58.4897378 ], [ 27.1743082, 58.4894098 ], [ 27.1746891, 58.4883542 ], [ 27.1752846, 58.4866214 ], [ 27.1755367, 58.4858811 ], [ 27.1758103, 58.485096 ], [ 27.1759068, 58.4850203 ], [ 27.1762716, 58.4848885 ], [ 27.1776556, 58.4844062 ], [ 27.1787768, 58.4839771 ], [ 27.1790933, 58.4838537 ], [ 27.1795171, 58.4836995 ], [ 27.1796995, 58.4836014 ], [ 27.1797263, 58.4835565 ], [ 27.1797477, 58.4833995 ], [ 27.1799033, 58.482976 ], [ 27.1800321, 58.4826619 ], [ 27.1800307, 58.4826185 ] ] } },
{ "type": "Feature", "properties": { "orig_fid": "w1001094645", "waterway": "ditch", "name": "Rehemetsa pkr" }, "geometry": { "type": "LineString", "coordinates": [ [ 27.1790101, 58.4934091 ], [ 27.1759739, 58.4917649 ], [ 27.1741567, 58.4907724 ], [ 27.1739287, 58.490642 ], [ 27.1739072, 58.4905747 ] ] } },
{ "type": "Feature", "properties": { "orig_fid": "w1001094646", "waterway": "ditch", "name": "Rehemetsa pkr" }, "geometry": { "type": "LineString", "coordinates": [ [ 27.1898054, 58.5020237 ], [ 27.1876623, 58.5001878 ], [ 27.187437, 58.4999132 ], [ 27.184964, 58.4966448 ], [ 27.1847387, 58.4965243 ], [ 27.1822657, 58.4951843 ], [ 27.1790933, 58.493454 ] ] } },
{ "type": "Feature", "properties": { "orig_fid": "w1001094647", "waterway": "ditch", "name": "Rehemetsa pkr" }, "geometry": { "type": "LineString", "coordinates": [ [ 27.1800629, 58.4825245 ], [ 27.1800763, 58.4824825 ], [ 27.1801273, 58.4823394 ], [ 27.1804921, 58.4812205 ], [ 27.1806101, 58.4808447 ], [ 27.1810178, 58.4797173 ], [ 27.181109, 58.4794537 ], [ 27.1814364, 58.4785094 ] ] } },
{ "type": "Feature", "properties": { "orig_fid": "w1001094648", "waterway": "ditch", "name": "Rehemetsa pkr" }, "geometry": { "type": "LineString", "coordinates": [ [ 27.1791436, 58.5076567 ], [ 27.1787573, 58.5071916 ], [ 27.1787359, 58.5070122 ], [ 27.1788432, 58.5064405 ], [ 27.1789934, 58.506334 ], [ 27.179208, 58.5062948 ], [ 27.1810426, 58.5060874 ], [ 27.1840131, 58.5057567 ] ] } },
{ "type": "Feature", "properties": { "orig_fid": "w1001094669", "waterway": "ditch", "name": null }, "geometry": { "type": "LineString", "coordinates": [ [ 27.1739072, 58.4905747 ], [ 27.1739193, 58.490478 ] ] } },
{ "type": "Feature", "properties": { "orig_fid": "w1001094671", "waterway": "ditch", "name": null }, "geometry": { "type": "LineString", "coordinates": [ [ 27.1800307, 58.4826185 ], [ 27.1800629, 58.4825245 ] ] } },
{ "type": "Feature", "properties": { "orig_fid": "w1001094689", "waterway": "ditch", "name": null }, "geometry": { "type": "LineString", "coordinates": [ [ 27.1840131, 58.5057567 ], [ 27.1841902, 58.5057357 ] ] } },
{ "type": "Feature", "properties": { "orig_fid": "w1001094691", "waterway": "ditch", "name": null }, "geometry": { "type": "LineString", "coordinates": [ [ 27.1790933, 58.493454 ], [ 27.1790101, 58.4934091 ] ] } },
{ "type": "Feature", "properties": { "orig_fid": "w1001094693", "waterway": "ditch", "name": null }, "geometry": { "type": "LineString", "coordinates": [ [ 27.190028, 58.5022157 ], [ 27.1898054, 58.5020237 ] ] } },
{ "type": "Feature", "properties": { "orig_fid": "w1004728152", "waterway": "ditch", "name": null }, "geometry": { "type": "LineString", "coordinates": [ [ 26.9090513, 58.4447229 ], [ 26.9095903, 58.4446867 ], [ 26.9103334, 58.4447229 ], [ 26.9105144, 58.4447108 ], [ 26.9107146, 58.4446645 ], [ 26.9108647, 58.4446121 ], [ 26.911088, 58.4444952 ], [ 26.9113768, 58.4443361 ], [ 26.9116994, 58.4442655 ], [ 26.9119959, 58.4442393 ], [ 26.9125195, 58.4442756 ], [ 26.9127428, 58.4442716 ], [ 26.9143137, 58.4442011 ] ] } },
{ "type": "Feature", "properties": { "orig_fid": "w1041746728", "waterway": "ditch", "name": null }, "geometry": { "type": "LineString", "coordinates": [ [ 26.8354133, 58.4507921 ], [ 26.8349703, 58.45133 ], [ 26.8349142, 58.4513793 ], [ 26.8340914, 58.4520433 ], [ 26.8327101, 58.4525289 ], [ 26.8314689, 58.4529593 ], [ 26.8301115, 58.453442 ], [ 26.8288139, 58.4539404 ], [ 26.8280233, 58.4542307 ], [ 26.8276264, 58.4545052 ], [ 26.8271235, 58.4548445 ], [ 26.8268445, 58.4550281 ], [ 26.8249137, 58.4557117 ], [ 26.8229523, 58.455414 ], [ 26.8212983, 58.4551803 ], [ 26.8193763, 58.4549045 ], [ 26.8179965, 58.4547001 ], [ 26.816412, 58.4544835 ], [ 26.8160746, 58.4544715 ] ] } },
{ "type": "Feature", "properties": { "orig_fid": "w1054736672", "waterway": "ditch", "name": null }, "geometry": { "type": "LineString", "coordinates": [ [ 26.9592177, 58.7123857 ], [ 26.9590545, 58.7124554 ] ] } },
{ "type": "Feature", "properties": { "orig_fid": "w1054736673", "waterway": "ditch", "name": null }, "geometry": { "type": "LineString", "coordinates": [ [ 26.9590545, 58.7124554 ], [ 26.9590411, 58.7124972 ], [ 26.9590491, 58.7125654 ], [ 26.959092, 58.7126337 ], [ 26.9591457, 58.7126866 ], [ 26.9591469, 58.7127554 ] ] } },
{ "type": "Feature", "properties": { "orig_fid": "w1054736684", "waterway": "ditch", "name": null }, "geometry": { "type": "LineString", "coordinates": [ [ 26.9609776, 58.7126184 ], [ 26.9609427, 58.712617 ], [ 26.9608757, 58.712578 ], [ 26.9607067, 58.7124846 ], [ 26.9605994, 58.7124024 ], [ 26.9604573, 58.7123843 ], [ 26.9603312, 58.7123676 ], [ 26.9601032, 58.712362 ], [ 26.959886, 58.7123574 ], [ 26.9594917, 58.7122909 ], [ 26.9594219, 58.712298 ], [ 26.9592851, 58.7123537 ], [ 26.9592552, 58.7123684 ], [ 26.9592177, 58.7123857 ] ] } },
{ "type": "Feature", "properties": { "orig_fid": "w1054776174", "waterway": "ditch", "name": null }, "geometry": { "type": "LineString", "coordinates": [ [ 26.9594547, 58.7093825 ], [ 26.9592617, 58.7097835 ], [ 26.9590637, 58.710236 ], [ 26.9592419, 58.7109082 ], [ 26.9593458, 58.7110084 ], [ 26.9593334, 58.7113953 ] ] } },
{ "type": "Feature", "properties": { "orig_fid": "w1062102000", "waterway": "stream", "name": "Vara oja" }, "geometry": { "type": "LineString", "coordinates": [ [ 27.0147285, 58.478587 ], [ 27.0129958, 58.475398 ], [ 27.0127651, 58.4751119 ], [ 27.012403, 58.4748476 ], [ 27.0123722, 58.4748272 ] ] } },
{ "type": "Feature", "properties": { "orig_fid": "w1062102001", "waterway": "stream", "name": "Vara oja" }, "geometry": { "type": "LineString", "coordinates": [ [ 26.962501, 58.4635654 ], [ 26.9609093, 58.4659963 ], [ 26.9606861, 58.466223 ], [ 26.9546273, 58.4699526 ], [ 26.9537475, 58.4704644 ], [ 26.9514242, 58.4705686 ] ] } },
{ "type": "Feature", "properties": { "orig_fid": "w1062102002", "waterway": "stream", "name": "Vara oja" }, "geometry": { "type": "LineString", "coordinates": [ [ 27.0123145, 58.4747831 ], [ 27.0116091, 58.4743062 ], [ 27.0108956, 58.4739612 ], [ 27.00471, 58.4708504 ], [ 27.0034667, 58.4702569 ], [ 27.0023063, 58.4695633 ], [ 27.0015906, 58.4662689 ] ] } },
{ "type": "Feature", "properties": { "orig_fid": "w1062102022", "waterway": "stream", "name": null }, "geometry": { "type": "LineString", "coordinates": [ [ 27.0123722, 58.4748272 ], [ 27.0123145, 58.4747831 ] ] } },
{ "type": "Feature", "properties": { "orig_fid": "w1062102031", "waterway": "stream", "name": null }, "geometry": { "type": "LineString", "coordinates": [ [ 26.9625639, 58.4634693 ], [ 26.962501, 58.4635654 ] ] } },
{ "type": "Feature", "properties": { "orig_fid": "w1115738359", "waterway": "ditch", "name": null }, "geometry": { "type": "LineString", "coordinates": [ [ 27.012286, 58.5136681 ], [ 27.0122334, 58.5116675 ], [ 27.0120859, 58.5064573 ] ] } },
{ "type": "Feature", "properties": { "orig_fid": "w1115738382", "waterway": "ditch", "name": null }, "geometry": { "type": "LineString", "coordinates": [ [ 27.0122935, 58.514165 ], [ 27.0122837, 58.5138025 ] ] } },
{ "type": "Feature", "properties": { "orig_fid": "w1135254535", "waterway": "ditch", "name": null }, "geometry": { "type": "LineString", "coordinates": [ [ 27.0189115, 58.6709976 ], [ 27.0197884, 58.6715761 ], [ 27.0201412, 58.6718118 ], [ 27.0203704, 58.6719378 ] ] } },
{ "type": "Feature", "properties": { "orig_fid": "w1135254540", "waterway": "ditch", "name": null }, "geometry": { "type": "LineString", "coordinates": [ [ 27.0205565, 58.6719724 ], [ 27.0208594, 58.6720638 ], [ 27.0212244, 58.6720858 ] ] } },
{ "type": "Feature", "properties": { "orig_fid": "w1135254541", "waterway": "ditch", "name": null }, "geometry": { "type": "LineString", "coordinates": [ [ 27.0203704, 58.6719378 ], [ 27.0205565, 58.6719724 ] ] } },
{ "type": "Feature", "properties": { "orig_fid": "w1135483691", "waterway": "ditch", "name": null }, "geometry": { "type": "LineString", "coordinates": [ [ 27.1855388, 58.5473337 ], [ 27.1941253, 58.548871 ], [ 27.1941585, 58.5489321 ], [ 27.1920674, 58.553733 ], [ 27.1921111, 58.5537857 ], [ 27.1937122, 58.5546033 ], [ 27.1965096, 58.5546307 ], [ 27.1989399, 58.5533812 ], [ 27.2064889, 58.5524879 ], [ 27.2105682, 58.5499659 ], [ 27.2106513, 58.5499296 ] ] } },
{ "type": "Feature", "properties": { "orig_fid": "w1136665325", "waterway": "ditch", "name": null }, "geometry": { "type": "LineString", "coordinates": [ [ 26.9727676, 58.6257392 ], [ 26.9728042, 58.6257667 ], [ 26.9736539, 58.6256334 ], [ 26.9751378, 58.62539 ], [ 26.9754183, 58.6253455 ], [ 26.9755362, 58.6255995 ] ] } },
{ "type": "Feature", "properties": { "orig_fid": "w1136665326", "waterway": "ditch", "name": null }, "geometry": { "type": "LineString", "coordinates": [ [ 26.9726181, 58.625281 ], [ 26.972727, 58.6256524 ] ] } },
{ "type": "Feature", "properties": { "orig_fid": "w1136665327", "waterway": "ditch", "name": null }, "geometry": { "type": "LineString", "coordinates": [ [ 26.972727, 58.6256524 ], [ 26.9727676, 58.6257392 ] ] } },
{ "type": "Feature", "properties": { "orig_fid": "w1136665338", "waterway": "ditch", "name": null }, "geometry": { "type": "LineString", "coordinates": [ [ 26.9090452, 58.6466433 ], [ 26.9077446, 58.6467405 ] ] } },
{ "type": "Feature", "properties": { "orig_fid": "w1136665340", "waterway": "ditch", "name": null }, "geometry": { "type": "LineString", "coordinates": [ [ 26.9092296, 58.6468982 ], [ 26.9092394, 58.6470201 ], [ 26.9106339, 58.6475743 ], [ 26.9107111, 58.647606 ], [ 26.9107355, 58.6476631 ], [ 26.9107477, 58.6477456 ], [ 26.910642, 58.6484712 ], [ 26.9103981, 58.6490105 ], [ 26.9103656, 58.6491628 ] ] } },
{ "type": "Feature", "properties": { "orig_fid": "w1136969953", "waterway": "stream", "name": null }, "geometry": { "type": "LineString", "coordinates": [ [ 27.1159498, 58.7142871 ], [ 27.1160225, 58.7143119 ], [ 27.1160429, 58.7144145 ], [ 27.1161361, 58.7144593 ], [ 27.1162632, 58.71449 ], [ 27.1163882, 58.7145159 ], [ 27.1165381, 58.7145855 ], [ 27.1165994, 58.7146421 ], [ 27.1167334, 58.7146586 ], [ 27.1167629, 58.7146126 ], [ 27.1168992, 58.7146233 ], [ 27.1170854, 58.7146563 ], [ 27.1172126, 58.7146752 ], [ 27.1173216, 58.7146987 ], [ 27.1174079, 58.7147436 ], [ 27.1174533, 58.7147341 ], [ 27.1174511, 58.7148013 ], [ 27.1175487, 58.7147919 ], [ 27.1176418, 58.7147612 ], [ 27.1177191, 58.7147636 ], [ 27.1178644, 58.7147341 ], [ 27.1180461, 58.714681 ], [ 27.1181142, 58.7146704 ], [ 27.1183368, 58.7148025 ], [ 27.1184163, 58.7147825 ], [ 27.1186116, 58.714694 ], [ 27.1186638, 58.7146575 ], [ 27.1187978, 58.7146527 ], [ 27.1189455, 58.7146681 ], [ 27.1189886, 58.7146421 ], [ 27.1190704, 58.7146704 ], [ 27.1190817, 58.7147353 ], [ 27.1191521, 58.7147329 ], [ 27.1192407, 58.7147211 ], [ 27.119377, 58.7147412 ], [ 27.1194974, 58.7147341 ], [ 27.119561, 58.7146881 ], [ 27.1196654, 58.7146103 ], [ 27.1197381, 58.7145466 ], [ 27.1197495, 58.7144794 ], [ 27.119804, 58.714418 ], [ 27.1198448, 58.7143956 ], [ 27.1199243, 58.7144121 ], [ 27.1200288, 58.7143968 ], [ 27.1200879, 58.7144204 ], [ 27.1201764, 58.7144157 ], [ 27.1202718, 58.714418 ], [ 27.1203786, 58.7144463 ], [ 27.1204876, 58.7144829 ], [ 27.1206057, 58.7144605 ], [ 27.1205875, 58.7145348 ], [ 27.1206579, 58.7145478 ], [ 27.1207192, 58.7145442 ], [ 27.1207896, 58.7145678 ], [ 27.1208873, 58.7145572 ], [ 27.121019, 58.7145383 ], [ 27.1210985, 58.7144947 ], [ 27.1211598, 58.7145053 ], [ 27.1212098, 58.714464 ], [ 27.1213688, 58.7144015 ], [ 27.1215346, 58.7143709 ], [ 27.1216867, 58.7143461 ], [ 27.1218753, 58.714326 ], [ 27.1219752, 58.7142895 ], [ 27.122091, 58.7143154 ], [ 27.1221682, 58.7143444 ] ] } },
{ "type": "Feature", "properties": { "orig_fid": "w1136969954", "waterway": "stream", "name": null }, "geometry": { "type": "LineString", "coordinates": [ [ 27.1223373, 58.714408 ], [ 27.1223704, 58.7144204 ], [ 27.1224203, 58.7144169 ], [ 27.122702, 58.7143921 ], [ 27.1229472, 58.7143791 ], [ 27.123163, 58.7144039 ], [ 27.1233788, 58.7144912 ], [ 27.1235673, 58.7145348 ], [ 27.1237603, 58.7145336 ], [ 27.123942, 58.7145572 ], [ 27.1240601, 58.7146268 ], [ 27.1242145, 58.7146598 ], [ 27.1244485, 58.7146586 ], [ 27.1246795, 58.714624 ], [ 27.1248336, 58.7146618 ], [ 27.1249097, 58.7147135 ], [ 27.1250759, 58.7147649 ], [ 27.1252451, 58.7147729 ], [ 27.1255293, 58.7147386 ], [ 27.1256596, 58.7146996 ], [ 27.1258004, 58.7146503 ], [ 27.1259194, 58.7146802 ] ] } },
{ "type": "Feature", "properties": { "orig_fid": "w1136969955", "waterway": "stream", "name": null }, "geometry": { "type": "LineString", "coordinates": [ [ 27.1221682, 58.7143444 ], [ 27.1223373, 58.714408 ] ] } },
{ "type": "Feature", "properties": { "orig_fid": "w1139525762", "waterway": "stream", "name": "Kadrina oja" }, "geometry": { "type": "LineString", "coordinates": [ [ 27.0777704, 58.6952376 ], [ 27.0780922, 58.6953603 ], [ 27.0783551, 58.6954885 ], [ 27.078449, 58.6955651 ], [ 27.078516, 58.6956627 ], [ 27.0786206, 58.6958494 ], [ 27.0787842, 58.6962257 ], [ 27.0790256, 58.6966703 ], [ 27.0791544, 58.6969699 ], [ 27.0793261, 58.6970869 ], [ 27.0794226, 58.6971622 ], [ 27.0795084, 58.6972514 ], [ 27.079664, 58.6973434 ], [ 27.0797928, 58.6973991 ], [ 27.079943, 58.6975496 ], [ 27.0799698, 58.6976165 ], [ 27.0800342, 58.6977196 ], [ 27.080415, 58.6979955 ], [ 27.0807959, 58.6983244 ], [ 27.0808442, 58.6984024 ], [ 27.0809729, 58.6985223 ], [ 27.0810641, 58.6985864 ], [ 27.0812948, 58.6987425 ], [ 27.0815684, 58.69901 ], [ 27.0818259, 58.6992358 ], [ 27.0819707, 58.6994225 ], [ 27.0820995, 58.6995284 ], [ 27.082373, 58.6995925 ], [ 27.0826574, 58.6996845 ], [ 27.0828773, 58.6997458 ], [ 27.0829631, 58.6997764 ], [ 27.0829792, 58.6998099 ], [ 27.0829792, 58.6998517 ], [ 27.083006, 58.6999186 ], [ 27.0830919, 58.6999938 ], [ 27.0832206, 58.7000802 ], [ 27.0833547, 58.7001359 ], [ 27.0834057, 58.7001903 ], [ 27.0833762, 58.7002293 ], [ 27.083336, 58.7002558 ], [ 27.0833225, 58.7003018 ], [ 27.0833789, 58.7003366 ], [ 27.0834647, 58.7003519 ], [ 27.0835479, 58.7003617 ], [ 27.0835881, 58.7004007 ], [ 27.0835908, 58.7004411 ], [ 27.0835988, 58.7004885 ], [ 27.083631, 58.7005191 ], [ 27.0837195, 58.7005317 ], [ 27.0838027, 58.7005805 ], [ 27.0838509, 58.7006473 ], [ 27.0839019, 58.7007045 ], [ 27.0839904, 58.7007435 ], [ 27.0840762, 58.7007783 ], [ 27.0840923, 58.7008201 ], [ 27.0841165, 58.700887 ], [ 27.0841567, 58.70094 ], [ 27.0841862, 58.7010068 ], [ 27.0842238, 58.7010598 ], [ 27.084272, 58.7010695 ], [ 27.084315, 58.7010835 ], [ 27.0843364, 58.7011197 ], [ 27.0843579, 58.7011322 ], [ 27.0844383, 58.701142 ], [ 27.0844974, 58.7011504 ], [ 27.0845671, 58.7011699 ], [ 27.08461, 58.7011852 ], [ 27.0846958, 58.7012883 ], [ 27.0848568, 58.7013552 ], [ 27.0849614, 58.7013649 ], [ 27.0851304, 58.7013608 ], [ 27.0852162, 58.7013914 ], [ 27.0852832, 58.7014402 ], [ 27.0853342, 58.7015071 ], [ 27.085361, 58.7015489 ], [ 27.0853718, 58.7016004 ], [ 27.0853449, 58.7016367 ], [ 27.0853262, 58.7016715 ], [ 27.0853423, 58.7016924 ], [ 27.0853557, 58.7017049 ], [ 27.0853691, 58.7017217 ], [ 27.0853583, 58.7017551 ], [ 27.085353, 58.7019098 ], [ 27.0854013, 58.7019585 ], [ 27.0854388, 58.7019906 ], [ 27.0855059, 58.7019906 ], [ 27.0856561, 58.7019906 ], [ 27.0857526, 58.7020157 ], [ 27.085825, 58.7020449 ], [ 27.085927, 58.7020812 ], [ 27.0860074, 58.702116 ], [ 27.0860879, 58.7021717 ], [ 27.0861952, 58.7022135 ], [ 27.086281, 58.7022525 ], [ 27.0863052, 58.7023375 ], [ 27.086332, 58.7024086 ], [ 27.0863642, 58.702495 ], [ 27.0863803, 58.7025451 ], [ 27.0864098, 58.7025911 ], [ 27.0864339, 58.7026148 ], [ 27.0865117, 58.7026385 ] ] } },
{ "type": "Feature", "properties": { "orig_fid": "w1139525763", "waterway": "stream", "name": "Kadrina oja" }, "geometry": { "type": "LineString", "coordinates": [ [ 27.0689379, 58.6883648 ], [ 27.069359, 58.6884471 ], [ 27.0697372, 58.6884987 ], [ 27.0701529, 58.6885948 ], [ 27.0702709, 58.6886576 ], [ 27.0707457, 58.6890437 ], [ 27.0716657, 58.6897769 ], [ 27.0719607, 58.6899943 ], [ 27.0720304, 58.6900724 ], [ 27.0720895, 58.6901894 ], [ 27.0723416, 58.6906522 ], [ 27.0724542, 58.6908306 ] ] } },
{ "type": "Feature", "properties": { "orig_fid": "w1139525764", "waterway": "stream", "name": "Kadrina oja" }, "geometry": { "type": "LineString", "coordinates": [ [ 27.103132, 58.7114222 ], [ 27.1032902, 58.7114556 ], [ 27.1035048, 58.7115155 ], [ 27.103604, 58.7115489 ], [ 27.1036684, 58.7116088 ], [ 27.1036926, 58.7116618 ], [ 27.1037516, 58.7117008 ], [ 27.1038937, 58.7117983 ], [ 27.1039715, 58.7118206 ], [ 27.1041941, 58.7118415 ], [ 27.1043846, 58.7118707 ], [ 27.1044758, 58.7118554 ], [ 27.1046823, 58.7118094 ], [ 27.1050068, 58.7117635 ], [ 27.1052697, 58.7117565 ], [ 27.1056076, 58.7117523 ], [ 27.1057927, 58.7117537 ], [ 27.1059537, 58.7117802 ], [ 27.1060663, 58.7117676 ], [ 27.1062192, 58.71173 ], [ 27.1063882, 58.7117217 ], [ 27.1064606, 58.7117384 ], [ 27.1065089, 58.7117844 ], [ 27.1065142, 58.7117997 ], [ 27.1065276, 58.7119055 ], [ 27.1066001, 58.7119501 ], [ 27.1067181, 58.7119696 ], [ 27.1067959, 58.7119794 ], [ 27.1068897, 58.7119738 ], [ 27.1069783, 58.7119696 ], [ 27.1070668, 58.7119822 ], [ 27.1072384, 58.7120226 ], [ 27.1073457, 58.7120323 ], [ 27.1073994, 58.7120017 ], [ 27.1074155, 58.7119724 ], [ 27.107504, 58.7119668 ], [ 27.1075308, 58.7119794 ], [ 27.1075683, 58.712017 ], [ 27.1076274, 58.7120267 ], [ 27.1077051, 58.7120295 ], [ 27.1078232, 58.7120379 ], [ 27.1078929, 58.7120421 ], [ 27.1080163, 58.712056 ], [ 27.108145, 58.7121159 ], [ 27.1083408, 58.7121827 ], [ 27.1083971, 58.712219 ], [ 27.1084588, 58.7122231 ], [ 27.1086117, 58.7122273 ], [ 27.1086734, 58.7122204 ], [ 27.1088317, 58.712166 ], [ 27.1089041, 58.71218 ], [ 27.1089309, 58.7122092 ], [ 27.1089202, 58.7122621 ], [ 27.1089416, 58.7122984 ], [ 27.1090167, 58.712322 ], [ 27.109124, 58.7123471 ], [ 27.1091589, 58.7123778 ], [ 27.1091374, 58.7124028 ], [ 27.1091079, 58.712446 ], [ 27.1091777, 58.7125073 ], [ 27.1092876, 58.7125756 ], [ 27.1093842, 58.7126619 ], [ 27.1094969, 58.7126981 ], [ 27.1095988, 58.7127023 ], [ 27.1098482, 58.7126926 ], [ 27.1100413, 58.7127135 ], [ 27.1102076, 58.7127135 ], [ 27.1103364, 58.71268 ], [ 27.1104624, 58.7126229 ], [ 27.1105215, 58.7125728 ], [ 27.1105751, 58.7125268 ], [ 27.1106663, 58.7125101 ], [ 27.1107736, 58.7125143 ], [ 27.1109774, 58.7125254 ], [ 27.111192, 58.7126076 ], [ 27.1113261, 58.7126424 ], [ 27.111428, 58.7126508 ], [ 27.1115863, 58.712694 ], [ 27.1116748, 58.7127427 ], [ 27.1117526, 58.7127761 ], [ 27.1118277, 58.7128165 ], [ 27.1119269, 58.7129029 ], [ 27.1119698, 58.7129349 ], [ 27.1120369, 58.7129544 ], [ 27.1121791, 58.7129879 ], [ 27.1124446, 58.7130394 ], [ 27.1125921, 58.7130561 ], [ 27.112745, 58.7130561 ], [ 27.1128496, 58.7130464 ], [ 27.112981, 58.7130116 ], [ 27.1131795, 58.7130102 ], [ 27.1132412, 58.7130311 ], [ 27.1133029, 58.7130923 ], [ 27.1133217, 58.7131174 ], [ 27.1133995, 58.7131592 ], [ 27.1135309, 58.7131592 ], [ 27.1136301, 58.7131606 ], [ 27.113716, 58.7132038 ], [ 27.1137803, 58.7132623 ], [ 27.1138823, 58.7133096 ], [ 27.1140593, 58.7133473 ], [ 27.1141827, 58.713364 ], [ 27.1143597, 58.7134796 ], [ 27.1144348, 58.713598 ], [ 27.1145501, 58.71363 ], [ 27.1146896, 58.7136453 ], [ 27.1147593, 58.7136913 ], [ 27.1147433, 58.7137679 ], [ 27.1147298, 58.7138236 ], [ 27.1147942, 58.7138626 ], [ 27.1148344, 58.7139044 ], [ 27.114821, 58.7139587 ], [ 27.114872, 58.7140061 ], [ 27.1149605, 58.7140158 ], [ 27.1150168, 58.7140061 ], [ 27.1150732, 58.7140061 ], [ 27.1151617, 58.7140242 ], [ 27.115269, 58.714073 ], [ 27.115387, 58.7141175 ], [ 27.1154755, 58.7141398 ], [ 27.115564, 58.714151 ], [ 27.115674, 58.7141788 ], [ 27.1156981, 58.7142178 ], [ 27.1157786, 58.7142735 ], [ 27.1158671, 58.7142805 ], [ 27.1159498, 58.7142871 ] ] } },
{ "type": "Feature", "properties": { "orig_fid": "w1139525765", "waterway": "stream", "name": "Kadrina oja" }, "geometry": { "type": "LineString", "coordinates": [ [ 27.0709353, 58.6773619 ], [ 27.0711507, 58.6778001 ], [ 27.0717354, 58.6790857 ], [ 27.0710863, 58.6797159 ], [ 27.0693804, 58.6813917 ], [ 27.068388, 58.6823872 ], [ 27.0664139, 58.6843473 ], [ 27.0661832, 58.6843947 ], [ 27.0646222, 58.6845174 ], [ 27.0644291, 58.6847126 ], [ 27.0633937, 58.6859756 ], [ 27.0639677, 58.686536 ], [ 27.0644988, 58.6867339 ], [ 27.0664729, 58.6874504 ], [ 27.0674546, 58.6878212 ], [ 27.0683102, 58.6881307 ], [ 27.0688037, 58.688323 ] ] } },
{ "type": "Feature", "properties": { "orig_fid": "w1139525766", "waterway": "stream", "name": "Kadrina oja" }, "geometry": { "type": "LineString", "coordinates": [ [ 27.0866914, 58.7026803 ], [ 27.0878769, 58.703076 ], [ 27.0880432, 58.7030969 ], [ 27.0881773, 58.7031317 ], [ 27.08829, 58.7031721 ], [ 27.0884858, 58.7032293 ], [ 27.0885529, 58.7032864 ], [ 27.0886575, 58.7033477 ], [ 27.0887728, 58.7033742 ], [ 27.0888452, 58.7033686 ], [ 27.0888747, 58.7033282 ], [ 27.0889659, 58.7032906 ], [ 27.0891403, 58.7032878 ], [ 27.0892422, 58.7032739 ], [ 27.0893226, 58.703246 ], [ 27.0893736, 58.7032307 ], [ 27.0895855, 58.7032544 ], [ 27.0897464, 58.703292 ], [ 27.0899503, 58.7033421 ], [ 27.0900468, 58.703377 ], [ 27.0902829, 58.7034174 ] ] } },
{ "type": "Feature", "properties": { "orig_fid": "w1139525767", "waterway": "stream", "name": "Kadrina oja" }, "geometry": { "type": "LineString", "coordinates": [ [ 27.0725374, 58.6908878 ], [ 27.0726044, 58.690924 ], [ 27.0726876, 58.6909351 ], [ 27.0730095, 58.6909867 ], [ 27.073393, 58.6910536 ], [ 27.0736398, 58.6911094 ], [ 27.0736827, 58.691154 ], [ 27.0738436, 58.6914258 ], [ 27.073975, 58.6916502 ], [ 27.0742004, 58.6918885 ], [ 27.0744203, 58.6920795 ], [ 27.0745329, 58.6921993 ], [ 27.0748602, 58.6925171 ], [ 27.0748977, 58.6925506 ], [ 27.0749648, 58.6926425 ], [ 27.0750372, 58.6926941 ], [ 27.0752008, 58.6928432 ], [ 27.0752652, 58.6929408 ], [ 27.0754985, 58.693161 ], [ 27.0757829, 58.6934467 ], [ 27.076212, 58.6938816 ], [ 27.0765071, 58.6941547 ], [ 27.0767324, 58.6943526 ], [ 27.0770274, 58.6946369 ], [ 27.0773278, 58.6950077 ], [ 27.0775263, 58.6951498 ], [ 27.077647, 58.6951944 ] ] } },
{ "type": "Feature", "properties": { "orig_fid": "w1139525768", "waterway": "stream", "name": "Kadrina oja" }, "geometry": { "type": "LineString", "coordinates": [ [ 27.0823838, 58.6645778 ], [ 27.0823382, 58.6646322 ], [ 27.082196, 58.6647633 ], [ 27.0816301, 58.6652529 ], [ 27.079495, 58.667094 ], [ 27.0779662, 58.6684023 ], [ 27.0778643, 58.6685223 ], [ 27.0778535, 58.6686283 ], [ 27.0779501, 58.6698723 ], [ 27.077993, 58.6703256 ], [ 27.0779608, 58.6704985 ], [ 27.0779313, 58.6705543 ], [ 27.0777516, 58.6708667 ], [ 27.077191, 58.6717662 ], [ 27.0770784, 58.6718471 ], [ 27.0759948, 58.6727034 ], [ 27.0759948, 58.6735317 ], [ 27.0778401, 58.67489 ], [ 27.077824, 58.6749681 ], [ 27.0777462, 58.6750573 ], [ 27.0776845, 58.6751228 ], [ 27.0768531, 58.675841 ], [ 27.0749487, 58.6765493 ], [ 27.0728727, 58.6768226 ], [ 27.0715262, 58.6770039 ], [ 27.0708208, 58.6771057 ], [ 27.0709039, 58.6772981 ] ] } },
{ "type": "Feature", "properties": { "orig_fid": "w1139525769", "waterway": "stream", "name": "Kadrina oja" }, "geometry": { "type": "LineString", "coordinates": [ [ 27.0937737, 58.7046028 ], [ 27.0940098, 58.7047045 ], [ 27.0942136, 58.7047978 ], [ 27.0942914, 58.7048327 ], [ 27.0944416, 58.7048647 ], [ 27.0945328, 58.7049121 ], [ 27.0946991, 58.7050249 ], [ 27.0949405, 58.705252 ], [ 27.0950237, 58.7053091 ], [ 27.0950934, 58.7053119 ], [ 27.0951524, 58.7053008 ], [ 27.095198, 58.7052882 ], [ 27.0952651, 58.7053064 ], [ 27.0952651, 58.7053426 ], [ 27.0952543, 58.7053927 ], [ 27.0952946, 58.7054401 ], [ 27.0953562, 58.7054763 ], [ 27.0954126, 58.705514 ], [ 27.0954474, 58.7055627 ], [ 27.0954796, 58.7055878 ], [ 27.0956325, 58.705631 ], [ 27.095654, 58.7057229 ], [ 27.0956164, 58.7058706 ], [ 27.095654, 58.7059459 ], [ 27.0956969, 58.7059877 ], [ 27.0956432, 58.7060852 ], [ 27.0955789, 58.7062802 ], [ 27.0955467, 58.7064168 ], [ 27.0955574, 58.7064502 ], [ 27.0955735, 58.7065087 ], [ 27.0959115, 58.706609 ], [ 27.0961099, 58.7066926 ], [ 27.0963192, 58.7067511 ], [ 27.0964586, 58.7068598 ], [ 27.0965284, 58.7069629 ], [ 27.0966142, 58.7070437 ], [ 27.0967054, 58.7071134 ], [ 27.0968771, 58.7071384 ], [ 27.0969039, 58.7072081 ], [ 27.0968341, 58.707275 ], [ 27.096861, 58.7073836 ], [ 27.09692, 58.7074338 ], [ 27.0971506, 58.7074533 ], [ 27.0976978, 58.7074728 ], [ 27.0978641, 58.7075564 ], [ 27.0980358, 58.7077208 ], [ 27.0981055, 58.7078517 ], [ 27.0981752, 58.7078935 ], [ 27.0982664, 58.7078991 ], [ 27.0983362, 58.7079409 ], [ 27.098363, 58.7079994 ], [ 27.0984113, 58.7080746 ] ] } },
{ "type": "Feature", "properties": { "orig_fid": "w1139525770", "waterway": "stream", "name": "Kadrina oja" }, "geometry": { "type": "LineString", "coordinates": [ [ 27.0984649, 58.7081513 ], [ 27.0985856, 58.7082599 ], [ 27.0986902, 58.7082975 ], [ 27.0988538, 58.7084062 ], [ 27.0988726, 58.7084341 ], [ 27.0988699, 58.7084856 ], [ 27.098886, 58.7085093 ], [ 27.0989585, 58.7085121 ], [ 27.0990336, 58.7085483 ], [ 27.0991087, 58.7086082 ], [ 27.0991784, 58.7086792 ], [ 27.0992374, 58.7087099 ], [ 27.0992991, 58.7087308 ], [ 27.0993796, 58.7088102 ], [ 27.0993983, 58.7088436 ], [ 27.0993849, 58.708859 ], [ 27.0993206, 58.7088743 ], [ 27.0992776, 58.7089161 ], [ 27.0992884, 58.7089551 ], [ 27.0992803, 58.7089829 ], [ 27.0992535, 58.7090066 ], [ 27.0992159, 58.7090498 ], [ 27.0991891, 58.7090805 ], [ 27.0991221, 58.7091599 ], [ 27.0991355, 58.7092156 ], [ 27.0991301, 58.7092532 ], [ 27.0990792, 58.7093075 ], [ 27.0990228, 58.7093424 ], [ 27.0989504, 58.7094385 ], [ 27.0989155, 58.709543 ], [ 27.0989692, 58.7096265 ], [ 27.0989853, 58.7096795 ], [ 27.0989853, 58.7097728 ], [ 27.0990577, 58.7098216 ], [ 27.0991274, 58.7098425 ], [ 27.0992025, 58.7098634 ], [ 27.0992615, 58.7098926 ], [ 27.0992964, 58.7099316 ], [ 27.0993098, 58.7099776 ], [ 27.0992964, 58.710025 ], [ 27.0992615, 58.7100668 ], [ 27.0992937, 58.7101281 ], [ 27.099401, 58.7101963 ], [ 27.0994386, 58.7102297 ], [ 27.0994681, 58.7102855 ], [ 27.0994788, 58.710383 ], [ 27.0995324, 58.7104568 ], [ 27.0996424, 58.710539 ], [ 27.0997497, 58.710571 ], [ 27.0998302, 58.7106128 ], [ 27.099908, 58.7106463 ], [ 27.1000716, 58.7106783 ], [ 27.1002084, 58.7107131 ], [ 27.1005785, 58.7108329 ], [ 27.1009272, 58.7109221 ], [ 27.1011176, 58.7109402 ], [ 27.1012947, 58.7109764 ], [ 27.1014529, 58.7110196 ], [ 27.1015173, 58.711021 ], [ 27.1016943, 58.7110029 ], [ 27.1018391, 58.7109987 ], [ 27.1020189, 58.7110057 ], [ 27.1021583, 58.7110349 ], [ 27.1022254, 58.7110544 ], [ 27.1022629, 58.711106 ], [ 27.1022629, 58.7111881 ], [ 27.1022844, 58.7113163 ], [ 27.1023327, 58.7113567 ], [ 27.1025499, 58.7113873 ], [ 27.1027484, 58.711372 ], [ 27.1029764, 58.7113915 ] ] } },
{ "type": "Feature", "properties": { "orig_fid": "w1139525803", "waterway": "ditch", "name": null }, "geometry": { "type": "LineString", "coordinates": [ [ 27.0773788, 58.6589183 ], [ 27.0777543, 58.6599284 ], [ 27.077706, 58.6599925 ], [ 27.0770354, 58.6605003 ], [ 27.0750774, 58.662046 ], [ 27.0749594, 58.6621576 ], [ 27.0750184, 58.662205 ], [ 27.0757909, 58.6624505 ], [ 27.0773519, 58.6629555 ], [ 27.0800127, 58.6637925 ], [ 27.0822014, 58.6644871 ], [ 27.0823838, 58.6645778 ] ] } },
{ "type": "Feature", "properties": { "orig_fid": "w1139525810", "waterway": "stream", "name": null }, "geometry": { "type": "LineString", "coordinates": [ [ 27.0984113, 58.7080746 ], [ 27.0984649, 58.7081513 ] ] } },
{ "type": "Feature", "properties": { "orig_fid": "w1139525834", "waterway": "stream", "name": null }, "geometry": { "type": "LineString", "coordinates": [ [ 27.077647, 58.6951944 ], [ 27.0777704, 58.6952376 ] ] } },
{ "type": "Feature", "properties": { "orig_fid": "w1139525835", "waterway": "stream", "name": null }, "geometry": { "type": "LineString", "coordinates": [ [ 27.0935348, 58.7044949 ], [ 27.0937737, 58.7046028 ] ] } },
{ "type": "Feature", "properties": { "orig_fid": "w1139525841", "waterway": "stream", "name": null }, "geometry": { "type": "LineString", "coordinates": [ [ 27.0688037, 58.688323 ], [ 27.0689379, 58.6883648 ] ] } },
{ "type": "Feature", "properties": { "orig_fid": "w1139525842", "waterway": "stream", "name": null }, "geometry": { "type": "LineString", "coordinates": [ [ 27.0724542, 58.6908306 ], [ 27.0725374, 58.6908878 ] ] } },
{ "type": "Feature", "properties": { "orig_fid": "w1139525848", "waterway": "stream", "name": null }, "geometry": { "type": "LineString", "coordinates": [ [ 27.1029764, 58.7113915 ], [ 27.103132, 58.7114222 ] ] } },
{ "type": "Feature", "properties": { "orig_fid": "w1139525850", "waterway": "stream", "name": null }, "geometry": { "type": "LineString", "coordinates": [ [ 27.0709039, 58.6772981 ], [ 27.0709353, 58.6773619 ] ] } },
{ "type": "Feature", "properties": { "orig_fid": "w1139525852", "waterway": "stream", "name": null }, "geometry": { "type": "LineString", "coordinates": [ [ 27.0865117, 58.7026385 ], [ 27.0866914, 58.7026803 ] ] } },
{ "type": "Feature", "properties": { "orig_fid": "w1139525872", "waterway": "stream", "name": null }, "geometry": { "type": "LineString", "coordinates": [ [ 27.0902829, 58.7034174 ], [ 27.0909091, 58.7036261 ], [ 27.0911023, 58.7036497 ], [ 27.0912847, 58.703647 ], [ 27.0914295, 58.703686 ], [ 27.0916816, 58.7037891 ], [ 27.0918962, 58.7039423 ], [ 27.093012, 58.7043492 ], [ 27.0935348, 58.7044949 ] ] } },
{ "type": "Feature", "properties": { "orig_fid": "w1152695161", "waterway": "ditch", "name": null }, "geometry": { "type": "LineString", "coordinates": [ [ 27.1876894, 58.6227792 ], [ 27.1882076, 58.6228385 ], [ 27.1883583, 58.6228557 ], [ 27.1884008, 58.6228705 ], [ 27.1884273, 58.6228999 ], [ 27.1884893, 58.6230004 ], [ 27.1885388, 58.6230197 ], [ 27.1886521, 58.6230446 ] ] } },
{ "type": "Feature", "properties": { "orig_fid": "w1152695162", "waterway": "ditch", "name": null }, "geometry": { "type": "LineString", "coordinates": [ [ 27.1872806, 58.6229736 ], [ 27.1877496, 58.6223204 ] ] } },
{ "type": "Feature", "properties": { "orig_fid": "w1152695163", "waterway": "ditch", "name": null }, "geometry": { "type": "LineString", "coordinates": [ [ 27.1877496, 58.6223204 ], [ 27.1877779, 58.6222688 ] ] } },
{ "type": "Feature", "properties": { "orig_fid": "w1152695164", "waterway": "ditch", "name": null }, "geometry": { "type": "LineString", "coordinates": [ [ 27.1879624, 58.6221651 ], [ 27.1880438, 58.622174 ], [ 27.1881699, 58.6221941 ], [ 27.188226, 58.622199 ], [ 27.1882832, 58.6222008 ], [ 27.1883649, 58.6221984 ], [ 27.188498, 58.622188 ], [ 27.1886579, 58.622168 ], [ 27.1887152, 58.6221686 ], [ 27.1887502, 58.6221765 ], [ 27.1887712, 58.6221935 ] ] } },
{ "type": "Feature", "properties": { "orig_fid": "w1152695170", "waterway": "ditch", "name": null }, "geometry": { "type": "LineString", "coordinates": [ [ 27.1887712, 58.6221935 ], [ 27.1887826, 58.6222512 ] ] } },
{ "type": "Feature", "properties": { "orig_fid": "w1152695171", "waterway": "ditch", "name": null }, "geometry": { "type": "LineString", "coordinates": [ [ 27.1887826, 58.6222512 ], [ 27.1887416, 58.6222988 ], [ 27.1886833, 58.6223664 ], [ 27.1885573, 58.6224656 ], [ 27.1884781, 58.6225235 ], [ 27.1884552, 58.6225621 ] ] } },
{ "type": "Feature", "properties": { "orig_fid": "w1152695172", "waterway": "ditch", "name": null }, "geometry": { "type": "LineString", "coordinates": [ [ 27.1887416, 58.6222988 ], [ 27.1886337, 58.6223106 ], [ 27.1884433, 58.6223175 ], [ 27.1883239, 58.6223175 ], [ 27.1882663, 58.6223141 ], [ 27.1882247, 58.622321 ], [ 27.1881549, 58.6223308 ], [ 27.1879739, 58.6223406 ] ] } },
{ "type": "Feature", "properties": { "orig_fid": "w1152695173", "waterway": "ditch", "name": null }, "geometry": { "type": "LineString", "coordinates": [ [ 27.1886521, 58.6230446 ], [ 27.1887011, 58.6230424 ], [ 27.1888617, 58.6228126 ], [ 27.1889449, 58.6226318 ], [ 27.1889596, 58.6224579 ], [ 27.1889502, 58.6223741 ], [ 27.1889288, 58.6223336 ], [ 27.1888885, 58.6223141 ], [ 27.1888376, 58.622298 ], [ 27.1887416, 58.6222988 ] ] } },
{ "type": "Feature", "properties": { "orig_fid": "w1152695179", "waterway": "ditch", "name": null }, "geometry": { "type": "LineString", "coordinates": [ [ 27.1883228, 58.6227043 ], [ 27.1882076, 58.6228385 ] ] } },
{ "type": "Feature", "properties": { "orig_fid": "w1152695184", "waterway": "ditch", "name": null }, "geometry": { "type": "LineString", "coordinates": [ [ 27.1893187, 58.6210781 ], [ 27.1892291, 58.6211728 ] ] } },
{ "type": "Feature", "properties": { "orig_fid": "w1160231475", "waterway": "river", "name": "Kargaja jõgi" }, "geometry": { "type": "LineString", "coordinates": [ [ 27.1103244, 58.5142542 ], [ 27.1104353, 58.5142506 ], [ 27.110694, 58.5142048 ], [ 27.1109243, 58.5141175 ], [ 27.1112292, 58.5139751 ] ] } },
{ "type": "Feature", "properties": { "orig_fid": "w1160231512", "waterway": "river", "name": null }, "geometry": { "type": "LineString", "coordinates": [ [ 27.1102037, 58.5142479 ], [ 27.1103244, 58.5142542 ] ] } },
{ "type": "Feature", "properties": { "orig_fid": "w1160231521", "waterway": "stream", "name": null }, "geometry": { "type": "LineString", "coordinates": [ [ 27.1259194, 58.7146802 ], [ 27.1274068, 58.7150128 ], [ 27.1278467, 58.7150239 ], [ 27.1285226, 58.7149682 ], [ 27.1345093, 58.7144361 ], [ 27.1426632, 58.7140684 ], [ 27.1543791, 58.7129763 ], [ 27.1672537, 58.7126198 ], [ 27.1809008, 58.7113048 ], [ 27.1939041, 58.7112156 ], [ 27.207165, 58.7102795 ], [ 27.2223999, 58.709856 ], [ 27.2384932, 58.708697 ], [ 27.2531702, 58.7088307 ], [ 27.268963, 58.7078499 ], [ 27.2857859, 58.7079837 ], [ 27.3051836, 58.7069137 ], [ 27.3200323, 58.7066463 ], [ 27.3294522, 58.7059106 ], [ 27.3389501, 58.705612 ] ] } },
{ "type": "Feature", "properties": { "orig_fid": "w1161067755", "waterway": "ditch", "name": "Mädaoiu pkr" }, "geometry": { "type": "LineString", "coordinates": [ [ 26.9351854, 58.7809323 ], [ 26.9421899, 58.7836072 ], [ 26.9427704, 58.783771 ], [ 26.9561097, 58.7874068 ], [ 26.9569057, 58.7876027 ], [ 26.9572055, 58.7876765 ] ] } },
{ "type": "Feature", "properties": { "orig_fid": "w1161067756", "waterway": "ditch", "name": "Mädaoiu pkr" }, "geometry": { "type": "LineString", "coordinates": [ [ 26.9628189, 58.7869205 ], [ 26.9657474, 58.7880249 ], [ 26.9660411, 58.7880839 ], [ 26.9664127, 58.7881242 ], [ 26.9668083, 58.7881149 ], [ 26.9671837, 58.7882704 ] ] } },
{ "type": "Feature", "properties": { "orig_fid": "w1161067757", "waterway": "ditch", "name": null }, "geometry": { "type": "LineString", "coordinates": [ [ 26.9626445, 58.7868547 ], [ 26.9628189, 58.7869205 ] ] } },
{ "type": "Feature", "properties": { "orig_fid": "w1161067758", "waterway": "ditch", "name": null }, "geometry": { "type": "LineString", "coordinates": [ [ 26.9673465, 58.7883379 ], [ 26.9673702, 58.7883477 ] ] } },
{ "type": "Feature", "properties": { "orig_fid": "w1161067759", "waterway": "ditch", "name": null }, "geometry": { "type": "LineString", "coordinates": [ [ 26.9671837, 58.7882704 ], [ 26.9673465, 58.7883379 ] ] } },
{ "type": "Feature", "properties": { "orig_fid": "w1161067763", "waterway": "ditch", "name": null }, "geometry": { "type": "LineString", "coordinates": [ [ 26.9543279, 58.7844919 ], [ 26.9569715, 58.7863891 ] ] } },
{ "type": "Feature", "properties": { "orig_fid": "w1161067765", "waterway": "ditch", "name": null }, "geometry": { "type": "LineString", "coordinates": [ [ 26.9570833, 58.7864693 ], [ 26.9580274, 58.7871468 ], [ 26.9584121, 58.7874228 ], [ 26.9585419, 58.7875107 ] ] } },
{ "type": "Feature", "properties": { "orig_fid": "w1161067766", "waterway": "ditch", "name": null }, "geometry": { "type": "LineString", "coordinates": [ [ 26.9569715, 58.7863891 ], [ 26.9570833, 58.7864693 ] ] } },
{ "type": "Feature", "properties": { "orig_fid": "w1161067767", "waterway": "stream", "name": null }, "geometry": { "type": "LineString", "coordinates": [ [ 26.9586582, 58.7875895 ], [ 26.9589562, 58.7877912 ] ] } },
{ "type": "Feature", "properties": { "orig_fid": "w1161067768", "waterway": "ditch", "name": null }, "geometry": { "type": "LineString", "coordinates": [ [ 26.9585419, 58.7875107 ], [ 26.9586582, 58.7875895 ] ] } },
{ "type": "Feature", "properties": { "orig_fid": "w1161067769", "waterway": "ditch", "name": "Mädaoiu pkr" }, "geometry": { "type": "LineString", "coordinates": [ [ 26.9573632, 58.7877153 ], [ 26.9575482, 58.7877608 ], [ 26.9580516, 58.7878944 ], [ 26.9584892, 58.787913 ], [ 26.9588608, 58.7878292 ], [ 26.9589562, 58.7877912 ], [ 26.9616778, 58.7867079 ], [ 26.9620494, 58.7866303 ], [ 26.9626445, 58.7868547 ] ] } },
{ "type": "Feature", "properties": { "orig_fid": "w1161067770", "waterway": "ditch", "name": null }, "geometry": { "type": "LineString", "coordinates": [ [ 26.9572055, 58.7876765 ], [ 26.9573632, 58.7877153 ] ] } },
{ "type": "Feature", "properties": { "orig_fid": "w1161067771", "waterway": "ditch", "name": null }, "geometry": { "type": "LineString", "coordinates": [ [ 26.9521445, 58.7882375 ], [ 26.9545724, 58.787337 ], [ 26.9564457, 58.7878718 ], [ 26.9565566, 58.7878718 ], [ 26.9566737, 58.7878335 ], [ 26.9568, 58.7877186 ], [ 26.9569057, 58.7876027 ] ] } },
{ "type": "Feature", "properties": { "orig_fid": "w1161067772", "waterway": "ditch", "name": null }, "geometry": { "type": "LineString", "coordinates": [ [ 26.9571697, 58.7873692 ], [ 26.9580274, 58.7871468 ] ] } },
{ "type": "Feature", "properties": { "orig_fid": "w1178376712", "waterway": "ditch", "name": null }, "geometry": { "type": "LineString", "coordinates": [ [ 26.9230978, 58.7728459 ], [ 26.9221055, 58.7730113 ], [ 26.9218994, 58.7730711 ] ] } },
{ "type": "Feature", "properties": { "orig_fid": "w1178376713", "waterway": "ditch", "name": null }, "geometry": { "type": "LineString", "coordinates": [ [ 26.9228508, 58.7725293 ], [ 26.9228158, 58.7723353 ], [ 26.9228459, 58.77231 ], [ 26.9230282, 58.7722907 ] ] } },
{ "type": "Feature", "properties": { "orig_fid": "w1178376716", "waterway": "ditch", "name": null }, "geometry": { "type": "LineString", "coordinates": [ [ 26.9231479, 58.7722761 ], [ 26.9237151, 58.7722283 ], [ 26.9243153, 58.7721745 ], [ 26.9244656, 58.772616 ], [ 26.9237625, 58.7727321 ], [ 26.9231638, 58.7728345 ] ] } },
{ "type": "Feature", "properties": { "orig_fid": "w1191554511", "waterway": "ditch", "name": "Padakõrve oja" }, "geometry": { "type": "LineString", "coordinates": [ [ 27.0425075, 58.5920213 ], [ 27.042699, 58.5920094 ] ] } },
{ "type": "Feature", "properties": { "orig_fid": "w1191554512", "waterway": "ditch", "name": "Padakõrve oja" }, "geometry": { "type": "LineString", "coordinates": [ [ 27.031441, 58.5931181 ], [ 27.0321341, 58.5930452 ], [ 27.0326673, 58.592941 ], [ 27.0331205, 58.592875 ], [ 27.0334803, 58.5928577 ], [ 27.0342134, 58.5929132 ], [ 27.0352331, 58.5928889 ], [ 27.0360528, 58.5928472 ], [ 27.0370858, 58.5926805 ], [ 27.0382454, 58.5924826 ], [ 27.0389985, 58.592368 ], [ 27.0393717, 58.5921908 ], [ 27.0397449, 58.5920901 ], [ 27.0402714, 58.5920589 ], [ 27.0416043, 58.5920623 ], [ 27.0420642, 58.5919998 ], [ 27.0424041, 58.5920207 ], [ 27.0425075, 58.5920213 ] ] } },
{ "type": "Feature", "properties": { "orig_fid": "w1191554513", "waterway": "ditch", "name": "Padakõrve oja" }, "geometry": { "type": "LineString", "coordinates": [ [ 27.0582855, 58.5878545 ], [ 27.0584571, 58.5877451 ] ] } },
{ "type": "Feature", "properties": { "orig_fid": "w1191554514", "waterway": "ditch", "name": "Padakõrve oja" }, "geometry": { "type": "LineString", "coordinates": [ [ 27.042699, 58.5920094 ], [ 27.0428506, 58.5919894 ], [ 27.0432238, 58.5920172 ], [ 27.0437536, 58.5921092 ], [ 27.0440802, 58.5920606 ], [ 27.0445534, 58.5921057 ], [ 27.0457496, 58.5922499 ], [ 27.0471358, 58.5924617 ], [ 27.0487819, 58.5926875 ], [ 27.0511545, 58.5929792 ], [ 27.0528073, 58.5932848 ], [ 27.0547933, 58.5935522 ], [ 27.0551532, 58.5931042 ], [ 27.056806, 58.5915171 ], [ 27.0581855, 58.5902181 ], [ 27.0583988, 58.5901313 ], [ 27.0585587, 58.589975 ], [ 27.058732, 58.5898916 ], [ 27.0589719, 58.5897874 ], [ 27.0591918, 58.5895964 ], [ 27.0592918, 58.589447 ], [ 27.0589652, 58.5888601 ], [ 27.058772, 58.5885197 ], [ 27.0583888, 58.5884276 ], [ 27.0582088, 58.5879292 ], [ 27.0582422, 58.5878806 ], [ 27.0582855, 58.5878545 ] ] } },
{ "type": "Feature", "properties": { "orig_fid": "w1191554515", "waterway": "ditch", "name": "Padakõrve oja" }, "geometry": { "type": "LineString", "coordinates": [ [ 27.0584571, 58.5877451 ], [ 27.0585554, 58.5876808 ], [ 27.0585387, 58.5875957 ], [ 27.058792, 58.5875367 ], [ 27.0590752, 58.5874776 ], [ 27.0593651, 58.587561 ], [ 27.0595651, 58.5875488 ], [ 27.0597916, 58.5874811 ], [ 27.0599849, 58.5873856 ], [ 27.0601082, 58.5874516 ], [ 27.0602348, 58.5874255 ], [ 27.0605947, 58.5873508 ], [ 27.060778, 58.5873543 ], [ 27.0609513, 58.5872831 ], [ 27.0610746, 58.5873126 ], [ 27.0610712, 58.5873752 ], [ 27.0611612, 58.5873908 ], [ 27.0612845, 58.5874359 ], [ 27.0614844, 58.5874064 ], [ 27.0615611, 58.5873317 ], [ 27.0616777, 58.587337 ], [ 27.0618376, 58.5873682 ], [ 27.0619409, 58.5873699 ], [ 27.0621342, 58.587297 ], [ 27.0624608, 58.5872727 ], [ 27.0624841, 58.5871424 ], [ 27.0626507, 58.5871303 ], [ 27.0626574, 58.58704 ], [ 27.062784, 58.58704 ], [ 27.0629439, 58.5870573 ], [ 27.0629639, 58.5871476 ], [ 27.0632238, 58.5871442 ], [ 27.0633438, 58.5871997 ], [ 27.0634771, 58.5872935 ], [ 27.0636437, 58.5872136 ], [ 27.0639303, 58.5872796 ], [ 27.0641035, 58.587231 ], [ 27.0651165, 58.5869844 ], [ 27.0655231, 58.5869149 ], [ 27.0656697, 58.5868003 ], [ 27.0658963, 58.5867864 ], [ 27.0659429, 58.5866857 ], [ 27.0661096, 58.5867551 ], [ 27.0664161, 58.5866718 ], [ 27.0664961, 58.5865259 ], [ 27.0669359, 58.5864356 ], [ 27.0671625, 58.5864356 ], [ 27.0674024, 58.5863314 ], [ 27.0672825, 58.5861299 ], [ 27.0673758, 58.5860118 ], [ 27.0669759, 58.5858173 ], [ 27.0671359, 58.5855533 ], [ 27.0671092, 58.5850739 ], [ 27.0676024, 58.5848377 ], [ 27.0682288, 58.5844278 ], [ 27.0682288, 58.5842263 ], [ 27.0684288, 58.583872 ], [ 27.0684421, 58.5836218 ], [ 27.0682955, 58.5834412 ], [ 27.0684688, 58.5831772 ], [ 27.0684021, 58.5829549 ], [ 27.0683621, 58.582531 ], [ 27.0685887, 58.5824129 ], [ 27.0689753, 58.5820725 ], [ 27.0693085, 58.5819266 ], [ 27.0692552, 58.5818223 ], [ 27.0695751, 58.5809608 ], [ 27.0712412, 58.5793696 ], [ 27.0739115, 58.5782446 ] ] } },
{ "type": "Feature", "properties": { "orig_fid": "w1205039448", "waterway": "ditch", "name": null }, "geometry": { "type": "LineString", "coordinates": [ [ 27.1320999, 58.6047106 ], [ 27.1323134, 58.6047183 ] ] } },
{ "type": "Feature", "properties": { "orig_fid": "w1205039449", "waterway": "ditch", "name": null }, "geometry": { "type": "LineString", "coordinates": [ [ 27.1323134, 58.6047183 ], [ 27.132451, 58.6047414 ], [ 27.1327769, 58.6047077 ], [ 27.1329764, 58.6047516 ], [ 27.1338006, 58.6053699 ] ] } },
{ "type": "Feature", "properties": { "orig_fid": "w1205039450", "waterway": "ditch", "name": null }, "geometry": { "type": "LineString", "coordinates": [ [ 27.1307796, 58.6047194 ], [ 27.130979, 58.6047487 ], [ 27.1312009, 58.604756 ], [ 27.1314791, 58.6047238 ], [ 27.1316532, 58.6047033 ], [ 27.1318246, 58.6046828 ], [ 27.131965, 58.6046799 ], [ 27.1320999, 58.6047106 ] ] } },
{ "type": "Feature", "properties": { "orig_fid": "w1224783914", "waterway": "ditch", "name": null }, "geometry": { "type": "LineString", "coordinates": [ [ 26.9231638, 58.7728345 ], [ 26.9230978, 58.7728459 ] ] } },
{ "type": "Feature", "properties": { "orig_fid": "w1226422139", "waterway": "ditch", "name": null }, "geometry": { "type": "LineString", "coordinates": [ [ 27.0661372, 58.5263842 ], [ 27.0688626, 58.5237089 ], [ 27.069073, 58.5235816 ] ] } },
{ "type": "Feature", "properties": { "orig_fid": "w1226436569", "waterway": "ditch", "name": "Naelavere pkr" }, "geometry": { "type": "LineString", "coordinates": [ [ 27.1448927, 58.5819011 ], [ 27.1473793, 58.5806797 ], [ 27.1485275, 58.5801156 ], [ 27.1488388, 58.5801063 ], [ 27.149471, 58.5800873 ], [ 27.1500644, 58.5800695 ], [ 27.1506677, 58.5800514 ], [ 27.1512914, 58.5800326 ], [ 27.1518981, 58.5800144 ], [ 27.1525176, 58.5799958 ], [ 27.1531964, 58.5799754 ], [ 27.1537836, 58.5799578 ], [ 27.1544532, 58.5799377 ], [ 27.1574863, 58.5798466 ], [ 27.1617496, 58.5797357 ], [ 27.1629818, 58.5796765 ], [ 27.1643872, 58.5792823 ], [ 27.165434, 58.578983 ], [ 27.1660601, 58.5787883 ], [ 27.1674995, 58.5783544 ], [ 27.1679936, 58.5785591 ], [ 27.1688895, 58.5785864 ] ] } },
{ "type": "Feature", "properties": { "orig_fid": "w1226436570", "waterway": "ditch", "name": null }, "geometry": { "type": "LineString", "coordinates": [ [ 27.1453877, 58.5865052 ], [ 27.1428267, 58.5842687 ], [ 27.1422351, 58.5838159 ], [ 27.1419355, 58.5836051 ], [ 27.1421816, 58.5832691 ] ] } },
{ "type": "Feature", "properties": { "orig_fid": "w1226436571", "waterway": "ditch", "name": null }, "geometry": { "type": "LineString", "coordinates": [ [ 27.148826, 58.5813035 ], [ 27.1488388, 58.5801063 ] ] } },
{ "type": "Feature", "properties": { "orig_fid": "w1226436572", "waterway": "ditch", "name": null }, "geometry": { "type": "LineString", "coordinates": [ [ 27.1495067, 58.5814179 ], [ 27.149471, 58.5800873 ] ] } },
{ "type": "Feature", "properties": { "orig_fid": "w1226436573", "waterway": "ditch", "name": null }, "geometry": { "type": "LineString", "coordinates": [ [ 27.1500557, 58.5813893 ], [ 27.1500644, 58.5800695 ] ] } },
{ "type": "Feature", "properties": { "orig_fid": "w1226436574", "waterway": "ditch", "name": "Katiniidu kr" }, "geometry": { "type": "LineString", "coordinates": [ [ 27.1342988, 58.583023 ], [ 27.1354076, 58.5835323 ], [ 27.1359127, 58.5834579 ], [ 27.1381765, 58.5830166 ], [ 27.1396792, 58.583118 ] ] } },
{ "type": "Feature", "properties": { "orig_fid": "w1226436575", "waterway": "ditch", "name": null }, "geometry": { "type": "LineString", "coordinates": [ [ 27.1447525, 58.5819674 ], [ 27.1448927, 58.5819011 ] ] } },
{ "type": "Feature", "properties": { "orig_fid": "w1226436576", "waterway": "ditch", "name": null }, "geometry": { "type": "LineString", "coordinates": [ [ 27.1482486, 58.582409 ], [ 27.1490987, 58.5819786 ], [ 27.1486491, 58.581639 ], [ 27.1483019, 58.5813767 ], [ 27.1478744, 58.5810538 ], [ 27.1473793, 58.5806797 ] ] } },
{ "type": "Feature", "properties": { "orig_fid": "w1226436577", "waterway": "ditch", "name": null }, "geometry": { "type": "LineString", "coordinates": [ [ 27.1458156, 58.5820778 ], [ 27.1478744, 58.5810538 ] ] } },
{ "type": "Feature", "properties": { "orig_fid": "w1226436578", "waterway": "ditch", "name": null }, "geometry": { "type": "LineString", "coordinates": [ [ 27.1472398, 58.5823538 ], [ 27.1486491, 58.581639 ] ] } },
{ "type": "Feature", "properties": { "orig_fid": "w1226436579", "waterway": "ditch", "name": null }, "geometry": { "type": "LineString", "coordinates": [ [ 27.1470384, 58.5819914 ], [ 27.1483019, 58.5813767 ] ] } },
{ "type": "Feature", "properties": { "orig_fid": "w1226436580", "waterway": "ditch", "name": null }, "geometry": { "type": "LineString", "coordinates": [ [ 27.1545654, 58.5814888 ], [ 27.1544532, 58.5799377 ] ] } },
{ "type": "Feature", "properties": { "orig_fid": "w1226436581", "waterway": "ditch", "name": null }, "geometry": { "type": "LineString", "coordinates": [ [ 27.1539525, 58.5816246 ], [ 27.1537836, 58.5799578 ] ] } },
{ "type": "Feature", "properties": { "orig_fid": "w1226436582", "waterway": "ditch", "name": null }, "geometry": { "type": "LineString", "coordinates": [ [ 27.1531914, 58.5817604 ], [ 27.1531964, 58.5799754 ] ] } },
{ "type": "Feature", "properties": { "orig_fid": "w1226436583", "waterway": "ditch", "name": null }, "geometry": { "type": "LineString", "coordinates": [ [ 27.1525377, 58.5818722 ], [ 27.1525176, 58.5799958 ] ] } },
{ "type": "Feature", "properties": { "orig_fid": "w1226436584", "waterway": "ditch", "name": null }, "geometry": { "type": "LineString", "coordinates": [ [ 27.1518788, 58.5817577 ], [ 27.1518981, 58.5800144 ] ] } },
{ "type": "Feature", "properties": { "orig_fid": "w1226436585", "waterway": "ditch", "name": null }, "geometry": { "type": "LineString", "coordinates": [ [ 27.1513374, 58.5820053 ], [ 27.1512914, 58.5800326 ] ] } },
{ "type": "Feature", "properties": { "orig_fid": "w1226436586", "waterway": "ditch", "name": null }, "geometry": { "type": "LineString", "coordinates": [ [ 27.1508113, 58.5824446 ], [ 27.1506677, 58.5800514 ] ] } },
{ "type": "Feature", "properties": { "orig_fid": "w1226436587", "waterway": "ditch", "name": null }, "geometry": { "type": "LineString", "coordinates": [ [ 27.1401872, 58.5803483 ], [ 27.1418447, 58.579913 ], [ 27.1422173, 58.5803479 ], [ 27.1425435, 58.5807287 ], [ 27.1425561, 58.580744 ], [ 27.1429146, 58.5811801 ], [ 27.1447254, 58.5819811 ] ] } },
{ "type": "Feature", "properties": { "orig_fid": "w1226436588", "waterway": "ditch", "name": null }, "geometry": { "type": "LineString", "coordinates": [ [ 27.1398705, 58.5812972 ], [ 27.1425561, 58.580744 ] ] } },
{ "type": "Feature", "properties": { "orig_fid": "w1226436589", "waterway": "ditch", "name": null }, "geometry": { "type": "LineString", "coordinates": [ [ 27.1405243, 58.5807101 ], [ 27.1422173, 58.5803479 ] ] } },
{ "type": "Feature", "properties": { "orig_fid": "w1231549767", "waterway": "ditch", "name": null }, "geometry": { "type": "LineString", "coordinates": [ [ 27.1012802, 58.7037195 ], [ 27.1014992, 58.7036847 ], [ 27.1015748, 58.7036562 ], [ 27.1019088, 58.703705 ], [ 27.1021044, 58.7037172 ], [ 27.1029471, 58.7034882 ], [ 27.1029569, 58.7012073 ], [ 27.103019, 58.7011542 ], [ 27.1030712, 58.7011433 ], [ 27.1032042, 58.7011854 ], [ 27.1032903, 58.7011854 ], [ 27.1037834, 58.7010024 ], [ 27.1038169, 58.7008479 ] ] } },
{ "type": "Feature", "properties": { "orig_fid": "w1243434830", "waterway": "ditch", "name": null }, "geometry": { "type": "LineString", "coordinates": [ [ 26.8024697, 58.6324045 ], [ 26.80253, 58.6327391 ], [ 26.8030232, 58.6328972 ], [ 26.8033662, 58.6330293 ] ] } },
{ "type": "Feature", "properties": { "orig_fid": "w1243434831", "waterway": "ditch", "name": null }, "geometry": { "type": "LineString", "coordinates": [ [ 26.8034578, 58.6330324 ], [ 26.8036869, 58.6330402 ] ] } },
{ "type": "Feature", "properties": { "orig_fid": "w1243434832", "waterway": "ditch", "name": null }, "geometry": { "type": "LineString", "coordinates": [ [ 26.8033662, 58.6330293 ], [ 26.8034578, 58.6330324 ] ] } },
{ "type": "Feature", "properties": { "orig_fid": "w1243434833", "waterway": "ditch", "name": null }, "geometry": { "type": "LineString", "coordinates": [ [ 26.7998925, 58.6310345 ], [ 26.801298, 58.6315763 ], [ 26.802344, 58.6319795 ], [ 26.8024013, 58.6320247 ], [ 26.8024612, 58.632357 ] ] } },
{ "type": "Feature", "properties": { "orig_fid": "w1243434834", "waterway": "ditch", "name": null }, "geometry": { "type": "LineString", "coordinates": [ [ 26.8024612, 58.632357 ], [ 26.8024697, 58.6324045 ] ] } },
{ "type": "Feature", "properties": { "orig_fid": "w1243434835", "waterway": "ditch", "name": null }, "geometry": { "type": "LineString", "coordinates": [ [ 26.802319, 58.6309806 ], [ 26.801298, 58.6315763 ] ] } },
{ "type": "Feature", "properties": { "orig_fid": "w1252415388", "waterway": "ditch", "name": null }, "geometry": { "type": "LineString", "coordinates": [ [ 26.8564102, 58.7112991 ], [ 26.8561947, 58.7113815 ], [ 26.856045, 58.7114098 ], [ 26.8555892, 58.711464 ], [ 26.8553397, 58.7114969 ], [ 26.8551219, 58.7115382 ], [ 26.8550063, 58.7115582 ], [ 26.854945, 58.7116218 ], [ 26.854877, 58.7116866 ], [ 26.8547817, 58.7117372 ], [ 26.8546978, 58.7117808 ], [ 26.8546071, 58.7118303 ], [ 26.8545799, 58.7118939 ], [ 26.85453, 58.7119434 ], [ 26.8544053, 58.7121118 ], [ 26.8542306, 58.7122543 ], [ 26.8540923, 58.7123297 ], [ 26.853997, 58.7123639 ] ] } },
{ "type": "Feature", "properties": { "orig_fid": "w1252415389", "waterway": "ditch", "name": null }, "geometry": { "type": "LineString", "coordinates": [ [ 26.8530513, 58.7125606 ], [ 26.8525546, 58.7125464 ], [ 26.8523459, 58.7125664 ], [ 26.8520738, 58.712578 ], [ 26.8517857, 58.7125747 ], [ 26.8514604, 58.7125433 ] ] } },
{ "type": "Feature", "properties": { "orig_fid": "w1252415390", "waterway": "ditch", "name": null }, "geometry": { "type": "LineString", "coordinates": [ [ 26.853235, 58.7125606 ], [ 26.8530513, 58.7125606 ] ] } },
{ "type": "Feature", "properties": { "orig_fid": "w1252415391", "waterway": "ditch", "name": null }, "geometry": { "type": "LineString", "coordinates": [ [ 26.8539108, 58.7124145 ], [ 26.8538178, 58.7124746 ], [ 26.8536523, 58.7125358 ], [ 26.853548, 58.7125547 ], [ 26.8533756, 58.7125594 ], [ 26.853235, 58.7125606 ] ] } },
{ "type": "Feature", "properties": { "orig_fid": "w1252415392", "waterway": "ditch", "name": null }, "geometry": { "type": "LineString", "coordinates": [ [ 26.853997, 58.7123639 ], [ 26.8539108, 58.7124145 ] ] } },
{ "type": "Feature", "properties": { "orig_fid": "w1254294951", "waterway": "ditch", "name": null }, "geometry": { "type": "LineString", "coordinates": [ [ 27.0343279, 58.5336068 ], [ 27.0442239, 58.5335076 ], [ 27.0445959, 58.5334822 ], [ 27.0448896, 58.5333939 ], [ 27.0458807, 58.5330729 ], [ 27.0461321, 58.5330752 ], [ 27.0468401, 58.5330156 ], [ 27.0469605, 58.5330046 ], [ 27.0476219, 58.5327122 ], [ 27.0486807, 58.5323239 ] ] } },
{ "type": "Feature", "properties": { "orig_fid": "w1254294952", "waterway": "ditch", "name": null }, "geometry": { "type": "LineString", "coordinates": [ [ 27.0488096, 58.5321982 ], [ 27.0513517, 58.5309969 ] ] } },
{ "type": "Feature", "properties": { "orig_fid": "w1254294953", "waterway": "ditch", "name": null }, "geometry": { "type": "LineString", "coordinates": [ [ 27.0486807, 58.5323239 ], [ 27.0488096, 58.5321982 ] ] } },
{ "type": "Feature", "properties": { "orig_fid": "w1254294954", "waterway": "ditch", "name": null }, "geometry": { "type": "LineString", "coordinates": [ [ 27.0515172, 58.5309285 ], [ 27.0529931, 58.5302807 ], [ 27.053106, 58.5302363 ] ] } },
{ "type": "Feature", "properties": { "orig_fid": "w1254294955", "waterway": "ditch", "name": null }, "geometry": { "type": "LineString", "coordinates": [ [ 27.0513517, 58.5309969 ], [ 27.0515172, 58.5309285 ] ] } },
{ "type": "Feature", "properties": { "orig_fid": "w1254294956", "waterway": "ditch", "name": null }, "geometry": { "type": "LineString", "coordinates": [ [ 27.0522159, 58.5284263 ], [ 27.0525986, 58.5275626 ], [ 27.0526699, 58.5274098 ], [ 27.0528987, 58.5272002 ], [ 27.0530938, 58.5270573 ], [ 27.0534239, 58.5268928 ], [ 27.053634, 58.526832 ], [ 27.0538966, 58.5268085 ], [ 27.0543617, 58.5268085 ] ] } },
{ "type": "Feature", "properties": { "orig_fid": "w1254294957", "waterway": "ditch", "name": null }, "geometry": { "type": "LineString", "coordinates": [ [ 27.0666991, 58.5167196 ], [ 27.0653696, 58.5187738 ], [ 27.0652946, 58.5188626 ], [ 27.0644449, 58.5198231 ], [ 27.0635952, 58.5207236 ], [ 27.0628604, 58.5215249 ], [ 27.0627205, 58.5215562 ], [ 27.0624756, 58.5215457 ], [ 27.0596242, 58.5213378 ], [ 27.0593821, 58.5213981 ], [ 27.0583065, 58.5229521 ], [ 27.0583375, 58.5230241 ], [ 27.0584163, 58.5231256 ], [ 27.0609412, 58.5241966 ] ] } },
{ "type": "Feature", "properties": { "orig_fid": "w1254294959", "waterway": "ditch", "name": null }, "geometry": { "type": "LineString", "coordinates": [ [ 27.0543617, 58.5268085 ], [ 27.0557467, 58.5269119 ] ] } },
{ "type": "Feature", "properties": { "orig_fid": "w1254542438", "waterway": "ditch", "name": null }, "geometry": { "type": "LineString", "coordinates": [ [ 27.0753837, 58.5110962 ], [ 27.0786697, 58.5104903 ], [ 27.0791654, 58.5102794 ], [ 27.0796355, 58.5100899 ], [ 27.0798859, 58.5100792 ], [ 27.079937, 58.5100178 ], [ 27.0803561, 58.5099724 ], [ 27.0806474, 58.5097215 ], [ 27.0809284, 58.509548 ], [ 27.0818534, 58.5091956 ], [ 27.0828959, 58.5091422 ], [ 27.0833456, 58.5090915 ], [ 27.0842961, 58.5086003 ], [ 27.0845977, 58.5084001 ], [ 27.0854971, 58.5080584 ], [ 27.0857322, 58.5079089 ], [ 27.0861103, 58.5077621 ], [ 27.0864885, 58.5078288 ], [ 27.0869433, 58.5077754 ], [ 27.087623, 58.5077167 ], [ 27.088088, 58.5076099 ], [ 27.0885786, 58.507431 ] ] } },
{ "type": "Feature", "properties": { "orig_fid": "w1254542439", "waterway": "ditch", "name": null }, "geometry": { "type": "LineString", "coordinates": [ [ 27.073084, 58.5127004 ], [ 27.0736002, 58.5125803 ], [ 27.0741623, 58.5118009 ], [ 27.0751231, 58.5111496 ] ] } },
{ "type": "Feature", "properties": { "orig_fid": "w1254542440", "waterway": "ditch", "name": null }, "geometry": { "type": "LineString", "coordinates": [ [ 27.0751231, 58.5111496 ], [ 27.0753837, 58.5110962 ] ] } },
{ "type": "Feature", "properties": { "orig_fid": "w1254542457", "waterway": "ditch", "name": null }, "geometry": { "type": "LineString", "coordinates": [ [ 27.1279682, 58.5046666 ], [ 27.1293235, 58.5046614 ] ] } },
{ "type": "Feature", "properties": { "orig_fid": "w1254544719", "waterway": "ditch", "name": null }, "geometry": { "type": "LineString", "coordinates": [ [ 27.1264409, 58.505778 ], [ 27.126473, 58.5053393 ], [ 27.1264909, 58.5053113 ], [ 27.1286054, 58.5052788 ] ] } },
{ "type": "Feature", "properties": { "orig_fid": "w1254544720", "waterway": "ditch", "name": null }, "geometry": { "type": "LineString", "coordinates": [ [ 27.1252258, 58.5068926 ], [ 27.1257333, 58.5066686 ], [ 27.1262515, 58.5067339 ], [ 27.1264194, 58.5067936 ], [ 27.1270027, 58.5066354 ] ] } },
{ "type": "Feature", "properties": { "orig_fid": "w1254544721", "waterway": "ditch", "name": null }, "geometry": { "type": "LineString", "coordinates": [ [ 27.1344695, 58.5154018 ], [ 27.1318602, 58.5123366 ], [ 27.1281356, 58.5078567 ] ] } },
{ "type": "Feature", "properties": { "orig_fid": "w1254544722", "waterway": "ditch", "name": null }, "geometry": { "type": "LineString", "coordinates": [ [ 27.1280312, 58.5077276 ], [ 27.1278298, 58.5074886 ], [ 27.1276787, 58.5073915 ], [ 27.1267363, 58.5068323 ] ] } },
{ "type": "Feature", "properties": { "orig_fid": "w1254544723", "waterway": "ditch", "name": null }, "geometry": { "type": "LineString", "coordinates": [ [ 27.1281356, 58.5078567 ], [ 27.1280312, 58.5077276 ] ] } },
{ "type": "Feature", "properties": { "orig_fid": "w1254544724", "waterway": "ditch", "name": null }, "geometry": { "type": "LineString", "coordinates": [ [ 27.1294469, 58.5129432 ], [ 27.1318602, 58.5123366 ] ] } },
{ "type": "Feature", "properties": { "orig_fid": "w1254544725", "waterway": "ditch", "name": null }, "geometry": { "type": "LineString", "coordinates": [ [ 27.1339367, 58.520043 ], [ 27.1384788, 58.5189121 ], [ 27.1385896, 58.5188244 ] ] } },
{ "type": "Feature", "properties": { "orig_fid": "w1254544726", "waterway": "ditch", "name": null }, "geometry": { "type": "LineString", "coordinates": [ [ 27.1385896, 58.5188244 ], [ 27.1385922, 58.5187416 ] ] } },
{ "type": "Feature", "properties": { "orig_fid": "w1254544727", "waterway": "ditch", "name": null }, "geometry": { "type": "LineString", "coordinates": [ [ 27.1385922, 58.5187416 ], [ 27.1386289, 58.5152783 ], [ 27.1386003, 58.5152279 ], [ 27.1385181, 58.5151906 ], [ 27.1346764, 58.5155676 ], [ 27.1345871, 58.5155228 ] ] } },
{ "type": "Feature", "properties": { "orig_fid": "w1254544728", "waterway": "ditch", "name": null }, "geometry": { "type": "LineString", "coordinates": [ [ 27.1345871, 58.5155228 ], [ 27.1344695, 58.5154018 ] ] } },
{ "type": "Feature", "properties": { "orig_fid": "w1254544729", "waterway": "ditch", "name": null }, "geometry": { "type": "LineString", "coordinates": [ [ 27.1371482, 58.5065562 ], [ 27.1327077, 58.5039449 ] ] } },
{ "type": "Feature", "properties": { "orig_fid": "w1254544730", "waterway": "ditch", "name": null }, "geometry": { "type": "LineString", "coordinates": [ [ 27.1308214, 58.5032508 ], [ 27.1309985, 58.5032592 ], [ 27.1311656, 58.5033297 ], [ 27.131218, 58.5033739 ], [ 27.1312377, 58.5033881 ], [ 27.1312703, 58.5034117 ], [ 27.1314152, 58.5034632 ], [ 27.1314595, 58.503478 ], [ 27.1315481, 58.5034664 ], [ 27.131685, 58.5034411 ] ] } },
{ "type": "Feature", "properties": { "orig_fid": "w1254544731", "waterway": "ditch", "name": null }, "geometry": { "type": "LineString", "coordinates": [ [ 27.1307328, 58.5034643 ], [ 27.1308113, 58.5034243 ], [ 27.1308516, 58.5034096 ], [ 27.1308918, 58.503398 ], [ 27.1309059, 58.5033781 ], [ 27.1309442, 58.5033476 ], [ 27.1309844, 58.5033349 ], [ 27.1310368, 58.5033412 ], [ 27.1311032, 58.5033497 ], [ 27.1311656, 58.5033297 ] ] } },
{ "type": "Feature", "properties": { "orig_fid": "w1254544732", "waterway": "ditch", "name": null }, "geometry": { "type": "LineString", "coordinates": [ [ 27.1311093, 58.5035358 ], [ 27.1311233, 58.5034916 ], [ 27.1311314, 58.5034611 ], [ 27.1311334, 58.5034401 ], [ 27.1311556, 58.5034233 ], [ 27.1312377, 58.5033881 ] ] } },
{ "type": "Feature", "properties": { "orig_fid": "w1254544733", "waterway": "ditch", "name": null }, "geometry": { "type": "LineString", "coordinates": [ [ 27.1326092, 58.5038863 ], [ 27.1320292, 58.5035453 ], [ 27.131987, 58.5035337 ], [ 27.1319044, 58.5035337 ], [ 27.1318245, 58.5035724 ] ] } },
{ "type": "Feature", "properties": { "orig_fid": "w1254544734", "waterway": "ditch", "name": null }, "geometry": { "type": "LineString", "coordinates": [ [ 27.1327077, 58.5039449 ], [ 27.1326092, 58.5038863 ] ] } },
{ "type": "Feature", "properties": { "orig_fid": "w1254544735", "waterway": "ditch", "name": null }, "geometry": { "type": "LineString", "coordinates": [ [ 27.1416147, 58.5105101 ], [ 27.1401764, 58.5084817 ], [ 27.1400763, 58.5083192 ], [ 27.1400513, 58.5082502 ] ] } },
{ "type": "Feature", "properties": { "orig_fid": "w1254544736", "waterway": "ditch", "name": null }, "geometry": { "type": "LineString", "coordinates": [ [ 27.1400513, 58.5082502 ], [ 27.1397797, 58.5080896 ] ] } },
{ "type": "Feature", "properties": { "orig_fid": "w1254544737", "waterway": "ditch", "name": null }, "geometry": { "type": "LineString", "coordinates": [ [ 27.1397797, 58.5080896 ], [ 27.1372682, 58.5066272 ] ] } },
{ "type": "Feature", "properties": { "orig_fid": "w1254544738", "waterway": "ditch", "name": null }, "geometry": { "type": "LineString", "coordinates": [ [ 27.1372682, 58.5066272 ], [ 27.1371482, 58.5065562 ] ] } },
{ "type": "Feature", "properties": { "orig_fid": "w1254544740", "waterway": "ditch", "name": null }, "geometry": { "type": "LineString", "coordinates": [ [ 27.1428949, 58.5041679 ], [ 27.1357904, 58.5031058 ], [ 27.1344682, 58.5023881 ] ] } },
{ "type": "Feature", "properties": { "orig_fid": "w1254544741", "waterway": "ditch", "name": null }, "geometry": { "type": "LineString", "coordinates": [ [ 27.1255541, 58.5004295 ], [ 27.1320585, 58.5008248 ], [ 27.1352118, 58.5010115 ] ] } },
{ "type": "Feature", "properties": { "orig_fid": "w1254544745", "waterway": "ditch", "name": null }, "geometry": { "type": "LineString", "coordinates": [ [ 27.144062, 58.5174096 ], [ 27.1440959, 58.5161528 ], [ 27.1441126, 58.5139358 ], [ 27.1434602, 58.5130517 ] ] } },
{ "type": "Feature", "properties": { "orig_fid": "w1254544746", "waterway": "ditch", "name": null }, "geometry": { "type": "LineString", "coordinates": [ [ 27.1416643, 58.5105697 ], [ 27.1416147, 58.5105101 ] ] } },
{ "type": "Feature", "properties": { "orig_fid": "w1254544747", "waterway": "ditch", "name": null }, "geometry": { "type": "LineString", "coordinates": [ [ 27.1433972, 58.5129696 ], [ 27.1416643, 58.5105697 ] ] } },
{ "type": "Feature", "properties": { "orig_fid": "w1254544748", "waterway": "ditch", "name": null }, "geometry": { "type": "LineString", "coordinates": [ [ 27.1434602, 58.5130517 ], [ 27.1433972, 58.5129696 ] ] } },
{ "type": "Feature", "properties": { "orig_fid": "w1254544749", "waterway": "ditch", "name": null }, "geometry": { "type": "LineString", "coordinates": [ [ 27.1425101, 58.5179531 ], [ 27.1440826, 58.5175655 ], [ 27.1440747, 58.5174925 ] ] } },
{ "type": "Feature", "properties": { "orig_fid": "w1254544750", "waterway": "ditch", "name": null }, "geometry": { "type": "LineString", "coordinates": [ [ 27.1440747, 58.5174925 ], [ 27.144062, 58.5174096 ] ] } },
{ "type": "Feature", "properties": { "orig_fid": "w1254544751", "waterway": "ditch", "name": null }, "geometry": { "type": "LineString", "coordinates": [ [ 27.1473229, 58.5167635 ], [ 27.1473151, 58.5167943 ], [ 27.1472471, 58.5168339 ], [ 27.1442283, 58.5175319 ], [ 27.1440826, 58.5175655 ] ] } },
{ "type": "Feature", "properties": { "orig_fid": "w1254544752", "waterway": "ditch", "name": null }, "geometry": { "type": "LineString", "coordinates": [ [ 27.1501771, 58.5137512 ], [ 27.1480583, 58.5151811 ], [ 27.1475154, 58.5159545 ], [ 27.1474197, 58.5161172 ], [ 27.1473467, 58.5166931 ] ] } },
{ "type": "Feature", "properties": { "orig_fid": "w1254544753", "waterway": "ditch", "name": null }, "geometry": { "type": "LineString", "coordinates": [ [ 27.1473467, 58.5166931 ], [ 27.1473229, 58.5167635 ] ] } },
{ "type": "Feature", "properties": { "orig_fid": "w1254558551", "waterway": "ditch", "name": null }, "geometry": { "type": "LineString", "coordinates": [ [ 27.1333773, 58.5029166 ], [ 27.1333989, 58.502859 ], [ 27.1333946, 58.5028003 ], [ 27.1333946, 58.502771 ], [ 27.1334508, 58.5027428 ], [ 27.1334788, 58.5027021 ], [ 27.1335826, 58.5026242 ], [ 27.1335906, 58.5026156 ], [ 27.1336236, 58.5025802 ], [ 27.1337918, 58.5025801 ] ] } },
{ "type": "Feature", "properties": { "orig_fid": "w1254558552", "waterway": "ditch", "name": null }, "geometry": { "type": "LineString", "coordinates": [ [ 27.1330294, 58.5026705 ], [ 27.1331332, 58.5026423 ], [ 27.1332217, 58.5026333 ], [ 27.1332866, 58.5026344 ], [ 27.1333471, 58.5026118 ], [ 27.1333903, 58.5026175 ], [ 27.1335026, 58.5026197 ], [ 27.1335906, 58.5026156 ] ] } },
{ "type": "Feature", "properties": { "orig_fid": "w1254558554", "waterway": "ditch", "name": null }, "geometry": { "type": "LineString", "coordinates": [ [ 27.1393749, 58.4949599 ], [ 27.1384926, 58.4948141 ], [ 27.1382638, 58.4947879 ], [ 27.138104, 58.4947834 ] ] } },
{ "type": "Feature", "properties": { "orig_fid": "w1254558555", "waterway": "ditch", "name": null }, "geometry": { "type": "LineString", "coordinates": [ [ 27.144782, 58.4959349 ], [ 27.139941, 58.4951232 ], [ 27.1398455, 58.4951033 ], [ 27.1396588, 58.4950194 ], [ 27.1395035, 58.4949758 ] ] } },
{ "type": "Feature", "properties": { "orig_fid": "w1254558556", "waterway": "ditch", "name": null }, "geometry": { "type": "LineString", "coordinates": [ [ 27.1395035, 58.4949758 ], [ 27.1393749, 58.4949599 ] ] } },
{ "type": "Feature", "properties": { "orig_fid": "w1254832287", "waterway": "ditch", "name": null }, "geometry": { "type": "LineString", "coordinates": [ [ 27.0132123, 58.5600313 ], [ 27.0132395, 58.5600102 ], [ 27.015084, 58.5585763 ], [ 27.0151949, 58.5584791 ], [ 27.0167678, 58.5553112 ], [ 27.0168222, 58.5552094 ], [ 27.0170454, 58.5547799 ], [ 27.0171167, 58.5546615 ], [ 27.0172011, 58.5546204 ], [ 27.0172555, 58.5545969 ], [ 27.0173099, 58.554591 ], [ 27.0171974, 58.5543885 ], [ 27.0171824, 58.5543376 ], [ 27.0172461, 58.5542945 ], [ 27.0172836, 58.5542642 ], [ 27.0173136, 58.5542495 ], [ 27.0189152, 58.5538329 ], [ 27.0189463, 58.5534093 ], [ 27.019004, 58.5533006 ], [ 27.0190084, 58.5500971 ], [ 27.0190483, 58.5499929 ], [ 27.0191415, 58.5499512 ], [ 27.0223814, 58.5492604 ] ] } },
{ "type": "Feature", "properties": { "orig_fid": "w1254832288", "waterway": "ditch", "name": null }, "geometry": { "type": "LineString", "coordinates": [ [ 27.0106386, 58.5619711 ], [ 27.0119075, 58.5609714 ], [ 27.0130607, 58.5601418 ], [ 27.013083, 58.5601257 ] ] } },
{ "type": "Feature", "properties": { "orig_fid": "w1254832289", "waterway": "ditch", "name": null }, "geometry": { "type": "LineString", "coordinates": [ [ 27.013083, 58.5601257 ], [ 27.0132123, 58.5600313 ] ] } },
{ "type": "Feature", "properties": { "orig_fid": "w1254832290", "waterway": "ditch", "name": null }, "geometry": { "type": "LineString", "coordinates": [ [ 27.0200548, 58.560248 ], [ 27.0199148, 58.5602649 ], [ 27.0198024, 58.5602323 ], [ 27.0189777, 58.5601985 ], [ 27.0187253, 58.560218 ], [ 27.0164885, 58.5601385 ], [ 27.0163786, 58.5601046 ], [ 27.0162386, 58.5600903 ], [ 27.0161695, 58.5601208 ], [ 27.0135511, 58.5600249 ] ] } },
{ "type": "Feature", "properties": { "orig_fid": "w1254832291", "waterway": "ditch", "name": null }, "geometry": { "type": "LineString", "coordinates": [ [ 27.0132804, 58.5600121 ], [ 27.0132395, 58.5600102 ] ] } },
{ "type": "Feature", "properties": { "orig_fid": "w1254832292", "waterway": "ditch", "name": null }, "geometry": { "type": "LineString", "coordinates": [ [ 27.0135511, 58.5600249 ], [ 27.0132804, 58.5600121 ] ] } },
{ "type": "Feature", "properties": { "orig_fid": "w1254832293", "waterway": "ditch", "name": null }, "geometry": { "type": "LineString", "coordinates": [ [ 27.0197801, 58.5603914 ], [ 27.0149961, 58.5602057 ], [ 27.013203, 58.5601382 ], [ 27.0130607, 58.5601418 ] ] } },
{ "type": "Feature", "properties": { "orig_fid": "w1254907152", "waterway": "ditch", "name": null }, "geometry": { "type": "LineString", "coordinates": [ [ 27.0644506, 58.4090215 ], [ 27.0695394, 58.4098795 ], [ 27.0696845, 58.4099333 ], [ 27.0702042, 58.4109591 ], [ 27.0702042, 58.4110192 ], [ 27.0699141, 58.411035 ], [ 27.0697932, 58.4110635 ], [ 27.0695696, 58.4111363 ], [ 27.06934, 58.4112503 ], [ 27.0690982, 58.4113674 ], [ 27.0687658, 58.4114877 ], [ 27.0684697, 58.4115479 ], [ 27.0681917, 58.4115511 ], [ 27.0680768, 58.4116334 ], [ 27.0678653, 58.4117062 ], [ 27.0674725, 58.4117758 ], [ 27.0663181, 58.4116967 ], [ 27.0656956, 58.4116175 ] ] } },
{ "type": "Feature", "properties": { "orig_fid": "w1254907153", "waterway": "ditch", "name": null }, "geometry": { "type": "LineString", "coordinates": [ [ 27.0654358, 58.4115764 ], [ 27.0583828, 58.4105222 ], [ 27.0575487, 58.4107095 ] ] } },
{ "type": "Feature", "properties": { "orig_fid": "w1254907154", "waterway": "ditch", "name": null }, "geometry": { "type": "LineString", "coordinates": [ [ 27.0656956, 58.4116175 ], [ 27.0654358, 58.4115764 ] ] } },
{ "type": "Feature", "properties": { "orig_fid": "w1254919128", "waterway": "ditch", "name": null }, "geometry": { "type": "LineString", "coordinates": [ [ 26.9957848, 58.4061595 ], [ 26.9952178, 58.4051566 ], [ 26.9925962, 58.4040801 ], [ 26.9889321, 58.4033614 ], [ 26.9884721, 58.4034186 ] ] } },
{ "type": "Feature", "properties": { "orig_fid": "w1254919129", "waterway": "ditch", "name": null }, "geometry": { "type": "LineString", "coordinates": [ [ 26.9867707, 58.4030507 ], [ 26.9860605, 58.4024255 ], [ 26.985963, 58.4023744 ], [ 26.9814087, 58.4022859 ] ] } },
{ "type": "Feature", "properties": { "orig_fid": "w1254919130", "waterway": "ditch", "name": null }, "geometry": { "type": "LineString", "coordinates": [ [ 26.986841, 58.403111 ], [ 26.9867707, 58.4030507 ] ] } },
{ "type": "Feature", "properties": { "orig_fid": "w1254919131", "waterway": "ditch", "name": null }, "geometry": { "type": "LineString", "coordinates": [ [ 26.9882005, 58.4034604 ], [ 26.9873469, 58.4035946 ], [ 26.986841, 58.403111 ] ] } },
{ "type": "Feature", "properties": { "orig_fid": "w1254919132", "waterway": "ditch", "name": null }, "geometry": { "type": "LineString", "coordinates": [ [ 26.9884721, 58.4034186 ], [ 26.9882005, 58.4034604 ] ] } },
{ "type": "Feature", "properties": { "orig_fid": "w1282835213", "waterway": "ditch", "name": "Punikvere peakraav" }, "geometry": { "type": "LineString", "coordinates": [ [ 27.1507878, 58.6756755 ], [ 27.1516341, 58.6755707 ], [ 27.1519853, 58.675466 ], [ 27.1522099, 58.675439 ], [ 27.1526014, 58.6751696 ], [ 27.1529065, 58.6749242 ], [ 27.1533011, 58.6746951 ], [ 27.1535897, 58.6746408 ], [ 27.1540762, 58.6745851 ], [ 27.1544329, 58.6745126 ], [ 27.1546697, 58.6743996 ], [ 27.154994, 58.6741872 ], [ 27.1554481, 58.6738904 ], [ 27.1561162, 58.673538 ], [ 27.1564372, 58.6734132 ], [ 27.1567778, 58.6733829 ], [ 27.1570145, 58.6733711 ], [ 27.1572448, 58.6733711 ], [ 27.1574524, 58.673393 ], [ 27.1577442, 58.6734351 ], [ 27.1580549, 58.673459 ], [ 27.1582502, 58.6734014 ], [ 27.1583961, 58.6734807 ], [ 27.1584902, 58.6735869 ], [ 27.1586491, 58.6735802 ], [ 27.1588761, 58.67357 ], [ 27.1589669, 58.6736223 ], [ 27.1591031, 58.6736577 ], [ 27.1593399, 58.673678 ], [ 27.1594242, 58.6736189 ], [ 27.1594988, 58.6731603 ], [ 27.1595085, 58.6728939 ], [ 27.1595734, 58.672791 ], [ 27.1597356, 58.6725904 ], [ 27.1597453, 58.6723964 ], [ 27.1596877, 58.6722111 ], [ 27.1598394, 58.6717169 ], [ 27.159901, 58.6715466 ], [ 27.1602988, 58.671384 ] ] } },
{ "type": "Feature", "properties": { "orig_fid": "w1287752975", "waterway": "ditch", "name": "Naelavere pkr" }, "geometry": { "type": "LineString", "coordinates": [ [ 27.133136, 58.5869417 ], [ 27.1339527, 58.5857129 ], [ 27.1340868, 58.5855451 ], [ 27.1341565, 58.585492 ], [ 27.1343228, 58.5854892 ], [ 27.134457, 58.5854668 ], [ 27.1360046, 58.585162 ], [ 27.1387458, 58.5846308 ], [ 27.1389657, 58.5845581 ], [ 27.139073, 58.5844574 ], [ 27.1392501, 58.5841834 ], [ 27.1396792, 58.583118 ], [ 27.1398227, 58.583118 ] ] } },
{ "type": "Feature", "properties": { "orig_fid": "w1287752976", "waterway": "ditch", "name": "Naelavere pkr" }, "geometry": { "type": "LineString", "coordinates": [ [ 27.1400169, 58.5831384 ], [ 27.1421816, 58.5832691 ], [ 27.1447254, 58.5819811 ], [ 27.1447525, 58.5819674 ] ] } },
{ "type": "Feature", "properties": { "orig_fid": "w1287752985", "waterway": "ditch", "name": null }, "geometry": { "type": "LineString", "coordinates": [ [ 27.1398227, 58.583118 ], [ 27.1400169, 58.5831384 ] ] } },
{ "type": "Feature", "properties": { "orig_fid": "w1289409808", "waterway": "ditch", "name": "Katiniidu kr" }, "geometry": { "type": "LineString", "coordinates": [ [ 27.1139554, 58.5598524 ], [ 27.1144811, 58.5605407 ], [ 27.1144329, 58.5607617 ], [ 27.1142558, 58.5611031 ], [ 27.114052, 58.5614081 ], [ 27.1140091, 58.5615676 ], [ 27.1140466, 58.5616655 ], [ 27.1144651, 58.5626644 ], [ 27.1145455, 58.5627819 ], [ 27.1146635, 58.5628406 ], [ 27.1153877, 58.5631176 ], [ 27.1159939, 58.563347 ], [ 27.1161334, 58.5634338 ], [ 27.116348, 58.5636912 ], [ 27.1164874, 58.5638954 ] ] } },
{ "type": "Feature", "properties": { "orig_fid": "w1289409809", "waterway": "ditch", "name": "Katiniidu kr" }, "geometry": { "type": "LineString", "coordinates": [ [ 27.1165518, 58.5639961 ], [ 27.1169702, 58.5645865 ], [ 27.1171473, 58.5647907 ], [ 27.1172653, 58.5648914 ], [ 27.1173887, 58.5649558 ], [ 27.1180109, 58.5651488 ], [ 27.1184991, 58.5653139 ], [ 27.1190945, 58.5654985 ], [ 27.1199797, 58.5658147 ], [ 27.1211598, 58.5662035 ], [ 27.1212993, 58.5662875 ], [ 27.1214388, 58.5665281 ], [ 27.121707, 58.5671323 ], [ 27.1224473, 58.5687409 ], [ 27.1238233, 58.5685856 ], [ 27.1240888, 58.5685479 ] ] } },
{ "type": "Feature", "properties": { "orig_fid": "w1289409810", "waterway": "ditch", "name": "Katiniidu kr" }, "geometry": { "type": "LineString", "coordinates": [ [ 27.112094, 58.5573508 ], [ 27.1138803, 58.5597768 ] ] } },
{ "type": "Feature", "properties": { "orig_fid": "w1289409811", "waterway": "ditch", "name": "Katiniidu kr" }, "geometry": { "type": "LineString", "coordinates": [ [ 27.1241907, 58.5685213 ], [ 27.1242551, 58.5685073 ] ] } },
{ "type": "Feature", "properties": { "orig_fid": "w1289409812", "waterway": "ditch", "name": "Katiniidu kr" }, "geometry": { "type": "LineString", "coordinates": [ [ 27.1269185, 58.5678429 ], [ 27.1282382, 58.5680415 ], [ 27.1284689, 58.5681003 ], [ 27.128662, 58.568215 ], [ 27.1289678, 58.5684807 ], [ 27.1292682, 58.5688472 ], [ 27.1295686, 58.5692556 ], [ 27.1296973, 58.5695829 ], [ 27.129751, 58.5697395 ], [ 27.129708, 58.5699857 ], [ 27.1296973, 58.5705452 ], [ 27.1297617, 58.570657 ], [ 27.1300406, 58.5708249 ], [ 27.130974, 58.5711885 ], [ 27.1312423, 58.5713172 ], [ 27.1313925, 58.5717591 ], [ 27.1314568, 58.5718207 ], [ 27.1314354, 58.5720109 ], [ 27.1316714, 58.5728836 ], [ 27.1318645, 58.5734598 ], [ 27.1322615, 58.5747408 ], [ 27.1326048, 58.5754009 ], [ 27.1326156, 58.5754358 ] ] } },
{ "type": "Feature", "properties": { "orig_fid": "w1289409813", "waterway": "ditch", "name": "Katiniidu kr" }, "geometry": { "type": "LineString", "coordinates": [ [ 27.1326665, 58.5755337 ], [ 27.1327121, 58.5755897 ], [ 27.1328275, 58.5757966 ], [ 27.1333451, 58.5766007 ], [ 27.133962, 58.5774425 ], [ 27.1341551, 58.5776663 ], [ 27.1346379, 58.5782116 ], [ 27.1351744, 58.5787626 ], [ 27.135346, 58.5789471 ], [ 27.1353997, 58.579031 ], [ 27.1354587, 58.5791177 ], [ 27.1354909, 58.5791653 ], [ 27.1355821, 58.5792659 ], [ 27.1355714, 58.5794365 ], [ 27.1356411, 58.5800965 ], [ 27.1356089, 58.5802335 ], [ 27.1355445, 58.5803762 ], [ 27.1354802, 58.5804629 ], [ 27.1351905, 58.5809718 ], [ 27.1350456, 58.581176 ], [ 27.1343483, 58.5816374 ], [ 27.1339888, 58.5818695 ], [ 27.1337475, 58.5819869 ], [ 27.1336831, 58.5820484 ], [ 27.1337153, 58.5822218 ], [ 27.1338494, 58.5827783 ], [ 27.133903, 58.5828733 ], [ 27.1342988, 58.583023 ] ] } },
{ "type": "Feature", "properties": { "orig_fid": "w1289409814", "waterway": "ditch", "name": "Katiniidu kr" }, "geometry": { "type": "LineString", "coordinates": [ [ 27.1244885, 58.5684485 ], [ 27.1245555, 58.5684164 ], [ 27.1246387, 58.5683702 ], [ 27.1248103, 58.5683366 ], [ 27.1252609, 58.5681982 ], [ 27.1264787, 58.5678849 ], [ 27.1266932, 58.5678261 ] ] } },
{ "type": "Feature", "properties": { "orig_fid": "w1289409837", "waterway": "ditch", "name": "Naelavere pkr" }, "geometry": { "type": "LineString", "coordinates": [ [ 27.1211625, 58.5897012 ], [ 27.1212081, 58.5896565 ], [ 27.1212886, 58.5896397 ], [ 27.1213851, 58.5896537 ], [ 27.1214334, 58.5896844 ], [ 27.1215005, 58.5896886 ], [ 27.1216373, 58.589676 ], [ 27.1217338, 58.5897054 ], [ 27.1218009, 58.589725 ], [ 27.1220825, 58.589799 ], [ 27.1224527, 58.5898871 ], [ 27.1229328, 58.5900003 ], [ 27.1231795, 58.5900632 ], [ 27.1235014, 58.5901289 ], [ 27.1236704, 58.5901667 ], [ 27.1237804, 58.5901793 ], [ 27.123952, 58.5901849 ], [ 27.1241049, 58.5901681 ], [ 27.1241746, 58.5901667 ] ] } },
{ "type": "Feature", "properties": { "orig_fid": "w1289409838", "waterway": "ditch", "name": "Naelavere pkr" }, "geometry": { "type": "LineString", "coordinates": [ [ 27.0963119, 58.5987093 ], [ 27.0967625, 58.5987289 ], [ 27.0974062, 58.5987121 ], [ 27.09783, 58.5986813 ], [ 27.0980124, 58.5986478 ], [ 27.0980955, 58.5986282 ], [ 27.098184, 58.5985947 ], [ 27.0982672, 58.5985416 ], [ 27.0983745, 58.598448 ], [ 27.0985032, 58.5983613 ], [ 27.0986025, 58.5983152 ], [ 27.0988975, 58.5982411 ], [ 27.099206, 58.5981573 ], [ 27.099383, 58.5980958 ], [ 27.0997531, 58.5980007 ], [ 27.1009601, 58.5976709 ], [ 27.1020545, 58.5974082 ], [ 27.1022583, 58.5973383 ], [ 27.1027197, 58.5972349 ], [ 27.103637, 58.5969861 ], [ 27.107671, 58.5958904 ], [ 27.1090658, 58.5955186 ], [ 27.1093447, 58.595432 ], [ 27.1094842, 58.5953928 ], [ 27.1096505, 58.5953174 ] ] } },
{ "type": "Feature", "properties": { "orig_fid": "w1289409839", "waterway": "ditch", "name": "Naelavere pkr" }, "geometry": { "type": "LineString", "coordinates": [ [ 27.1246494, 58.5901373 ], [ 27.1250276, 58.5900898 ], [ 27.1256069, 58.5900227 ], [ 27.1262453, 58.5899654 ], [ 27.1274523, 58.5898326 ], [ 27.1278788, 58.5897837 ], [ 27.1280585, 58.5897543 ], [ 27.1282462, 58.5897613 ], [ 27.1283804, 58.5897375 ], [ 27.1285171, 58.5897026 ], [ 27.1286378, 58.5896816 ], [ 27.1287398, 58.58969 ], [ 27.1290348, 58.589669 ], [ 27.129531, 58.5896145 ], [ 27.1297349, 58.5895754 ], [ 27.1298878, 58.5894929 ], [ 27.1301721, 58.5893587 ], [ 27.1308158, 58.5889897 ], [ 27.1311377, 58.5888135 ], [ 27.1314327, 58.5886682 ], [ 27.132055, 58.5882851 ], [ 27.1322427, 58.5881621 ], [ 27.1323339, 58.5880838 ], [ 27.1324359, 58.587986 ], [ 27.1324841, 58.5879077 ], [ 27.1325861, 58.5877455 ], [ 27.1326665, 58.5876113 ], [ 27.1327792, 58.5874492 ], [ 27.1328704, 58.5873261 ], [ 27.1329401, 58.5872255 ], [ 27.1329723, 58.5871612 ], [ 27.1330849, 58.5870242 ] ] } },
{ "type": "Feature", "properties": { "orig_fid": "w1289409840", "waterway": "ditch", "name": "Naelavere pkr" }, "geometry": { "type": "LineString", "coordinates": [ [ 27.0883108, 58.6056277 ], [ 27.0878066, 58.6063989 ], [ 27.0876993, 58.6064772 ], [ 27.087474, 58.6065275 ], [ 27.0873345, 58.6065387 ], [ 27.0871521, 58.6065498 ], [ 27.0830001, 58.6058456 ], [ 27.0821096, 58.6056612 ], [ 27.0820023, 58.6056277 ], [ 27.0819057, 58.6055494 ], [ 27.081895, 58.6050241 ], [ 27.0819164, 58.6044204 ], [ 27.0819325, 58.6043198 ], [ 27.0819862, 58.6042416 ], [ 27.0821203, 58.6041717 ], [ 27.083853, 58.6036128 ], [ 27.0841856, 58.6035066 ], [ 27.08425, 58.6034563 ], [ 27.0842875, 58.6034004 ], [ 27.0842875, 58.6033557 ], [ 27.0843358, 58.6030371 ], [ 27.0844592, 58.5999628 ], [ 27.0844753, 58.5999209 ], [ 27.0845343, 58.5998874 ], [ 27.0846577, 58.5998846 ], [ 27.0853282, 58.5999349 ], [ 27.0873828, 58.6001864 ], [ 27.0883484, 58.6002954 ], [ 27.0885576, 58.6002982 ], [ 27.0888741, 58.6003485 ], [ 27.0890511, 58.6003653 ], [ 27.0892603, 58.6004016 ], [ 27.089668, 58.600438 ], [ 27.090065, 58.6005917 ], [ 27.0906444, 58.6007734 ], [ 27.0910413, 58.6008991 ], [ 27.0914115, 58.6009522 ], [ 27.0914597, 58.6008013 ], [ 27.0916099, 58.6006616 ], [ 27.0918943, 58.6004939 ], [ 27.0920337, 58.6004072 ], [ 27.0923449, 58.6003429 ], [ 27.0926614, 58.6002982 ], [ 27.0934124, 58.6001389 ], [ 27.0935358, 58.6001277 ], [ 27.094201, 58.6001277 ], [ 27.0943351, 58.6001138 ], [ 27.0948018, 58.5999796 ], [ 27.0952738, 58.5998259 ], [ 27.0954401, 58.5997616 ], [ 27.0954884, 58.5997253 ], [ 27.0956118, 58.5995883 ], [ 27.0957674, 58.5994066 ], [ 27.0960007, 58.5990657 ], [ 27.0961751, 58.5988295 ] ] } },
{ "type": "Feature", "properties": { "orig_fid": "w1289409841", "waterway": "ditch", "name": "Naelavere pkr" }, "geometry": { "type": "LineString", "coordinates": [ [ 27.1097363, 58.5952223 ], [ 27.1105839, 58.5941433 ], [ 27.1107716, 58.5938973 ], [ 27.1109487, 58.5936346 ], [ 27.1109916, 58.5934249 ], [ 27.110997, 58.5930978 ], [ 27.1109701, 58.5929357 ], [ 27.1108253, 58.5927233 ], [ 27.1106751, 58.5924157 ], [ 27.1106536, 58.5920384 ], [ 27.1106483, 58.5918455 ], [ 27.1106375, 58.5916609 ], [ 27.1106483, 58.5915351 ], [ 27.1107609, 58.5914569 ], [ 27.1110291, 58.5913311 ], [ 27.1111525, 58.5913003 ], [ 27.1113403, 58.5913227 ], [ 27.1114958, 58.5913227 ], [ 27.111646, 58.5912807 ], [ 27.1120001, 58.5911382 ], [ 27.1129818, 58.5908027 ], [ 27.1131481, 58.59073 ], [ 27.1133251, 58.5906098 ], [ 27.1134646, 58.5905119 ], [ 27.1136309, 58.5904281 ], [ 27.1138508, 58.5903135 ], [ 27.1139474, 58.5902268 ], [ 27.1140922, 58.5901681 ], [ 27.1145267, 58.5900954 ], [ 27.1148567, 58.5900535 ], [ 27.1153663, 58.5899724 ], [ 27.115715, 58.5899095 ], [ 27.1158759, 58.5898997 ], [ 27.1160878, 58.589848 ], [ 27.1163614, 58.5898368 ], [ 27.1165223, 58.5898032 ], [ 27.1167074, 58.5897739 ], [ 27.1169354, 58.5897613 ], [ 27.1172304, 58.5897082 ], [ 27.1176408, 58.5896551 ], [ 27.1177937, 58.5896355 ], [ 27.1181021, 58.5895698 ], [ 27.1182336, 58.5895684 ], [ 27.1184535, 58.5895251 ], [ 27.1186573, 58.5894859 ], [ 27.1188156, 58.5894468 ], [ 27.1189846, 58.5894356 ], [ 27.119065, 58.5894496 ], [ 27.1191428, 58.5895069 ], [ 27.119226, 58.5895684 ], [ 27.1195371, 58.5897697 ], [ 27.1196578, 58.5898144 ], [ 27.1198885, 58.5899738 ], [ 27.1201057, 58.5900828 ], [ 27.1201969, 58.590115 ], [ 27.1202506, 58.5901192 ], [ 27.1203203, 58.5900996 ], [ 27.1204517, 58.5900786 ], [ 27.1205349, 58.5900311 ], [ 27.1206502, 58.5899933 ], [ 27.120787, 58.5899235 ], [ 27.1208702, 58.5898759 ], [ 27.1209399, 58.5898088 ], [ 27.1209989, 58.5897753 ] ] } },
{ "type": "Feature", "properties": { "orig_fid": "w1289409869", "waterway": "ditch", "name": null }, "geometry": { "type": "LineString", "coordinates": [ [ 27.1109943, 58.5620908 ], [ 27.1087949, 58.5591696 ], [ 27.1087627, 58.5590521 ], [ 27.1088646, 58.5589905 ], [ 27.1095673, 58.5588478 ], [ 27.1097551, 58.5588003 ], [ 27.1098463, 58.5587359 ], [ 27.1098624, 58.5586771 ], [ 27.109503, 58.5576026 ], [ 27.1095298, 58.5575522 ], [ 27.1095942, 58.5575243 ], [ 27.1117936, 58.5573144 ], [ 27.1119545, 58.5573172 ], [ 27.112094, 58.5573508 ] ] } },
{ "type": "Feature", "properties": { "orig_fid": "w1289409873", "waterway": "ditch", "name": null }, "geometry": { "type": "LineString", "coordinates": [ [ 27.1164874, 58.5638954 ], [ 27.1165518, 58.5639961 ] ] } },
{ "type": "Feature", "properties": { "orig_fid": "w1289409874", "waterway": "ditch", "name": null }, "geometry": { "type": "LineString", "coordinates": [ [ 27.1138803, 58.5597768 ], [ 27.1139554, 58.5598524 ] ] } },
{ "type": "Feature", "properties": { "orig_fid": "w1289409875", "waterway": "ditch", "name": null }, "geometry": { "type": "LineString", "coordinates": [ [ 27.1209989, 58.5897753 ], [ 27.1211625, 58.5897012 ] ] } },
{ "type": "Feature", "properties": { "orig_fid": "w1289409882", "waterway": "ditch", "name": null }, "geometry": { "type": "LineString", "coordinates": [ [ 27.1330849, 58.5870242 ], [ 27.133136, 58.5869417 ] ] } },
{ "type": "Feature", "properties": { "orig_fid": "w1289409883", "waterway": "ditch", "name": null }, "geometry": { "type": "LineString", "coordinates": [ [ 27.1240888, 58.5685479 ], [ 27.1241907, 58.5685213 ] ] } },
{ "type": "Feature", "properties": { "orig_fid": "w1289409889", "waterway": "ditch", "name": null }, "geometry": { "type": "LineString", "coordinates": [ [ 27.1096505, 58.5953174 ], [ 27.1097363, 58.5952223 ] ] } },
{ "type": "Feature", "properties": { "orig_fid": "w1289409910", "waterway": "ditch", "name": null }, "geometry": { "type": "LineString", "coordinates": [ [ 27.1326156, 58.5754358 ], [ 27.1326665, 58.5755337 ] ] } },
{ "type": "Feature", "properties": { "orig_fid": "w1289409916", "waterway": "ditch", "name": null }, "geometry": { "type": "LineString", "coordinates": [ [ 27.1241746, 58.5901667 ], [ 27.1246494, 58.5901373 ] ] } },
{ "type": "Feature", "properties": { "orig_fid": "w1289409918", "waterway": "ditch", "name": null }, "geometry": { "type": "LineString", "coordinates": [ [ 27.0961751, 58.5988295 ], [ 27.0963119, 58.5987093 ] ] } },
{ "type": "Feature", "properties": { "orig_fid": "w1289409919", "waterway": "ditch", "name": null }, "geometry": { "type": "LineString", "coordinates": [ [ 27.1266932, 58.5678261 ], [ 27.1269185, 58.5678429 ] ] } },
{ "type": "Feature", "properties": { "orig_fid": "w1289409922", "waterway": "ditch", "name": null }, "geometry": { "type": "LineString", "coordinates": [ [ 27.1242551, 58.5685073 ], [ 27.1244885, 58.5684485 ] ] } },
{ "type": "Feature", "properties": { "orig_fid": "w1301246956", "waterway": "ditch", "name": null }, "geometry": { "type": "LineString", "coordinates": [ [ 27.1786319, 58.4907191 ], [ 27.1778261, 58.4907165 ], [ 27.1748713, 58.4905826 ], [ 27.1739747, 58.4904877 ], [ 27.1739243, 58.4904635 ] ] } },
{ "type": "Feature", "properties": { "orig_fid": "w1301246957", "waterway": "ditch", "name": null }, "geometry": { "type": "LineString", "coordinates": [ [ 27.1786717, 58.4901407 ], [ 27.1740588, 58.4900743 ] ] } },
{ "type": "Feature", "properties": { "orig_fid": "w1301246958", "waterway": "ditch", "name": null }, "geometry": { "type": "LineString", "coordinates": [ [ 27.1774704, 58.4897845 ], [ 27.1741875, 58.4897378 ] ] } },
{ "type": "Feature", "properties": { "orig_fid": "w1309036619", "waterway": "ditch", "name": null }, "geometry": { "type": "LineString", "coordinates": [ [ 27.0770911, 58.5291476 ], [ 27.0791387, 58.528627 ] ] } },
{ "type": "Feature", "properties": { "orig_fid": "w1316858630", "waterway": "stream", "name": null }, "geometry": { "type": "LineString", "coordinates": [ [ 27.0297065, 58.6665309 ], [ 27.0294984, 58.6664496 ], [ 27.0294378, 58.6664543 ], [ 27.0293347, 58.6664699 ], [ 27.0290929, 58.6666514 ], [ 27.0289259, 58.6667676 ], [ 27.0287506, 58.6669486 ], [ 27.0287489, 58.666991 ], [ 27.0288652, 58.6671854 ], [ 27.0289158, 58.6672385 ] ] } },
{ "type": "Feature", "properties": { "orig_fid": "w1316858633", "waterway": "ditch", "name": null }, "geometry": { "type": "LineString", "coordinates": [ [ 27.0287922, 58.6660075 ], [ 27.0294984, 58.6664496 ] ] } },
{ "type": "Feature", "properties": { "orig_fid": "w1316858634", "waterway": "ditch", "name": null }, "geometry": { "type": "LineString", "coordinates": [ [ 27.0413315, 58.6616444 ], [ 27.0386646, 58.6616268 ], [ 27.0361954, 58.6614235 ], [ 27.0341319, 58.6612505 ] ] } },
{ "type": "Feature", "properties": { "orig_fid": "w1316858635", "waterway": "ditch", "name": null }, "geometry": { "type": "LineString", "coordinates": [ [ 27.0318066, 58.6607761 ], [ 27.033489, 58.661001 ], [ 27.0336875, 58.6610041 ], [ 27.0337858, 58.6610112 ], [ 27.0338481, 58.6610148 ] ] } },
{ "type": "Feature", "properties": { "orig_fid": "w1316858636", "waterway": "ditch", "name": null }, "geometry": { "type": "LineString", "coordinates": [ [ 27.0339669, 58.6612328 ], [ 27.0337258, 58.6612215 ] ] } },
{ "type": "Feature", "properties": { "orig_fid": "w1316858637", "waterway": "ditch", "name": null }, "geometry": { "type": "LineString", "coordinates": [ [ 27.0341319, 58.6612505 ], [ 27.0339669, 58.6612328 ] ] } },
{ "type": "Feature", "properties": { "orig_fid": "w1316858638", "waterway": "ditch", "name": null }, "geometry": { "type": "LineString", "coordinates": [ [ 27.0415012, 58.661669 ], [ 27.0413315, 58.6616444 ] ] } },
{ "type": "Feature", "properties": { "orig_fid": "w1316858639", "waterway": "ditch", "name": null }, "geometry": { "type": "LineString", "coordinates": [ [ 27.0416369, 58.6616643 ], [ 27.0415012, 58.661669 ] ] } },
{ "type": "Feature", "properties": { "orig_fid": "w1316858642", "waterway": "ditch", "name": null }, "geometry": { "type": "LineString", "coordinates": [ [ 27.0286194, 58.6698995 ], [ 27.027058, 58.6694695 ], [ 27.0266458, 58.6693387 ] ] } },
{ "type": "Feature", "properties": { "orig_fid": "w1352995419", "waterway": "stream", "name": "Linnutaja oja" }, "geometry": { "type": "LineString", "coordinates": [ [ 26.7733975, 58.8101565 ], [ 26.7734347, 58.8101133 ], [ 26.775172, 58.8081024 ], [ 26.7752342, 58.8080399 ], [ 26.7753074, 58.8079963 ], [ 26.7753879, 58.8079622 ], [ 26.7755306, 58.8079584 ], [ 26.7756733, 58.8079224 ], [ 26.7762222, 58.8078181 ], [ 26.7849447, 58.806066 ], [ 26.7852022, 58.8059465 ], [ 26.7854007, 58.8058382 ], [ 26.7864414, 58.805263 ], [ 26.7865821, 58.8051845 ], [ 26.7866506, 58.8051463 ], [ 26.7869242, 58.8050185 ], [ 26.7870958, 58.8049268 ], [ 26.7872997, 58.8048351 ], [ 26.7874069, 58.8047657 ], [ 26.7875142, 58.8047129 ], [ 26.7876215, 58.804649 ], [ 26.7876698, 58.804624 ], [ 26.7877556, 58.8046129 ], [ 26.7879058, 58.8046045 ], [ 26.7882438, 58.8046017 ], [ 26.7894025, 58.8046184 ], [ 26.7902072, 58.8045962 ], [ 26.7933239, 58.8045712 ], [ 26.7990477, 58.8044767 ], [ 26.7995917, 58.8044613 ], [ 26.7999692, 58.8044775 ], [ 26.800288, 58.8044594 ], [ 26.8005318, 58.8044781 ], [ 26.8009363, 58.8045837 ], [ 26.8013372, 58.8045339 ], [ 26.8015472, 58.8045263 ], [ 26.8020141, 58.804516 ], [ 26.8040137, 58.8045159 ], [ 26.8041889, 58.8044953 ], [ 26.8043565, 58.8044345 ], [ 26.8043848, 58.8043712 ], [ 26.8044065, 58.8043139 ], [ 26.8046417, 58.804176 ], [ 26.804964, 58.8040128 ], [ 26.8051945, 58.8038674 ], [ 26.8053359, 58.8037217 ], [ 26.8054629, 58.8036508 ], [ 26.8055897, 58.8035777 ], [ 26.805726, 58.8034575 ], [ 26.8055401, 58.8033122 ], [ 26.8052679, 58.803069 ], [ 26.8051758, 58.8029743 ], [ 26.8051242, 58.8029783 ], [ 26.8050541, 58.8029976 ], [ 26.8049881, 58.8030104 ], [ 26.8049449, 58.8030275 ], [ 26.8048851, 58.8030253 ], [ 26.8048397, 58.802989 ], [ 26.8047511, 58.8029719 ], [ 26.8046831, 58.8029709 ], [ 26.8046171, 58.8029837 ], [ 26.8045429, 58.8029944 ], [ 26.8044914, 58.8029666 ], [ 26.8044976, 58.8029207 ], [ 26.804545, 58.8028662 ], [ 26.8045945, 58.8028022 ], [ 26.8046089, 58.8027563 ], [ 26.8044543, 58.8026997 ], [ 26.8043513, 58.8026901 ], [ 26.8042791, 58.8026986 ], [ 26.8041864, 58.8027082 ], [ 26.8041122, 58.8027072 ], [ 26.8040936, 58.8026741 ], [ 26.8040235, 58.8026186 ], [ 26.8039679, 58.8025673 ], [ 26.8039019, 58.802546 ], [ 26.8038587, 58.8025438 ], [ 26.8036855, 58.8025705 ], [ 26.8036072, 58.8025737 ], [ 26.8035268, 58.8025065 ], [ 26.8034361, 58.8024072 ], [ 26.8033125, 58.8023591 ], [ 26.8032053, 58.8023367 ], [ 26.8031084, 58.8023314 ], [ 26.8030115, 58.8023314 ], [ 26.8028817, 58.8022972 ], [ 26.8027992, 58.8022363 ], [ 26.802725, 58.8021381 ], [ 26.8026426, 58.8020975 ], [ 26.802554, 58.8020858 ], [ 26.8023479, 58.8020858 ], [ 26.8022922, 58.8020527 ], [ 26.8022118, 58.8019951 ], [ 26.8021603, 58.8019427 ], [ 26.8020985, 58.8018552 ], [ 26.8020531, 58.8017847 ], [ 26.8018223, 58.801695 ], [ 26.8016574, 58.8016438 ], [ 26.8015399, 58.8016203 ], [ 26.8014533, 58.8015691 ], [ 26.8014101, 58.8014975 ], [ 26.8014142, 58.8014399 ], [ 26.8014575, 58.8013972 ], [ 26.8015255, 58.8013513 ], [ 26.8015028, 58.8012733 ], [ 26.8015626, 58.8011815 ], [ 26.80161, 58.801047 ], [ 26.8015626, 58.8010096 ], [ 26.8014554, 58.8009979 ], [ 26.8013585, 58.8009786 ], [ 26.801241, 58.8009616 ], [ 26.801138, 58.8009231 ], [ 26.8010597, 58.8009338 ], [ 26.8010102, 58.800969 ], [ 26.8009442, 58.800985 ], [ 26.8008515, 58.8009925 ], [ 26.8007278, 58.800985 ], [ 26.8006413, 58.8009712 ], [ 26.8005073, 58.8009765 ], [ 26.8004001, 58.8009893 ], [ 26.8001858, 58.8008623 ], [ 26.8001944, 58.8006993 ], [ 26.8002896, 58.8005414 ], [ 26.8002706, 58.8004132 ], [ 26.8002801, 58.8002602 ], [ 26.8002896, 58.8001369 ], [ 26.7999373, 58.799905 ], [ 26.7995564, 58.7997422 ], [ 26.799204, 58.799683 ], [ 26.7988898, 58.7994068 ], [ 26.798585, 58.7991897 ], [ 26.7984612, 58.7990615 ], [ 26.7982041, 58.7989184 ], [ 26.7979851, 58.7989332 ], [ 26.7976994, 58.798948 ], [ 26.7976899, 58.7987951 ], [ 26.7974518, 58.7986569 ], [ 26.7972613, 58.7986076 ], [ 26.796928, 58.7986224 ], [ 26.7967376, 58.7984349 ], [ 26.7966328, 58.7982474 ], [ 26.7966614, 58.7980896 ], [ 26.7963185, 58.7979662 ], [ 26.7961662, 58.7978133 ], [ 26.796109, 58.7976357 ], [ 26.7958424, 58.7976012 ], [ 26.795671, 58.7975568 ], [ 26.7960424, 58.7973693 ], [ 26.7958043, 58.7971374 ], [ 26.7955186, 58.7969943 ], [ 26.7949853, 58.796871 ], [ 26.7944806, 58.7968217 ], [ 26.7939568, 58.7967082 ], [ 26.793633, 58.7964911 ], [ 26.793395, 58.7964319 ], [ 26.7936521, 58.7962987 ], [ 26.7936616, 58.7961408 ], [ 26.7935232, 58.7960619 ], [ 26.7934054, 58.7960011 ], [ 26.7932935, 58.7958967 ], [ 26.7933908, 58.795825 ], [ 26.7935592, 58.795781 ], [ 26.793637, 58.7957485 ], [ 26.7936603, 58.7957017 ], [ 26.7935946, 58.7956396 ], [ 26.7934902, 58.7956425 ], [ 26.7931319, 58.7956478 ], [ 26.7930056, 58.7955312 ], [ 26.7927922, 58.7954217 ], [ 26.7926331, 58.7951738 ], [ 26.7926289, 58.7951323 ], [ 26.7927664, 58.7949518 ], [ 26.7929937, 58.794935 ], [ 26.7931487, 58.7949136 ], [ 26.7931947, 58.7948577 ], [ 26.792776, 58.7945768 ], [ 26.7927855, 58.794335 ], [ 26.7934331, 58.7939847 ], [ 26.7935283, 58.793738 ], [ 26.7933188, 58.7935752 ], [ 26.7932997, 58.7934173 ], [ 26.7933759, 58.793284 ], [ 26.7933664, 58.7931804 ], [ 26.7935188, 58.7930966 ], [ 26.7937949, 58.7930571 ], [ 26.7939283, 58.7930719 ], [ 26.7941949, 58.7930324 ], [ 26.794252, 58.7929781 ], [ 26.7946806, 58.7929831 ], [ 26.7950234, 58.7930521 ], [ 26.7954234, 58.7930324 ], [ 26.7959662, 58.7930719 ], [ 26.7962043, 58.7932199 ], [ 26.7961852, 58.7933186 ], [ 26.7961852, 58.7935752 ], [ 26.7961852, 58.793812 ], [ 26.7962328, 58.7939255 ], [ 26.7964519, 58.7941228 ], [ 26.7969947, 58.7942166 ], [ 26.7972328, 58.7940636 ], [ 26.7976232, 58.7940784 ], [ 26.7976613, 58.7942018 ], [ 26.7978518, 58.7943005 ], [ 26.7982231, 58.7942117 ], [ 26.7984898, 58.7942807 ], [ 26.7987755, 58.7944682 ], [ 26.7990612, 58.7943399 ], [ 26.7992993, 58.7944288 ], [ 26.7994802, 58.7945472 ], [ 26.7997183, 58.7946508 ], [ 26.8000325, 58.7944781 ], [ 26.8003468, 58.794409 ], [ 26.8006706, 58.7943843 ], [ 26.8008706, 58.7943103 ], [ 26.8009944, 58.7943498 ], [ 26.8011658, 58.7944041 ], [ 26.8013943, 58.7943991 ], [ 26.8014896, 58.7943695 ], [ 26.801899, 58.7942807 ], [ 26.8020609, 58.7943005 ], [ 26.8022609, 58.794335 ], [ 26.8024799, 58.7942807 ], [ 26.8028323, 58.7942807 ], [ 26.8030704, 58.7943399 ], [ 26.8032799, 58.794562 ], [ 26.803556, 58.7945225 ], [ 26.8036132, 58.794409 ], [ 26.8038227, 58.7944041 ], [ 26.8040227, 58.7945225 ], [ 26.8042417, 58.7944781 ], [ 26.8044512, 58.7945472 ], [ 26.8044322, 58.7946162 ], [ 26.8044322, 58.7946755 ], [ 26.8047083, 58.7947051 ], [ 26.8047845, 58.7947741 ], [ 26.8049178, 58.7949123 ], [ 26.8049655, 58.7948481 ], [ 26.805175, 58.7948925 ], [ 26.8054797, 58.7949419 ], [ 26.8056321, 58.7950406 ], [ 26.8057463, 58.7951392 ], [ 26.8059844, 58.7952034 ], [ 26.8062225, 58.7952428 ], [ 26.8064606, 58.7952478 ], [ 26.8066225, 58.7953267 ], [ 26.8065558, 58.7954747 ], [ 26.8065177, 58.7955685 ], [ 26.806651, 58.7956918 ], [ 26.8070224, 58.7958053 ], [ 26.8073367, 58.7958694 ], [ 26.8075843, 58.7958349 ], [ 26.8078128, 58.7959138 ], [ 26.8081271, 58.7959928 ], [ 26.8085176, 58.7959731 ], [ 26.8088128, 58.7959583 ], [ 26.8091175, 58.795978 ], [ 26.8095556, 58.79583 ], [ 26.8099174, 58.79583 ], [ 26.8100412, 58.7958941 ], [ 26.8102507, 58.7958398 ], [ 26.8104317, 58.7958004 ], [ 26.8104507, 58.7956376 ], [ 26.8105745, 58.7955191 ], [ 26.8107459, 58.7954945 ], [ 26.8110031, 58.7954353 ], [ 26.8112221, 58.7954501 ], [ 26.8114887, 58.7954451 ], [ 26.8117268, 58.7954303 ], [ 26.8118601, 58.7953218 ], [ 26.8120601, 58.7952478 ], [ 26.81295, 58.7953418 ], [ 26.8132253, 58.7954029 ], [ 26.8133983, 58.7954559 ], [ 26.8136028, 58.7955129 ], [ 26.8136028, 58.7956637 ], [ 26.8137208, 58.7957533 ], [ 26.8140196, 58.7958552 ], [ 26.8142949, 58.7959082 ], [ 26.8146646, 58.7959245 ], [ 26.8147747, 58.7959815 ], [ 26.8151836, 58.79601 ], [ 26.8157027, 58.79601 ], [ 26.8158522, 58.79601 ], [ 26.8160724, 58.7959693 ], [ 26.8163162, 58.7959163 ], [ 26.8165364, 58.7957615 ], [ 26.8166386, 58.7955822 ], [ 26.8168274, 58.7954437 ], [ 26.8171656, 58.7952562 ], [ 26.8174409, 58.7951543 ], [ 26.817724, 58.7950443 ], [ 26.8179049, 58.7948732 ], [ 26.8179914, 58.7947183 ], [ 26.8180622, 58.7940175 ], [ 26.8178734, 58.7938871 ], [ 26.8178262, 58.7937159 ], [ 26.8175824, 58.7936263 ], [ 26.8201338, 58.7894523 ] ] } },
{ "type": "Feature", "properties": { "orig_fid": "w1352995430", "waterway": "stream", "name": "Linnutaja oja" }, "geometry": { "type": "LineString", "coordinates": [ [ 26.8202576, 58.7892472 ], [ 26.8241699, 58.7828172 ] ] } },
{ "type": "Feature", "properties": { "orig_fid": "w1352995431", "waterway": "stream", "name": "Linnutaja oja" }, "geometry": { "type": "LineString", "coordinates": [ [ 26.8201338, 58.7894523 ], [ 26.8202576, 58.7892472 ] ] } }
]
}
